{
  "DeadlyEnemies": {
    "NAME": "Speer der Fäulnis",
    "DESCRIPTION": [
      "Gegner greifen #b",
      "% stärker an."
    ]
  },
  "ToughEnemies": {
    "NAME": "Schild der Fäulnis",
    "DESCRIPTION": [
      "Gegner haben #b",
      "% mehr TP."
    ]
  },
  "TimeMaze": {
    "NAME": "Verirrte Zeit",
    "DESCRIPTION": [
      "Du kannst nicht mehr als #b",
      " Karten pro Zug spielen.",
      "Ich kann nicht mehr als NL #r"
    ]
  },
  "TwistingMind": {
    "NAME": "Verdrehter Verstand",
    "DESCRIPTION": [
      "Erhalte am Ende deines Zuges #b",
      " zufällige Statuskarte auf den Nachziehstapel.",
      ""
    ]
  },
  "Accursed": {
    "NAME": "Verwünscht",
    "DESCRIPTION": [
      "Immer wenn du einen Boss besiegst, erhalte #b",
      " zufällige #yFlüche.",
      ""
    ]
  },
  "Scatterbrain": {
    "NAME": "Wirrkopf",
    "DESCRIPTION": [
      "Ziehe pro Zug #b",
      " Karte weniger.",
      ""
    ]
  },
  "MimicInfestation": {
    "NAME": "Tückische Truhen",
    "DESCRIPTION": [
      "Schatzräume werden in künftigen Akten durch Eliten ersetzt. Eliten lassen keine Relikte mehr fallen."
    ]
  },
  "FullBelly": {
    "NAME": "Maulkorb",
    "DESCRIPTION": [
      "Du kannst deine max. TP nicht mehr erhöhen. Jedes Heilen wird um die Hälfte reduziert."
    ]
  },
  "GrotesqueTrophy": {
    "NAME": "Groteske Trophäe",
    "DESCRIPTION": [
      "Beim Aufheben: Erhalte #b",
      " #rStolz.",
      "Du wirst furchtbar stolz..."
    ]
  },
  "BlightedDurian": {
    "NAME": "Fäulnis-Durianfrucht",
    "DESCRIPTION": [
      "Verliere #b",
      "% deiner max. TP."
    ]
  },
  "VoidEssence": {
    "NAME": "Essenz der Leere",
    "DESCRIPTION": [
      "Erhalte in jedem Zug #b",
      " [R] weniger.",
      " [G] weniger.",
      " [B] weniger."
    ]
  },
  "GraspOfShadows": {
    "NAME": "Spuk",
    "DESCRIPTION": [
      "Gegner beginnen den Kampf mit #b",
      " #yImmateriell."
    ]
  },
  "MetallicRebirth": {
    "NAME": "Antike Aufwertung",
    "DESCRIPTION": [
      "Gegner beginnen den Kampf mit #b",
      " #yArtefakt, #b",
      " #yPanzerrüstung und #b",
      " #yRegenerieren."
    ]
  }
}