{
  "Discard Tip": {
    "TEXT": [
      "如果你的抽牌堆空了，你的弃牌堆将会被打乱后重新放入抽牌堆。 NL NL 点击这里可以查看弃牌堆中的牌。"
    ],
    "LABEL": [
      "弃牌堆"
    ]
  },
  "Draw Tip": {
    "TEXT": [
      "在每回合的开始，你会从这里抽 #b",
      " 张牌。 NL NL 点击这里就会显示在你抽牌堆中的牌（但在这里看到的顺序是被打乱的，且按稀有度排序）。",
      " 张牌。 NL NL 点击这里就会显示在你抽牌堆中的牌。"
    ],
    "LABEL": [
      "抽牌堆"
    ]
  },
  "End Turn Tip": {
    "TEXT": [
      "按下这个按钮将会结束你的回合。 NL NL 你会把手牌移入弃牌堆，敌人将进行他们的回合，然后你将重新抽",
      "张牌，并开始你的下一回合。"
    ],
    "LABEL": [
      "结束回合"
    ]
  },
  "Energy Panel Tip": {
    "TEXT": [
      "你当前的能量。打出卡牌需要能量。"
    ],
    "LABEL": [
      "能量"
    ]
  },
  "Energy Tip": {
    "TEXT": [
      "打出卡牌需要能量！ NL 左下角的这个圆球显示了你当前回合剩余的能量。"
    ],
    "LABEL": [
      "耗能"
    ]
  },
  "Exhaust Tip": {
    "TEXT": [
      "点击这里查看所有在本场战斗中被 消耗 的牌。"
    ],
    "LABEL": [
      "被 消耗 的牌"
    ]
  },
  "FTUE Tips": {
    "TEXT": [],
    "LABEL": [
      "提示：",
      "知道了"
    ]
  },
  "Main Tutorial": {
    "TEXT": [
      "通过打出手牌中的牌来打败敌人！ NL NL 每张牌都需要一定的 #y能量 才能打出。 NL 当你的 #y能量 耗尽时，结束你的回合。 NL NL 在你的回合开始时，将会抽取新牌，并恢复 #y能量 。",
      "在敌人将要攻击你时，打出防御系的牌来获得 #y格挡 。 NL NL  #y格挡 可以降低会受到的伤害， NL 但会在你的下一回合开始时 #r消失 。",
      "在你的回合中，你可以在敌人的上方看见他们的 #y意图 。 NL NL 如果一名敌人将要攻击你，那可别忘了 #y格挡 一下！"
    ],
    "LABEL": [
      "下一条",
      "我准备好了！",
      "教程",
      "（页数：",
      "／3）"
    ]
  },
  "Options Tip": {
    "TEXT": [
      "一些游玩数据和错误报告会被发送给制作组，作为平衡的依据。 NL NL 任何关于您身份的信息都不会被收集。",
      "本游戏在全屏模式下运行最快。在macOS系统下推荐用这一方式，因为这样可以隐藏Dock栏和菜单。 NL 注: 在PC上，你可能会无法用Alt-Tab键切换到全屏模式下的游戏。",
      "因为游戏使用的系统资源并不多，所以如果你想要经常Alt-Tab的话，我们推荐使用无边框全屏模式。在PC上这一模式最为适合。",
      "注：如果打开垂直同步，那么最高帧数无法超过你显示器的刷新频率。",
      "该屏幕未能完成对控制器的支持。"
    ],
    "LABEL": [
      "统计数据",
      "全屏",
      "无边框全屏",
      "最大帧数"
    ]
  },
  "Player Tips": {
    "TEXT": [
      "这张牌在打出后将会让你拥有一种能力。 NL 能力是会在这场战斗中持续发挥作用的被动效果。",
      "打出卡牌需要能量！ NL 左下角的这个圆球显示了你当前回合剩余的能量。",
      "我的 #r手牌满了！",
      "充能球栏位已到达 #r上限 。",
      "我没有充能球栏位。"
    ],
    "LABEL": [
      "能力牌",
      "耗能"
    ]
  },
  "Potion Panel Tip": {
    "TEXT": [
      "将这瓶药水投掷向敌人。",
      "喝下这瓶药水。",
      "丢弃这瓶药水 NL #r（不能撤销）"
    ],
    "LABEL": [
      "投掷",
      "饮用",
      "丢弃"
    ]
  },
  "Potion Tip": {
    "TEXT": [
      "你可以在战斗中投掷或者饮用药水！ NL 药水在战斗后也会保留在身上。"
    ],
    "LABEL": [
      "药水"
    ]
  },
  "Random Tips": {
    "TEXT": [
      "和其他玩家一起讨论，来发现新鲜和强力的策略吧。",
      "Boss战前必定会有一个休息点。",
      "金币就要花在商店里！（本条提示由商人付费显示）",
      "不要太沉迷，偶尔也要休息。",
      "没有敌人会连续3回合进行完全相同的行动。",
      "按比例计算的数值最后都会向下取整。",
      "在战斗中，你可以随时查看你抽牌堆和弃牌堆中的牌。",
      "将鼠标悬停在大部分对象上都可以看到有用的情报。",
      "点击右上角的？，可以打开或关闭提示功能。",
      "在拖动卡牌时，点击右键就可以取消选择这张牌。",
      "悬停在敌人身上，可以查看他们的名字和能力的信息。",
      "你可以拖动屏幕或用滚轮键来滚动画面。",
      "在可查看的物品上，你的鼠标指针会变成放大镜。",
      "你可以携带的遗物数量没有上限。",
      "宝箱永远会掉落一件遗物。",
      "不管选择哪条路线，你都至少能遇到一个财宝房。",
      "在地图画面、卡牌画面和其他画面，都可以用点击拖动或鼠标滚轮来滚动画面。",
      "精英敌人永远会掉落一件遗物。",
      "你永远也不会在一局游戏中遇见相同的遗物。",
      "稀有度为罕见的卡牌有蓝色的边框和标题横幅。",
      "稀有度为稀有的卡牌有金色的边框和标题横幅。",
      "卡牌的稀有度会显示在牌上。",
      "有时不在牌组中添加新牌才是明智的选择。",
      "在战斗中消耗的卡牌不会从你的牌组中消失。",
      "你手牌中最多只能持有10张牌。",
      "状态牌将在战斗结束后消失。",
      "诅咒牌不能被升级……你想干嘛？",
      "在第一阶段之后，你有机会在奖励中见到升级过的牌。",
      "情况不明的房间可能有财宝、怪物、商店或事件。",
      "商人不接受退款，这人怎么这样。",
      "卡牌移除服务每次使用都会涨价。",
      "卡牌移除服务在每个商店只能使用一次。",
      "通过药水、遗物和能力造成的伤害不视为攻击伤害。",
      "所有在战斗中生成随机卡牌的效果都不会生成可以回复生命的牌。"
    ],
    "LABEL": [
      "你可以丢弃药水来腾出空间拿取新药水。"
    ]
  },
  "Relic Tip": {
    "TEXT": [
      "在高塔中到处都有可能找到遗物，它们能为你带来特别的增益效果，并会一直保留到一局游戏的结束。 NL 遗物的主要获得方式是打败强大的敌人或从宝箱中得到。",
      "这件遗物你还没有见过。",
      "这件遗物的效果已经被用完。"
    ],
    "LABEL": [
      "遗物",
      "未知",
      "这件遗物还没有被解锁。",
      "锁定"
    ]
  },
  "Rewards Tip": {
    "TEXT": [
      "不要忘记你的奖励！ NL 只要点击它们就可以获得了。"
    ],
    "LABEL": [
      "奖励"
    ]
  },
  "Shop Tip": {
    "TEXT": [
      "从你的牌组中移除一张牌。这项服务在本局游戏中每使用一次会涨价 #b",
      "金币。"
    ],
    "LABEL": [
      "卡牌移除服务"
    ]
  },
  "Shuffle Tip": {
    "TEXT": [
      "NL 如果抽牌堆中没有牌，你的弃牌堆将会被打乱后重新放入抽牌堆。"
    ],
    "LABEL": [
      "牌打光了？"
    ]
  },
  "Top Panel Tips": {
    "TEXT": [
      "打开游戏菜单。 NL NL 在这里改变你的画面、音效和游戏偏好。",
      "查看你牌组中的所有牌。",
      "查看当前阶段的地图。",
      "如果你的生命耗尽，你就会死。",
      "这是你现在携带的金币，在高塔中的通行货币。",
      "每当打败一名 #yBoss 时就会获得的东西。 NL 会有什么作用呢……？",
      "每当打败一名 #yBoss 时就会获得的东西。 NL 将这些给 #y涅奥 来解锁新物品并在新游戏中获得奖励。",
      "本局游戏中经过的时间。"
    ],
    "LABEL": [
      "设定",
      "牌组",
      "地图",
      "生命值",
      "钱袋",
      "本局计时"
    ]
  }
}