{
  "AchievementGrid": {
    "NAMES": [
      "Spallucce",
      "Purezza",
      "Fatti Sotto",
      "Il Patto",
      "Adrenalina",
      "Potente",
      "Jaxxed",
      "Impenetrabile",
      "Barricato",
      "Catalizzatore",
      "Peste",
      "Ninja",
      "Infinito",
      "Non Sei Nulla",
      "Perfetto",
      "Il Guardiano",
      "Lo Spettro",
      "Il Boss",
      "L'Automa",
      "Il Collezionista",
      "Il Campione",
      "Il Corvo",
      "Le Forme",
      "Il Mangiatempo",
      "Rubino",
      "Smeraldo",
      "Nascosto",
      "Hah! Reliquie?",
      "Scalata Rapida",
      "Ascensione 0",
      "Ascensione 10",
      "Minimalista",
      "Ooh, Ciambella!",
      "Zaffiro",
      "Buon Senso",
      "Concentrato",
      "Neon",
      "L'Energia Non Serve",
      "Giornata Fortunata",
      "L'Effimero",
      "Ascensione 20"
    ],
    "TEXT": [
      "Vinci un combattimento con 1 PV rimanente.",
      "Sbloccalo avendo 3 o meno carte considerando mano, Pila e Scarti.",
      "Vinci un combattimento senza giocare un Attacco.",
      "Esaurisci 20 carte in un singolo combattimento.",
      "Ottieni almeno 9 di Energia in un singolo turno.",
      "Ottieni almeno 10 buff in combattimento.",
      "Ottieni almeno 50 di Forza in combattimento.",
      "Ottieni almeno 99 Blocco in combattimento.",
      "Ottieni 999 Blocco in combattimento.",
      "Applica almeno 99 Veleno ad un singolo nemico.",
      "Sconfiggi 3 nemici tramite Veleno in un unico combattimento.",
      "Gioca 10 Pugnali in un turno.",
      "Gioca 25 carte in un turno.",
      "Sconfiggi un boss al primo turno.",
      "Sconfiggi un boss senza ricevere danni.",
      "Sconfiggi il Guardiano.",
      "Sconfiggi Spettragono.",
      "Sconfiggi il Boss Melma.",
      "Sconfiggi l'Automa di Bronzo.",
      "Sconfiggi il Collezionista.",
      "Sconfiggi il Campione.",
      "Sconfiggi il Risvegliato.",
      "Sconfiggi Donu e Deca.",
      "Sconfiggi il Mangiatempo",
      "Vinci con l'Ironclad.",
      "Vinci con la Silent.",
      "I dettagli su questo obiettivo verrano rivelati quando l'avrai sbloccato.",
      "Vinci con una sola reliquia.",
      "Vinci in meno di venti minuti.",
      "Sblocca la modalità Ascensione.",
      "Vinci in modalità Ascensione 10.",
      "Vinci con 5 o meno carte.",
      "Uccidi Donu usando Banchetto.",
      "Vinci con il Defect.",
      "Vinci senza avere carte Rare o Non Comuni nel mazzo.",
      "Ottieni almeno 25 Focus in combattimento.",
      "Crea 9 Plasma in un solo turno.",
      "Gioca almeno 10 carte a costo 0 in un solo turno.",
      "Vinci una Sfida del Giorno.",
      "Sconfiggi l'Effimero prima che svanisca.",
      "Completa l'Ascensione di livello 20."
    ]
  },
  "CharStat": {
    "NAMES": [],
    "TEXT": [
      "Tempo di Gioco: ",
      "Vittorie: #y",
      "Morti: #y",
      "Piani Scalati: #y",
      "Boss Sconfitti: #y",
      "Nemici Sconfitti: #y",
      "Totale Cristalli Offerti: #y",
      "Carte Trovate: #y",
      "Carte Sbloccate: #y",
      "Reliquie Trovate: #y",
      "Reliquie Sbloccate: #y",
      "Piano più Alto: #y",
      "Piano più Alto nella Sfida del Giorno: #y",
      "Vittora più Veloce: ",
      "Sconfitto ",
      ": #gSì NL ",
      ": #rNo NL ",
      "Vittorie: #y",
      "Morti: #y",
      "Piani Scalati: #y",
      "Boss Sconfitti: #y",
      "Nemici Sconfitti: #y",
      "Migliore Serie di Vittorie: #y",
      "Punteggio più Alto: #y"
    ]
  },
  "StatsScreen": {
    "NAMES": [
      "#yDati #yGenerali",
      "#yObiettivi",
      "#rL'Ironclad",
      "#gLa #gSilent",
      "#bIl #bDefect"
    ],
    "TEXT": [
      "Indietro"
    ]
  }
}