{
  "Game Dictionary": {
    "ARTIFACT": {
      "NAMES": [
        "артефакт",
        "артефакта"
      ],
      "DESCRIPTION": "Отменяет следующий отриц. эффект."
    },
    "BLOCK": {
      "NAMES": [
        "защита",
        "защиты",
        "защиту",
        "защите"
      ],
      "DESCRIPTION": "Предотвращает урон до следующего хода."
    },
    "BURN": {
      "NAMES": [
        "ожог",
        "ожоги"
      ],
      "DESCRIPTION": "Ожоги — это Статусные карты, которые наносят вам урон и которые нельзя разыграть."
    },
    "CHANNEL": {
      "NAMES": [
        "Зарядка Сфер",
        "заряженную",
        "заряженные",
        "заряжает",
        "заряженных",
        "заряжаете",
        "заряжено"
      ],
      "DESCRIPTION": "Заряженные сферы помещаются в первый пустой слот. Если пустых слотов нет, то самая правая сфера автоматически #yРазряжается, освобождая место."
    },
    "CONFUSED": {
      "NAMES": [
        "замешательство",
        "замешательстве"
      ],
      "DESCRIPTION": "Каждая взятая карта будет иметь случайную стоимость."
    },
    "CURSE": {
      "NAMES": [
        "проклятия",
        "проклятие",
        "проклятий"
      ],
      "DESCRIPTION": "Вредоносные карты в вашей колоде."
    },
    "DARK": {
      "NAMES": [
        "Сфера Тьмы",
        "сфер тьмы",
        "сферу тьмы",
        "сферы тьмы"
      ],
      "DESCRIPTION": "Повышает свой урон каждый ход. Наносит урон врагу с наименьшим кол-вом ОЗ, когда #yРазряжается."
    },
    "DAZED": {
      "NAMES": [
        "головокружение"
      ],
      "DESCRIPTION": "Головокружения — это эфирные Статусные карты, которые нельзя разыграть."
    },
    "DEXTERITY": {
      "NAMES": [
        "ловкость",
        "ловкости"
      ],
      "DESCRIPTION": "Увеличивает количество Защиты, получаемой от карт."
    },
    "ETHEREAL": {
      "NAMES": [
        "Эфирные карты",
        "эфирная"
      ],
      "DESCRIPTION": "Сжигаются (убираются до конца боя) в конце хода, если находятся в руке."
    },
    "EVOKE": {
      "NAMES": [
        "Разрядка Сфер",
        "разряжает",
        "разряженную",
        "разряжаемые"
      ],
      "DESCRIPTION": "Расходует самую правую сферу и активирует её эффект Разряжения."
    },
    "EXHAUST": {
      "NAMES": [
        "Сжигание",
        "сжигает",
        "сожжённую",
        "сжигается",
        "сжигании",
        "сжигаете"
      ],
      "DESCRIPTION": "Сжигаемые карты убираются из колоды до конца текущего боя."
    },
    "FOCUS": {
      "NAMES": [
        "Фокус",
        "фокуса"
      ],
      "DESCRIPTION": "Повышает эффективность #yЗаряженных сфер."
    },
    "FRAIL": {
      "NAMES": [
        "хрупкость",
        "хрупкости"
      ],
      "DESCRIPTION": "Хрупкие существа получают на #b25% меньше #yЗащиты от карт."
    },
    "FROST": {
      "NAMES": [
        "Сфера Льда",
        "сфер льда",
        "сферу льда",
        "сфере льда",
        "сферам льда"
      ],
      "DESCRIPTION": "Даёт #yЗащиту."
    },
    "INNATE": {
      "NAMES": [
        "Начальные карты",
        "начальная"
      ],
      "DESCRIPTION": "Берутся в первую руку каждого боя."
    },
    "INTANGIBLE": {
      "NAMES": [
        "неосязаемость",
        "неосязаемости"
      ],
      "DESCRIPTION": "Понижает ЛЮБОЙ получаемый урон до #b1."
    },
    "LIGHTNING": {
      "NAMES": [
        "Сфера Молнии",
        "сфер молнии",
        "сферу молнии",
        "сферы молнии",
        "сфера молнии"
      ],
      "DESCRIPTION": "Наносит урон случайному врагу."
    },
    "LOCKED": {
      "NAMES": [
        "закрыто"
      ],
      "DESCRIPTION": "Эта карта еще не открыта."
    },
    "LOCK_ON": {
      "NAMES": [
        "захват цели"
      ],
      "DESCRIPTION": "Захваченные цели получают на #b50% больше урона от сфер."
    },
    "OPENER": {
      "NAMES": [
        "opener"
      ],
      "DESCRIPTION": "Opener cards may only be played as the first card each turn."
    },
    "PLASMA": {
      "NAMES": [
        "Сфера Плазмы",
        "сфер плазмы",
        "сферы плазмы",
        "сферу плазмы"
      ],
      "DESCRIPTION": "Даёт Энергию."
    },
    "POISON": {
      "NAMES": [
        "яд",
        "яда",
        "ядом"
      ],
      "DESCRIPTION": "Отравленные ядом существа теряют ОЗ в начале своего хода, после чего Яд снижается на #b1."
    },
    "RETAIN": {
      "NAMES": [
        "оставить",
        "оставляете",
        "оставите"
      ],
      "DESCRIPTION": "Оставленные карты не сбрасываются в конце вашего хода."
    },
    "SHIV": {
      "NAMES": [
        "заточки",
        "заточка",
        "заточке",
        "заточку"
      ],
      "DESCRIPTION": "Карты Атаки ценой в #b0, которые Сжигаются при разыгрывании."
    },
    "STATUS": {
      "NAMES": [
        "статусы",
        "статус",
        "статусом",
        "статуса"
      ],
      "DESCRIPTION": "Вредоносные карты, которые убираются из колоды в конце боя."
    },
    "STRENGTH": {
      "NAMES": [
        "сила",
        "силы",
        "силу"
      ],
      "DESCRIPTION": "Добавляет дополнительный урон к Атакам."
    },
    "STRIKE": {
      "NAMES": [
        "Карты Ударов",
        "удара"
      ],
      "DESCRIPTION": "Любые карты со словом «Удар» в названии."
    },
    "TEXT": [
      "Энергия используется для разыгрывания карт в руке."
    ],
    "THORNS": {
      "NAMES": [
        "шипы",
        "шипов"
      ],
      "DESCRIPTION": "Наносит урон в ответ на каждую #yАтаку."
    },
    "TODO": {
      "NAMES": [
        "сделать",
        "JUST FOR DEVS, HUH?",
        "WHAT DID I JUST TELL YOU?",
        "YOU CANNOT STOP ME",
        "WHAT ARE YOU GOING TO DO?"
      ],
      "DESCRIPTION": "Эта карта ЕЩЁ НЕ ГОТОВА. Не помешало бы исправить это..."
    },
    "TRANSFORM": {
      "NAMES": [
        "Преобразование карт",
        "преобразование",
        "преобразовать",
        "преобразует",
        "преобразуете"
      ],
      "DESCRIPTION": "Преобразованные карты становятся случайными картами варьируемой редкости."
    },
    "UNKNOWN": {
      "NAMES": [
        "неизвестно"
      ],
      "DESCRIPTION": "Вы ещё не встречали эту карту."
    },
    "UNPLAYABLE": {
      "NAMES": [
        "Неиграбельные карты",
        "неиграбельная",
        "неиграбельные"
      ],
      "DESCRIPTION": "Их нельзя разыграть из руки."
    },
    "UPGRADE": {
      "NAMES": [
        "Улучшение карт",
        "улучшение",
        "улучшить",
        "улучшает",
        "улучшите"
      ],
      "DESCRIPTION": "Улучшенные карты становятся сильнее. Улучшать карты можно только один раз."
    },
    "VOID": {
      "NAMES": [
        "бездна",
        "бездну"
      ],
      "DESCRIPTION": "Бездны — это неиграбельные статусные карты, которые отнимают Энергию, когда вы их берёте."
    },
    "VULNERABLE": {
      "NAMES": [
        "уязвимость",
        "уязвимости",
        "уязвим"
      ],
      "DESCRIPTION": "Уязвимые существа получают на #b50% больше урона от Атак."
    },
    "WEAK": {
      "NAMES": [
        "слабость",
        "слабости",
        "слаб",
        "ослаблен"
      ],
      "DESCRIPTION": "Ослабленные существа наносят на #b25% меньше урона Атаками."
    },
    "WOUND": {
      "NAMES": [
        "раны",
        "рана",
        "рану"
      ],
      "DESCRIPTION": "Неиграбельные Статусные карты."
    }
  }
}