{
  "AcidSlime_L": {
    "MOVES": [
      "Едкий плевок",
      "Деление",
      "Облизывание"
    ],
    "NAME": "Едкий слизень (Больш.)",
    "DIALOG": [
      ""
    ]
  },
  "AcidSlime_M": {
    "MOVES": [
      "Едкий плевок",
      "Облизывание"
    ],
    "NAME": "Едкий слизень (Ср.)",
    "DIALOG": [
      ""
    ]
  },
  "AcidSlime_S": {
    "MOVES": [],
    "NAME": "Едкий слизень (Мал.)",
    "DIALOG": [
      ""
    ]
  },
  "Apology Slime": {
    "MOVES": [],
    "NAME": "Извиняющийся слизень",
    "DIALOG": [
      ""
    ]
  },
  "AwakenedOne": {
    "MOVES": [
      "Удар души",
      "Эхо тьмы",
      "Очищение",
      "Жижа"
    ],
    "NAME": "Пробуждённый",
    "DIALOG": [
      "~Р-р-р~ ~.~ ~.~ ~.~",
      "~Нет~ ~.~ ~.~ ~.~ ~нет~ ~.~ ~.~ NL ~.~ ~.~ ~нет~ ~.~ ~.~ ~.~"
    ]
  },
  "BanditBear": {
    "MOVES": [
      ""
    ],
    "NAME": "Медведь",
    "DIALOG": [
      ""
    ]
  },
  "BanditChild": {
    "MOVES": [
      ""
    ],
    "NAME": "Колючка",
    "DIALOG": [
      "~Медве-е-е-дь!!!~"
    ]
  },
  "BanditLeader": {
    "MOVES": [
      ""
    ],
    "NAME": "Ромео",
    "DIALOG": [
      "~Медведь,~ ~хватай!!!~",
      "~Ты~ ~поплатишься~ ~за~ ~это!!!~",
      "~Не-е-е-е-т,~ ~Медведь!~"
    ]
  },
  "BookOfStabbing": {
    "MOVES": [
      ""
    ],
    "NAME": "Истыклопедия",
    "DIALOG": [
      ""
    ]
  },
  "BronzeAutomaton": {
    "MOVES": [
      "ГИПЕРЛУЧ"
    ],
    "NAME": "Бронзовый Автоматон",
    "DIALOG": [
      ""
    ]
  },
  "BronzeOrb": {
    "MOVES": [
      ""
    ],
    "NAME": "Сфера",
    "DIALOG": [
      ""
    ]
  },
  "Byrd": {
    "MOVES": [
      ""
    ],
    "NAME": "Птах",
    "DIALOG": [
      "@КАР!@ NL @КАР-Р-Р!@",
      ""
    ]
  },
  "Centurion": {
    "MOVES": [
      ""
    ],
    "NAME": "Центурион",
    "DIALOG": [
      ""
    ]
  },
  "Champ": {
    "MOVES": [
      "Защитная стойка",
      "Казнить",
      "Пощёчина"
    ],
    "NAME": "Чемпион",
    "DIALOG": [
      "Ты называешь это оружием?",
      "Подходи!",
      "Покажи всю свою немощь! NL @ХА-ХА-ХА!@",
      "Даю тебе фору, бей! NL Жалкое ничтожество!",
      "~Этого~ ~я~ ~не~ ~потерплю...~",
      "@ПОРАЖЕНИЕ??@ NL @НЕВОЗМОЖНО!!@",
      "~УМРИ~ ~.~ ~.~ ~.~",
      "Узри мою ярость!"
    ]
  },
  "Chosen": {
    "MOVES": [
      ""
    ],
    "NAME": "Избранный",
    "DIALOG": [
      "~Страдай...~"
    ]
  },
  "CorruptHeart": {
    "MOVES": [
      ""
    ],
    "NAME": "Порочное сердце",
    "DIALOG": [
      ""
    ]
  },
  "Cultist": {
    "MOVES": [
      "",
      "",
      "Заклинание"
    ],
    "NAME": "Культист",
    "DIALOG": [
      "@МОЮ@ @СИЛУ@ @НЕ@ NL @ПРЕВЗОЙТИ!@",
      "@ТЕБЕ@ @ЗДЕСЬ@ @НЕ@ NL @МЕСТО!@",
      "~Мою~ ~силу~ NL ~превзошли...~"
    ]
  },
  "Dagger": {
    "MOVES": [
      ""
    ],
    "NAME": "Кинжал",
    "DIALOG": [
      ""
    ]
  },
  "Darkling": {
    "MOVES": [
      "Хрум! Хрум!"
    ],
    "NAME": "Темныш",
    "DIALOG": [
      "Восстановление..."
    ]
  },
  "Deca": {
    "MOVES": [
      ""
    ],
    "NAME": "Дека",
    "DIALOG": [
      ""
    ]
  },
  "Donu": {
    "MOVES": [
      "Круг силы"
    ],
    "NAME": "Дону",
    "DIALOG": [
      ""
    ]
  },
  "Exploder": {
    "MOVES": [
      ""
    ],
    "NAME": "Взрыватель",
    "DIALOG": [
      ""
    ]
  },
  "FireOrb": {
    "MOVES": [
      ""
    ],
    "NAME": "Огненная сфера",
    "DIALOG": [
      ""
    ]
  },
  "FlameBruiser": {
    "MOVES": [
      ""
    ],
    "NAME": "Пылающий громила",
    "DIALOG": [
      ""
    ]
  },
  "FungiBeast": {
    "MOVES": [
      "Вырастание"
    ],
    "NAME": "Грибной паразит",
    "DIALOG": [
      ""
    ]
  },
  "FuzzyLouseDefensive": {
    "MOVES": [
      "Плевок паутиной"
    ],
    "NAME": "Вошь",
    "DIALOG": [
      ""
    ]
  },
  "FuzzyLouseNormal": {
    "MOVES": [
      "Вырастание"
    ],
    "NAME": "Вошь",
    "DIALOG": [
      ""
    ]
  },
  "GiantHead": {
    "MOVES": [
      ""
    ],
    "NAME": "Огромная голова",
    "DIALOG": [
      "~Время~ ~пришло~",
      "~Прощай~",
      "~Тик~ ~Так~ NL ~Тик~ ~Так~",
      "~Почему~ ~ты~ ~всё~ NL ~ещё~ ~здесь?~"
    ]
  },
  "GremlinFat": {
    "MOVES": [
      "Крушить"
    ],
    "NAME": "Толстый гремлин",
    "DIALOG": [
      "",
      "",
      "@О@ @нет,@ NL @о@ @нет,@ NL @о@ @НЕТ!@"
    ]
  },
  "GremlinLeader": {
    "MOVES": [
      "К оружию!"
    ],
    "NAME": "Предводитель гремлинов",
    "DIALOG": [
      "Не падать духом!",
      "Это ещё не всё!",
      "За работу, ребята!",
      "@Отступаем@ NL @Отступаем!@",
      "@Бежи-и-и-м!@"
    ]
  },
  "GremlinNob": {
    "MOVES": [
      "Пролом черепа",
      "Бычий рывок"
    ],
    "NAME": "Гремлин-верзила",
    "DIALOG": [
      "@Р-Р-р-р-х-х-г-Р-Р-Х-Р-р-х!!!@"
    ]
  },
  "GremlinThief": {
    "MOVES": [
      ""
    ],
    "NAME": "Коварный гремлин",
    "DIALOG": [
      "",
      "@Я@ @пойду@ NL @за@ @подмогой!@ ",
      "@Что@ @за?!..@"
    ]
  },
  "GremlinTsundere": {
    "MOVES": [
      "Заслон",
      "Удар щитом"
    ],
    "NAME": "Гремлин-щитоносец",
    "DIALOG": [
      "",
      "~Прощай...~",
      "Плохо дело..."
    ]
  },
  "GremlinWarrior": {
    "MOVES": [
      "Когти"
    ],
    "NAME": "Безумный гремлин",
    "DIALOG": [
      "",
      "@Я@ @отправлюсь@ NL @за@ @помощью!@",
      "Мне пора!"
    ]
  },
  "GremlinWizard": {
    "MOVES": [
      "Приготовиться",
      "Мощный удар"
    ],
    "NAME": "Гремлин-маг",
    "DIALOG": [
      "",
      "Готовлюсь!",
      "~Понеслась!~",
      "@Я...@ @позову...@ NL @помощь...!@",
      "~слишком...~ NL ~опасно...~ NL ~бывайте...~"
    ]
  },
  "Healer": {
    "MOVES": [
      ""
    ],
    "NAME": "Жрица",
    "DIALOG": [
      ""
    ]
  },
  "Hexaghost": {
    "MOVES": [
      "Воспламенение",
      "Прижигание",
      "Инферно"
    ],
    "NAME": "Гексадух",
    "DIALOG": []
  },
  "HexaghostBody": {
    "MOVES": [],
    "NAME": "",
    "DIALOG": []
  },
  "HexaghostOrb": {
    "MOVES": [],
    "NAME": "",
    "DIALOG": []
  },
  "JawWorm": {
    "MOVES": [
      "Рык",
      "Молотить"
    ],
    "NAME": "Зубастый червь",
    "DIALOG": [
      ""
    ]
  },
  "Lagavulin": {
    "MOVES": [
      "Высосать душу"
    ],
    "NAME": "Лагавулин",
    "DIALOG": [
      "",
      "... NL .....",
      "...? NL .....?!",
      "@!!!@ NL @!???@"
    ]
  },
  "Looter": {
    "MOVES": [
      "Выпад",
      "Грабёж"
    ],
    "NAME": "Мародёр",
    "DIALOG": [
      "Отдавай золотишко!",
      "@НЕ-Е-Е-е-е-е-т!@",
      "Где там моя дымовая шашка... Ну-ка...",
      "Спасибо за денежки, хе-хе"
    ]
  },
  "Maw": {
    "MOVES": [
      ""
    ],
    "NAME": "Пасть",
    "DIALOG": [
      "@Р-р-х-х-г-Р-Х-Р-р-х!!@"
    ]
  },
  "Mugger": {
    "MOVES": [
      "Выпад",
      "Ограбить"
    ],
    "NAME": "Грабитель",
    "DIALOG": [
      "Отдавай!",
      "Мне пора!"
    ]
  },
  "Nemesis": {
    "MOVES": [
      ""
    ],
    "NAME": "Немезис",
    "DIALOG": [
      ""
    ]
  },
  "Orb Walker": {
    "MOVES": [
      "Рост силы"
    ],
    "NAME": "Сфероход",
    "DIALOG": [
      "Активирую NL щиты."
    ]
  },
  "Puppeteer": {
    "MOVES": [
      ""
    ],
    "NAME": "Кукловод",
    "DIALOG": [
      ""
    ]
  },
  "Reptomancer": {
    "MOVES": [
      ""
    ],
    "NAME": "Жрица змеи",
    "DIALOG": [
      ""
    ]
  },
  "Repulsor": {
    "MOVES": [
      ""
    ],
    "NAME": "Отвратник",
    "DIALOG": [
      ""
    ]
  },
  "Sentry": {
    "MOVES": [
      "Расщепление"
    ],
    "NAME": "Часовой",
    "DIALOG": [
      ""
    ]
  },
  "Serpent": {
    "MOVES": [
      ""
    ],
    "NAME": "Отросток Шпиля",
    "DIALOG": [
      ""
    ]
  },
  "Shelled Parasite": {
    "MOVES": [
      ""
    ],
    "NAME": "Панцирный паразит",
    "DIALOG": [
      ""
    ]
  },
  "SlaverBlue": {
    "MOVES": [
      "Сгребание"
    ],
    "NAME": "Работорговец",
    "DIALOG": [
      ""
    ]
  },
  "SlaverBoss": {
    "MOVES": [
      ""
    ],
    "NAME": "Надсмотрщик",
    "DIALOG": [
      ""
    ]
  },
  "SlaverRed": {
    "MOVES": [
      "Царапание",
      "Опутывание"
    ],
    "NAME": "Работорговец",
    "DIALOG": [
      ""
    ]
  },
  "SlimeBoss": {
    "MOVES": [
      "Хлопок",
      "Подготовка",
      "Деление",
      "Вязкая струя"
    ],
    "NAME": "Слизнебосс",
    "DIALOG": [
      "~Слизь...~ NL #r~КРУШИТЬ!!!~",
      ""
    ]
  },
  "SnakePlant": {
    "MOVES": [
      "Ослабляющие споры"
    ],
    "NAME": "Змеецвет",
    "DIALOG": [
      ""
    ]
  },
  "Snecko": {
    "MOVES": [
      "Озадачивающий взгляд",
      "Взмах хвостом",
      "Укус"
    ],
    "NAME": "Змекко",
    "DIALOG": [
      ""
    ]
  },
  "SphericGuardian": {
    "MOVES": [
      ""
    ],
    "NAME": "Сферический страж",
    "DIALOG": [
      "~Обнаружен~ NL ~Чужак~"
    ]
  },
  "SpikeSlime_L": {
    "MOVES": [
      "Облизывание",
      "Деление"
    ],
    "NAME": "Шипастый слизень (Больш.)",
    "DIALOG": [
      ""
    ]
  },
  "SpikeSlime_M": {
    "MOVES": [
      "Облизывание"
    ],
    "NAME": "Шипастый слизень (Ср.)",
    "DIALOG": [
      ""
    ]
  },
  "SpikeSlime_S": {
    "MOVES": [],
    "NAME": "Шипастый слизень (Мал.)",
    "DIALOG": [
      ""
    ]
  },
  "Spiker": {
    "MOVES": [
      ""
    ],
    "NAME": "Шипастый",
    "DIALOG": [
      ""
    ]
  },
  "TheCollector": {
    "MOVES": [
      ""
    ],
    "NAME": "Коллекционер",
    "DIALOG": [
      "@Ты@ @принадлежишь@ @мне!@"
    ]
  },
  "TheGuardian": {
    "MOVES": [
      "Оборонительный режим",
      "Яростный удар",
      "Свернуться",
      "Двойной хлопок",
      "Вихрь",
      "Усиление",
      "Выпустить пар"
    ],
    "NAME": "Страж",
    "DIALOG": [
      "#b~...ИДЁТ...~ NL #b~...ОХЛАЖДЕНИЕ...~",
      "Защита...",
      "#r@УНИЧТОЖИТЬ@ NL #r@УНИЧТОЖИТЬ@ NL #r@УНИЧТОЖИТЬ@",
      "#r@ОПАСНОСТЬ@ NL #r@ОПАСНОСТЬ@ NL #r@ОПАСНОСТЬ@"
    ]
  },
  "TheGuardianOrb": {
    "MOVES": [],
    "NAME": "",
    "DIALOG": []
  },
  "TimeEater": {
    "MOVES": [
      ""
    ],
    "NAME": "Пожиратель времени",
    "DIALOG": [
      "~Хм...~ NL ~...гости...~",
      "~Глупо...~ NL @ГЛУПО-О-О!@"
    ]
  },
  "TorchHead": {
    "MOVES": [
      ""
    ],
    "NAME": "Пламяголовый",
    "DIALOG": [
      ""
    ]
  },
  "Transient": {
    "MOVES": [
      ""
    ],
    "NAME": "Преходящий",
    "DIALOG": [
      ""
    ]
  }
}