{
  "Ancient Potion": {
    "NAME": "Древнее зелье",
    "DESCRIPTIONS": [
      "Даёт #b",
      " #yАртефакта."
    ]
  },
  "AttackPotion": {
    "NAME": "Зелье атаки",
    "DESCRIPTIONS": [
      "Вы выбираете #b1 из #b3 случайных #yАтак и добавляете её в руку. В этом ходу она стоит #b0."
    ]
  },
  "Block Potion": {
    "NAME": "Зелье защиты",
    "DESCRIPTIONS": [
      "Даёт #b",
      " #yЗащиты."
    ]
  },
  "BloodPotion": {
    "NAME": "Зелье крови",
    "DESCRIPTIONS": [
      "Восполняет #b",
      "% от Макс. ОЗ."
    ]
  },
  "Dexterity Potion": {
    "NAME": "Зелье ловкости",
    "DESCRIPTIONS": [
      "Даёт #b",
      " #yЛовкости."
    ]
  },
  "Elixir": {
    "NAME": "Эликсир",
    "DESCRIPTIONS": [
      "",
      "",
      "#yСжигает все карты #yСтатуса и #yПроклятий в руке.",
      "",
      "Ничего не произошло..."
    ]
  },
  "Energy Potion": {
    "NAME": "Зелье энергии",
    "DESCRIPTIONS": [
      "Даёт #b",
      " Энергии."
    ]
  },
  "EntropicBrew": {
    "NAME": "Настой энтропии",
    "DESCRIPTIONS": [
      "Заполняет все пустые места для зелий случайными зельями."
    ]
  },
  "EssenceOfSteel": {
    "NAME": "Экстракт стали",
    "DESCRIPTIONS": [
      "Даёт #b",
      " #yПанциря."
    ]
  },
  "Explosive Potion": {
    "NAME": "Взрывное зелье",
    "DESCRIPTIONS": [
      "Наносит #b",
      " урона ВСЕМ врагам."
    ]
  },
  "FairyPotion": {
    "NAME": "Фея в бутылке",
    "DESCRIPTIONS": [
      "Вместо того, чтобы умереть, вы восполняете #b10% от Макс. ОЗ и сбрасываете это зелье."
    ]
  },
  "FearPotion": {
    "NAME": "Зелье ужаса",
    "DESCRIPTIONS": [
      "Накладывает #b",
      " #yУязвимости."
    ]
  },
  "Fire Potion": {
    "NAME": "Огненное зелье",
    "DESCRIPTIONS": [
      "Наносит #b",
      " урона."
    ]
  },
  "FocusPotion": {
    "NAME": "Зелье фокуса",
    "DESCRIPTIONS": [
      "Даёт #b",
      " #yФокуса."
    ]
  },
  "Fruit Juice": {
    "NAME": "Фруктовый сок",
    "DESCRIPTIONS": [
      "Повышает Макс. ОЗ на #b",
      "."
    ]
  },
  "GamblersBrew": {
    "NAME": "Настойка игрока",
    "DESCRIPTIONS": [
      "Сбросьте любое количество карт и возьмите столько же."
    ]
  },
  "GhostInAJar": {
    "NAME": "Призрак в банке",
    "DESCRIPTIONS": [
      "Даёт #b",
      " #yНеосязаемости."
    ]
  },
  "Health Potion": {
    "NAME": "Зелье здоровья",
    "DESCRIPTIONS": [
      "Восполняет #b",
      " ОЗ."
    ]
  },
  "LiquidBronze": {
    "NAME": "Жидкая бронза",
    "DESCRIPTIONS": [
      "Даёт #b",
      " #yШипов."
    ]
  },
  "Poison Potion": {
    "NAME": "Зелье отравления",
    "DESCRIPTIONS": [
      "Накладывает #b",
      " #yЯда."
    ]
  },
  "Potion Slot": {
    "NAME": "Место для зелья",
    "DESCRIPTIONS": [
      "Используйте зелья во время боя, чтобы получать #gбонусы или #rвредить врагам.",
      "Место для зелья"
    ]
  },
  "PowerPotion": {
    "NAME": "Зелье таланта",
    "DESCRIPTIONS": [
      "Вы выбираете #b1 из #b3 случайных #yТалантов и добавляете его в руку. В этом ходу он стоит #b0."
    ]
  },
  "Regen Potion": {
    "NAME": "Зелье регенерации",
    "DESCRIPTIONS": [
      "Даёт #b",
      " #yРегенерации.",
      ""
    ]
  },
  "SkillPotion": {
    "NAME": "Зелье навыка",
    "DESCRIPTIONS": [
      "Вы выбираете #b1 из #b3 случайных #yНавыков и добавляете его в руку. В этом ходу он стоит #b0."
    ]
  },
  "SmokeBomb": {
    "NAME": "Дымовая шашка",
    "DESCRIPTIONS": [
      "Позволяет сбежать из боя, не получив наград. Не работает на боссов."
    ]
  },
  "SneckoOil": {
    "NAME": "Жир змекко",
    "DESCRIPTIONS": [
      "Вы приходите в #yЗамешательство. Вы берёте #b",
      " карты.",
      " карту."
    ]
  },
  "SpeedPotion": {
    "NAME": "Зелье проворства",
    "DESCRIPTIONS": [
      "Даёт #b",
      " #yЛовкости. Отнимает #b",
      " #yЛовкости в конце хода."
    ]
  },
  "SteroidPotion": {
    "NAME": "Стероиды",
    "DESCRIPTIONS": [
      "Даёт #b",
      " #yСилы. Отнимает #b",
      " #yСилы в конце хода."
    ]
  },
  "Strength Potion": {
    "NAME": "Зелье силы",
    "DESCRIPTIONS": [
      "Даёт #b",
      " #yСилы."
    ]
  },
  "Swift Potion": {
    "NAME": "Зелье скорости",
    "DESCRIPTIONS": [
      "",
      "Вы берёте #b",
      " карты."
    ]
  },
  "Weak Potion": {
    "NAME": "Зелье слабости",
    "DESCRIPTIONS": [
      "Накладывает #b",
      " #yСлабости."
    ]
  }
}