{
  "Ancient Potion": {
    "NAME": "Prapocio",
    "DESCRIPTIONS": [
      "Gajnu #b",
      " da #yArtefakto."
    ]
  },
  "AttackPotion": {
    "NAME": "Atakpocio",
    "DESCRIPTIONS": [
      "Elektu #b1 el #b3 hazardaj #yAtakokartoj por aldoni al via mano. Ĝi kostas #b0 ĉi-vice."
    ]
  },
  "Block Potion": {
    "NAME": "Ŝirmpocio",
    "DESCRIPTIONS": [
      "Gajnu #b",
      " da #yŜirmo."
    ]
  },
  "BloodPotion": {
    "NAME": "Sangopocio",
    "DESCRIPTIONS": [
      "Resaniĝu #b",
      "% de via maks. vivo."
    ]
  },
  "Dexterity Potion": {
    "NAME": "Lertecpocio",
    "DESCRIPTIONS": [
      "Gajnu #b",
      " da #yLerteco."
    ]
  },
  "Elixir": {
    "NAME": "Eliksiro",
    "DESCRIPTIONS": [
      "",
      "",
      "#yElĉerpu ĉiun #yStatajn kaj #yMalbenajn kartojn el via mano.",
      "",
      "Estis neniu efiko..."
    ]
  },
  "Energy Potion": {
    "NAME": "Energipocio",
    "DESCRIPTIONS": [
      "Gajnu #b",
      " da #yEnergio."
    ]
  },
  "EntropicBrew": {
    "NAME": "Entropia miksaĵo",
    "DESCRIPTIONS": [
      "Plenigu viajn malplenajn pociingojn per hazardaj pocioj."
    ]
  },
  "EssenceOfSteel": {
    "NAME": "Esenco de ŝtalo",
    "DESCRIPTIONS": [
      "Gajnu #b",
      " da #yLada #yArmaĵo."
    ]
  },
  "Explosive Potion": {
    "NAME": "Eksploda pocio",
    "DESCRIPTIONS": [
      "Faru #b",
      " da damaĝo al ĈIUJ malamikoj."
    ]
  },
  "FairyPotion": {
    "NAME": "Feo en botelo",
    "DESCRIPTIONS": [
      "Kiam vi mortus, anstataŭe resaniĝu ĝis #b10% da via maks. vivo kaj forigu ĉi tiun pocion."
    ]
  },
  "FearPotion": {
    "NAME": "Pocio de timo",
    "DESCRIPTIONS": [
      "Aldonu #b",
      " da #yVundebla."
    ]
  },
  "Fire Potion": {
    "NAME": "Fajra pocio",
    "DESCRIPTIONS": [
      "Faru #b",
      " da damaĝo."
    ]
  },
  "FocusPotion": {
    "NAME": "Pocio de atento",
    "DESCRIPTIONS": [
      "Gajnu #b",
      " da #yAtento."
    ]
  },
  "Fruit Juice": {
    "NAME": "Fruktosuko",
    "DESCRIPTIONS": [
      "Plialtigu vian maks. vivon je #b",
      "."
    ]
  },
  "GamblersBrew": {
    "NAME": "Miksaĵo de monludisto",
    "DESCRIPTIONS": [
      "Forĵetu ajnan kvanton da kartoj kaj poste prenu tiom."
    ]
  },
  "GhostInAJar": {
    "NAME": "Fantomo en bokalo",
    "DESCRIPTIONS": [
      "Gajnu #b",
      " da #yNepalpebla."
    ]
  },
  "Health Potion": {
    "NAME": "Vivpocio",
    "DESCRIPTIONS": [
      "Resaniĝu #b",
      " da vivo."
    ]
  },
  "LiquidBronze": {
    "NAME": "Likva bronzo",
    "DESCRIPTIONS": [
      "Gajnu #b",
      " da #yDornoj."
    ]
  },
  "Poison Potion": {
    "NAME": "Venena pocio",
    "DESCRIPTIONS": [
      "Aldonu #b",
      " da #yVeneno."
    ]
  },
  "Potion Slot": {
    "NAME": "Pociingo",
    "DESCRIPTIONS": [
      "Uzu pociojn dum batalo por gajni #gavantaĝojn aŭ #rmalhelpi malamikojn.",
      "Pociingo"
    ]
  },
  "PowerPotion": {
    "NAME": "Pocio de potenco",
    "DESCRIPTIONS": [
      "Elektu #b1 el #b3 hazardaj #yPotenckartoj por aldoni al via mano. Ĝi kostas #b0 ĉi-vice."
    ]
  },
  "Regen Potion": {
    "NAME": "Regeneriga pocio",
    "DESCRIPTIONS": [
      "Gajnu #b",
      " da #yRegenero.",
      ""
    ]
  },
  "SkillPotion": {
    "NAME": "Pocio de kapablo",
    "DESCRIPTIONS": [
      "Elektu #b1 el #b3 hazardaj #yKapablokartoj por aldoni al via mano. Ĝi kostas #b0 ĉi-vice."
    ]
  },
  "SmokeBomb": {
    "NAME": "Fumobombo",
    "DESCRIPTIONS": [
      "Fuĝu de batalo (ne kontraŭ estro). Gajnu nenion."
    ]
  },
  "SneckoOil": {
    "NAME": "Oleo de serpeko",
    "DESCRIPTIONS": [
      " Fariĝu #yKonfuzita. Prenu #b",
      " kartojn.",
      "karton."
    ]
  },
  "SpeedPotion": {
    "NAME": "Pocio de rapideco",
    "DESCRIPTIONS": [
      "Gajnu #b",
      " da #yLerteco. Je la fino de via vico, perdu #b",
      " da #yLerteco."
    ]
  },
  "SteroidPotion": {
    "NAME": "Steroida pocio",
    "DESCRIPTIONS": [
      "Gajnu #b",
      " da #yForto. Je la fino de via vico, perdu #b",
      " da #yForto."
    ]
  },
  "Strength Potion": {
    "NAME": "Pocio de forto",
    "DESCRIPTIONS": [
      "Gajnu #b",
      " da #yForto."
    ]
  },
  "Swift Potion": {
    "NAME": "Prompta pocio",
    "DESCRIPTIONS": [
      "",
      "Prenu #b",
      " kartojn."
    ]
  },
  "Weak Potion": {
    "NAME": "Pocio de malforto",
    "DESCRIPTIONS": [
      "Aldonu #b",
      " da #yMalforta."
    ]
  }
}