{
  "Ancient Potion": {
    "NAME": "Poção Antiga",
    "DESCRIPTIONS": [
      "Ganhe #b",
      " de #yArtefato."
    ]
  },
  "Block Potion": {
    "NAME": "Poção de Proteção",
    "DESCRIPTIONS": [
      "Ganhe #b",
      " de #yProteção."
    ]
  },
  "Dexterity Potion": {
    "NAME": "Poção de Destreza",
    "DESCRIPTIONS": [
      "Ganhe #b",
      " de #yDestreza."
    ]
  },
  "Elixir": {
    "NAME": "Elixir",
    "DESCRIPTIONS": [
      "",
      "",
      "#yExaure todos as #yCondições e #yMaldições de sua mão.",
      "",
      "Não teve efeito..."
    ]
  },
  "Energy Potion": {
    "NAME": "Poção de Energia",
    "DESCRIPTIONS": [
      "Ganhe #b",
      " de Energia."
    ]
  },
  "Explosive Potion": {
    "NAME": "Poção de Explosão",
    "DESCRIPTIONS": [
      "Dê #b",
      " de dano a TODOS os inimigos."
    ]
  },
  "Fire Potion": {
    "NAME": "Poção de Fogo",
    "DESCRIPTIONS": [
      "Dê #b",
      " de dano."
    ]
  },
  "Health Potion": {
    "NAME": "Poção de Saúde",
    "DESCRIPTIONS": [
      "Cure #b",
      " PV."
    ]
  },
  "Poison Potion": {
    "NAME": "Poção de Veneno",
    "DESCRIPTIONS": [
      "Aplique #b",
      " de #yVeneno."
    ]
  },
  "Potion Slot": {
    "NAME": "Espaço de Poções",
    "DESCRIPTIONS": [
      "Use poções durante combates para receber #gbônus ou #rafetar seus inimigos.",
      "Espaço de Poções"
    ]
  },
  "Regen Potion": {
    "NAME": "Poção de Regeneração",
    "DESCRIPTIONS": [
      "Cure #b",
      " #yPV no fim de cada turno por #b",
      " turnos."
    ]
  },
  "Strength Potion": {
    "NAME": "Poção de Força",
    "DESCRIPTIONS": [
      "Ganhe #b",
      " de #yForça."
    ]
  },
  "Swift Potion": {
    "NAME": "Poção de Velocidade",
    "DESCRIPTIONS": [
      "",
      "Compre #b",
      " cartas."
    ]
  },
  "Weak Potion": {
    "NAME": "Poção de Fraqueza",
    "DESCRIPTIONS": [
      "Aplique #b",
      " de #yFraqueza."
    ]
  },
  "Fruit Juice": {
    "NAME": "Fruit Juice",
    "DESCRIPTIONS": [
      "Gain #b",
      " Max HP."
    ]
  },
  "FearPotion": {
    "NAME": "Fear Potion",
    "DESCRIPTIONS": [
      "Apply #b",
      " #yVulnerable."
    ]
  },
  "SkillPotion": {
    "NAME": "Skill Potion",
    "DESCRIPTIONS": [
      "Add a random Skill card to your hand, it costs #b0."
    ]
  },
  "AttackPotion": {
    "NAME": "Attack Potion",
    "DESCRIPTIONS": [
      "Add a random Attack card to your hand, it costs #b0."
    ]
  },
  "PowerPotion": {
    "NAME": "Potion Potion",
    "DESCRIPTIONS": [
      "Add a random Power card to your hand, it costs #b0."
    ]
  },
  "SteroidPotion": {
    "NAME": "Steroid  Potion",
    "DESCRIPTIONS": [
      "Gain #b",
      " Strength. At the end of your turn, lose #b",
      " Strength."
    ]
  },
  "SpeedPotion": {
    "NAME": "Speed  Potion",
    "DESCRIPTIONS": [
      "Gain #b",
      " Dexterity. At the end of your turn, lose #b",
      " Dexterity."
    ]
  },
  "GhostInAJar": {
    "NAME": "Ghost In A Jar",
    "DESCRIPTIONS": [
      "Gain #b",
      " #yIntangible"
    ]
  },
  "FocusPotion": {
    "NAME": "Focus Potion",
    "DESCRIPTIONS": [
      "Gain #b",
      " #yFocus"
    ]
  },
  "SneckoOil": {
    "NAME": "Snecko Oil",
    "DESCRIPTIONS": [
      "Draw #b",
      "cards. Become #yConfused.",
      "card."
    ]
  },
  "LiquidBronze": {
    "NAME": "Liquid Bronze",
    "DESCRIPTIONS": [
      "Gain #b",
      " #yThorns."
    ]
  },
  "GamblersBrew": {
    "NAME": "Gambler's Brew",
    "DESCRIPTIONS": [
      "Discard any number of cards then draw that many."
    ]
  },
  "EssenceOfSteel": {
    "NAME": "Essence Of Steel",
    "DESCRIPTIONS": [
      "Gain #b",
      " #yPlated #yArmor."
    ]
  },
  "BloodPotion": {
    "NAME": "Blood Potion",
    "DESCRIPTIONS": [
      "Heal for #b",
      "% of your Max HP."
    ]
  },
  "FairyPotion": {
    "NAME": "Fairy Potion",
    "DESCRIPTIONS": [
      "When you would die, heal to #b10% of your Max HP instead and discard this potion."
    ]
  },
  "SmokeBomb": {
    "NAME": "Smoke Bomb",
    "DESCRIPTIONS": [
      "Escape from a non-boss combat. Receive no rewards."
    ]
  },
  "EntropicBrew": {
    "NAME": "Entropic Brew",
    "DESCRIPTIONS": [
      "Fill all your empty potion slots with random potions."
    ]
  }
}