{
  "Cursed Run": {
    "NAME": "Jornada Amaldiçoada",
    "DESCRIPTION": "Sempre que você derrotar um Chefe, seja Amaldiçoado. Sua relíquia inicial é trocada por Chave Amaldiçoada, Amuleto de Pedra Negra, e Boneco Du-Vu."
  },
  "Elite Swarm": {
    "NAME": "Caçador de Grandes Presas",
    "DESCRIPTION": "Inimigos de elite agora estão infestando o Pináculo e deixam recompensas melhores."
  },
  "Heirloom": {
    "NAME": "Herança",
    "DESCRIPTION": "Comece com 1 relíquia Rara."
  },
  "Lethality": {
    "NAME": "Letalidade",
    "DESCRIPTION": "Você começa cada combate com +3 de Força. Todos os inimigos começam o combate com +3 de Força."
  },
  "Night Terrors": {
    "NAME": "Terrores Noturnos",
    "DESCRIPTION": "Descansar em Locais de Descanso cura 100% do seu PV, mas custa 5 PV máximo."
  },
  "Insanity": {
    "NAME": "Insanidade",
    "DESCRIPTION": "Comece com um baralho aleatório de 50 cartas."
  },
  "Shiny": {
    "NAME": "Cintilante",
    "DESCRIPTION": "Baralho inicial é substituído por 1 de cada carta rara."
  },
  "Allstar": {
    "NAME": "Profissional",
    "DESCRIPTION": "Comece com 5 cartas incolores."
  },
  "Diverse": {
    "NAME": "Diverso",
    "DESCRIPTION": "Cartas não são restritas pelo seu personagem."
  },
  "Uncertain Future": {
    "NAME": "Futuro Certo",
    "DESCRIPTION": "O mapa contém apenas um caminho."
  },
  "Binary": {
    "NAME": "Binário",
    "DESCRIPTION": "Recompensas de carta contém apenas 2 cartas."
  },
  "Midas": {
    "NAME": "Midas",
    "DESCRIPTION": "Inimigos deixam 200% a mais de ouro, mas você não pode aprimorar cartas em Locais de Descanso."
  },
  "Terminal": {
    "NAME": "Terminal",
    "DESCRIPTION": "Sempre que você entra em uma nova sala, perca 1 PV Máximo. Comece cada combate com 5 Armadura Chapeada."
  },
  "Time Dilation": {
    "NAME": "Dilatação do Tempo",
    "DESCRIPTION": "Todos os inimigos começam com o efeito negativo Lento."
  },
  "Hoarder": {
    "NAME": "Acumulador",
    "DESCRIPTION": "Sempre que você adicionar uma carta ao seu baralho, adicione duas cópias adicionais. Você não pode mais remover cartas do seu baralho no Vendedor."
  },
  "Vintage": {
    "NAME": "Vintage",
    "DESCRIPTION": "Inimigos normais deixam relíquias ao invés de cartas."
  },
  "Draft": {
    "NAME": "Esboço",
    "DESCRIPTION": "Esboce um baralho de cartas inicial personalizado."
  },
  "Brewmaster": {
    "NAME": "Brewmaster",
    "DESCRIPTION": "Start with 5 copies of Alchemize, Toy Ornithopter and White Beast Statue."
  },
  "Specialized": {
    "NAME": "Specialized",
    "DESCRIPTION": "Start with 5 copies of a single rare card."
  },
  "Endless": {
    "NAME": "Endless",
    "DESCRIPTION": "Winning will return you to Act 1 with the same deck. But beware, the blight eventually consumes all..."
  },
  "One Hit Wonder": {
    "NAME": "One Hit Wonder",
    "DESCRIPTION": "Start the game with 1 max HP."
  },
  "Starter Deck": {
    "NAME": "Starter Deck",
    "DESCRIPTION": "Start with Busted Crown and Binary, so enemies no longer drop cards."
  },
  "Praise Snecko": {
    "NAME": "Praise Snecko",
    "DESCRIPTION": "Replaces your starting relic with Snecko Eye."
  },
  "Inception": {
    "NAME": "Inception",
    "DESCRIPTION": "Replaces your starting relic with Unceasing Top."
  },
  "My True Form": {
    "NAME": "My True Form",
    "DESCRIPTION": "Start with a copy of Demon Form, Wraith Form and Echo Form."
  },
  "Blight Chests": {
    "NAME": "Blight Chests",
    "DESCRIPTION": "Boss chests contain blights after beating Act 3 on Endless."
  },
  "Stunted Growth": {
    "NAME": "Stunted Growth",
    "DESCRIPTION": "Enemies no longer drop card rewards after beating Act 3 on Endless."
  },
  "Blue Cards": {
    "NAME": "Blue Cards",
    "DESCRIPTION": "Blue cards now appear in rewards and shops."
  },
  "Red Cards": {
    "NAME": "Red Cards",
    "DESCRIPTION": "Red cards now appear in rewards and shops."
  },
  "Colorless Cards": {
    "NAME": "Colorless Cards",
    "DESCRIPTION": "Colorless cards appear more often."
  },
  "Green Cards": {
    "NAME": "Green Cards",
    "DESCRIPTION": "Green cards now appear in rewards and shops."
  },
  "SealedDeck": {
    "NAME": "Sealed Deck",
    "DESCRIPTION": "Craft a deck from 30 random cards."
  },
  "IntelligentEnemies": {
    "NAME": "Intelligent Enemies",
    "DESCRIPTION": "All enemies have more challenging movesets and abilities."
  },
  "MonsterHunter": {
    "NAME": "Monster Hunter",
    "DESCRIPTION": "Enemies have bonus HP but drop better rewards."
  },
  "NeowTime": {
    "NAME": "Neow Time",
    "DESCRIPTION": "Receive 3 blessings and 1 blight from Neow."
  },
  "Flight": {
    "NAME": "Flight",
    "DESCRIPTION": "You may ignore paths when choosing the next room to travel to."
  },
  "ControlledChaos": {
    "NAME": "Controlled Chaos",
    "DESCRIPTION": "Start with Frozen Eye. At the start of your turn add 10 random cards to the bottom of your draw pile."
  },
  "Careless": {
    "NAME": "Careless",
    "DESCRIPTION": "At the start of every turn, discard the top card of your draw pile."
  },
  "Chimera": {
    "NAME": "Chimera",
    "DESCRIPTION": "Your starting deck is a fusion of 3 characters."
  },
  "DeadlyEvents": {
    "NAME": "Deadly Events",
    "DESCRIPTION": "? rooms can now contain Elites but are more likely to contain Treasure rooms."
  }
}