{
  "A Thousand Cuts": {
    "NAME": "Хиљаду резова",
    "DESCRIPTION": "Сваки пут кад одиграш карту, задај СВИМ непријатељима штете: !M!."
  },
  "Accuracy": {
    "NAME": "Прецизност",
    "DESCRIPTION": "Ножеви задају !M! додатне штете."
  },
  "Acrobatics": {
    "NAME": "Акробација",
    "DESCRIPTION": "Вуци !M! карте. NL Одбаци једну карту."
  },
  "Adrenaline": {
    "NAME": "Адреналин",
    "DESCRIPTION": "Задоби [G]. NL Вуци две карте. NL Исцрпи.",
    "UPGRADE_DESCRIPTION": "Задоби [G] [G]. NL Вуци две карте. NL Исцрпи."
  },
  "After Image": {
    "NAME": "Обриси",
    "DESCRIPTION": "Сваки пут када одиграш карту, задоби једну одбрану.",
    "UPGRADE_DESCRIPTION": "Урођена. NL Сваки пут када одиграш карту, задоби једну одбрану."
  },
  "Aggregate": {
    "NAME": "Агрегат",
    "DESCRIPTION": "Задоби [B] за сваких !M! карата у гомили за вучење."
  },
  "All For One": {
    "NAME": "Сви за једног",
    "DESCRIPTION": "Задај !D! штете. Пребаци све бесплатне карте из гомиле за одбацивање у руку."
  },
  "All Out Attack": {
    "NAME": "Необуздан напад",
    "DESCRIPTION": "Задај !D! штете СВИМ непријатељима. NL Одбаци једну насумичну карту."
  },
  "Allocate": {
    "NAME": "",
    "DESCRIPTION": ""
  },
  "Amplify": {
    "NAME": "Појачај",
    "DESCRIPTION": "Твоја следећа моћ се одиграва двапут у овом потезу.",
    "UPGRADE_DESCRIPTION": "Твоје следеће !M! моћи се одигравају двапут у овом потезу."
  },
  "Anger": {
    "NAME": "Гнев",
    "DESCRIPTION": "Задај !D! штете. NL Стави копију ове карте на гомилу за одбацивање."
  },
  "Apotheosis": {
    "NAME": "Обожење",
    "DESCRIPTION": "Побољшај СВЕ своје карте до краја борбе. NL Исцрпи."
  },
  "Armaments": {
    "NAME": "Опрема",
    "DESCRIPTION": "Задоби !B! одбране. NL Побољшај једну карту из руке до краја борбе.",
    "UPGRADE_DESCRIPTION": "Задоби !B! одбране. NL Побољшај СВЕ карте из руке до краја борбе."
  },
  "AscendersBane": {
    "NAME": "Успињачева пропаст",
    "DESCRIPTION": "Неодигрива. NL Пролазна. NL Не може бити уклоњена из шпила."
  },
  "Auto Shields": {
    "NAME": "Заклон",
    "DESCRIPTION": "Ако немаш одбране, задоби !B!."
  },
  "Axe Kick": {
    "NAME": "Насилна активација",
    "DESCRIPTION": "Задај !D! штете. NL Активирај своју најдешњу сферу."
  },
  "Backflip": {
    "NAME": "Скок уназад",
    "DESCRIPTION": "Задоби !B! одбране. NL Вуци две карте."
  },
  "Backstab": {
    "NAME": "Зари",
    "DESCRIPTION": "Задај !D! штете. NL Урођена. NL Исцрпи."
  },
  "Ball Lightning": {
    "NAME": "Лоптаста муња",
    "DESCRIPTION": "Задај !D! штете. Призови !M! муњу."
  },
  "Bandage Up": {
    "NAME": "Завој",
    "DESCRIPTION": "Залечи !M! ж. п. NL Исцрпи."
  },
  "Bane": {
    "NAME": "Помор",
    "DESCRIPTION": "Задај !D! штете. NL Ако је непријатељ отрован, задај му још !D! штете."
  },
  "Barrage": {
    "NAME": "Паљба",
    "DESCRIPTION": "Задај !D! штете за сваку призвану сферу."
  },
  "Barricade": {
    "NAME": "Барикада",
    "DESCRIPTION": "Одбрана више не истиче на почетку потеза."
  },
  "Bash": {
    "NAME": "Звекни",
    "DESCRIPTION": "Задај !D! штете. NL Нанеси !M! рањивости."
  },
  "Battle Trance": {
    "NAME": "Борбени занос",
    "DESCRIPTION": "Вуци !M! карте. NL Овај потез више не можеш вући карте."
  },
  "Beam Cell": {
    "NAME": "Зрак",
    "DESCRIPTION": "Задај !D! штете. Нанеси !M! рањивост."
  },
  "Berserk": {
    "NAME": "Разјареност",
    "DESCRIPTION": "Задоби !M! Рањивости. NL Задоби [R] на почетку сваког потеза."
  },
  "Biased Cognition": {
    "NAME": "Крајњи протоколи",
    "DESCRIPTION": "Задоби !M! потентности. NL На почетку сваког потеза, изгуби једну потентност."
  },
  "Bite": {
    "NAME": "Ујед",
    "DESCRIPTION": "Задај !D! штете. NL Залечи !M! ж. п."
  },
  "Blade Dance": {
    "NAME": "Игра сечива",
    "DESCRIPTION": "Додај !M! Ножа у руку."
  },
  "Blaster": {
    "NAME": "Растурач",
    "DESCRIPTION": "Задај !D! штете СВИМ непријатељима. NL Задоби [B] за сваку призвану сферу. NL Исцрпи."
  },
  "Blind": {
    "NAME": "Ослепи",
    "DESCRIPTION": "Нанеси !M! слабости.",
    "UPGRADE_DESCRIPTION": "Нанеси !M! слабости СВИМ непријатељима."
  },
  "Blizzard": {
    "NAME": "Мећава",
    "DESCRIPTION": "Задај СВИМ непријатељима штету једнаку броју призваних мразова у борби пута !M!.",
    "UPGRADE_DESCRIPTION": "",
    "EXTENDED_DESCRIPTION": [
      " NL ( задаје штете: !D! )",
      ""
    ]
  },
  "Blood for Blood": {
    "NAME": "Крв за крв",
    "DESCRIPTION": "Трошак ове карте се смањује за [R] сваки пут када изгубиш ж. п. од напада. Задај !D! штете."
  },
  "Bloodletting": {
    "NAME": "Жртва",
    "DESCRIPTION": "Задоби [R]. NL Изгуби три ж. п.",
    "UPGRADE_DESCRIPTION": "Задоби [R] [R]. NL Изгуби три ж. п."
  },
  "Bludgeon": {
    "NAME": "Расмрскај",
    "DESCRIPTION": "Задај !D! штете."
  },
  "Blur": {
    "NAME": "Трк",
    "DESCRIPTION": "Задоби !B! одбране. NL Одбрана се не уклања на почетку следећег потеза."
  },
  "Body Slam": {
    "NAME": "Налет",
    "DESCRIPTION": "Задај штету једнаку твојој тренутној одбрани.",
    "UPGRADE_DESCRIPTION": " NL ( задаје штете: !D! )"
  },
  "BootSequence": {
    "NAME": "Подизање",
    "DESCRIPTION": "Задоби !B! одбране. NL Урођена. NL Исцрпи."
  },
  "Bouncing Flask": {
    "NAME": "Одскачућа бочица",
    "DESCRIPTION": "Нанеси три отрова насумичном непријатељу !M! пута."
  },
  "Brutality": {
    "NAME": "Бруталност",
    "DESCRIPTION": "На почетку потеза, изгуби један ж. п. и вуци једну карту.",
    "UPGRADE_DESCRIPTION": "Урођена. NL На почетку потеза, изгуби један ж. п. и вуци једну карту."
  },
  "Buffer": {
    "NAME": "Штит",
    "DESCRIPTION": "Спречи следеће губљење ж. п.",
    "UPGRADE_DESCRIPTION": "Спречи следећа !M! губљења ж. п."
  },
  "Bullet Time": {
    "NAME": "Замрзни време",
    "DESCRIPTION": "Све карте у руци су бесплатне током овог потеза, али не можеш да вучеш карте."
  },
  "Burn": {
    "NAME": "Опекотина",
    "DESCRIPTION": "Неодигрива. NL На крају потеза, прими две штете.",
    "UPGRADE_DESCRIPTION": "Неодигрива. NL На крају потеза, прими четири штете."
  },
  "Burning Pact": {
    "NAME": "Паклени споразум",
    "DESCRIPTION": "Исцрпи једну карту. NL Вуци !M! карте."
  },
  "Burst": {
    "NAME": "Навала",
    "DESCRIPTION": "Овај потез, следеће умеће одиграј двапут.",
    "UPGRADE_DESCRIPTION": "Овај потез, следећа !M! умећа одиграј двапут."
  },
  "Cache": {
    "NAME": "",
    "DESCRIPTION": ""
  },
  "Calculated Gamble": {
    "NAME": "Прорачунати ризик",
    "DESCRIPTION": "Одбаци руку, потом вуци исти број карата. NL Исцрпи.",
    "UPGRADE_DESCRIPTION": "Одбаци руку, потом вуци исти број карата."
  },
  "Caltrops": {
    "NAME": "Чичци",
    "DESCRIPTION": "Сваки пут кад те неко нападне, задај му !M! штете."
  },
  "Capacitor": {
    "NAME": "Кондензатор",
    "DESCRIPTION": "Створи !M! сферна поља.",
    "UPGRADE_DESCRIPTION": "Створи !M! сферна поља."
  },
  "Carnage": {
    "NAME": "Покољ",
    "DESCRIPTION": "Пролазна. NL Задај !D! штете."
  },
  "Catalyst": {
    "NAME": "Катализатор",
    "DESCRIPTION": "Удвостручи отров на непријатељу. NL Исцрпи.",
    "UPGRADE_DESCRIPTION": "Утростручи отров на непријатељу. NL Исцрпи."
  },
  "Channel": {
    "NAME": "Channel",
    "DESCRIPTION": "Deprecated."
  },
  "Chaos": {
    "NAME": "Хаос",
    "DESCRIPTION": "Призови !M! насумичну сферу.",
    "UPGRADE_DESCRIPTION": "Призови !M! насумичне сфере."
  },
  "Chill": {
    "NAME": "Смрзни",
    "DESCRIPTION": "Призови !M! мраз за сваког непријатеља. NL Исцрпи.",
    "UPGRADE_DESCRIPTION": "Урођена. NL Призови !M! мраз за сваког непријатеља у борби. NL Исцрпи."
  },
  "Choke": {
    "NAME": "Дављење",
    "DESCRIPTION": "Задај !D! штете. NL Сваки пут када одиграш карту, циљани непријатељ губи !M! ж. п."
  },
  "Chrysalis": {
    "NAME": "Кукуљица",
    "DESCRIPTION": "Додај !M! насумичне вештине у гомилу за вучење. Ову борбу су бесплатне. NL Исцрпи."
  },
  "Clash": {
    "NAME": "Обрачун",
    "DESCRIPTION": "Можеш одиграти само ако су све карте у руци напади. NL Задај !D! штете.",
    "EXTENDED_DESCRIPTION": [
      "У руци имам карте које нису напади."
    ]
  },
  "Cleave": {
    "NAME": "Располути",
    "DESCRIPTION": "Задај !D! штете СВИМ непријатељима."
  },
  "Cloak And Dagger": {
    "NAME": "Плашт и бодеж",
    "DESCRIPTION": "Задоби !B! одбране. NL Додај !M! Нож у руку.",
    "UPGRADE_DESCRIPTION": "Задоби !B! одбране. NL Додај !M! Ножа у руку."
  },
  "Clothesline": {
    "NAME": "Жицни",
    "DESCRIPTION": "Задај !D! штете. NL Нанеси !M! слабости."
  },
  "Clumsy": {
    "NAME": "Трапавост",
    "DESCRIPTION": "Неодигрива. NL Пролазна."
  },
  "Cold Snap": {
    "NAME": "Леденица",
    "DESCRIPTION": "Задај !D! штете. Призови !M! мраз."
  },
  "Combust": {
    "NAME": "Сагоревање",
    "DESCRIPTION": "На крају потеза, изгуби један ж. п. и задај !M! штете СВИМ непријатељима."
  },
  "Compile Driver": {
    "NAME": "Разби контролер",
    "DESCRIPTION": "Нанеси !D! штете. NL Вуци !M! карту за сваку јединствену сферу коју имаш."
  },
  "Concentrate": {
    "NAME": "Усредсреди се",
    "DESCRIPTION": "Одбаци !M! карте. NL Задоби [G] [G]."
  },
  "Conserve Battery": {
    "NAME": "Напуни батерију",
    "DESCRIPTION": "Задоби !B! одбране. NL Следећи круг NL задоби [B]."
  },
  "Consume": {
    "NAME": "Преради",
    "DESCRIPTION": "Задоби NL !M! потентности. NL Изгуби једно NL сферно поље."
  },
  "Coolheaded": {
    "NAME": "Хладне главе",
    "DESCRIPTION": "Призови један мраз. NL Вуци !M! карту.",
    "UPGRADE_DESCRIPTION": "Призови један мраз. NL Вуци !M! карте."
  },
  "Core Surge": {
    "NAME": "Појачано језгро",
    "DESCRIPTION": "Нанеси !D! штете. NL Задоби !M! заштиту. NL Исцрпи."
  },
  "Corpse Explosion": {
    "NAME": "Надимање",
    "DESCRIPTION": "Нанеси !M! отрова. NL Када тај непријатељ умре, нанеси штету СВИМ непријатељима једнаку његовим макс. ж. п.",
    "UPGRADE_DESCRIPTION": "",
    "EXTENDED_DESCRIPTION": [
      ""
    ]
  },
  "Corruption": {
    "NAME": "Подлост",
    "DESCRIPTION": "Умећа су бесплатна. NL Сваки пут када одиграш умеће, исцрпи га."
  },
  "Creative AI": {
    "NAME": "Умрежавање",
    "DESCRIPTION": "На почетку сваког потеза, додај насумичну моћ у руку."
  },
  "Crippling Poison": {
    "NAME": "Сакатећa пара",
    "DESCRIPTION": "Нанеси !M! отрова и две слабости СВИМ непријатељима. NL Исцрпи."
  },
  "Dagger Spray": {
    "NAME": "Киша бодежа",
    "DESCRIPTION": "Задај !D! штете СВИМ непријатељима двапут."
  },
  "Dagger Throw": {
    "NAME": "Баци бодеж",
    "DESCRIPTION": "Задај !D! штете. NL Вуци једну карту. NL Одбаци једну карту."
  },
  "Dark Embrace": {
    "NAME": "Мрачни загрљај",
    "DESCRIPTION": "Сваки пут када исцрпиш карту, NL вуци једну карту."
  },
  "Dark Shackles": {
    "NAME": "Мрачни окови",
    "DESCRIPTION": "Смањи снагу непријатеља за !M! до краја овог круга. NL Исцрпи."
  },
  "Darkness": {
    "NAME": "Тама",
    "DESCRIPTION": "Призови !M! таму.",
    "UPGRADE_DESCRIPTION": "Призови !M! таме."
  },
  "Dash": {
    "NAME": "Потрк",
    "DESCRIPTION": "Задоби !B! одбране. NL Задај !D! штете."
  },
  "Dazed": {
    "NAME": "Ошамућеност",
    "DESCRIPTION": "Неодигрива. NL Пролазна."
  },
  "Deadly Poison": {
    "NAME": "Убојити отров",
    "DESCRIPTION": "Нанеси !M! отрова."
  },
  "Decay": {
    "NAME": "Распадање",
    "DESCRIPTION": "Неодигрива. NL На крају потеза, прими две штете."
  },
  "Deep Breath": {
    "NAME": "Дубоки удах",
    "DESCRIPTION": "Измешај гомилу за одбацивање у гомилу за вучење. NL Вуци !M! карту.",
    "UPGRADE_DESCRIPTION": "Измешај гомилу за одбацивање у гомилу за вучење. NL Вуци !M! карте."
  },
  "Defend_B": {
    "NAME": "Одбрана",
    "DESCRIPTION": "Задоби !B! одбране."
  },
  "Defend_G": {
    "NAME": "Одбрана",
    "DESCRIPTION": "Задоби !B! одбране."
  },
  "Defend_R": {
    "NAME": "Одбрана",
    "DESCRIPTION": "Задоби !B! одбране."
  },
  "Deflect": {
    "NAME": "Преусмери",
    "DESCRIPTION": "Задоби !B! одбране."
  },
  "Defragment": {
    "NAME": "Оптимизација",
    "DESCRIPTION": "Задоби NL потентност: !M!."
  },
  "Demon Form": {
    "NAME": "Ђавоиманост",
    "DESCRIPTION": "На почетку сваког потеза, повећај своју снагу за !M!."
  },
  "Die Die Die": {
    "NAME": "Кољи кољи кољи",
    "DESCRIPTION": "Задај !D! штете СВИМ непријатељима. NL Исцрпи."
  },
  "Disarm": {
    "NAME": "Разоружај",
    "DESCRIPTION": "Смањи снагу непријатеља за !M!. NL Исцрпи."
  },
  "Discovery": {
    "NAME": "Откриће",
    "DESCRIPTION": "Стави у руку једну од три насумичне карте. Бесплатна је овај потез. NL Исцрпи.",
    "UPGRADE_DESCRIPTION": "Стави у руку једну од три насумичне карте. Бесплатна је овај потез."
  },
  "Distraction": {
    "NAME": "Диверзија",
    "DESCRIPTION": "Додај насумично умеће у руку. NL Бесплатно је овај потез. NL Исцрпи."
  },
  "Dodge and Roll": {
    "NAME": "Колут у страну",
    "DESCRIPTION": "Задоби !B! одбране. NL Следећи потез задоби !B! одбране."
  },
  "Doom and Gloom": {
    "NAME": "Чемер и пропаст",
    "DESCRIPTION": "Задај !D! штете СВИМ непријатељима. NL Призови !M! таму."
  },
  "Doppelganger": {
    "NAME": "Двојник",
    "DESCRIPTION": "Следећи потез, NL вуци X карата и задоби X [G]. NL Исцрпи.",
    "UPGRADE_DESCRIPTION": "Следећи потез, вуци X+1 карата и задоби X+1 [G]. NL Исцрпи."
  },
  "Double Energy": {
    "NAME": "Дупла енергија",
    "DESCRIPTION": "Дуплирај своју енергију. NL Исцрпи.",
    "UPGRADE_DESCRIPTION": "Дуплирај своју енергију."
  },
  "Double Tap": {
    "NAME": "Је'н-два",
    "DESCRIPTION": "Одиграј свој следећи напад двапут у овом потезу.",
    "UPGRADE_DESCRIPTION": "Одиграј своја следећа !M! напада двапут у овом потезу."
  },
  "Doubt": {
    "NAME": "Сумња",
    "DESCRIPTION": "Неодигрива. NL На крају потеза, нанеси себи једну слабост."
  },
  "Dramatic Entrance": {
    "NAME": "Драматични улаз",
    "DESCRIPTION": "Урођена. NL Задај !D! штете СВИМ непријатељима. NL Исцрпи."
  },
  "Dropkick": {
    "NAME": "Ногом у главу",
    "DESCRIPTION": "Задај !D! штете. NL Ако је непријатељ рањив, задоби [R] и NL вуци једну карту."
  },
  "Dual Wield": {
    "NAME": "Двојако руковање",
    "DESCRIPTION": "Начини копију напада или моћи из руке.",
    "UPGRADE_DESCRIPTION": "Начини две копије напада или моћи из руке."
  },
  "Dualcast": {
    "NAME": "Двоактивација",
    "DESCRIPTION": "Активирај своју најдешњу сферу два пута."
  },
  "Echo Form": {
    "NAME": "Ехо форма",
    "DESCRIPTION": "Прва карта одиграна сваки потез је одиграна двапут. NL Пролазна.",
    "UPGRADE_DESCRIPTION": "Прва карта одиграна сваки потез је одиграна двапут."
  },
  "Electrodynamics": {
    "NAME": "Електродинамика",
    "DESCRIPTION": "Муње сада ударају СВЕ непријатеље. Призови муње: !M!.",
    "UPGRADE_DESCRIPTION": ""
  },
  "Endless Agony": {
    "NAME": "Бескрајна агонија",
    "DESCRIPTION": "Сваки пут кад вучеш ову карту, додај једну копију ње у руку. Задај !D! штете. NL Исцрпи."
  },
  "Energy Pulse": {
    "NAME": "Енергијски пулс",
    "DESCRIPTION": "Задоби одбрану једнаку твојој енергији.",
    "UPGRADE_DESCRIPTION": "Задоби одбрану једнаку двоструко твојој енергији."
  },
  "Enlightenment": {
    "NAME": "Просветљење",
    "DESCRIPTION": "Карте у руци коштају једну енергију до краја потеза.",
    "UPGRADE_DESCRIPTION": "Карте у руци коштају једну енергију до краја борбе."
  },
  "Entrench": {
    "NAME": "Утврђење",
    "DESCRIPTION": "Удвостручи своју тренутну одбрану.",
    "UPGRADE_DESCRIPTION": "Удвостручи своју тренутну одбрану."
  },
  "Envenom": {
    "NAME": "Тровање",
    "DESCRIPTION": "Сваки пут када нападом задаш неодбрањену штету, нанеси један отров."
  },
  "Escape Plan": {
    "NAME": "План повлачења",
    "DESCRIPTION": "Вуци једну карту. NL Ако је карте умеће, задоби !B! одбране."
  },
  "Eviscerate": {
    "NAME": "Пробурази",
    "DESCRIPTION": "Кошта [G] мање за сваку одбачену карту у овом потезу. Задај !D! штете три пута."
  },
  "Evolve": {
    "NAME": "Еволуција",
    "DESCRIPTION": "Сваки пут када извучеш стање, вуци !M! карту.",
    "UPGRADE_DESCRIPTION": "Сваки пут када извучеш стање, вуци !M! карте."
  },
  "Exhume": {
    "NAME": "Поврати",
    "DESCRIPTION": "Пребаци карту NL из гомиле за исцрпљене NL у руку. NL Исцрпи."
  },
  "Expertise": {
    "NAME": "Стручност",
    "DESCRIPTION": "Вуци карте све NL док их у руци не будеш имао !M!."
  },
  "FTL": {
    "NAME": "Посегни",
    "DESCRIPTION": "Задај !D! штете. Ако си одиграо мање од !M! карата овај потез, вуци једну карту.",
    "EXTENDED_DESCRIPTION": [
      " NL (карата одиграно: ",
      ")",
      ")"
    ]
  },
  "Feed": {
    "NAME": "Поједи",
    "DESCRIPTION": "Задај !D! штете. Ако ово убије не-поданика, трајно задоби !M! макс. ж. п. Исцрпи."
  },
  "Feel No Pain": {
    "NAME": "Безстрадални",
    "DESCRIPTION": "Сваки пут када исцрпиш карту, NL задоби !M! одбране."
  },
  "Fiend Fire": {
    "NAME": "Демонски огањ",
    "DESCRIPTION": "Исцрпи руку. NL Задај !D! штете за сваку исцрпљену карту. Исцрпи."
  },
  "Finesse": {
    "NAME": "Трик",
    "DESCRIPTION": "Задоби !B! одбране. NL Вуци једну карту."
  },
  "Finisher": {
    "NAME": "Докрајчи",
    "DESCRIPTION": "Задај !D! штете за сваки одиграни напад у овом потезу.",
    "EXTENDED_DESCRIPTION": [
      " NL (Oдиграно напада: ",
      ")",
      ")"
    ]
  },
  "Fire Breathing": {
    "NAME": "Бљување ватре",
    "DESCRIPTION": "На крају потеза, задај 1 штету СВИМ непријатељима за сваки одигран напад."
  },
  "Fission": {
    "NAME": "Фисија",
    "DESCRIPTION": "Активирај све своје сфере. Створи једно сферно поље за сваку активирану сферу. Исцрпи.",
    "UPGRADE_DESCRIPTION": "Evoke ALL of your Orbs, gain [B] and draw !M! card for each Orb removed. NL Exhaust."
  },
  "Flame Barrier": {
    "NAME": "Пламена баријера",
    "DESCRIPTION": "Задоби !B! одбране. NL Сваки пут кад те неко нападне у овом кругу, задај му !M! штете."
  },
  "Flash of Steel": {
    "NAME": "Одблесак оштрице",
    "DESCRIPTION": "Задај !D! штете. NL Вуци једну карту."
  },
  "Flechettes": {
    "NAME": "Стрелице",
    "DESCRIPTION": "Задај !D! штете за свако умеће у руци.",
    "EXTENDED_DESCRIPTION": [
      " NL (Имаш ",
      " умеће).",
      " умећа)."
    ]
  },
  "Flex": {
    "NAME": "Напрегнуће",
    "DESCRIPTION": "Повећај своју NL снагу за !M!. NL Смањи је за !M! на крају потеза."
  },
  "Flux Capacitor": {
    "NAME": "Флуксни кондензатор",
    "DESCRIPTION": "Замени све призване сфере плазмом. NL Исцрпи."
  },
  "Flying Knee": {
    "NAME": "Коленом у скоку",
    "DESCRIPTION": "Задај !D! штете. NL Следећи потез NL задоби [G]."
  },
  "Footwork": {
    "NAME": "Рад ногу",
    "DESCRIPTION": "Повећај своју окретност за !M!."
  },
  "Force Field": {
    "NAME": "Енергетско поље",
    "DESCRIPTION": "Кошта једну мање [B] за сваку моћ одиграну у борби. NL Задоби !B! одбране."
  },
  "Forethought": {
    "NAME": "Промишљеност",
    "DESCRIPTION": "Ствари карту из руке на дно гомиле за вучење. NL Бесплатна је док се не одигра.",
    "UPGRADE_DESCRIPTION": "Place any number of cards from your hand on the bottom of your draw pile. NL They cost 0 until played."
  },
  "Fusion": {
    "NAME": "Фузија",
    "DESCRIPTION": "Призови !M! плазму."
  },
  "Gash": {
    "NAME": "Усек",
    "DESCRIPTION": "Задај штете: !D!. NL Сваки Усек наноси !M! додатне штете у овој борби."
  },
  "Genetic Algorithm": {
    "NAME": "Алгоритам",
    "DESCRIPTION": "Задоби одбране: !B!. При одигравању повећај одбрану ове карте за !M! до краја похода. Исцрпи."
  },
  "Ghostly": {
    "NAME": "Дух",
    "DESCRIPTION": "Задоби једну неопипљивост. NL Исцрпи. NL Пролазна.",
    "UPGRADE_DESCRIPTION": "Задоби једну неопипљивост. NL Исцрпи."
  },
  "Ghostly Armor": {
    "NAME": "Аветињски оклоп",
    "DESCRIPTION": "Пролазна. NL Задоби !B! одбране."
  },
  "Glacier": {
    "NAME": "Глечер",
    "DESCRIPTION": "Задоби !B! одбране. NL Призови !M! мраза.",
    "UPGRADE_DESCRIPTION": "Задоби !B! одбране. NL Призови !M! мраза."
  },
  "Glass Knife": {
    "NAME": "Стаклени нож",
    "DESCRIPTION": "Задај !D! штете двапут. Убојитост ове карте се смањује за два током тренутне борбе."
  },
  "Go for the Eyes": {
    "NAME": "По очима",
    "DESCRIPTION": "Задај !D! штете. Ако непријатељ намерава да нападне, нанеси слабост: !M!."
  },
  "Good Instincts": {
    "NAME": "Шесто чуло",
    "DESCRIPTION": "Задоби !B! одбране."
  },
  "Grand Finale": {
    "NAME": "Велико финале",
    "DESCRIPTION": "Можеш одиграти само ако на гом. за одбац. нема карата. Задај !D! штете СВИМ непријатељима.",
    "UPGRADE_DESCRIPTION": "Гомила за одбацивање NL мора бити #rпразна."
  },
  "HandOfGreed": {
    "NAME": "Златни додир",
    "DESCRIPTION": "Задај !D! штете. NL Ако ово убије непријатеља не-поданика, задоби !M! злата."
  },
  "Havoc": {
    "NAME": "Пустош",
    "DESCRIPTION": "Одиграј карту са врха гомиле за вучење. NL Исцрпи је."
  },
  "Headbutt": {
    "NAME": "Набоди",
    "DESCRIPTION": "Задај !D! штете. NL Стави карту из гомиле за одбацивање на гомилу за вучење."
  },
  "Heatsinks": {
    "NAME": "Хладњаци",
    "DESCRIPTION": "Сваки пут када одиграш моћ, вуци !M! карту.",
    "UPGRADE_DESCRIPTION": "Сваки пут када одиграш моћ, вуци !M! карте."
  },
  "Heavy Blade": {
    "NAME": "Густо сечиво",
    "DESCRIPTION": "Задај !D! штете. NL Снага утиче на ову карту пута !M!.",
    "UPGRADE_DESCRIPTION": "Задај !D! штете. NL Снага утиче на ову карту пута !M!."
  },
  "Heel Hook": {
    "NAME": "Захват",
    "DESCRIPTION": "Задај !D! штете. NL Ако је непријатељ ослабљен, задоби [G] и вуци једну карту."
  },
  "Hello World": {
    "NAME": "Основни програм",
    "DESCRIPTION": "На почетку свог потеза, додај насумичну обичну карту у руку.",
    "UPGRADE_DESCRIPTION": "Урођена. NL На почетку свог потеза, додај насумичну обичну карту у руку."
  },
  "Hemokinesis": {
    "NAME": "Хемокинеза",
    "DESCRIPTION": "Изгуби !M! ж. п. NL Задај !D! штете."
  },
  "Hide": {
    "NAME": "Притаја",
    "DESCRIPTION": "Не можеш да изгубиш ж. п. до почетка следећег потеза. NL Исцрпи."
  },
  "Hologram": {
    "NAME": "Холограм",
    "DESCRIPTION": "Задоби !B! одбране. NL Врати карту из гомиле за одбацивање у руку. NL Исцрпи.",
    "UPGRADE_DESCRIPTION": "Задоби !B! одбране. NL Врати карту из гомиле за одбацивање у руку."
  },
  "Hyperbeam": {
    "NAME": "Хиперзрак",
    "DESCRIPTION": "Задај !D! штете СВИМ непријатељима. NL Изгуби !M! потентности."
  },
  "Ice Wall": {
    "NAME": "",
    "DESCRIPTION": "",
    "UPGRADE_DESCRIPTION": ""
  },
  "Immolate": {
    "NAME": "Сажежи",
    "DESCRIPTION": "Задај !D! штете СВИМ непријатељима. Додај Опекотину на гом. за одбац."
  },
  "Impatience": {
    "NAME": "Нестрпљење",
    "DESCRIPTION": "Ако немаш нападе у руци, вуци !M! карте."
  },
  "Impervious": {
    "NAME": "Непробојив",
    "DESCRIPTION": "Задоби !B! одбране. NL Исцрпи."
  },
  "Impulse": {
    "NAME": "Импулс",
    "DESCRIPTION": "Искористи пасивне ефекте свих својих призваних сфера. NL Исцрпи.",
    "UPGRADE_DESCRIPTION": "Искористи пасивне ефекте свих својих призваних сфера."
  },
  "Infernal Blade": {
    "NAME": "Врашко сечиво",
    "DESCRIPTION": "Додај насумичан напад у руку. NL Бесплатан је овај потез. NL Исцрпи."
  },
  "Infinite Blades": {
    "NAME": "Безброј оштрица",
    "DESCRIPTION": "На почетку потеза, додај Нож у руку.",
    "UPGRADE_DESCRIPTION": "Урођена. NL На почетку потеза, додај Нож у руку."
  },
  "Inflame": {
    "NAME": "Распламсавање",
    "DESCRIPTION": "Повећај своју NL снагу за !M!."
  },
  "Injury": {
    "NAME": "Повреда",
    "DESCRIPTION": "Неодигрива."
  },
  "Intimidate": {
    "NAME": "Застраши",
    "DESCRIPTION": "Нанеси СВИМ непријатељима слабост: !M!. NL Исцрпи."
  },
  "Iron Wave": {
    "NAME": "Гвожђурија",
    "DESCRIPTION": "Задоби !B! одбране. NL Задај !D! штете."
  },
  "J.A.X.": {
    "NAME": "Џ.Е.К.С.",
    "DESCRIPTION": "Изгуби три ж. п. NL Повећај своју NL снагу за !M!. NL Исцрпи."
  },
  "Jack Of All Trades": {
    "NAME": "Џек",
    "DESCRIPTION": "Додај !M! насумичну безбојну карту у руку. NL Исцрпи.",
    "UPGRADE_DESCRIPTION": "Додај !M! насумичне безбојне карте у руку. NL Исцрпи."
  },
  "Juggernaut": {
    "NAME": "Сивоња",
    "DESCRIPTION": "Сваки пут када задобијеш одбрану, задај !M! штете насумичном непријатељу."
  },
  "Leap": {
    "NAME": "Скок",
    "DESCRIPTION": "Задоби !B! одбране."
  },
  "Leg Sweep": {
    "NAME": "Обори",
    "DESCRIPTION": "Нанеси !M! слабости. NL Задоби !B! одбране."
  },
  "Limit Break": {
    "NAME": "Безграничан",
    "DESCRIPTION": "Удвостручи своју снагу. NL Исцрпи.",
    "UPGRADE_DESCRIPTION": "Удвостручи своју снагу."
  },
  "Lockon": {
    "NAME": "Нанишани",
    "DESCRIPTION": "Задај !D! штете. NL Следећа !M! круга, сфере муње и таме нападају циљаног непријатеља."
  },
  "Loop": {
    "NAME": "Петља",
    "DESCRIPTION": "На почетку свог потеза, искористи пасивну способност своје најдешње сфере.",
    "UPGRADE_DESCRIPTION": "На почетку свог потеза, искористи пасивну способност своје најдешње сфере !M! пута."
  },
  "Machine Learning": {
    "NAME": "Тајни механизми",
    "DESCRIPTION": "Вуци !M! додатну карту на почетку сваког потеза.",
    "UPGRADE_DESCRIPTION": "Урођена. NL Вуци !M! додатну карту на почетку сваког потеза."
  },
  "Madness": {
    "NAME": "Лудило",
    "DESCRIPTION": "Насумична карта из руке је бесплатна до краја борбе. NL Исцрпи."
  },
  "Magnetism": {
    "NAME": "Магнетизам",
    "DESCRIPTION": "На почетку сваког потеза, додај насумичну безбојну карту у руку."
  },
  "Malaise": {
    "NAME": "Раслаби",
    "DESCRIPTION": "Смањи снагу непријатеља за X. Нанеси X слабости. NL Исцрпи.",
    "UPGRADE_DESCRIPTION": "Смањи снагу непријатеља за X+1. Нанеси X+1 слабости. NL Исцрпи."
  },
  "Master of Strategy": {
    "NAME": "Мајсторски стратег",
    "DESCRIPTION": "Вуци !M! карте. NL Исцрпи."
  },
  "Masterful Stab": {
    "NAME": "Мајсторски убод",
    "DESCRIPTION": "Можеш одиграти само ако немаш других карата у руци. NL Задај !D! штете.",
    "UPGRADE_DESCRIPTION": "Ово мора да буде моја NL једина карта у руци."
  },
  "Mayhem": {
    "NAME": "Расуло",
    "DESCRIPTION": "На почетку свог потеза, одиграј карту са врха гомиле за вучење."
  },
  "Melter": {
    "NAME": "Растопи",
    "DESCRIPTION": "Отклони сву одбрану са непријатеља. NL Задај !D! штете."
  },
  "Metallicize": {
    "NAME": "Очеличење",
    "DESCRIPTION": "На крају потеза, задоби !M! одбране."
  },
  "Metamorphosis": {
    "NAME": "Метаморфоза",
    "DESCRIPTION": "Додај !M! насумична напада у гомилу за вучење. Ову борбу су бесплатни. NL Исцрпи."
  },
  "Meteor Strike": {
    "NAME": "Метеор",
    "DESCRIPTION": "Задај !D! штете. NL Призови !M! плазме."
  },
  "Mind Blast": {
    "NAME": "Умни талас",
    "DESCRIPTION": "Задај штету једнаку броју карату у гомили за вучење.",
    "UPGRADE_DESCRIPTION": "Урођена. NL Задај штету једнаку броју карату у гомили за вучење.",
    "EXTENDED_DESCRIPTION": [
      " NL ( задаје штете: !D! )"
    ]
  },
  "Multi-Cast": {
    "NAME": "Мултиактивација",
    "DESCRIPTION": "Активирај своју најдешњу сферу X пута.",
    "UPGRADE_DESCRIPTION": "Активирај своју најдешњу сферу X+1 пута."
  },
  "Necronomicurse": {
    "NAME": "Некрономиклетва",
    "DESCRIPTION": "Неодигрива. NL Од ове клетве нема спаса."
  },
  "Neutralize": {
    "NAME": "Неутралиши",
    "DESCRIPTION": "Задај !D! штете. NL Нанеси !M! слабости."
  },
  "Night Terror": {
    "NAME": "Ноћна мора",
    "DESCRIPTION": "Изабери карту. NL Следећи потез, додај !M! копије те карте у руку. Исцрпи.",
    "EXTENDED_DESCRIPTION": [
      "",
      " карту могу да NL одиграм само једном по потезу."
    ]
  },
  "Normality": {
    "NAME": "Сметен",
    "DESCRIPTION": "Неодигрива. NL Не можеш одиграти више од три карте у једном потезу.",
    "EXTENDED_DESCRIPTION": [
      "Могу да одиграм само до NL #rтри карте овај потез.",
      "Неодигрива. NL Не можеш одиграти више од ",
      " карте по потезу.",
      " карте овај потез. NL Одиграо си ",
      " карту овај потез.",
      " карте овај потез."
    ]
  },
  "Nova": {
    "NAME": "Нова",
    "DESCRIPTION": "Задај штету СВИМ непријатељима једнаку !M! пута број одиграних моћи у борби.",
    "UPGRADE_DESCRIPTION": "",
    "EXTENDED_DESCRIPTION": [
      " NL Исцрпи.",
      " NL ( задаје штете: !D! )"
    ]
  },
  "Noxious Fumes": {
    "NAME": "Испарења",
    "DESCRIPTION": "На почетку потеза, нанеси !M! отрова СВИМ непријатељима."
  },
  "Offering": {
    "NAME": "Принос",
    "DESCRIPTION": "Изгуби пет ж. п. NL Задоби [R] [R]. NL Вуци !M! карте. NL Исцрпи.",
    "UPGRADE_DESCRIPTION": "Изгуби пет ж. п. NL Задоби [R] [R]. NL Вуци !M! карата. NL Исцрпи."
  },
  "Outmaneuver": {
    "NAME": "Мат у најави",
    "DESCRIPTION": "Следећи потез NL задоби [G] [G].",
    "UPGRADE_DESCRIPTION": "Следећи потез NL задоби [G] [G] [G]."
  },
  "Overclock": {
    "NAME": "",
    "DESCRIPTION": "",
    "UPGRADE_DESCRIPTION": ""
  },
  "Pain": {
    "NAME": "Бол",
    "DESCRIPTION": "Неодигрива. NL Губиш један ж. п. са сваком одиграном картом док год је ова у руци."
  },
  "Panacea": {
    "NAME": "Панацеа",
    "DESCRIPTION": "Задоби NL заштите: !M!. NL Исцрпи."
  },
  "Panache": {
    "NAME": "Елан",
    "DESCRIPTION": "Сваки пут када одиграш пет карата у потезу, задај !M! штете СВИМ непријатељима."
  },
  "PanicButton": {
    "NAME": "Паника",
    "DESCRIPTION": "Задоби !B! одбране. Не можеш да задобијеш одбрану од карата следећа !M! потеза. NL Исцрпи."
  },
  "Parasite": {
    "NAME": "Паразит",
    "DESCRIPTION": "Неодигрива. NL Ако је ова карта преображена или уклоњена из шпила, губиш три макс. ж. п."
  },
  "Perfected Strike": {
    "NAME": "Усавршени ударац",
    "DESCRIPTION": "Задај !D! штете, и још додатне две за СВАКУ карту која садржи \"ударац\" у имену.",
    "UPGRADE_DESCRIPTION": "Задај !D! штете, и још додатне три за СВАКУ карту која садржи \"ударац\" у имену."
  },
  "Phantasmal Killer": {
    "NAME": "Фантом",
    "DESCRIPTION": "Следећи потез, твоји напади су двоструко убојити."
  },
  "PiercingWail": {
    "NAME": "Крик",
    "DESCRIPTION": "Смањи снагу СВИХ непријатеља за !M! на један круг. NL Исцрпи."
  },
  "Poisoned Stab": {
    "NAME": "Отровни убод",
    "DESCRIPTION": "Задај !D! штете. NL Нанеси !M! отрова."
  },
  "Pommel Strike": {
    "NAME": "Ударац балчаком",
    "DESCRIPTION": "Задај !D! штете. NL Вуци !M! карту.",
    "UPGRADE_DESCRIPTION": "Задај !D! штете. NL Вуци !M! карте."
  },
  "Power Through": {
    "NAME": "Истрај",
    "DESCRIPTION": "Додај две Ране у руку. NL Задоби !B! одбране."
  },
  "Predator": {
    "NAME": "Предатор",
    "DESCRIPTION": "Задај !D! штете. NL Следећи потез вуци две карте више."
  },
  "Prepared": {
    "NAME": "Спремност",
    "DESCRIPTION": "Вуци !M! карту. NL Одбаци !M! карту.",
    "UPGRADE_DESCRIPTION": "Вуци !M! карте. NL Одбаци !M! карте."
  },
  "Pride": {
    "NAME": "Понос",
    "DESCRIPTION": "Урођена. Пролазна. NL На крају свог потеза, стави копију ове карте на врх гомиле за вучење."
  },
  "Prime": {
    "NAME": "Подешавања",
    "DESCRIPTION": "Сваки пут када призовеш сферу, вуци !M! карту."
  },
  "Primitive Tech": {
    "NAME": "",
    "DESCRIPTION": ""
  },
  "Pummel": {
    "NAME": "Премлати",
    "DESCRIPTION": "Задај !D! штете !M! пута. NL Исцрпи.",
    "UPGRADE_DESCRIPTION": "Задај !D! штете !M! пута. NL Исцрпи."
  },
  "Purity": {
    "NAME": "Чистота",
    "DESCRIPTION": "Изабери и исцрпи до !M! карте из руке. NL Исцрпи."
  },
  "Quick Slash": {
    "NAME": "Брзи посек",
    "DESCRIPTION": "Задај !D! штете. NL Вуци једну карту."
  },
  "Rage": {
    "NAME": "Бес",
    "DESCRIPTION": "Сваки пут када у овом потезу одиграш напад, задоби !M! одбране."
  },
  "Rainbow": {
    "NAME": "Дуга",
    "DESCRIPTION": "Призови муњу, NL мраз и таму. NL Исцрпи.",
    "UPGRADE_DESCRIPTION": "Призови муњу, мраз и таму."
  },
  "Rampage": {
    "NAME": "Помахниталост",
    "DESCRIPTION": "Задај !D! штете, и још !M! за свако претходно одигравање ове карте у овој борби."
  },
  "Reaper": {
    "NAME": "Жетелац",
    "DESCRIPTION": "Задај СВИМ непријатељима !D! штете и залечи се за неодбрањену. Исцрпи."
  },
  "Reboot": {
    "NAME": "Ресет",
    "DESCRIPTION": "Измешај све своје карте у гомилу за вучење, па потом вуци !M! карата. NL Исцрпи."
  },
  "Rebound": {
    "NAME": "Повратни удар",
    "DESCRIPTION": "Задај !D! штете. Постави следећу одиграну карту на врх гомиле за вучење."
  },
  "Reckless Charge": {
    "NAME": "Несмотрени јуриш",
    "DESCRIPTION": "Задај !D! штете. NL Додај Ошамућеност у гомилу за вучење."
  },
  "Recycle": {
    "NAME": "Рециклирај",
    "DESCRIPTION": "Исцрпи карту. NL Задоби [B] једнаку њеној цени."
  },
  "Redo": {
    "NAME": "Рекурзија",
    "DESCRIPTION": "Активирај своју најдешњу сферу. NL Призови сферу истог типа."
  },
  "Reflex": {
    "NAME": "Рефлекс",
    "DESCRIPTION": "Неодигрива. NL Ако је ова карта одбачена из руке, вуци !M! карту.",
    "UPGRADE_DESCRIPTION": "Неодигрива. NL Ако је ова карта одбачена из руке, вуци !M! карте.",
    "EXTENDED_DESCRIPTION": [
      "Не могу да одиграм ову карту."
    ]
  },
  "Regret": {
    "NAME": "Кајање",
    "DESCRIPTION": "Неодигрива. NL На крају потеза, изгуби један ж. п. за сваку карту која ти остане у руци."
  },
  "Reinforced Body": {
    "NAME": "Ојачана шасија",
    "DESCRIPTION": "Задоби !B! одбране X пута."
  },
  "Reprieve": {
    "NAME": "Одложи",
    "DESCRIPTION": "Ако непријатељ не намерава да нападне, задоби потентност: !M!."
  },
  "Reprogram": {
    "NAME": "Репрограмирај",
    "DESCRIPTION": "Погледај !M! карте са врха гомиле за вучење. Одбаци било који број њих.",
    "UPGRADE_DESCRIPTION": "Погледај !M! карата са врха гомиле за вучење. Одбаци било који број њих."
  },
  "Riddle With Holes": {
    "NAME": "Избуши",
    "DESCRIPTION": "Задај !D! штете пет пута."
  },
  "Rip and Tear": {
    "NAME": "Изрендај",
    "DESCRIPTION": "Задај !D! штете насумичном непријатељу !M! пута."
  },
  "RitualDagger": {
    "NAME": "Обредни бодеж",
    "DESCRIPTION": "Задај !D! штете. Ако тиме убијеш неприј., повећај убој. ове карте за !M! до краја похода. Исцрпи."
  },
  "Rupture": {
    "NAME": "Кидисање",
    "DESCRIPTION": "Сваки пут када изгубиш ж. п. путем NL карте, повећај своју снагу за један."
  },
  "Sadistic Nature": {
    "NAME": "Рођени садиста",
    "DESCRIPTION": "Сваки пут када непријатељу нанесеш негативан статус, задај му !M! штете."
  },
  "Scrape": {
    "NAME": "Састружи",
    "DESCRIPTION": "Задај !D! штете. NL Вуци !M! карте. NL Одбаци све вучене карте које нису бесплатне."
  },
  "Searing Blow": {
    "NAME": "Спржи",
    "DESCRIPTION": "Задај штету: !D!. NL Може се побољшати неограничено пута."
  },
  "Second Wind": {
    "NAME": "Обновљена снага",
    "DESCRIPTION": "Исцрпи из руке све карте које нису напади и задоби !B! одбране за сваку."
  },
  "Secret Technique": {
    "NAME": "Тајна техника",
    "DESCRIPTION": "Изабери умеће из гомиле за вучење и додај га у руку. NL Исцрпи.",
    "UPGRADE_DESCRIPTION": "Изабери умеће из гомиле за вучење и додај га у руку.",
    "EXTENDED_DESCRIPTION": [
      "Нема умећа у NL гомили за вучење."
    ]
  },
  "Secret Weapon": {
    "NAME": "Тајно оружје",
    "DESCRIPTION": "Изабери напад из гомиле за вучење и додај га у руку. NL Исцрпи.",
    "UPGRADE_DESCRIPTION": "Изабери напад из гомиле за вучење и додај га у руку.",
    "EXTENDED_DESCRIPTION": [
      "Немам нападе у NL гомили за вучење."
    ]
  },
  "Seeing Red": {
    "NAME": "Инат",
    "DESCRIPTION": "Задоби [R] [R]. NL Исцрпи."
  },
  "Seek": {
    "NAME": "Лоцирај",
    "DESCRIPTION": "Изабери !M! карту из гомиле за вучење и стави је у руку. NL Исцрпи.",
    "UPGRADE_DESCRIPTION": "Изабери !M! карте из гомиле за вучење и стави их у руку. NL Исцрпи."
  },
  "Self Repair": {
    "NAME": "Самооправка",
    "DESCRIPTION": "На крају борбе, залечи !M! ж. п."
  },
  "Sentinel": {
    "NAME": "Стража",
    "DESCRIPTION": "Задоби !B! одбране. NL Ако је ова карта исцрпљена, NL задоби [R] [R].",
    "UPGRADE_DESCRIPTION": "Задоби !B! одбране. NL Ако је ова карта исцрпљена, NL задоби [R] [R] [R]."
  },
  "Setup": {
    "NAME": "Намештаљка",
    "DESCRIPTION": "Стави карту из руке NL на врх гомиле за вучење. NL Бесплатна је све док се не одигра."
  },
  "Sever Soul": {
    "NAME": "Расцопај",
    "DESCRIPTION": "Исцрпи из руке NL све карте које NL нису напади. NL Задај !D! штете."
  },
  "Shame": {
    "NAME": "Срам",
    "DESCRIPTION": "Неодигрива. NL На крају свог потеза, задоби једну крхкост."
  },
  "Shiv": {
    "NAME": "Нож",
    "DESCRIPTION": "Задај !D! штете. NL Исцрпи."
  },
  "Shockwave": {
    "NAME": "Потрес",
    "DESCRIPTION": "Нанеси !M! слабости и рањивости СВИМ непријатељима. NL Исцрпи."
  },
  "Shrug It Off": {
    "NAME": "Одби",
    "DESCRIPTION": "Задоби !B! одбране. NL Вуци једну карту."
  },
  "Skewer": {
    "NAME": "Натакни",
    "DESCRIPTION": "Задај !D! штете X пута."
  },
  "Skim": {
    "NAME": "Скенирање",
    "DESCRIPTION": "Вуци !M! карте."
  },
  "Slice": {
    "NAME": "Исеци",
    "DESCRIPTION": "Задај !D! штете."
  },
  "Slimed": {
    "NAME": "Углибљен",
    "DESCRIPTION": "Исцрпи."
  },
  "Spot Weakness": {
    "NAME": "Откри слабост",
    "DESCRIPTION": "Ако непријатељ намерава да нападне, повећај своју снагу за !M!."
  },
  "Stack": {
    "NAME": "Слојеви",
    "DESCRIPTION": "Задоби одбрану једнаку броју карата у гомили за одбацивање.",
    "UPGRADE_DESCRIPTION": "Задоби одбрану једнаку броју карата у гомили за одбацивање плус три.",
    "EXTENDED_DESCRIPTION": [
      " NL ( добијаш одбране: !B! )"
    ]
  },
  "Static Discharge": {
    "NAME": "Пражњење",
    "DESCRIPTION": "Сваки пут када примиш штету од напада, призови !M! муњу.",
    "UPGRADE_DESCRIPTION": "Сваки пут када примиш штету од напада, призови !M! муње."
  },
  "Steam": {
    "NAME": "Испаравање",
    "DESCRIPTION": "Задоби !B! одбране. Одбрана ове карте се смањује за два током тренутне борбе."
  },
  "Steam Power": {
    "NAME": "До даске",
    "DESCRIPTION": "Вуци !M! карте. NL Додај Опекотину у гомилу за одбацивање."
  },
  "Storm": {
    "NAME": "Олуја",
    "DESCRIPTION": "Сваки пут када одиграш моћ, призови једну муњу.",
    "UPGRADE_DESCRIPTION": "Урођена. NL Сваки пут када одиграш моћ, призови једну муњу."
  },
  "Storm of Steel": {
    "NAME": "Олуја челика",
    "DESCRIPTION": "Одбаци руку. NL За сваку одбачену карту, додај један Нож у руку.",
    "UPGRADE_DESCRIPTION": "Одбаци руку. NL За сваку одбачену карту, додај један побољшан Нож у руку."
  },
  "Streamline": {
    "NAME": "Шаблон",
    "DESCRIPTION": "Задај !D! штете. NL Сваки пут када одиграш ову карту, смањи јој цену за !M! до краја борбе."
  },
  "Strike_B": {
    "NAME": "Ударац",
    "DESCRIPTION": "Задај !D! штете."
  },
  "Strike_G": {
    "NAME": "Ударац",
    "DESCRIPTION": "Задај !D! штете."
  },
  "Strike_R": {
    "NAME": "Ударац",
    "DESCRIPTION": "Задај !D! штете."
  },
  "Sucker Punch": {
    "NAME": "Муни",
    "DESCRIPTION": "Задај !D! штете. NL Нанеси слабост: !M!."
  },
  "Sunder": {
    "NAME": "Растави",
    "DESCRIPTION": "Задај !D! штете. NL Ако тиме убијеш непријатеља, задоби [B] [B] [B]."
  },
  "Survivor": {
    "NAME": "Преживи",
    "DESCRIPTION": "Задоби !B! одбране. NL Одбаци карту."
  },
  "Sweeping Beam": {
    "NAME": "Кружни зрак",
    "DESCRIPTION": "Задај !D! штете СВИМ непријатељима. NL Вуци !M! карту."
  },
  "Swift Strike": {
    "NAME": "Хитар удар",
    "DESCRIPTION": "Задај !D! штете."
  },
  "Sword Boomerang": {
    "NAME": "Мач-бумеранг",
    "DESCRIPTION": "Задај !D! штете насумичном непријатељу !M! пута."
  },
  "Tactician": {
    "NAME": "Тактика",
    "DESCRIPTION": "Неодигрива. NL Ако је ова карта одбачена из руке, задоби [G].",
    "UPGRADE_DESCRIPTION": "Неодигрива. NL Ако је ова карта одбачена из руке, NL задоби [G] [G].",
    "EXTENDED_DESCRIPTION": [
      "Не могу да одиграм ову карту."
    ]
  },
  "Tempest": {
    "NAME": "Ураган",
    "DESCRIPTION": "Призови X муња. NL Исцрпи.",
    "UPGRADE_DESCRIPTION": "Призови X+1 муња. NL Исцрпи."
  },
  "Terror": {
    "NAME": "Ужас",
    "DESCRIPTION": "Нанеси 99 рањивости. NL Исцрпи."
  },
  "The Bomb": {
    "NAME": "Бомба",
    "DESCRIPTION": "На крају трећег потеза, задај !M! штете СВИМ непријатељима."
  },
  "Thinking Ahead": {
    "NAME": "Корак испред",
    "DESCRIPTION": "Вуци две карте. NL Стави карту из руке на врх гомиле за вучење. NL Исцрпи.",
    "UPGRADE_DESCRIPTION": "Вуци две карте. NL Стави карту из руке на врх гомиле за вучење."
  },
  "Thunder Strike": {
    "NAME": "Громови",
    "DESCRIPTION": "Задај !D! штете насумичном непријатељу за сваку призвану муњу у борби.",
    "EXTENDED_DESCRIPTION": [
      " ( призваних муња: !M! )"
    ]
  },
  "Thunderclap": {
    "NAME": "Тресак",
    "DESCRIPTION": "Задај !D! штете и нанеси једну рањивост СВИМ непријатељима."
  },
  "Tools of the Trade": {
    "NAME": "Алатке",
    "DESCRIPTION": "На почетку потеза, вуци једну карту и одбаци једну карту."
  },
  "Transmutation": {
    "NAME": "Преображење",
    "DESCRIPTION": "Додај X насумичних безбојних карата у руку. NL Исцрпи.",
    "UPGRADE_DESCRIPTION": "Додај X насумичних побољшаних безбојних карата у руку. NL Исцрпи."
  },
  "Trip": {
    "NAME": "Саплети",
    "DESCRIPTION": "Нанеси !M! рањивости.",
    "UPGRADE_DESCRIPTION": "Нанеси !M! рањивости СВИМ непријатељима."
  },
  "True Grit": {
    "NAME": "Одлучност",
    "DESCRIPTION": "Задоби !B! одбране. NL Исцрпи насумичну карту из руке.",
    "UPGRADE_DESCRIPTION": "Задоби !B! одбране. NL Исцрпи карту из руке."
  },
  "Turbo": {
    "NAME": "ТУРБО",
    "DESCRIPTION": "Задоби [B] [B]. NL Додај Вакуум у гомилу за одбацивање.",
    "UPGRADE_DESCRIPTION": "Задоби [B] [B] [B]. NL Додај Вакуум у гомилу за одбацивање."
  },
  "Twin Strike": {
    "NAME": "Двоструки ударац",
    "DESCRIPTION": "Задај !D! штете двапут."
  },
  "Underhanded Strike": {
    "NAME": "Лукави ударац",
    "DESCRIPTION": "Задај !D! штете. Ако си одбацио карту у овом потезу, NL задоби [G] [G].",
    "EXTENDED_DESCRIPTION": [
      "Не могу да одиграм ову карту."
    ]
  },
  "Undo": {
    "NAME": "Равнотежа",
    "DESCRIPTION": "Задоби !B! одбране. NL Задржи своју руку овај потез."
  },
  "Unload": {
    "NAME": "Искасапи",
    "DESCRIPTION": "Задај !D! штете. NL Одбаци СВЕ карте које нису напади."
  },
  "Uppercut": {
    "NAME": "Удар одоздо",
    "DESCRIPTION": "Задај !D! штете. NL Нанеси слабост и рањивост: !M!."
  },
  "Venomology": {
    "NAME": "Алхемија",
    "DESCRIPTION": "Задоби насумични напитак. NL Исцрпи."
  },
  "Violence": {
    "NAME": "Насиље",
    "DESCRIPTION": "Стави !M! насумична напада из гомиле за вучење у руку. NL Исцрпи."
  },
  "Void": {
    "NAME": "Вакуум",
    "DESCRIPTION": "Неодигрива. NL По вучењу ове карте, губиш једну енергију. NL Пролазна."
  },
  "Warcry": {
    "NAME": "Поклич",
    "DESCRIPTION": "Вуци !M! карту. NL Стави једну карту из руке на врх гомиле за вучење. NL Исцрпи.",
    "UPGRADE_DESCRIPTION": "Вуци !M! карте. NL Стави једну карту из руке на врх гомиле за вучење. NL Исцрпи."
  },
  "Well Laid Plans": {
    "NAME": "Ваљани планови",
    "DESCRIPTION": "На крају потеза, задржи до !M! карту.",
    "UPGRADE_DESCRIPTION": "На крају потеза, задржи до !M! карте."
  },
  "Whirlwind": {
    "NAME": "Ковитлац",
    "DESCRIPTION": "Задај !D! штете СВИМ непријатељима X пута."
  },
  "White Noise": {
    "NAME": "Бели шум",
    "DESCRIPTION": "Додај насумичну моћ у руку. NL Овај потез је бесплатна. NL Исцрпи."
  },
  "Wild Strike": {
    "NAME": "Дивљачки ударац",
    "DESCRIPTION": "Задај !D! штете. NL Додај рану у гомилу за вучење."
  },
  "Winter": {
    "NAME": "",
    "DESCRIPTION": ""
  },
  "Wound": {
    "NAME": "Рана",
    "DESCRIPTION": "Неодигрива."
  },
  "Wraith Form v2": {
    "NAME": "Утвара",
    "DESCRIPTION": "Задоби !M! неопипљивости. NL Изгуби једну окретност на крају сваког потеза."
  },
  "Writhe": {
    "NAME": "Грчеви",
    "DESCRIPTION": "Неодигрива. NL Урођена."
  },
  "Zap": {
    "NAME": "Шок",
    "DESCRIPTION": "Призови !M! муњу."
  }
}