{
  "Crowbot": {
    "NAMES": [
      "Crowbot"
    ],
    "TEXT": [
      "BEEP BOOP"
    ]
  },
  "Defect": {
    "NAMES": [
      "Промашај"
    ],
    "TEXT": [
      "Борбени аутоматон који је постао свестан. NL Древна технологија му дозвољава да манипулише сферама."
    ]
  },
  "Ironclad": {
    "NAMES": [
      "Железни"
    ],
    "TEXT": [
      "Једини преостали витез из одреда Железних. NL Трампио душу за ђавоље моћи."
    ]
  },
  "Merchant": {
    "NAMES": [
      "Настави",
      "~Добар~ ~дан!~"
    ],
    "TEXT": [
      "Ћао! NL Купи нешто! NL Купи купи купи!",
      "Свиђа ми се твоја фризура",
      "Имаш ли мало времена?",
      "Јел више волиш куце или маце?",
      "Изгледаш ~опасно,~ NL хехе...",
      "Полако, без журбе... NL ..... NL ... или са",
      "Јел ти се свиђа овај тепих? NL Није на продају",
      "Подржи мале предузетнике!",
      "Маске су кул, први бих знао!",
      "Хмм... NL ...хмм... NL O!",
      "Седи и подивани!",
      "Опасно је лутати сам! Повери ми све своје злато!",
      "Купи неш'",
      "~*ЗЕВ*~",
      "Волим злато.",
      "Моја омиљена боја је плава. NL Твоја?"
    ]
  },
  "Neow Event": {
    "NAMES": [
      "Њова"
    ],
    "TEXT": [
      "~Поздрав...~ NL ~Ја..~ ~сам~ ~Њова...~",
      "~Здраво...~ NL ~Поново..~",
      "~Поздрав...~",
      "~Још~ ~један~ NL ~покушај...?~",
      "~Стигни~ ~до~ ~вожда...~ NL ~ако~ ~желиш~ ~мој..~ ~благослов...~",
      "~За~ ~почетак...~ NL ~се~ ~барем~ ~суочи..~ NL ~са~ ~првим~ ~вождом...~",
      "~Ја~ ~те~ ~вратих...~",
      "~Бирај...~",
      "~Подато...~",
      "~Ризик...~ NL ~..награда....~",
      "~Време~ ~је~ ~за~ NL ~ИЗАЗОВ...~",
      "Награде",
      "~Хајмо~ ~да~ ~наставимо...~",
      "~Само~ ~постаје~ ~теже...~",
      "~Импресивно...~ ~још...~",
      "Уклет!",
      "Пошандрцао!",
      "Преображење!"
    ],
    "OPTIONS": [
      "[Настави]",
      "[Разговарај]",
      "[Прескочи]",
      "[Пођи]",
      "Choose 10 cards to add to your deck."
    ]
  },
  "Neow Reward": {
    "NAMES": [],
    "TEXT": [
      "[ #gИзабери #gкарту ]",
      "[ #gЗадоби #gнасумичну #gретку #gкарту ]",
      "[ #gУклони #gкарту ]",
      "[ #gПобољшај #gкарту ]",
      "[ #gПреобрази #gкарту ]",
      "[ #gЗадоби #gтри #gнасумична #gнапитка ]",
      "[ #gЗадоби #gнасумичну #gобичну #gреликвију ]",
      "[ #gМакс. #gж. #gп. #g+",
      "[ #gЗадоби #g",
      " #gзлата ]",
      "#gУклони #gдве #gкарте ]",
      "#gЗадоби #gнасумичну #gретку #gреликвију ]",
      "#gИзабери #gретку #gкарту ]",
      "#gЗадоби #g",
      " #gзлата ]",
      "#gПреобрази #gдве #gкарте ]",
      "#gМакс. #gж. #gп. #g+",
      "[ #rЖртвуј #r",
      " #rмакс. #rж. #rп. ",
      "[ #rОдбаци #rсве #rзлато ",
      "[ #rПостани #rуклет ",
      "[ #rЖртвуј #r50% #rтренутних #rж. #rп. ",
      "Изабери карту",
      "Уклони карту",
      "Уклони две карте",
      "Преобрази карту",
      "Преобрази две карте",
      "Побољшај карту",
      "[ #gНепријатељи #gу #gследеће #gтри #gборбе #gимају #gпо #gједан #gж. #gп. ]",
      " #rdamage"
    ],
    "UNIQUE_REWARDS": [
      "[ #rОдбаци #rурођену #rреликвију #gЗадоби #gнасумичну #gвождовску #gреликвију ]"
    ]
  },
  "Shop Screen": {
    "NAMES": [
      "~Здраво~ NL ~здраво!~",
      "'Ајде сад, NL треба ти NL још #rзлата.",
      "'Еј другар, немаш довољно #rновца!",
      "Шворц?",
      "Нем'ш довољно #rзлата.",
      "То не можеш да приуштиш.",
      "Овде не донирамо.",
      "~Хваааала~",
      "Још једна продаја... NL хохохо! NL Звец - @ЗВЕЦ!@",
      "@ПРОДАТО!@",
      "Нема повраћаја.",
      "Пријатан дан.",
      "Пођи",
      "Уклони карту из шпила."
    ],
    "TEXT": [
      "Ћао! NL Купи нешто! NL Купи купи купи!",
      "Свиђа ми се твоја фризура",
      "Имаш ли мало времена?",
      "Јел више волиш куце или маце?",
      "Изгледаш ~опасно,~ NL хехе...",
      "Полако, без журбе... NL ..... NL ... или са",
      "Јел ти се свиђа овај тепих? NL Није на продају",
      "Подржи мале предузетнике!",
      "Маске су кул, први бих знао!",
      "Да ниси видео мог курира?",
      "Подивани и послушај!",
      "Опасно је лутати сам! Повери ми све своје злато!",
      "Купи неш'",
      "~*ЗЕВ*~",
      "Волим злато.",
      "Моја омиљена боја је плава. NL Твоја?"
    ]
  },
  "Silent": {
    "NAMES": [
      "Нема"
    ],
    "TEXT": [
      "Смртоносни ловац из маглом опасаних земаља. NL Непријатеље истребљује бодежима и отровом."
    ]
  }
}