{
  "AcidSlime_L": {
    "MOVES": [
      "Нагризајући попљув",
      "Деоба",
      "Лиз"
    ],
    "NAME": "Кисела слуз (В)",
    "DIALOG": [
      ""
    ]
  },
  "AcidSlime_M": {
    "MOVES": [
      "Нагризајући попљув",
      "Лиз"
    ],
    "NAME": "Кисела слуз (С)",
    "DIALOG": [
      ""
    ]
  },
  "AcidSlime_S": {
    "MOVES": [],
    "NAME": "Кисела слуз (М)",
    "DIALOG": [
      ""
    ]
  },
  "Apology Slime": {
    "MOVES": [],
    "NAME": "Apology Slime",
    "DIALOG": [
      ""
    ]
  },
  "AwakenedOne": {
    "MOVES": [
      "Ду",
      "Мрачни одјек",
      "Прочишћење",
      "Муљ"
    ],
    "NAME": "Пробуђени",
    "DIALOG": [
      "~Грр~ ~.~ ~.~ ~.~",
      "~Не~ ~.~ ~.~ ~.~ ~не~ ~.~ ~.~ NL ~.~ ~.~ ~не~ ~.~ ~.~ ~.~"
    ]
  },
  "BanditBear": {
    "MOVES": [
      ""
    ],
    "NAME": "Меда",
    "DIALOG": [
      ""
    ]
  },
  "BanditChild": {
    "MOVES": [
      ""
    ],
    "NAME": "Шиљко",
    "DIALOG": [
      "~Мееедооо!!!!~"
    ]
  },
  "BanditLeader": {
    "MOVES": [
      ""
    ],
    "NAME": "Ромео",
    "DIALOG": [
      "~'Ватај~ ~их~ ~Медо!!~",
      "~Платићеш~ ~за~ ~ово!!~",
      "~Нееееее,~ ~Медо!~"
    ]
  },
  "BookOfStabbing": {
    "MOVES": [
      ""
    ],
    "NAME": "Књига убода",
    "DIALOG": [
      ""
    ]
  },
  "BronzeAutomaton": {
    "MOVES": [
      "ХИПЕРЗРАК"
    ],
    "NAME": "Бронзани аутоматон",
    "DIALOG": [
      ""
    ]
  },
  "BronzeOrb": {
    "MOVES": [
      ""
    ],
    "NAME": "Сфера",
    "DIALOG": [
      ""
    ]
  },
  "Byrd": {
    "MOVES": [
      ""
    ],
    "NAME": "Птиц",
    "DIALOG": [
      "@КРА!@ NL @КРААА@",
      ""
    ]
  },
  "Centurion": {
    "MOVES": [
      ""
    ],
    "NAME": "Центурион",
    "DIALOG": [
      ""
    ]
  },
  "Champ": {
    "MOVES": [
      "Одбрамбени став",
      "Смакнуће",
      "Шамар"
    ],
    "NAME": "Шампион",
    "DIALOG": [
      "То зовеш оружјем?",
      "'Ајде!",
      "Покажи шта знаш! NL @ХАХАХА!@",
      "Ево ти слободан ударац! NL Бескорисни слабићу!",
      "~Сад~ ~си~ ~награбусио...~",
      "@ПОРАЗ??@ NL @НЕМОГУЋЕ!!@",
      "~УМРИ~ ~.~ ~.~ ~.~",
      "Осети мој бес!"
    ]
  },
  "Chosen": {
    "MOVES": [
      ""
    ],
    "NAME": "Одабрани",
    "DIALOG": [
      "~Пати...~"
    ]
  },
  "CorruptHeart": {
    "MOVES": [
      ""
    ],
    "NAME": "Искварено срце",
    "DIALOG": [
      ""
    ]
  },
  "Cultist": {
    "MOVES": [
      "",
      "",
      "Бајање"
    ],
    "NAME": "Култиста",
    "DIALOG": [
      "@МОЈА@ @МОЋ@ @ЈЕ@ NL @НЕНАДМАШИВА!@",
      "@НЕ@ @ПРИПАДАШ@ NL @ОВОМ@ @МЕСТУ!@",
      "~Моје~ ~моћу~ NL ~су~ ~надмашене...~"
    ]
  },
  "Dagger": {
    "MOVES": [
      ""
    ],
    "NAME": "Бодеж",
    "DIALOG": [
      ""
    ]
  },
  "Darkling": {
    "MOVES": [
      "Згом! Згом!"
    ],
    "NAME": "Мрки",
    "DIALOG": [
      "Обнављање..."
    ]
  },
  "Deca": {
    "MOVES": [
      ""
    ],
    "NAME": "Каедра",
    "DIALOG": [
      ""
    ]
  },
  "Donu": {
    "MOVES": [
      "Круг моћи"
    ],
    "NAME": "Крофно",
    "DIALOG": [
      ""
    ]
  },
  "Exploder": {
    "MOVES": [
      ""
    ],
    "NAME": "Мина",
    "DIALOG": [
      ""
    ]
  },
  "FireOrb": {
    "MOVES": [
      ""
    ],
    "NAME": "Пламена сфера",
    "DIALOG": [
      ""
    ]
  },
  "FlameBruiser": {
    "MOVES": [
      ""
    ],
    "NAME": "Пламени снагатор",
    "DIALOG": [
      ""
    ]
  },
  "FungiBeast": {
    "MOVES": [
      "Раст"
    ],
    "NAME": "Гљивна звер",
    "DIALOG": [
      ""
    ]
  },
  "FuzzyLouseDefensive": {
    "MOVES": [
      "Пљување мреже"
    ],
    "NAME": "Уш",
    "DIALOG": [
      ""
    ]
  },
  "FuzzyLouseNormal": {
    "MOVES": [
      "Раст"
    ],
    "NAME": "Уш",
    "DIALOG": [
      ""
    ]
  },
  "GiantHead": {
    "MOVES": [
      ""
    ],
    "NAME": "Џиновска глава",
    "DIALOG": [
      "~Сада~ ~је~ ~време~",
      "~З~ ~богом~",
      "~Тик~ ~ток~ NL ~Тик~ ~ток~",
      "~Зашто~ ~си~ ~и~ NL ~даље~ ~овде?~"
    ]
  },
  "GremlinFat": {
    "MOVES": [
      "Налет"
    ],
    "NAME": "Дебели гремлин",
    "DIALOG": [
      "",
      "",
      "@О@ @не,@ NL @о@ @не,@ NL @О@ @НЕ!@"
    ]
  },
  "GremlinLeader": {
    "MOVES": [
      "Постројте се!"
    ],
    "NAME": "Гремлин вођа",
    "DIALOG": [
      "Нема одустајања!",
      "Нисмо још готови!",
      "На њих, момци!",
      "@Повлачење@ NL @Повлачењеее!@",
      "@Бееежииии!@"
    ]
  },
  "GremlinNob": {
    "MOVES": [
      "Улубљивање лобање",
      "Сивоњски налет"
    ],
    "NAME": "Алфа гремлин",
    "DIALOG": [
      "@РРрроохррРГХХххх!!@"
    ]
  },
  "GremlinThief": {
    "MOVES": [
      ""
    ],
    "NAME": "Лукави гремлин",
    "DIALOG": [
      "",
      "@Отићи@ @ћу@ NL @по@ @помоћ!@ ",
      "@Шта@ @дођавола!?@"
    ]
  },
  "GremlinTsundere": {
    "MOVES": [
      "Заштита",
      "Удар штитом"
    ],
    "NAME": "Гремлин штитоноша",
    "DIALOG": [
      "",
      "~Видимо~ ~се...~",
      "Ово не иде на добро..."
    ]
  },
  "GremlinWarrior": {
    "MOVES": [
      "Гребање"
    ],
    "NAME": "Љути гремлин",
    "DIALOG": [
      "",
      "@Идем@ @по@ NL @помоћ!@",
      "Бежим одавде!"
    ]
  },
  "GremlinWizard": {
    "MOVES": [
      "Припрема",
      "Најмоћнији прасак"
    ],
    "NAME": "Гремлин чаробњак",
    "DIALOG": [
      "",
      "Мућка се!",
      "~Ево~ ~га~ ~стиже!!~",
      "@Пристиже...@ NL @помоћ..!@",
      "~превише...~ NL ~опасно...~ NL ~идем...~"
    ]
  },
  "Healer": {
    "MOVES": [
      ""
    ],
    "NAME": "Мистик",
    "DIALOG": [
      ""
    ]
  },
  "Hexaghost": {
    "MOVES": [
      "Распламсавање",
      "Жигосање",
      "Пакао"
    ],
    "NAME": "Шестодух",
    "DIALOG": []
  },
  "HexaghostBody": {
    "MOVES": [],
    "NAME": "",
    "DIALOG": []
  },
  "HexaghostOrb": {
    "MOVES": [],
    "NAME": "",
    "DIALOG": []
  },
  "JawWorm": {
    "MOVES": [
      "Рика",
      "Разбуцавање"
    ],
    "NAME": "Црв чељушчар",
    "DIALOG": [
      ""
    ]
  },
  "Lagavulin": {
    "MOVES": [
      "Исисавање душе"
    ],
    "NAME": "Лагавулин",
    "DIALOG": [
      "",
      "... NL .....",
      "...? NL .....!?",
      "@!!!@ NL @!???@"
    ]
  },
  "Looter": {
    "MOVES": [
      "Трзај",
      "Отимање"
    ],
    "NAME": "Отимач",
    "DIALOG": [
      "Дај злато!",
      "@НЕЕЕееее!@",
      "Где ми је димна бомба... Да видимо овде...",
      "Хвала за лову, хехе"
    ]
  },
  "Maw": {
    "MOVES": [
      ""
    ],
    "NAME": "Чељуст",
    "DIALOG": [
      "@РРррохррРГХхх!!@"
    ]
  },
  "Mugger": {
    "MOVES": [
      "Трзај",
      "Пљачка"
    ],
    "NAME": "Пљачкаш",
    "DIALOG": [
      "Дај то овамо!",
      "Палим ја!"
    ]
  },
  "Nemesis": {
    "MOVES": [
      ""
    ],
    "NAME": "Осветник",
    "DIALOG": [
      ""
    ]
  },
  "Orb Walker": {
    "MOVES": [
      "Оснаживање"
    ],
    "NAME": "Ходајућа сфера",
    "DIALOG": [
      "Покрећем NL штитове."
    ]
  },
  "Puppeteer": {
    "MOVES": [
      ""
    ],
    "NAME": "Луткар",
    "DIALOG": [
      ""
    ]
  },
  "Reptomancer": {
    "MOVES": [
      ""
    ],
    "NAME": "Рептомансер",
    "DIALOG": [
      ""
    ]
  },
  "Repulsor": {
    "MOVES": [
      ""
    ],
    "NAME": "Одбијач",
    "DIALOG": [
      ""
    ]
  },
  "Sentry": {
    "MOVES": [
      "Дезинтеграција"
    ],
    "NAME": "Стражар",
    "DIALOG": [
      ""
    ]
  },
  "Serpent": {
    "MOVES": [
      ""
    ],
    "NAME": "Израслина",
    "DIALOG": [
      ""
    ]
  },
  "Shelled Parasite": {
    "MOVES": [
      ""
    ],
    "NAME": "Оклопљени паразит",
    "DIALOG": [
      ""
    ]
  },
  "SlaverBlue": {
    "MOVES": [
      "Грабуљање"
    ],
    "NAME": "Робовласник",
    "DIALOG": [
      ""
    ]
  },
  "SlaverBoss": {
    "MOVES": [
      ""
    ],
    "NAME": "Наредбодавач",
    "DIALOG": [
      ""
    ]
  },
  "SlaverRed": {
    "MOVES": [
      "Сатирање",
      "Упетљавање"
    ],
    "NAME": "Тлачитељ",
    "DIALOG": [
      ""
    ]
  },
  "SlimeBoss": {
    "MOVES": [
      "Ломљење",
      "Припрема",
      "Деоба",
      "Прскање глиби"
    ],
    "NAME": "Велика слуз",
    "DIALOG": [
      "~Слуз...~ NL #r~ЛОМИ!!!~",
      ""
    ]
  },
  "SnakePlant": {
    "MOVES": [
      "Ослабљујуће споре"
    ],
    "NAME": "Змијобиљка",
    "DIALOG": [
      ""
    ]
  },
  "Snecko": {
    "MOVES": [
      "Збуњујући поглед",
      "Шибање репом",
      "Ујед"
    ],
    "NAME": "Змијко",
    "DIALOG": [
      ""
    ]
  },
  "SphericGuardian": {
    "MOVES": [
      ""
    ],
    "NAME": "Сферични стражар",
    "DIALOG": [
      "~Незнанац~ NL ~Детектован~"
    ]
  },
  "SpikeSlime_L": {
    "MOVES": [
      "Лиз",
      "Деоба"
    ],
    "NAME": "Шиљаста слуз (В)",
    "DIALOG": [
      ""
    ]
  },
  "SpikeSlime_M": {
    "MOVES": [
      "Лиз"
    ],
    "NAME": "Шиљаста слуз (С)",
    "DIALOG": [
      ""
    ]
  },
  "SpikeSlime_S": {
    "MOVES": [],
    "NAME": "Шиљаста слуз (М)",
    "DIALOG": [
      ""
    ]
  },
  "Spiker": {
    "MOVES": [
      ""
    ],
    "NAME": "Бодље",
    "DIALOG": [
      ""
    ]
  },
  "TheCollector": {
    "MOVES": [
      ""
    ],
    "NAME": "Колекционар",
    "DIALOG": [
      "@Поседујем@ @те!@"
    ]
  },
  "TheGuardian": {
    "MOVES": [
      "Одбрамбени режим",
      "Жестоки удар",
      "Котрљање",
      "Двоструки тресак",
      "Ковитлац",
      "Загревање",
      "Испуштање паре"
    ],
    "NAME": "Чувар",
    "DIALOG": [
      "#b~..ХЛАЂЕЊЕ...~ NL #b~...СИСТЕМА...~",
      "Брањење...",
      "#r@УНИШТИ@ NL #r@УНИШТИ@ NL #r@УНИШТИ@",
      "#r@ОПАСНОСТ@ NL #r@ОПАСНОСТ@ NL #r@ОПАСНОСТ@"
    ]
  },
  "TheGuardianOrb": {
    "MOVES": [],
    "NAME": "",
    "DIALOG": []
  },
  "TimeEater": {
    "MOVES": [
      ""
    ],
    "NAME": "Гутач времена",
    "DIALOG": [
      "~А...~ NL ~..друштво...~",
      "~Будаласто..~ NL @БУУДАЛАСТО!@"
    ]
  },
  "TorchHead": {
    "MOVES": [
      ""
    ],
    "NAME": "Гориоглави",
    "DIALOG": [
      ""
    ]
  },
  "Transient": {
    "MOVES": [
      ""
    ],
    "NAME": "Непостојани",
    "DIALOG": [
      ""
    ]
  }
}