{
  "Dark": {
    "DESCRIPTION": [
      "#yПасив: повећај штету ове сфере на почетку потеза за #b",
      ". NL #yАктивација: нанеси штету ( #b",
      " ) непријатељу са најмање ж. п."
    ],
    "NAME": "Тама"
  },
  "Empty": {
    "DESCRIPTION": [
      "Призване сфере се појављују у овим пољима."
    ],
    "NAME": "Сферно поље"
  },
  "Frost": {
    "DESCRIPTION": [
      "#yПасив: задоби #b",
      " #yодбране на крају свог потеза. NL #yАктивација: задоби #b",
      " #yодбране."
    ],
    "NAME": "Мраз"
  },
  "Lightning": {
    "DESCRIPTION": [
      "#yПасив: на крају свог потеза, нанеси #b",
      " штете насумичном непријатељу. NL #yАктивација: нанеси #b",
      " штете насумичном непријатељу."
    ],
    "NAME": "Муња"
  },
  "Plasma": {
    "DESCRIPTION": [
      "#yПасив: задоби [B] на крају свог потеза. NL #yАктивација: задоби #b",
      " [B] . NL #yПотентност не утиче на плазму."
    ],
    "NAME": "Плазма"
  }
}