{
  "Anchor": {
    "NAME": "Сидро",
    "FLAVOR": "Држећи ову минијатурну дрангулију, осећаш се теже и стабилније.",
    "DESCRIPTIONS": [
      "Започни сваку борбу са #b",
      " #yодбране."
    ]
  },
  "Ancient Tea Set": {
    "NAME": "Древни чајни прибор",
    "FLAVOR": "Кључ освежавајућег ноћног одмора.",
    "DESCRIPTIONS": [
      "Сваки пут када уђеш у одмаралиште, започни следећу борбу са [R] [R] .",
      "Сваки пут када уђеш у одмаралиште, започни следећу борбу са [G] [G] .",
      "Сваки пут када уђеш у одмаралиште, започни следећу борбу са [B] [B] ."
    ]
  },
  "Art of War": {
    "NAME": "Умеће ратовања",
    "FLAVOR": "Овај древни рукопис садржи мудрости из минулих времена.",
    "DESCRIPTIONS": [
      "Ако не одиграш ниједан #yнапад током свог потеза, задоби додатну ",
      "[R] следећи потез.",
      "[G] следећи потез.",
      "[B] следећи потез."
    ]
  },
  "Astrolabe": {
    "NAME": "Астролаб",
    "FLAVOR": "Алатка којом се од звезда дознаје непроцењиво знање.",
    "DESCRIPTIONS": [
      "По узимању изабери #bтри карте, потом их #yпреобрази и #yпобољшај.",
      "Изабери три карте за "
    ]
  },
  "Bag of Marbles": {
    "NAME": "Врећа кликера",
    "FLAVOR": "Некад популарна играчка у Граду. Корисна као елемент изненађења у борби.",
    "DESCRIPTIONS": [
      "На почетку сваке борбе, нанеси #b",
      " #yрањивост СВИМ непријатељима."
    ]
  },
  "Bag of Preparation": {
    "NAME": "Торба припремљености",
    "FLAVOR": "Превелики путни ранац. Начичкан џеповима и каишевима.",
    "DESCRIPTIONS": [
      "На почетку сваке борбе, вуци #b",
      " додатне карте."
    ]
  },
  "Bird Faced Urn": {
    "NAME": "Птицолика урна",
    "FLAVOR": "Ова урна приказује врану-бога Мазалета у враголастом расположењу.",
    "DESCRIPTIONS": [
      "Сваки пут када одиграш #yмоћ, залечи #b",
      " ж. п."
    ]
  },
  "Black Blood": {
    "NAME": "Црна крв",
    "FLAVOR": "Бес затамљује душу.",
    "DESCRIPTIONS": [
      "Замењује #rгорућу #rкрв. На крају борбе, залечи #b",
      " ж. п."
    ]
  },
  "Black Star": {
    "NAME": "Црна звезда",
    "FLAVOR": "Првобитно откривена у Гујином граду, поред усамљене свеће.",
    "DESCRIPTIONS": [
      "#yЧелници сада испуштају додатну реликвију."
    ]
  },
  "Blood Vial": {
    "NAME": "Бочица крви",
    "FLAVOR": "Садржи крв нетакнутог и древног вампира.",
    "DESCRIPTIONS": [
      "На почетку сваке борбе, залечи #b",
      " ж. п."
    ]
  },
  "Bloody Idol": {
    "NAME": "Крвави идол",
    "FLAVOR": "Из идола сада лије непрестана бујица крви.",
    "DESCRIPTIONS": [
      "Сваки пут када задобијеш #yзлато, залечи #b",
      " ж. п."
    ]
  },
  "Blue Candle": {
    "NAME": "Плава свећа",
    "FLAVOR": "Њен пламен оживљава само у мрклој тмини.",
    "DESCRIPTIONS": [
      "#yКлетве се сада могу одиграти. NL NL Одигравањем #yклетве губиш #b",
      " ж. п. и #yисцрпљујеш је."
    ]
  },
  "Boot": {
    "NAME": "Чизма",
    "FLAVOR": "Расте у величини када се натегне.",
    "DESCRIPTIONS": [
      "Сваки пут када би #yнападом задао #b",
      " или мање неодбрањене штете, повећај је на #bпет."
    ]
  },
  "Bottled Flame": {
    "NAME": "Пламен у тегли",
    "FLAVOR": "У тегли пребива пламен који занавек гори.",
    "DESCRIPTIONS": [
      "По узимању, изабери #yнапад. На почетку сваке борбе, та карта ће ти бити у руци.",
      "Изабери карту за ",
      "На почетку сваке борбе, додај карту ",
      " у руку."
    ]
  },
  "Bottled Lightning": {
    "NAME": "Муња у тегли",
    "FLAVOR": "Завиркивањем у ковитлајућу олују, примећујеш део себе како узвраћа поглед.",
    "DESCRIPTIONS": [
      "По узимању, изабери #yумеће. На почетку сваке борбе, та карта ће ти бити у руци.",
      "Изабери карту за ",
      "На почетку сваке борбе, додај карту ",
      " у руку."
    ]
  },
  "Bottled Tornado": {
    "NAME": "Торнадо у тегли",
    "FLAVOR": "Тегла нежно шуми и зуји.",
    "DESCRIPTIONS": [
      "По узимању, изабери #yмоћ. На почетку сваке борбе, та карта ће ти бити у руци.",
      "Изабери карту за ",
      "На почетку сваке борбе, додај карту ",
      " у руку."
    ]
  },
  "Bronze Scales": {
    "NAME": "Бронзана крљушт",
    "FLAVOR": "Оштра Чуварева крљушт. Самообликује се не би ли заштитила свог корисника.",
    "DESCRIPTIONS": [
      "На почетку сваке борбе, задоби #b",
      " бодље."
    ]
  },
  "Burning Blood": {
    "NAME": "Горућа крв",
    "FLAVOR": "Крв твог самог тела гори неугасивим бесом.",
    "DESCRIPTIONS": [
      "На крају борбе, залечи #b",
      " ж. п."
    ]
  },
  "Busted Crown": {
    "NAME": "Поломљена круна",
    "FLAVOR": "Шампионова круна... или бледа имитација?",
    "DESCRIPTIONS": [
      "При одабиру наградне карте, имаш #bдве мање карте у избору.",
      "Задоби [R] на почетку сваког потеза. ",
      "Задоби [G] на почетку сваког потеза. ",
      "Задоби [B] на почетку сваког потеза. "
    ]
  },
  "Cables": {
    "NAME": "Златни каблови",
    "FLAVOR": "\"Интересантно! Чак су и аутоматони подложни плацебу.\" - Рануид",
    "DESCRIPTIONS": [
      "Твоја главна сфера извршава своју пасивну способност још један додатни пут."
    ]
  },
  "Calipers": {
    "NAME": "Шестар",
    "FLAVOR": "\"Механичка прецизност води до величанствености\" - Архитекта",
    "DESCRIPTIONS": [
      "На почетку потеза, губиш #b",
      " #yодбране уместо сву своју #yодбрану."
    ]
  },
  "Calling Bell": {
    "NAME": "Дозивно звоно",
    "FLAVOR": "Ово мрачно гвоздено звоно је зазвонило три пута када си га нашао, али је сада потпуно умукло.",
    "DESCRIPTIONS": [
      "Задоби #bтри #rклетве и #bтри #yреликвије.",
      "Звоно одзвоњава...",
      "Прескочи награде",
      "Затвори"
    ]
  },
  "Cauldron": {
    "NAME": "Котао",
    "FLAVOR": "Трговац је заправо врло вешт кувач напитака. Купи четири, добијаш један џабе.",
    "DESCRIPTIONS": [
      "По узимању, скува #bпет насумичних напитака.",
      "Бућ бљућ бућ...!"
    ]
  },
  "Centennial Puzzle": {
    "NAME": "Стогодишња слагалица",
    "FLAVOR": "Осећаш интензивну топлоту у грудима при решавању ове слагалице.",
    "DESCRIPTIONS": [
      "Први пут када изгубиш ж. п. у борби, вуци #b",
      " карте."
    ]
  },
  "Chameleon Ring": {
    "NAME": "Chameleon Ring",
    "FLAVOR": "Deprecated",
    "DESCRIPTIONS": [
      "You can now #yBrew at Rest Sites."
    ]
  },
  "Champion Belt": {
    "NAME": "Шампионски појас",
    "FLAVOR": "Само највећи могу носити овај појас.",
    "DESCRIPTIONS": [
      "Сваки пут када нанесеш #yрањивост, такође нанеси #b",
      " #yслабост."
    ]
  },
  "Charon's Ashes": {
    "NAME": "Харонов пепео",
    "FLAVOR": "За Харона је речено да је бог поновног рађања, онај који вечно умире и васкрсава у пламеној буктињи.",
    "DESCRIPTIONS": [
      "Сваки пут када #yисцрпиш карту, задај #b",
      " штете СВИМ непријатељима."
    ]
  },
  "Chemical X": {
    "NAME": "Хемикалија X",
    "FLAVOR": "УПОЗОРЕЊЕ: Не комбиновати са шећером, зачином, и сваким лепим начином.",
    "DESCRIPTIONS": [
      "Сваки пут када одиграш карту која кошта #bX, њени ефекти су повећани за #b",
      "."
    ]
  },
  "Circlet": {
    "NAME": "Дијадема",
    "FLAVOR": "Пронашао си све реликвије. Импресивно!",
    "DESCRIPTIONS": [
      "Изгледа лепо."
    ]
  },
  "ClockworkSouvenir": {
    "NAME": "Механички сувенир",
    "FLAVOR": "\"Тако пуно испреплетаних механизама.\"",
    "DESCRIPTIONS": [
      "На почетку сваке борбе, задоби #bједну #yзаштиту."
    ]
  },
  "Coffee Dripper": {
    "NAME": "Кафомат",
    "FLAVOR": "\"Да, још једна шољица молим. Назад на посао. Назад на посао!\" - Архитекта",
    "DESCRIPTIONS": [
      " на почетку сваког потеза. Више не можеш да се одмараш на одмаралиштима.",
      "Задоби [R]",
      "Задоби [G]",
      "Задоби [B]"
    ]
  },
  "Cracked Core": {
    "NAME": "Напукнуто језгро",
    "FLAVOR": "Мистериозна животна сила која напаја Аутоматоне унутар Торња. Чини се да је напукнуто.",
    "DESCRIPTIONS": [
      "На почетку сваке борбе, #yпризови #bједну #yмуњу."
    ]
  },
  "CultistMask": {
    "NAME": "Симбол култа",
    "FLAVOR": "Део јата!",
    "DESCRIPTIONS": [
      "Осећаш се причљиво.",
      "@КА!@ NL @КААА@"
    ]
  },
  "Cursed Key": {
    "NAME": "Уклети кључ",
    "FLAVOR": "Осећаш како из кључа зрачи злокобна енергија. Моћ увек има неку цену.",
    "DESCRIPTIONS": [
      " Сваки пут када отвориш не-вождовски ковчег, биваш #rуклет.",
      "Задоби [R] на почетку сваког потеза.",
      "Задоби [G] на почетку сваког потеза.",
      "Задоби [B] на почетку сваког потеза."
    ]
  },
  "Darkstone Periapt": {
    "NAME": "Тамнокамен амајлија",
    "FLAVOR": "Камен који исисава снагу из мрачних сила, претварајући је у животну енергију за носиоца.",
    "DESCRIPTIONS": [
      "Сваки пут када задобијеш #yклетву, повећај своје макс. ж. п. за #b"
    ]
  },
  "DataDisk": {
    "NAME": "Диск",
    "FLAVOR": "Овај диск садржи драгоцене податке о птицама и змијама.",
    "DESCRIPTIONS": [
      "Започни сваку борбу са #yпотентношћу повећаном за #b",
      "."
    ]
  },
  "Dead Branch": {
    "NAME": "Мртва грана",
    "FLAVOR": "Грана једног дрвета из заборављене ере.",
    "DESCRIPTIONS": [
      "Сваки пут када #yИсцрпиш карту, додај насумичну карту у руку."
    ]
  },
  "Derp Rock": {
    "NAME": "Derp Rock",
    "FLAVOR": "",
    "DESCRIPTIONS": [
      "",
      ""
    ]
  },
  "Discerning Monocle": {
    "NAME": "Проницљиви монокл",
    "FLAVOR": "Збиља један помодан монокл.",
    "DESCRIPTIONS": [
      "Трговчеве цене су умањене за #b20%"
    ]
  },
  "Dodecahedron": {
    "NAME": "Рунски додекаедар",
    "FLAVOR": "Руне су потпуно неразумљиве.",
    "DESCRIPTIONS": [
      "Ако си при пуним ж. п., задоби ",
      "[R] на почетку сваког потеза.",
      "[G] на почетку сваког потеза.",
      "[B] на почетку сваког потеза."
    ]
  },
  "DollysMirror": {
    "NAME": "Долино огледало",
    "FLAVOR": "\"Изгледам смешно у овоме.\"",
    "DESCRIPTIONS": [
      "По узимању, задоби додатну копију карте из шпила.",
      "Изабери једну карту коју ћеш да копираш."
    ]
  },
  "Dream Catcher": {
    "NAME": "Хватач снова",
    "FLAVOR": "Северна племена би често ноћу користила хватаче снова, верујући да воде самопобољшању.",
    "DESCRIPTIONS": [
      "При сваком #yодмарању, можеш додати једну карту у шпил."
    ]
  },
  "Du-Vu Doll": {
    "NAME": "Ду-ву луткица",
    "FLAVOR": "Луткица осмишљена тако да црпи снагу из злокобне енергије.",
    "DESCRIPTIONS": [
      "За сваку #yклетву у шпилу, започни борбу са #yснагом повећаном за #b",
      ".",
      " Немаш #yклетве.",
      " Имаш #yклетви: #b",
      "."
    ]
  },
  "Ectoplasm": {
    "NAME": "Ектоплазма",
    "FLAVOR": "Чини се да ова гомила слузи и енергије пулсира животом.",
    "DESCRIPTIONS": [
      " Више не можеш да задобијаш #yзлато.",
      "Задоби [R] на почетку сваког потеза.",
      "Задоби [G] на почетку сваког потеза.",
      "Задоби [B] на почетку сваког потеза."
    ]
  },
  "Emotion Chip": {
    "NAME": "Чип за емоције",
    "FLAVOR": "...<3...?",
    "DESCRIPTIONS": [
      "На почетку сваког потеза, ако си примио штету претходни круг, активирај пасивне способности свих својих сфера."
    ]
  },
  "Empty Cage": {
    "NAME": "Празан кавез",
    "FLAVOR": "\"Није ли чудно заробити оно што обожаваш?\" - Рануид",
    "DESCRIPTIONS": [
      "По узимању, уклони #bдве карте из шпила.",
      "Изабери две карте које ћеш да уклониш."
    ]
  },
  "Enchiridion": {
    "NAME": "Енхиридион",
    "FLAVOR": "Легендардни дневник једног древног лича.",
    "DESCRIPTIONS": [
      "На почетку борбе, додај насумичну #yмоћ у руку. #bБесплатна је до краја потеза."
    ]
  },
  "Eternal Feather": {
    "NAME": "Вечно перо",
    "FLAVOR": "Ово перо се чини потпуно неуништивим. Од какве врсте птице би уопште могло да потекне? ",
    "DESCRIPTIONS": [
      "За сваких #b",
      " карата у шпилу, залечи #b",
      " ж. п. сваки пут када уђеш у одмаралиште."
    ]
  },
  "FaceOfCleric": {
    "NAME": "Лице Попе",
    "FLAVOR": "Сви воле Попу.",
    "DESCRIPTIONS": [
      "Повећај своје макс. ж. п. за #bједан након сваке борбе."
    ]
  },
  "Frozen Egg": {
    "NAME": "Frozen Egg",
    "FLAVOR": "",
    "DESCRIPTIONS": [
      "",
      ""
    ]
  },
  "Frozen Egg 2": {
    "NAME": "Зелеђено јаје",
    "FLAVOR": "Јаје стоји инертно и залеђено, никад да се излегне.",
    "DESCRIPTIONS": [
      "Сваки пут када додаш #yмоћ у шпил, #yпобољшај је."
    ]
  },
  "Frozen Eye": {
    "NAME": "Залеђено око",
    "FLAVOR": "Гледајући у око, видиш наговештаје своје будућности.",
    "DESCRIPTIONS": [
      "При прегледавању #yгомиле #yза #yвучу, карте су сада приказане по реду."
    ]
  },
  "FrozenCore": {
    "NAME": "Залеђено језгро",
    "FLAVOR": "Напукнуће у твом језгру је испуњена пулсирајућом леденом енергијом.",
    "DESCRIPTIONS": [
      "Замењује #rНапукнуто #rјезгро. Ако завршиш потез без сфера, #yпризови #bједан #yмраз."
    ]
  },
  "Fusion Hammer": {
    "NAME": "Чекић стапања",
    "FLAVOR": "Једном узет, власник више никад не може да га пусти.",
    "DESCRIPTIONS": [
      " на почетку сваког потеза. Више не можеш да кујеш да одмаралиштима.",
      "Задоби [R]",
      "Задоби [G]",
      "Задоби [B]"
    ]
  },
  "Gambling Chip": {
    "NAME": "Коцкарски чип",
    "FLAVOR": "Можеш да видиш мали запис на једној од страна. Каже: \"Медин талични чип!\"",
    "DESCRIPTIONS": [
      "На почетку сваке борбе, одбаци било који број карата, потом вуци исто толико."
    ]
  },
  "Ginger": {
    "NAME": "Ђумбир",
    "FLAVOR": "Потентан састојак многих тоника.",
    "DESCRIPTIONS": [
      "Више не можеш бити #yослабљен."
    ]
  },
  "Girya": {
    "NAME": "Гирја",
    "FLAVOR": "Ова гирја је незамисливо тешка. Тренинг овим би могао значајно да те ојача.",
    "DESCRIPTIONS": [
      "Са овим можеш да на одмаралиштима повећаш своју #yснагу (до највише три пута)."
    ]
  },
  "Golden Idol": {
    "NAME": "Златни идол",
    "FLAVOR": "Начињен од сувог злата. Само га држећи се осећаш богатије.",
    "DESCRIPTIONS": [
      "Непријатељи испуштају #b25% више #yзлата."
    ]
  },
  "Gremlin Horn": {
    "NAME": "Гремлински рог",
    "FLAVOR": "\"Алфа гремлини могу да расту све до смрти. Изузетно.\" - Рануид",
    "DESCRIPTIONS": [
      "Сваки пут када непријатељ умре, задоби ",
      "[R] и вуци #bједну карту.",
      "[G] и вуци #bједну карту.",
      "[B] и вуци #bједну карту."
    ]
  },
  "GremlinMask": {
    "NAME": "Гремлинова гримаса",
    "FLAVOR": "Време је за бежање.",
    "DESCRIPTIONS": [
      "Започни сваку борбу са #bједном #yслабошћу."
    ]
  },
  "HandDrill": {
    "NAME": "Бушилица",
    "FLAVOR": "\"Спирале су опасне.\"",
    "DESCRIPTIONS": [
      "Сваки пут када разбијеш #yодбрану непријатеља, нанеси #bдве #yрањивости."
    ]
  },
  "Happy Flower": {
    "NAME": "Срећни цвет",
    "FLAVOR": "Ова вазда весела биљка је као новотарија популарна међу племићима.",
    "DESCRIPTIONS": [
      "Свака #b",
      " круга, задоби [R] .",
      " круга, задоби [G] .",
      " круга, задоби [B] ."
    ]
  },
  "HoveringKite": {
    "NAME": "Лебдећи змај",
    "FLAVOR": "Змај лебди око тебе у борби, покретен мистериозном силом.",
    "DESCRIPTIONS": [
      "Задоби [G] и одбаци #bдве карту на почетку сваког потеза."
    ]
  },
  "Ice Cream": {
    "NAME": "Сладолед",
    "FLAVOR": "\"Преукусно!\"",
    "DESCRIPTIONS": [
      "Енергија се сада преноси између потеза."
    ]
  },
  "Incense Burner": {
    "NAME": "Кандило",
    "FLAVOR": "Дим испуњава носиоца духом спрженог.",
    "DESCRIPTIONS": [
      "Сваких #bпет кругова, задоби #bједну #yнеопипљивост."
    ]
  },
  "Inserter": {
    "NAME": "Манипулатор",
    "FLAVOR": "Гурај. Вуци. Нижи. Понављај.",
    "DESCRIPTIONS": [
      "Свака #bдва круга, задоби #bједно сферно поље."
    ]
  },
  "Juzu Bracelet": {
    "NAME": "Јузу бројаница",
    "FLAVOR": "Заштита од непознатог.",
    "DESCRIPTIONS": [
      "Обични непријатељи се више не срећу у #y? собама."
    ]
  },
  "Kunai": {
    "NAME": "Кунаи",
    "FLAVOR": "Нож омиљен међу убицама због своје убојитости на даљину.",
    "DESCRIPTIONS": [
      "Сваки пут када одиграш #b",
      " #yнапада у једном потезу, задоби #b",
      " #yокретност."
    ]
  },
  "Lantern": {
    "NAME": "Фењер",
    "FLAVOR": "Језиви фењер који осветљава само свом носиоцу.",
    "DESCRIPTIONS": [
      "Задоби ",
      "[R] ",
      "[G] ",
      "[B] ",
      "у првом потезу сваке борбе."
    ]
  },
  "Lee's Waffle": {
    "NAME": "Лијев вафл",
    "FLAVOR": "\"Најукуснија посластица коју ћете наћи у Торњу! Умешена данас само за вас.\"",
    "DESCRIPTIONS": [
      "По узимању, повећај своје макс. ж. п. за #b",
      " и у потпуности се залечи."
    ]
  },
  "Letter Opener": {
    "NAME": "Отварач за писма",
    "FLAVOR": "Неприродно оштар.",
    "DESCRIPTIONS": [
      "Сваки пут када одиграш #bтри умећа у једном потезу, задај #b",
      " штете СВИМ непријатељима."
    ]
  },
  "Living Blade": {
    "NAME": "",
    "FLAVOR": "",
    "DESCRIPTIONS": [
      ""
    ]
  },
  "Lizard Tail": {
    "NAME": "Гуштеров реп",
    "FLAVOR": "Лажни реп за замајавање непријатеља у борби.",
    "DESCRIPTIONS": [
      "Следећи пут када би требало да умреш, залечи се до #b50% својих макс. ж. п. (ради само једанпут)."
    ]
  },
  "Magic Flower": {
    "NAME": "Магични цвет",
    "FLAVOR": "Цвет за који се мислило да је одавно изумро. Овај некако савршено очуван.",
    "DESCRIPTIONS": [
      "Лечење је #b50% делотворније током борбе."
    ]
  },
  "Mango": {
    "NAME": "Манго",
    "FLAVOR": "Најтраженије заборављено воће. Беспрекорно сачуван, без знакова Буђи.",
    "DESCRIPTIONS": [
      "По узимању, повећај своје макс. ж. п. за #b"
    ]
  },
  "Mark of Pain": {
    "NAME": "Жиг бола",
    "FLAVOR": "Овај знак је био коришћен међу северним племенима за обележивање ратника који су овладали болом у борби.",
    "DESCRIPTIONS": [
      "Задоби [R] на почетку сваког круга. Започињеш борбе са #bдве #rране у гомили за вучење."
    ]
  },
  "Mark of the Bloom": {
    "NAME": "Белег живе маште",
    "FLAVOR": "У Вани, мисли и стварност су једно те исто.",
    "DESCRIPTIONS": [
      "Више не можеш да се лечиш."
    ]
  },
  "Matryoshka": {
    "NAME": "Бабушка",
    "FLAVOR": "Комплет обојених луткица које се стављају једна у другу. Украс представља непознату птицу са белим очима и плавим перјем.",
    "DESCRIPTIONS": [
      "Следећа #bдва ковчега која отвориш садрже #bдве #yреликвије (изузев вождовских ковчега).",
      "Следећи ковчег који отвориш садржи #bдве #yреликвије (изузев вождовских ковчега).",
      "Реликвија је истрошена."
    ]
  },
  "MawBank": {
    "NAME": "Чељушчар касица-прасица",
    "FLAVOR": "Изненађујуће популарна, упркос томе што су напади шељушчара редовна појава.",
    "DESCRIPTIONS": [
      "Сваки пут када се успнеш спрат, задоби #b",
      " #yзлата. Престаје да ради чим потрошиш #yбило коју количину на тржници."
    ]
  },
  "MealTicket": {
    "NAME": "Бон за оброк",
    "FLAVOR": "\"Додатне ћуфте са сваком посетом!\"",
    "DESCRIPTIONS": [
      "Сваки пут када посетиш тржницу, залечи #bседам ж. п."
    ]
  },
  "Meat on the Bone": {
    "NAME": "Месо и кост",
    "FLAVOR": "Месо се вазда обнавља око кости, и чини се да му нема краја.",
    "DESCRIPTIONS": [
      "Ако су ти ж. п. на или испод #b50% на крају борбе, залечи #b",
      " ж. п."
    ]
  },
  "Medical Kit": {
    "NAME": "Комплет за прву помоћ",
    "FLAVOR": "\"Садржи све што вам је потребно! Спрејеви против свраба, опекотина, отрова, и још!\"",
    "DESCRIPTIONS": [
      "#yСтања се сада могу одиграти. Одиграна #yстања се #yисцрпљују."
    ]
  },
  "Membership Card": {
    "NAME": "Чланска картица",
    "FLAVOR": "\"Ексклузивне чланске понуде за моје највредније муштерије!\"",
    "DESCRIPTIONS": [
      "У будућим чиновима, тржнице се појављују #b50% чешће. #yДОДАТАК: #b20% попуста на све производе!"
    ]
  },
  "Mercury Hourglass": {
    "NAME": "Живин пешчаник",
    "FLAVOR": "Омађијани пешчаник који бескрајно тече.",
    "DESCRIPTIONS": [
      "На почетку свог потеза, задај #b",
      " штете СВИМ непријатељима."
    ]
  },
  "Molten Egg": {
    "NAME": "Molten Egg",
    "FLAVOR": "",
    "DESCRIPTIONS": [
      "",
      ""
    ]
  },
  "Molten Egg 2": {
    "NAME": "Ужарено јаје",
    "FLAVOR": "Јаје феникса. Растопљена лава сија вријућом црвеном бојом.",
    "DESCRIPTIONS": [
      "Сваки пут када додаш #yнапад у шпил, #yпобољшај га."
    ]
  },
  "Mummified Hand": {
    "NAME": "Мумифицирана шака",
    "FLAVOR": "Често се трза, поготово када ти је пулс висок.",
    "DESCRIPTIONS": [
      "Сваки пут када одиграш #yмоћ, насумична карта из руке је #bбесплатна до краја потеза."
    ]
  },
  "Necronomicon": {
    "NAME": "Некрономикон",
    "FLAVOR": "Само би будала покушала да искористи ову злу моћ. Ноћу си у сновима ухођен призорима у којима ти ова књига прождире ум.",
    "DESCRIPTIONS": [
      "Први одигран #yнапад у сваком потезу са ценом од #b",
      " или више се одиграва двапут. По узимању ове реликвије, постајеш #rуклет.",
      " или више се одиграва двапут."
    ]
  },
  "NeowsBlessing": {
    "NAME": "Њовин плач",
    "FLAVOR": "Благослов плача дарован од Њове.",
    "DESCRIPTIONS": [
      "Непријатељи у прве #bтри борбе имају један ж. п.",
      "Благослов је искоришћен."
    ]
  },
  "Nilry's Codex": {
    "NAME": "Нилријев кодекс",
    "FLAVOR": "Сачинио га је озлоглашени господар игара лично. Сматра се да проширује ум.",
    "DESCRIPTIONS": [
      "На крају сваког потеза, можеш да изабереш #bједну од #bтри насумичне карте да убациш у гомилу за вучење."
    ]
  },
  "Nine Lives": {
    "NAME": "Nine Lives",
    "FLAVOR": "",
    "DESCRIPTIONS": [
      "",
      "",
      "",
      ""
    ]
  },
  "Ninja Scroll": {
    "NAME": "Нинџа списи",
    "FLAVOR": "Садржи тајне атентирања.",
    "DESCRIPTIONS": [
      "Започни сваку борбу са #b",
      " #yНожа у руци."
    ]
  },
  "Nloth's Gift": {
    "NAME": "Нлотов поклон",
    "FLAVOR": "Чудан поклон од Нлота. Сваки пут када покушаш да га отвориш, унутра лежи још једна упакована кутија исте величине.",
    "DESCRIPTIONS": [
      "#bУтростручује шансе добијања ретке карте као награде за борбу."
    ]
  },
  "NlothsMask": {
    "NAME": "Нлотова маска",
    "FLAVOR": "Гладан си.",
    "DESCRIPTIONS": [
      "Следећи не-вождовски ковчег који отвориш је празан.",
      ""
    ]
  },
  "Nuclear Battery": {
    "NAME": "Нуклеарна батерија",
    "FLAVOR": "Ооооо...",
    "DESCRIPTIONS": [
      "На почетку сваке борбе, #yпризови #bједну #yплазму."
    ]
  },
  "Nullstone Periapt": {
    "NAME": "Nullstone Periapt",
    "FLAVOR": ".",
    "DESCRIPTIONS": [
      ""
    ]
  },
  "Nunchaku": {
    "NAME": "Нунчаке",
    "FLAVOR": "Добро тренажно помагало. Побољшава држање и окретност носиоца.",
    "DESCRIPTIONS": [
      "Сваки пут када одиграш #b",
      " #yнапада, задоби [R] .",
      " #yнапада, задоби [G] .",
      " #yнапада, задоби [B] ."
    ]
  },
  "Odd Mushroom": {
    "NAME": "Чудна печурка",
    "FLAVOR": "\"Након једења trichella parastius осећао сам се гломазније и мање... подложно.\" - Рануид ",
    "DESCRIPTIONS": [
      "Као #yрањив, примаш #b25% више штете уместо #b50%."
    ]
  },
  "Oddly Smooth Stone": {
    "NAME": "Запањујуће гладак камен",
    "FLAVOR": "Никад ниси видео нешто тако глатко и беспрекорно. Ово мора да је дело Древних.",
    "DESCRIPTIONS": [
      "Започни сваку борбу са #yокретношћу повећаном за #b",
      "."
    ]
  },
  "Old Coin": {
    "NAME": "Стари новчић",
    "FLAVOR": "Трговци високо цене јединствене новчиће због њихове историјске вредности и ретких металних особина.",
    "DESCRIPTIONS": [
      "По узимању, задоби #b300 #yзлата."
    ]
  },
  "Omamori": {
    "NAME": "Омамори",
    "FLAVOR": "Учестала амајлија у одбрани против мрачних духова. Чини се да ова има искру божанске енергије.",
    "DESCRIPTIONS": [
      "Негирај следеће #bдве #rклетве.",
      "Негирај следећу #rклетву.",
      "Ова реликвија је потрошена."
    ]
  },
  "OrangePellets": {
    "NAME": "Наранџасте куглице",
    "FLAVOR": "\"Направљене од разних гљива нађених по целом Торњу, држе подаље сваку бољку.\"",
    "DESCRIPTIONS": [
      "Сваки пут када одиграш #yмоћ, #yнапад и #yвештину у истом потезу, уклони сва негативна стања са себе."
    ]
  },
  "Orichalcum": {
    "NAME": "Орихалк",
    "FLAVOR": "Метал зелених нијанси непознатог порекла. Наизглед неуништив.",
    "DESCRIPTIONS": [
      "Ако завршиш свој потез без #yодбране, задоби #b",
      " #yодбране."
    ]
  },
  "Ornamental Fan": {
    "NAME": "Украсна лепеза",
    "FLAVOR": "Чини се да се лепеза шири и очвршћује са сваком проливеном капи крви.",
    "DESCRIPTIONS": [
      "Сваки пут када одиграш #bтри #yнапада у једном потезу, задоби #b",
      " #yодбране."
    ]
  },
  "Orrery": {
    "NAME": "Планетеријум",
    "FLAVOR": "\"Једном када схватиш васиону...\" - Зорот",
    "DESCRIPTIONS": [
      "Изабери и додај #bпет карата у шпил.",
      "Знање!"
    ]
  },
  "Pandora's Box": {
    "NAME": "Пандорина кутија",
    "FLAVOR": "Имаш лош предосећај око отварања овога.",
    "DESCRIPTIONS": [
      "#bПреобрази све ударце и одбране.",
      "Пандорина кутија је отворена..."
    ]
  },
  "Pantograph": {
    "NAME": "Пантограф",
    "FLAVOR": "\"Чврсти темељи нису случајни. Алати за планирање су нужни.\" - Архитекта",
    "DESCRIPTIONS": [
      "На почетку вождовских борби, залечи #b",
      " ж. п."
    ]
  },
  "Paper Crane": {
    "NAME": "Папирни ждрал",
    "FLAVOR": "Оригами по лику неког створа из прошлог доба.",
    "DESCRIPTIONS": [
      "#yОслабљени непријатељи задају #b50% мање штете уместо #b25%."
    ]
  },
  "Paper Frog": {
    "NAME": "Папирна шжаба",
    "FLAVOR": "Папир се стално увија и одвија у облик неког малог створења.",
    "DESCRIPTIONS": [
      "#yРањиви непријатељи примају #b75% више штете уместо #b50%."
    ]
  },
  "Peace Pipe": {
    "NAME": "Лула мира",
    "FLAVOR": "Разбиструје ум и прочишћава душу.",
    "DESCRIPTIONS": [
      "На одмаралиштима сада можеш да уклониш карту из шпила."
    ]
  },
  "Pear": {
    "NAME": "Крушка",
    "FLAVOR": "Честа воћка пре Буђи.",
    "DESCRIPTIONS": [
      "По узимању, повећај своје макс. ж. п. за #b"
    ]
  },
  "Pen Nib": {
    "NAME": "Врх пенкала",
    "FLAVOR": "Држећи врх, можеш да видиш све које је прошли власник икада убио. Насилна прошлост.",
    "DESCRIPTIONS": [
      "Сваки #b10. #yнапад који одиграш наноси двоструку штету."
    ]
  },
  "Philosopher's Stone": {
    "NAME": "Камен мудрости",
    "FLAVOR": "Из камена исијава чиста енергија, напајајући све око себе.",
    "DESCRIPTIONS": [
      " СВИ непријатељи почињу са #yснагом повећаном за #bдва.",
      "Задоби [R] на почетку сваког потеза.",
      "Задоби [G] на почетку сваког потеза.",
      "Задоби [B] на почетку сваког потеза."
    ]
  },
  "Potion Belt": {
    "NAME": "Појас за напитке",
    "FLAVOR": "Уз помоћ овог појаса могу да носим још напитака!",
    "DESCRIPTIONS": [
      "По узимању, задоби #bдва места за напитке."
    ]
  },
  "Prayer Wheel": {
    "NAME": "Молитвени точак",
    "FLAVOR": "Точак се окреће, никада не престајући.",
    "DESCRIPTIONS": [
      "Нормални непријатељи испуштају још једну додатну наградну карту."
    ]
  },
  "Question Card": {
    "NAME": "Упитна карта",
    "FLAVOR": "\"Они са више избора умањују недостатке хаоса.\" - Кублај Велики",
    "DESCRIPTIONS": [
      "При одабиру наградне карте, у избору имаш још #yједну додатну карту. Не важи за собу у којој је реликвија покупљена."
    ]
  },
  "Red Circlet": {
    "NAME": "Црвена тијара",
    "FLAVOR": "Понестало је реликвија. Импресивно!",
    "DESCRIPTIONS": [
      "Изгледа божанствено."
    ]
  },
  "Red Mask": {
    "NAME": "Црвена маска",
    "FLAVOR": "Ова кицошка маска припада вођи Црвеномаскираних Бандита. Технички, то сада тебе чини њиховим вођом?",
    "DESCRIPTIONS": [
      "На почетку сваке борбе, нанеси #b",
      " #yслабост СВИМ непријатељима."
    ]
  },
  "Red Skull": {
    "NAME": "Црвена лобања",
    "FLAVOR": "Мала лобања покривена украсном бојом.",
    "DESCRIPTIONS": [
      "Све док су ти ж. п. на или испод #b50%, #yснага ти је повећана за #b",
      "."
    ]
  },
  "Regal Pillow": {
    "NAME": "Краљевски јастук",
    "FLAVOR": "Сада можеш прописно да се одмориш.",
    "DESCRIPTIONS": [
      "Залечи додатних #b",
      " ж. п. при #yодмору."
    ]
  },
  "Ring of the Serpent": {
    "NAME": "Прстен гује",
    "FLAVOR": "Твој прстен је променио форму.",
    "DESCRIPTIONS": [
      "Замењује #gПрстен #gзмије. ",
      "На почетку свог потеза, вуци #bједну додатну карту."
    ]
  },
  "Ring of the Snake": {
    "NAME": "Прстен змије",
    "FLAVOR": "Начињен од фосилизоване змије. Симболизује велику вештину ловца.",
    "DESCRIPTIONS": [
      "На почетку сваке борбе, вуци #b",
      " додатне карте."
    ]
  },
  "Runic Capacitor": {
    "NAME": "Рунски кондензатор",
    "FLAVOR": "Више је боље.",
    "DESCRIPTIONS": [
      "Започни сваку борбу са #bтри додатна сферна поља."
    ]
  },
  "Runic Cube": {
    "NAME": "Рунска коцка",
    "FLAVOR": "Руне су потпуно неразумљиве.",
    "DESCRIPTIONS": [
      "Сваки пут када изгубиш ж. п., вуци #b",
      " карту.",
      ""
    ]
  },
  "Runic Dome": {
    "NAME": "Рунска купола",
    "FLAVOR": "Руне су потпуно неразумљиве",
    "DESCRIPTIONS": [
      "на почетку сваког потеза. Више не можеш да видиш #bнамере непријатеља.",
      "Задоби [R] ",
      "Задоби [G] ",
      "Задоби [B] "
    ]
  },
  "Runic Pyramid": {
    "NAME": "Рунска пирамида",
    "FLAVOR": "Руне су потпуно неразумљиве.",
    "DESCRIPTIONS": [
      "Више не одбацујеш руку на крају свог потеза.",
      ""
    ]
  },
  "Self Forming Clay": {
    "NAME": "Самообликујућа глина",
    "FLAVOR": "\"Врло необично! Изгледа као да се обликује према мојим мислима! Теле-глина?\" - Рануид",
    "DESCRIPTIONS": [
      "Сваки пут када у борби изгубиш ж. п., задоби #b",
      " #yодбране следећи потез."
    ]
  },
  "Shovel": {
    "NAME": "Лопата",
    "FLAVOR": "Торањ садржи реликвије од давних цивилизација и пустолова, све изгубљено у прошлости. Време је да се ископају!",
    "DESCRIPTIONS": [
      "Сада можеш да #yископаваш блага на одмаралиштима."
    ]
  },
  "Shuriken": {
    "NAME": "Шурикен",
    "FLAVOR": "Лагано оружје за бацање. Предлаже се циљање у очи.",
    "DESCRIPTIONS": [
      "Сваки пут када одиграш #b",
      " #yнапада у једном потезу, повећај своју #yснагу за #b",
      "."
    ]
  },
  "Singing Bowl": {
    "NAME": "Певајућа чинија",
    "FLAVOR": "Ово добро коришћено помагало звони прелепом мелодијом при ударцу.",
    "DESCRIPTIONS": [
      "Уместо додавања карте у шпил, можеш да повећаш своје макс. ж. п. за #b2."
    ]
  },
  "Sling": {
    "NAME": "Праћка храбрости",
    "FLAVOR": "\"Корисна алатка за ношење са посебно жилавим непријатељима.\"",
    "DESCRIPTIONS": [
      "Сваку борбу против челника започни са плус #b",
      " на #yснагу."
    ]
  },
  "Smiling Mask": {
    "NAME": "Насмејана маска",
    "FLAVOR": "Маска коју носи трговац. Мора да има резервне...",
    "DESCRIPTIONS": [
      "Трговчева услуга уклањања карата сада увек кошта #b",
      " #yзлата."
    ]
  },
  "Snake Skull": {
    "NAME": "Змијкова лобања",
    "FLAVOR": "Беспрекорна лобања змијка. Чудновато чиста и глатка, прљавштина и прашина необјашњиво спадају са ње.",
    "DESCRIPTIONS": [
      "Сваки пут када нанесеш #yотров, нанеси додатан #b",
      " #yотров."
    ]
  },
  "Snecko Eye": {
    "NAME": "Змијково око",
    "FLAVOR": "Око палог змијка. Веће него што си мислио.",
    "DESCRIPTIONS": [
      "Вуци #bдве додатне карте сваки потез. Сваку борбу почињеш #yзбуњен."
    ]
  },
  "Sozu": {
    "NAME": "Содзу",
    "FLAVOR": "Примећујеш да магичне течности губе своја својства у близини ове реликвије.",
    "DESCRIPTIONS": [
      " Више не можеш да задобијаш напитке. ",
      "Задоби [R] на почетку сваког потеза.",
      "Задоби [G] на почетку сваког потеза.",
      "Задоби [B] на почетку сваког потеза."
    ]
  },
  "Spirit Poop": {
    "NAME": "Вилењачко гованце",
    "FLAVOR": "Угљенисани остаци твог приноса вилењацима.",
    "DESCRIPTIONS": [
      "Не изгледа лепо."
    ]
  },
  "SsserpentHead": {
    "NAME": "Глава гууууујјјееее",
    "FLAVOR": "Најиспуњенији животи су они у којима можеш да купиш било шта!",
    "DESCRIPTIONS": [
      "Сваки пут када уђеш у ? собу, задоби #b",
      " #yзлата."
    ]
  },
  "StoneCalendar": {
    "NAME": "Камени календар",
    "FLAVOR": "Одмицање времена је неприметно у Торњу.",
    "DESCRIPTIONS": [
      "На крају #b",
      ". потеза, задај #b",
      " штете СВИМ непријатељима."
    ]
  },
  "Strange Spoon": {
    "NAME": "Чудна кашика",
    "FLAVOR": "Зурећи у кашику, чини ти се да се криви и увија пред твојим очима.",
    "DESCRIPTIONS": [
      "Када #yисцрпљујеш карту, сада постоји #b50% шанса да је само одбациш."
    ]
  },
  "Strawberry": {
    "NAME": "Јагода",
    "FLAVOR": "\"Преукусно! Ни на једну нисам наишао још од почетка Буђи.\" - Рануид",
    "DESCRIPTIONS": [
      "По узимању, повећај своје макс. ж. п. за #b"
    ]
  },
  "Sundial": {
    "NAME": "Сунчани часовник",
    "FLAVOR": "\"Будаласта опсесија раних људи временом их је терала да упере своје погледе ка небу, надајући се нечем непролазном.\" - Зорот",
    "DESCRIPTIONS": [
      "Свака #b",
      " пута када измешаш своју гомилу за вучење, задоби [R] [R] .",
      " пута када измешаш своју гомилу за вучење, задоби [G] [G] .",
      " пута када измешаш своју гомилу за вучење, задоби [B] [B] ."
    ]
  },
  "Symbiotic Virus": {
    "NAME": "Симбиотички вирус",
    "FLAVOR": "Мало лошег може да учини много добра...",
    "DESCRIPTIONS": [
      "На почетку сваке борбе, #yпризови #bједну #yтаму."
    ]
  },
  "Test 1": {
    "NAME": "",
    "FLAVOR": "",
    "DESCRIPTIONS": [
      "",
      "",
      "",
      ""
    ]
  },
  "Test 2": {
    "NAME": "",
    "FLAVOR": "",
    "DESCRIPTIONS": [
      ""
    ]
  },
  "Test 3": {
    "NAME": "",
    "FLAVOR": "",
    "DESCRIPTIONS": [
      ""
    ]
  },
  "Test 4": {
    "NAME": "",
    "FLAVOR": "",
    "DESCRIPTIONS": [
      ""
    ]
  },
  "Test 5": {
    "NAME": "",
    "FLAVOR": "",
    "DESCRIPTIONS": [
      "",
      ""
    ]
  },
  "Test 6": {
    "NAME": "",
    "FLAVOR": "",
    "DESCRIPTIONS": [
      "",
      "",
      ""
    ]
  },
  "Test 7": {
    "NAME": "",
    "FLAVOR": "",
    "DESCRIPTIONS": [
      ""
    ]
  },
  "Test 8": {
    "NAME": "",
    "FLAVOR": "",
    "DESCRIPTIONS": [
      ""
    ]
  },
  "The Courier": {
    "NAME": "Курир",
    "FLAVOR": "Трговчев лични љубимац!",
    "DESCRIPTIONS": [
      "Трговац више не остаје без карата, реликвија, и напитака, а његове цене су снижене за #b20%."
    ]
  },
  "The Specimen": {
    "NAME": "Примерак",
    "FLAVOR": "\"Фасцинантно! Нашао сам запањујуће отровно мутирано створење. Чувам узорак за касније испитивање.\" - Рануид",
    "DESCRIPTIONS": [
      "Сваки пут када непријатељ умре, пребаци сав #yотров који је имао на насумичног непријатеља."
    ]
  },
  "TheAbacus": {
    "NAME": "Абакус",
    "FLAVOR": "\"Један...два...три...\"",
    "DESCRIPTIONS": [
      "Задоби #bшест #yодбране сваки пут када измешаш гомилу за вучење."
    ]
  },
  "Thread and Needle": {
    "NAME": "Конац и игла",
    "FLAVOR": "Обавијањем магичног конца око свог тела, чиниш га чвршћим на додир.",
    "DESCRIPTIONS": [
      "На почетку сваке борбе, задоби #b",
      " #yопточеног #yоклопа."
    ]
  },
  "Tingsha": {
    "NAME": "Тингша",
    "FLAVOR": "Звук који овај инструмент прави уме да јечи до болних нивоа буке.",
    "DESCRIPTIONS": [
      "Сваки пут када одбациш карту током свог потеза, задај #b",
      " штете насумичном непријатељу за сваку одбачену карту."
    ]
  },
  "Tiny Chest": {
    "NAME": "Ковчежић",
    "FLAVOR": "\"Фин прототип.\" - Архитекта",
    "DESCRIPTIONS": [
      "Задоби #b",
      " #yзлата. Имаш #b10% више шансе да нађеш благо у ? собама.",
      "Имаш #b10% више шансе да нађеш благо у ? собама."
    ]
  },
  "Tiny House": {
    "NAME": "Кућица",
    "FLAVOR": "\"Скоро савршена имплементација минијатуризације. Моје најфиније дело до сад, али и даље неадекватно.\" - Архитекта",
    "DESCRIPTIONS": [
      "По узимању, задоби #bједан напитак. NL Задоби #b",
      " #yзлата. NL Повећај своје макс. ж. п. за #b",
      ". NL Задоби #bједну карту. NL Побољшај #bједну насумичну карту.",
      "Кућица!"
    ]
  },
  "Toolbox": {
    "NAME": "Кутија са алатом",
    "FLAVOR": "Алат за сваки посао.",
    "DESCRIPTIONS": [
      "На почетку сваке борбе, додај насумичну безбојну карту у руку."
    ]
  },
  "Torii": {
    "NAME": "Тории",
    "FLAVOR": "Држећи мали тории, наслућујеш стање мира и сигурности како плови кроз твој ум.",
    "DESCRIPTIONS": [
      "Сваки пут када би примио #b",
      " или мање неодбрањене штете од #yнапада, смањи је на #b1."
    ]
  },
  "Tough Bandages": {
    "NAME": "Јаки завоји",
    "FLAVOR": "Губитак те јача.",
    "DESCRIPTIONS": [
      "Сваки пут када одбациш карту током свог потеза, задоби #b",
      " #yодбране."
    ]
  },
  "Toxic Egg": {
    "NAME": "Toxic Egg",
    "FLAVOR": "",
    "DESCRIPTIONS": [
      "",
      ""
    ]
  },
  "Toxic Egg 2": {
    "NAME": "Отровно јаје",
    "FLAVOR": "\"Какво величанствено откриће! Ово наликује на инертно јаје неког магичног створења. Ко или шта га је створило?\" - Рануид",
    "DESCRIPTIONS": [
      "Сваки пут када додаш #yумеће у шпил, #yпобољшај га."
    ]
  },
  "Toy Ornithopter": {
    "NAME": "Играчка махокрилац",
    "FLAVOR": "\"Ова мала играчка је савршени сапутник усамљеном путнику!\"",
    "DESCRIPTIONS": [
      "Сваки пут када искористиш напитак, залечи #b",
      " ж. п."
    ]
  },
  "Turnip": {
    "NAME": "Репа",
    "FLAVOR": "Најбоље иде са ђумбиром.",
    "DESCRIPTIONS": [
      "Више не можеш бити #yкрхак."
    ]
  },
  "TwistedFunnel": {
    "NAME": "Искривљени левак",
    "FLAVOR": "\"Не бих пио из тога.\"",
    "DESCRIPTIONS": [
      "На почетку сваке борбе, нанеси #bчетири #yотрова СВИМ непријатељима."
    ]
  },
  "Unceasing Top": {
    "NAME": "Непрестана чигра",
    "FLAVOR": "Чигра наставља да се врти без икаквог напора, као да си у сну.",
    "DESCRIPTIONS": [
      "Сваки пут када останеш без карата у свом потезу, вуци карту."
    ]
  },
  "Vajra": {
    "NAME": "Вајра",
    "FLAVOR": "Украсна реликвија дарована ратницима који су се прославили у бици.",
    "DESCRIPTIONS": [
      "Започни сваку борбу са #yснагом повећаном за #b",
      "."
    ]
  },
  "Velvet Choker": {
    "NAME": "Сомотни оковратник",
    "FLAVOR": "\"Невероватна моћ, али превише ограничена.\" - Кублај Велики",
    "DESCRIPTIONS": [
      "Не можеш да одиграш више од #b",
      " карата по потезу.",
      "Задоби [R] на почетку сваког потеза. ",
      "Задоби [G] на почетку сваког потеза. ",
      "Задоби [B] на почетку сваког потеза. ",
      "Могу да одиграм само NL #r"
    ]
  },
  "War Paint": {
    "NAME": "Ратна боја",
    "FLAVOR": "У прошлости, Железни би се духовно штитили користећи магијску ратну боју пре јуриша у битку.",
    "DESCRIPTIONS": [
      "По узимању, #yпобошљај #b",
      " насумична #yумећа."
    ]
  },
  "Whetstone": {
    "NAME": "Тоцило",
    "FLAVOR": "\"Тело никад не побеђује челик.\" - Кублај Велики",
    "DESCRIPTIONS": [
      "По узимању, #yпобољшај #b",
      " насумична #yнапада."
    ]
  },
  "White Beast Statue": {
    "NAME": "Статуа беле звери",
    "FLAVOR": "Бела статуица створења које никада раније ниси видео.",
    "DESCRIPTIONS": [
      "Напици се сада увек појављују као део плена после борбе."
    ]
  },
  "WristBlade": {
    "NAME": "Зглобно сечиво",
    "FLAVOR": "Корисно у атентатима.",
    "DESCRIPTIONS": [
      "#bБесплатни #yнапади задају #bтри додатне штете."
    ]
  },
  "MutagenicStrength": {
    "NAME": "Mutagenic Strength",
    "FLAVOR": "\"The results seem fleeting, triggering when the subject is in danger.\" - Unknown",
    "DESCRIPTIONS": [
      "Start each combat with #b",
      " #yStrength that is lost at the end of your turn."
    ]
  },
  "Brimstone": {
    "NAME": "Brimstone",
    "FLAVOR": "An enchanted hourglass that endlessly drips.",
    "DESCRIPTIONS": [
      "At the start of your turn, everyone gains #b",
      " #yStrength."
    ]
  },
  "Pocketwatch": {
    "NAME": "Pocketwatch",
    "FLAVOR": "The hands seem stuck on the 3 o'clock position.",
    "DESCRIPTIONS": [
      "Whenever you play #b3 or less cards in a turn, draw #b3 additional cards at the start of your next turn."
    ]
  },
  "PreservedInsect": {
    "NAME": "Preserved Insect",
    "FLAVOR": "The insect seems to create a shrinking aura that targets particularly large enemies.",
    "DESCRIPTIONS": [
      "Enemies in Elite rooms have #b",
      "% less HP."
    ]
  },
  "FossilizedHelix": {
    "NAME": "Fossilized Helix",
    "FLAVOR": "Seemingly indestructible, you wonder what kind of creature this belonged to.",
    "DESCRIPTIONS": [
      "Prevent the first time you would lose HP in combat."
    ]
  },
  "PrismaticShard": {
    "NAME": "Prismatic Shard",
    "FLAVOR": "Looking through the shard, you are able to see entirely new perspectives.",
    "DESCRIPTIONS": [
      "Combat reward screens now contain colorless cards and cards from other colors."
    ]
  },
  "WarpedTongs": {
    "NAME": "Warped Tongs",
    "FLAVOR": "The cursed tongs emit a strong desire to return to where they were stolen from.",
    "DESCRIPTIONS": [
      "At the start of your turn, #yUpgrade a random card in your hand."
    ]
  },
  "WingedGreaves": {
    "NAME": "Winged Greaves",
    "FLAVOR": "Stylish.",
    "DESCRIPTIONS": [
      "You may ignore paths when choosing the next room to travel to #b3 times."
    ]
  }
}