{
  "Crowbot": {
    "NAMES": [
      "Crowbot"
    ],
    "TEXT": [
      "BEEP BOOP"
    ]
  },
  "Defect": {
    "NAMES": [
      "Il Defect"
    ],
    "TEXT": [
      "Un automa da combattimento divenuto senziente. NL Antiche tecnologie gli permettono di manipolare i Globi."
    ]
  },
  "Ironclad": {
    "NAMES": [
      "L'Ironclad"
    ],
    "TEXT": [
      "L'ultimo soldato Ironclad. NL Ha venduto l'anima per ottenere poteri demoniaci."
    ]
  },
  "Merchant": {
    "NAMES": [
      "Prosegui",
      "~Benvenuto!~"
    ],
    "TEXT": [
      "Ciao! NL Compra qualcosa! NL Compra Compra Compra!",
      "Mi piace il tuo taglio di capelli",
      "Sai mica che ore sono?",
      "Preferisci i cani o i gatti?",
      "Sembri ~pericoloso,~ NL hehe...",
      "Hai tutto il tempo che vuoi... NL oppure no",
      "Ti piace questo tappeto? NL Non è in vendita",
      "Sostieni i piccoli imprenditori!",
      "Le maschere vanno di moda, io lo so!",
      "Hmm... NL ...hmm... NL Oh!",
      "Fermati un attimo ed ascolta!",
      "È pericoloso viaggiare da soli! Dammi tutti i tuoi soldi!",
      "Compra qualcosa",
      "~*YAWN*~",
      "Adoro l'oro.",
      "Il mio colore preferito è il blu. NL Qual è il tuo invece?"
    ]
  },
  "Neow Event": {
    "NAMES": [
      "Neow"
    ],
    "TEXT": [
      "~Salve...~ NL ~Io..~ ~sono~ ~Neow...~",
      "~Salve...~ NL ~Di~ ~nuovo..~",
      "~Saluti...~",
      "~Un~ ~altro~ NL ~tentativo...?~",
      "~Raggiungi~ ~il~ ~boss...~ NL ~per~ ~ricevere~ ~la~ ~mia..~ ~benedizione...~",
      "~Almeno...~ ~affronta~ NL ~il~ ~primo~ ~boss...~",
      "~Ti~ ~ho~ ~riportato~ ~in~ ~vita...~",
      "~Scegli...~",
      "~Conferito...~",
      "~Rischio...~ NL ~..ricompensa....~",
      "~È~ ~tempo~ ~di~ ~una~ NL ~SFIDA...~",
      "Ricompense",
      "~Continuiamo~ ~a~ ~salire...~",
      "~Diventa~ ~solo~ ~più~ ~difficile...~",
      "~Sorprendente...~ ~ancora...~",
      "Maledetto!",
      "Sbadato!",
      "Trasformazione!"
    ],
    "OPTIONS": [
      "[Continua]",
      "[Parla]",
      "[Ignora]",
      "[Esci]",
      "Choose 10 cards to add to your deck."
    ]
  },
  "Neow Reward": {
    "NAMES": [],
    "TEXT": [
      "[ #gScegli #ged #gottieni #guna #gCarta ]",
      "[ #gOttieni #guna #gCarta #grara #gcasuale ]",
      "[ #gRimuovi #guna #gCarta #gdal #gtuo #gmazzo ]",
      "[ #gPotenzia #guna #gCarta ]",
      "[ #gTrasforma #guna #gCarta ]",
      "[ #gOttieni #g3 #gPozioni #gcasuali ]",
      "[ #gOttieni #guna #gReliquia #gcomune #gcasuale ]",
      "[ #gPV #gMassimi #g+",
      "[ #gOttieni #g",
      " #gOro ]",
      "#gRimuovi #g2 #gCarte ]",
      "#gOttieni #guna #gReliquia #grara #gcasuale ]",
      "#gScegli #ged #gottieni #guna #gCarta #gRara ]",
      "#gOttieni #g",
      " #gOro ]",
      "#gTrasforma #g2 #gCarte ]",
      "#gPV #gMassimi #g+",
      "[ #rPerdi #r",
      " #rPV #rmassimi ",
      "[ #rPerdi #rtutto #rl'Oro ",
      "[ #rVieni #rMaledetto ",
      "[ #rRicevi #r",
      "Scegli una Carta",
      "Scegli una Carta da Rimuovere",
      "Scegli 2 Carte da Rimuovere",
      "Scegli una Carta da Trasformare",
      "Scegli 2 Carte da Trasformare",
      "Scegli una Carta da Potenziare",
      "[ #gper #gi #gprossimi #gtre #gcombattimenti #gi #gPV #gnemici #gsono #gridotti #ga #g1 ]",
      " #rdanni"
    ],
    "UNIQUE_REWARDS": [
      "[ #rPerdi #rla #rReliquia #rIniziale, #gOttieni #guna #gReliquia #gboss #gcasuale ]"
    ]
  },
  "Shop Screen": {
    "NAMES": [
      "~Hey!~ NL ~Ciao!~",
      "Hey senti, NL hai bisogno NL di più #rOro.",
      "Hey amico, non hai #rSoldi!",
      "Sei al verde?",
      "Non hai abbastanza #rOro.",
      "Non te lo puoi permettere.",
      "Non faccio beneficenza.",
      "~Graaaaazie~",
      "Un'altra vendita... NL hohoho! NL Cha - @Ching!@",
      "@VENDUTO!@",
      "Nessun Rimborso.",
      "Buona giornata!",
      "Prosegui",
      "Scegli una carta da rimuovere dal tuo mazzo."
    ],
    "TEXT": [
      "Ciao! NL Compra qualcosa! NL Compra Compra Compra!",
      "Mi piace il tuo taglio di capelli",
      "Sai mica che ore sono?",
      "Preferisci i cani o i gatti?",
      "Sembri ~pericoloso,~ NL hehe...",
      "Hai tutto il tempo che vuoi... oppure no",
      "Ti piace questo tappeto? NL Non è in vendita",
      "Sostieni i piccoli imprenditori!",
      "Le maschere vanno di moda, io lo so!",
      "Hai mica visto il mio corriere?",
      "Fermati un attimo ed ascolta!",
      "È pericoloso andare da soli! Dammi tutti i tuoi soldi!",
      "Compra qualcosa",
      "~*YAWN*~",
      "Adoro l'oro.",
      "Il mio colore preferito è il blu. NL Tu quale preferisci invece?"
    ]
  },
  "Silent": {
    "NAMES": [
      "La Silent"
    ],
    "TEXT": [
      "Una letale cacciatrice dalle terre della nebbia. NL Assassina i nemici con veleno e pugnali."
    ]
  }
}