{
  "Game Dictionary": {
    "ARTIFACT": {
      "NAMES": [
        "artefatto"
      ],
      "DESCRIPTION": "Nega il prossimo debuff."
    },
    "BLOCK": {
      "NAMES": [
        "blocco",
        "blocks"
      ],
      "DESCRIPTION": "Fino al prossimo turno, previene del danno."
    },
    "BURN": {
      "NAMES": [
        "ustione",
        "ustioni"
      ],
      "DESCRIPTION": "Le Ustioni sono carte stato ingiocabili che ti infliggono danni."
    },
    "CHANNEL": {
      "NAMES": [
        "crea",
        "creato",
        "crei",
        "creati"
      ],
      "DESCRIPTION": "Crei un Globo nel tuo primo spazio libero. Se non ne hai, il tuo primo Globo (a destra) viene #yEvocato per fare spazio."
    },
    "CONFUSED": {
      "NAMES": [
        "confuso"
      ],
      "DESCRIPTION": "Il costo delle carte cambia in maniera casuale quando le peschi."
    },
    "CURSE": {
      "NAMES": [
        "maledizione",
        "maledizioni"
      ],
      "DESCRIPTION": "Le Maledizioni sono carte con effetto negativo che rimangono nel tuo mazzo."
    },
    "DARK": {
      "NAMES": [
        "oscurità",
        "oscurità+"
      ],
      "DESCRIPTION": "Globo: Incrementa il proprio danno da evocazione ogni turno. Quando viene #yEvocata infligge  il proprio danno al nemico con meno PV."
    },
    "DAZED": {
      "NAMES": [
        "disorientato"
      ],
      "DESCRIPTION": "Le carte Disorientato sono delle carte Eteree che non possono essere giocate."
    },
    "DEXTERITY": {
      "NAMES": [
        "destrezza"
      ],
      "DESCRIPTION": "La Destrezza aumenta il Blocco ottenuto dalle carte."
    },
    "ETHEREAL": {
      "NAMES": [
        "eterea"
      ],
      "DESCRIPTION": "Se questa carta è nella tua mano a fine turno, viene esaurita. Le carte esaurite vengono rimosse dal mazzo per il combattimento."
    },
    "EVOKE": {
      "NAMES": [
        "evoca",
        "evocato"
      ],
      "DESCRIPTION": "Consuma il tuo primo Globo (a destra) e usa i suoi effetti di Evocazione."
    },
    "EXHAUST": {
      "NAMES": [
        "esaurisci",
        "esaurita",
        "esauriscila",
        "esaurire",
        "esauriscono"
      ],
      "DESCRIPTION": "Rimossa dal mazzo per questo combattimento."
    },
    "FOCUS": {
      "NAMES": [
        "focus"
      ],
      "DESCRIPTION": "Il Focus aumenta l'efficacia dei Globi #yCreati."
    },
    "FRAIL": {
      "NAMES": [
        "fragile"
      ],
      "DESCRIPTION": "Se sei Fragile, ottieni il #b25% di #yBlocco in meno dalle carte."
    },
    "FROST": {
      "NAMES": [
        "ghiaccio",
        "ghiaccio+"
      ],
      "DESCRIPTION": "Globo: Ottieni #yBlocco."
    },
    "INNATE": {
      "NAMES": [
        "innata"
      ],
      "DESCRIPTION": "Inizia ogni combattimento con questa carta in mano."
    },
    "INTANGIBLE": {
      "NAMES": [
        "intangibile"
      ],
      "DESCRIPTION": "Riduce TUTTO il danno e la perdita di HP ad #b1."
    },
    "LIGHTNING": {
      "NAMES": [
        "fulmine",
        "fulmine+",
        "fulmini"
      ],
      "DESCRIPTION": "Globo: infligge danni a un nemico casuale."
    },
    "LOCKED": {
      "NAMES": [
        "bloccata"
      ],
      "DESCRIPTION": "Questa carta deve essere ancora sbloccata."
    },
    "LOCK_ON": {
      "NAMES": [
        "Mirino"
      ],
      "DESCRIPTION": "I globi infliggono 50% danni bonus ai bersagli nel Mirino."
    },
    "OPENER": {
      "NAMES": [
        "apertura"
      ],
      "DESCRIPTION": "Le carte d'apertura possono essere giocate soltanto come prima carta in ogni turno."
    },
    "PLASMA": {
      "NAMES": [
        "plasma",
        "plasma+"
      ],
      "DESCRIPTION": "Globo: Ottieni Energia."
    },
    "POISON": {
      "NAMES": [
        "veleno",
        "avvelenato"
      ],
      "DESCRIPTION": "Prima di agire le creature Avvelenate perdono PV. Ogni turno, il Veleno viene ridotto di #b1."
    },
    "RETAIN": {
      "NAMES": [
        "conserva"
      ],
      "DESCRIPTION": "Le carte che Conservi non vengono scartate a fine turno."
    },
    "SHIV": {
      "NAMES": [
        "pugnale",
        "pugnali"
      ],
      "DESCRIPTION": "I Pugnali sono carte Attacco con costo #b0 che si Esauriscono."
    },
    "STATUS": {
      "NAMES": [
        "stato"
      ],
      "DESCRIPTION": "Le carte Stato vengono rimosse a fine combattimento."
    },
    "STRENGTH": {
      "NAMES": [
        "forza"
      ],
      "DESCRIPTION": "La Forza aggiunge danno agli attacchi."
    },
    "STRIKE": {
      "NAMES": [
        "colpo"
      ],
      "DESCRIPTION": "Qualsiasi carta con la parola \"Colpo\" nel nome."
    },
    "TEXT": [
      "L'Energia viene usata per giocare carte dalla tua mano."
    ],
    "THORNS": {
      "NAMES": [
        "spine"
      ],
      "DESCRIPTION": "Quando subisce danno da #yAttacco, danneggia l'attaccante."
    },
    "TODO": {
      "NAMES": [
        "todo",
        "JUST FOR DEVS, DONT TRANSLATE",
        "JUST FOR DEVS, DONT TRANSLATE",
        "JUST FOR DEVS, DONT TRANSLATE",
        "JUST FOR DEVS, DONT TRANSLATE"
      ],
      "DESCRIPTION": "This card is NOT IMPLEMENTED. Someone should really fix that..."
    },
    "TRANSFORM": {
      "NAMES": [
        "trasforma"
      ],
      "DESCRIPTION": "Le carte Trasformate diventano una carta a caso di qualsiasi rarità."
    },
    "UNKNOWN": {
      "NAMES": [
        "sconosciuta"
      ],
      "DESCRIPTION": "Questa carta deve essere ancora trovata."
    },
    "UNPLAYABLE": {
      "NAMES": [
        "ingiocabile"
      ],
      "DESCRIPTION": "Le carte Ingiocabili non possono essere giocate dalla tua mano."
    },
    "UPGRADE": {
      "NAMES": [
        "potenzia",
        "potenziata"
      ],
      "DESCRIPTION": "Potenziare le carte le rende più forti. Le carte possono solo essere potenziate una volta."
    },
    "VOID": {
      "NAMES": [
        "vuoto",
        "vuoti"
      ],
      "DESCRIPTION": "Vuoto è una carta stato ingiocabile che consuma energia quando viene pescata."
    },
    "VULNERABLE": {
      "NAMES": [
        "vulnerabile"
      ],
      "DESCRIPTION": "Le creature Vulnerabili prendono il #b50% di danno in più dagli Attacchi."
    },
    "WEAK": {
      "NAMES": [
        "debole",
        "weaken",
        "weakened",
        "weakens"
      ],
      "DESCRIPTION": "Il danno inflitto da attacchi di creature Deboli è ridotto del #b25%."
    },
    "WOUND": {
      "NAMES": [
        "ferita",
        "ferite"
      ],
      "DESCRIPTION": "Le Ferite sono carte stato ingiocabili."
    }
  }
}