{
  "Ancient Potion": {
    "NAME": "Pozione Antica",
    "DESCRIPTIONS": [
      "Ottieni #b",
      " #yArtefatto."
    ]
  },
  "AttackPotion": {
    "NAME": "Pozione d'Attacco",
    "DESCRIPTIONS": [
      "Fra #b3 Attacchi casuali scegline #b1 da aggiungere alla tua mano. Costa #b0 per questo turno"
    ]
  },
  "Block Potion": {
    "NAME": "Blocco Istantaneo",
    "DESCRIPTIONS": [
      "Ottieni #b",
      " #yBlocco."
    ]
  },
  "BloodPotion": {
    "NAME": "Essenza di Sangue",
    "DESCRIPTIONS": [
      "Ti curi del #b",
      "% dei tuoi PV massimi."
    ]
  },
  "Dexterity Potion": {
    "NAME": "Destrezza Liquida",
    "DESCRIPTIONS": [
      "Ottieni #b",
      " #yDestrezza."
    ]
  },
  "Elixir": {
    "NAME": "Elisir",
    "DESCRIPTIONS": [
      "",
      "",
      "#yEsaurisci le carte #yStato e #yMaledizione dalla tua mano.",
      "",
      "Non ha avuto alcun effetto..."
    ]
  },
  "Energy Potion": {
    "NAME": "Pozione Energetica",
    "DESCRIPTIONS": [
      "Ottieni #b",
      " Energia."
    ]
  },
  "EntropicBrew": {
    "NAME": "Bevanda Entropica",
    "DESCRIPTIONS": [
      "Riempi tutti i tuoi spazi per Pozioni con Pozioni casuali."
    ]
  },
  "EssenceOfSteel": {
    "NAME": "Essenza d'Acciaio",
    "DESCRIPTIONS": [
      "Guadagni #b",
      " #yArmatura #ya #yPiastre."
    ]
  },
  "Explosive Potion": {
    "NAME": "Pozione Esplosiva",
    "DESCRIPTIONS": [
      "Infliggi #b",
      " danni a TUTTI i nemici."
    ]
  },
  "FairyPotion": {
    "NAME": "Fata Imbottigliata",
    "DESCRIPTIONS": [
      "Se moriresti, ti curi del #b10% dei tuoi PV massimi e scarti questa pozione."
    ]
  },
  "FearPotion": {
    "NAME": "Paura Liquida",
    "DESCRIPTIONS": [
      "Applichi #b",
      " #yVulnerabile."
    ]
  },
  "Fire Potion": {
    "NAME": "Pozione Incendiaria",
    "DESCRIPTIONS": [
      "Infliggi #b",
      " danni."
    ]
  },
  "FocusPotion": {
    "NAME": "Concentrato di Focus",
    "DESCRIPTIONS": [
      "Ottieni #b",
      " #yFocus."
    ]
  },
  "Fruit Juice": {
    "NAME": "Succo di Frutta",
    "DESCRIPTIONS": [
      "Guadagni #b",
      " PV massimi."
    ]
  },
  "GamblersBrew": {
    "NAME": "Pozione d'Azzardo",
    "DESCRIPTIONS": [
      "Scarti un numero qualsiasi di carte poi ne peschi altrettante."
    ]
  },
  "GhostInAJar": {
    "NAME": "Spettro in Barattolo",
    "DESCRIPTIONS": [
      "Ottieni #b",
      " #yIntangibile."
    ]
  },
  "Health Potion": {
    "NAME": "Pozione Curativa",
    "DESCRIPTIONS": [
      "Ti curi di #b",
      " PV."
    ]
  },
  "LiquidBronze": {
    "NAME": "Bronzo Liquido",
    "DESCRIPTIONS": [
      "Guadagni #b",
      " #ySpine."
    ]
  },
  "Poison Potion": {
    "NAME": "Pozione Velenosa",
    "DESCRIPTIONS": [
      "Applichi #b",
      " #yVeleno."
    ]
  },
  "Potion Slot": {
    "NAME": "Pozioni",
    "DESCRIPTIONS": [
      "Usa pozioni in combattimento per ottenere #gbonus od #rostacolare nemici.",
      "Pozioni"
    ]
  },
  "PowerPotion": {
    "NAME": "Pozione Potente",
    "DESCRIPTIONS": [
      "Fra #b3 Poteri casuali scegline #b1 da aggiungere alla tua mano. Costa #b0 per questo turno"
    ]
  },
  "Regen Potion": {
    "NAME": "Pozione Rigenerante",
    "DESCRIPTIONS": [
      "Ottieni #b",
      " #yRigenerazione.",
      ""
    ]
  },
  "SkillPotion": {
    "NAME": "Pozione Abile",
    "DESCRIPTIONS": [
      "Fra #b3 Abilità casuali scegline #b1 da aggiungere alla tua mano. costa #b0 per questo turno."
    ]
  },
  "SmokeBomb": {
    "NAME": "Fumogeno",
    "DESCRIPTIONS": [
      "Fuggi da un combattimento senza ricompense. Attenzione: non permette di scappare dai boss."
    ]
  },
  "SneckoOil": {
    "NAME": "Olio di Snecko",
    "DESCRIPTIONS": [
      "Diventi #yConfuso. Peschi #b",
      " carte.",
      "carta."
    ]
  },
  "SpeedPotion": {
    "NAME": "Pozione Veloce",
    "DESCRIPTIONS": [
      "Ottieni #b",
      " #yDestrezza. A fine turno perdi #b",
      " #yDestrezza."
    ]
  },
  "SteroidPotion": {
    "NAME": "Steroidi Magici",
    "DESCRIPTIONS": [
      "Ottieni #b",
      " #yForza. A fine turno perdi #b",
      " #yForza."
    ]
  },
  "Strength Potion": {
    "NAME": "Forza Liquida",
    "DESCRIPTIONS": [
      "Ottieni #b",
      " #yForza."
    ]
  },
  "Swift Potion": {
    "NAME": "Pozione Rapida",
    "DESCRIPTIONS": [
      "",
      "Peschi #b",
      " carte."
    ]
  },
  "Weak Potion": {
    "NAME": "Pozione Debilitante",
    "DESCRIPTIONS": [
      "Applichi #b",
      " #yDebole."
    ]
  }
}