{
  "AchievementGrid": {
    "NAMES": [
      "Nimm's gelassen",
      "Reinheit",
      "Greif schon an",
      "Der Pakt",
      "Adrenalin",
      "Mächtig",
      "Gejaxxt",
      "Unempfindlich",
      "Verbarrikadiert",
      "Katalysator",
      "Seuche",
      "Ninja",
      "Unendlichkeit",
      "Du bist nichts",
      "Perfekt",
      "Der Wächter",
      "Der Geist",
      "Der Boss",
      "Der Roboter",
      "Der Kollektor",
      "Der Champion",
      "Die Krähe",
      "Die Formen",
      "Der Zeitfresser",
      "Rubin",
      "Smaragd",
      "Versteckt",
      "Wer braucht Relikte??",
      "Schnellkletterer",
      "Aufstieg 0",
      "Aufstieg 10",
      "Minimalist",
      "Ooh Donut!",
      "Saphir",
      "Gewohnheitstier",
      "Fokussiert",
      "Neon",
      "Energie wird überbewertet",
      "Mein Glückstag",
      "Der Schwundling",
      "Aufstieg 20"
    ],
    "TEXT": [
      "Gewinne einen Kampf, in dem dir nur noch 1 TP bleibt.",
      "Habe 3 Karten oder weniger (alle Karten auf der Hand und in den Aufnahme- und Abwurfstapeln zählen).",
      "Gewinne einen Kampf, ohne einen Angriff auszuspielen.",
      "Erschöpfe 20 Karten in einem einzigen Kampf.",
      "Habe 9 Energie während eines einzigen Zuges.",
      "Habe 10 oder mehr Buffs während eines Kampfes.",
      "Habe 50 oder mehr Stärke während eines Kampfes.",
      "Habe 99 oder mehr Blocken während eines Kampfes.",
      "Habe 999 Blocken während eines Kampfes.",
      "Wende 99 oder mehr Gift auf einen einzigen Gegner an.",
      "Besiege 3 in einem einzigen Kampf Gegner mit Gift.",
      "Spiele 10 Messer in einem einzigen Zug aus.",
      "Spiele 25 Karten in einem einzigen Zug aus.",
      "Besiege einen Boss in Zug 1.",
      "Besiege einen Boss, ohne Schaden zu erleiden.",
      "Den Wächter besiegt.",
      "Hexageist besiegt.",
      "Den Schleimboss besiegt.",
      "Den Bronzeroboter besiegt.",
      "Den Kollektor besiegt.",
      "Den Champ besiegt.",
      "Den Erweckten besiegt.",
      "Donu & Deca besiegt.",
      "Den Zeitfresser besiegt.",
      "Schließe das Spiel mit dem Eisernen ab.",
      "Schließe das Spiel mit der Stillen ab.",
      "Details für diese Errungenschaft werden gezeigt, sobald sie freigeschaltet wurde.",
      "Gewinne das Spiel mit nur einem Relikt.",
      "Gewinne das Spiel in unter 20 Minuten.",
      "Schalte den Aufstiegsmodus frei.",
      "Beende das 10. Aufstiegslevel.",
      "Gewinne das Spiel mit einem Deck von 5 oder weniger Karten.",
      "Besiege Donu mit Verschlingen.",
      "Schließe das Spiel mit dem Defekten ab.",
      "Gewinne das Spiel mit einem Deck ohne ungewöhnlichen oder seltenen Karten.",
      "Habe 25 oder mehr Fokus während eines Kampfes.",
      "Erschaffe 9 Plasma in einem einzigen Zug.",
      "Spiele 10 oder mehr Karten, die 0 kosten, in einem einzigen Zug.",
      "Gewinne einen täglichen Aufstieg.",
      "Besiege den Schwundling, bevor er verschwindet.",
      "Beende das 20. Aufstiegslevel."
    ]
  },
  "CharStat": {
    "NAMES": [],
    "TEXT": [
      "Spielzeit insgesamt: ",
      "Siege insgesamt: #y",
      "Tode insgesamt: #y",
      "Anzahl insgesamt erklommener Ebenen: #y",
      "Anzahl insgesamt erschlagener Bosse: #y",
      "Anzahl insgesamt erschlagener Gegner: #y",
      "Anzahl insgesamt verfütterter Kristalle: #y",
      "Karten entdeckt: #y",
      "Karten freigeschaltet: #y",
      "Relikte entdeckt: #y",
      "Relikte freigeschaltet: #y",
      "Höchster Flur: #y",
      "Höchste Daily: #y",
      "Schnellster Sieg: ",
      "Sieg über ",
      ": #gJa NL ",
      ": #rNein NL ",
      "Siege: #y",
      "Tode: #y",
      "Ebenen erklommen: #y",
      "Bosse erschlagen: #y",
      "Gegner erschlagen: #y",
      "Beste Siegesserie: #y",
      "Höchster Score: #y"
    ]
  },
  "StatsScreen": {
    "NAMES": [
      "#yGesamtstatistiken",
      "#yErrungenschaften",
      "#rDer #rEiserne",
      "#gDie #gStille",
      "#bDas #bDefekte"
    ],
    "TEXT": [
      "Zurück"
    ]
  }
}