{
  "Ancient Potion": {
    "NAME": "Uralter Trank",
    "DESCRIPTIONS": [
      "Erhalte #b",
      " #yArtefakt."
    ]
  },
  "AttackPotion": {
    "NAME": "Angriffstrank",
    "DESCRIPTIONS": [
      "Erhalte #b1 von #b3 zufälligen #yAngriffskarten auf die Hand, die in diesem Zug #b0 kostet."
    ]
  },
  "Block Potion": {
    "NAME": "Blocktrank",
    "DESCRIPTIONS": [
      "Erhalte #b",
      " #yBlock."
    ]
  },
  "BloodPotion": {
    "NAME": "Bluttrank",
    "DESCRIPTIONS": [
      "Heile #b",
      "% deiner max. TP."
    ]
  },
  "Dexterity Potion": {
    "NAME": "Geschicklichkeitstrank",
    "DESCRIPTIONS": [
      "Erhalte #b",
      " #yGeschicklichkeit."
    ]
  },
  "Elixir": {
    "NAME": "Elixier",
    "DESCRIPTIONS": [
      "",
      "",
      "#yErschöpfe alle #yStatuskarten und #Flüche auf deiner Hand.",
      "",
      "Es hatte keinen Effekt …"
    ]
  },
  "Energy Potion": {
    "NAME": "Energietrank",
    "DESCRIPTIONS": [
      "Erhalte #b",
      " Energie."
    ]
  },
  "EntropicBrew": {
    "NAME": "Chaos-Gebräu",
    "DESCRIPTIONS": [
      "Fülle deine leeren Trankslots mit zufälligen Tränken auf."
    ]
  },
  "EssenceOfSteel": {
    "NAME": "Stahlessenz",
    "DESCRIPTIONS": [
      "Erhalte #b",
      " #yPanzerrüstung."
    ]
  },
  "Explosive Potion": {
    "NAME": "Explosivtrank",
    "DESCRIPTIONS": [
      "Füge ALLEN Gegnern #b",
      " Schaden zu."
    ]
  },
  "FairyPotion": {
    "NAME": "Feenflasche",
    "DESCRIPTIONS": [
      "Anstatt zu sterben, werden #b10% deiner max. TP geheilt und dieser Trank verschwindet."
    ]
  },
  "FearPotion": {
    "NAME": "Angsttrank",
    "DESCRIPTIONS": [
      "Wende #b",
      " #yVerwundbar an."
    ]
  },
  "Fire Potion": {
    "NAME": "Feuertrank",
    "DESCRIPTIONS": [
      "Füge #b",
      " Schaden zu."
    ]
  },
  "FocusPotion": {
    "NAME": "Fokustrank",
    "DESCRIPTIONS": [
      "Erhalte #b",
      " #yFokus."
    ]
  },
  "Fruit Juice": {
    "NAME": "Fruchtsaft",
    "DESCRIPTIONS": [
      "Erhalte #b",
      " max. TP."
    ]
  },
  "GamblersBrew": {
    "NAME": "Zocker-Gebräu",
    "DESCRIPTIONS": [
      "Wirf beliebig viele Karten ab, dann ziehe genauso viele."
    ]
  },
  "GhostInAJar": {
    "NAME": "Flaschengeist",
    "DESCRIPTIONS": [
      "Erhalte #b",
      " #yImmateriell."
    ]
  },
  "Health Potion": {
    "NAME": "Gesundheitstrank",
    "DESCRIPTIONS": [
      "Heile #b",
      " TP."
    ]
  },
  "LiquidBronze": {
    "NAME": "Flüssige Bronze",
    "DESCRIPTIONS": [
      "Erhalte #b",
      " #yStacheln."
    ]
  },
  "Poison Potion": {
    "NAME": "Gifttrank",
    "DESCRIPTIONS": [
      "Wende #b",
      " #yGift an."
    ]
  },
  "Potion Slot": {
    "NAME": "Trankslot",
    "DESCRIPTIONS": [
      "Nutze während des Kampfes Tränke, um #gBoni zu erhalten oder Gegner zu #rbehindern.",
      "Trankslot"
    ]
  },
  "PowerPotion": {
    "NAME": "Machttrank",
    "DESCRIPTIONS": [
      "Erhalte #b1 von #b3 zufälligen #yMachtkarten auf die Hand, die in diesem Zug #b0 kostet."
    ]
  },
  "Regen Potion": {
    "NAME": "Regenerationstrank",
    "DESCRIPTIONS": [
      "Erhalte #b",
      " #yErholen.",
      ""
    ]
  },
  "SkillPotion": {
    "NAME": "Fertigkeitstrank",
    "DESCRIPTIONS": [
      "Erhalte #b1 von #b3 zufälligen #yFertigkeitskarten auf die Hand, die in diesem Zug #b0 kostet."
    ]
  },
  "SmokeBomb": {
    "NAME": "Rauchbombe",
    "DESCRIPTIONS": [
      "Fliehe aus einem Kampf (Bosskämpfe ausgenommen). Erhalte keine Belohnungen."
    ]
  },
  "SneckoOil": {
    "NAME": "Snecko-Öl",
    "DESCRIPTIONS": [
      "Du wirst #yVerwirrt. Ziehe #b",
      " Karten.",
      " Karte."
    ]
  },
  "SpeedPotion": {
    "NAME": "Flinkheitstrank",
    "DESCRIPTIONS": [
      "Erhalte #b",
      " Geschicklichkeit. Verliere am Ende deines Zuges #b",
      " Geschicklichkeit."
    ]
  },
  "SteroidPotion": {
    "NAME": "Steroidetrank",
    "DESCRIPTIONS": [
      "Erhalte #b",
      " Stärke. Verliere am Ende deines Zuges #b",
      " Stärke."
    ]
  },
  "Strength Potion": {
    "NAME": "Stärketrank",
    "DESCRIPTIONS": [
      "Erhalte #b",
      " #yStärke."
    ]
  },
  "Swift Potion": {
    "NAME": "Schnelligkeitstrank",
    "DESCRIPTIONS": [
      "",
      "Ziehe #b",
      " Karten."
    ]
  },
  "Weak Potion": {
    "NAME": "Schwächetrank",
    "DESCRIPTIONS": [
      "Wende #b",
      " #ySchwach an."
    ]
  }
}