{
  "Crowbot": {
    "NAMES": [
      "Crowbot"
    ],
    "TEXT": [
      "BEEP BOOP"
    ]
  },
  "Defect": {
    "NAMES": [
      "Ґандж"
    ],
    "TEXT": [
      "Бойовий робіт, який став свідомим через хибу у коді. NL Старовинна технологія дозволяє маніпуляцію «Сферами»."
    ]
  },
  "Ironclad": {
    "NAMES": [
      "Броненосець"
    ],
    "TEXT": [
      "Останній з армії Броненосців. NL Продав свою душу в обмін на диявольську енергію."
    ]
  },
  "Merchant": {
    "NAMES": [
      "Продовжити",
      "~Ласкаво просимо!~"
    ],
    "TEXT": [
      "Ей! NL Купіть щось! NL Агов!",
      "Крута стрижка",
      "Чи є у Вас час?",
      "Коти чи собаки?",
      "Ти виглядаєш ~небезпечно,~ NL хехе…",
      "Не поспішай… NL … NL …",
      "Як Вам цей килим? NL Він не продається",
      "Підтримуйте малий бізнес!",
      "Маски круті, я знаю!",
      "Хмм… NL …хмм… NL Ох!",
      "Зачекайте! Послухайте!",
      "Небезпечно йти самому! Давай мені все своє золото!",
      "Купіть щось",
      "~*ПОЗІХАЮ*~",
      "Полюбляю я золото.",
      "Мій улюблений колір - NL блакитний. Твій?"
    ]
  },
  "Neow Event": {
    "NAMES": [
      "Няу"
    ],
    "TEXT": [
      "~Мої вітання…~ NL ~Мене…~ ~звати~ ~Няу…~",
      "~Привіт…~ NL ~Знов…~",
      "~Мої вітання…~",
      "~Ще~ ~одна~ NL ~спроба…?~",
      "~Дійди~ ~до~ ~Князя…~ NL ~щоб~ ~отримати~ ~моє…~ ~благословення…~",
      "~Принаймні…~ ~спробуй~ ~побити~ NL ~першого~ ~Князя…~",
      "~Я~ ~воскрес~ ~тебе…~",
      "~Обирай…~",
      "~Надано…~",
      "~Ризик…~ NL ~…відплачується…?~",
      "~Час~ NL ~БИТИСЬ…~",
      "Нагороди",
      "~Продовжуємо...~",
      "~Чимдалі~ ~буде~ ~важче...~",
      "~Вражаюче...~ ~більше...~",
      "Проклятий!",
      "Вітрогін!",
      "Перетворення!"
    ],
    "OPTIONS": [
      "[Продовжити]",
      "[Базікати]",
      "[Пропустити]",
      "[Рушати]",
      "Оберіть та додайте 10 карт до вашої колоди."
    ]
  },
  "Neow Reward": {
    "NAMES": [],
    "TEXT": [
      "[ #gОбираєте #gкарту ]",
      "[ #gОтримуєте #gвипадкову #gрідкісну #gкарту ]",
      "[ #gУсуваєте #gкарту #gз #gВашої #gколоди ]",
      "[ #gПоліпшуєте\t#gкарту ]",
      "[ #gПеретворюєте #gкарту ]",
      "[ #gОтримуєте #g3 #gвипадкових #gзілля ]",
      "[ #gОтримуєте #gвипадковий #gзвичайний #gамулет ]",
      "[ #gМакс #gОЗ #g+",
      "[ #gОтримуєте #g",
      " #gЗолота ]",
      "#gУсуваєте #g2 #gкарти ]",
      "#gОтримуєте #gвипадковий #gрідкісний #gамулет ]",
      "#gОбераєте #gрідкісну #gкарту ]",
      "#gОтримуєте #g",
      " #gЗолота ]",
      "#gПеретворюєте #g2 #gкарти ]",
      "#gМакс #gОЗ #g+",
      "[ #rВтрачаєте #r",
      " #rМакс #rОЗ ",
      "[ #rВтрачаєте #rусе #rзолото ",
      "[ #gОтримуєте #rпрокляття ",
      "[ #rБерете #r",
      "Обираєте карту",
      "Обираєте та усуваєте карту",
      "Обираєте та усуваєте 2 карти",
      "Обираєте та перетворюєте карту",
      "Обираєте та перетворюєте 2 карти",
      "Обираєте та поліпшуєте карту",
      "[ #gВороги #gмають #g1 #gОЗ, #gу #g3 #gнаступних #gбоях ]",
      " #rшкоди"
    ],
    "UNIQUE_REWARDS": [
      "[ #rВтрачаєте #rпочатковий #rамулет, #gотримуєте #gвипадковий #gкнязівський #gамулет ]"
    ]
  },
  "Shop Screen": {
    "NAMES": [
      "~Ласкаво просимо~ NL ~просимо!~",
      "Агов, NL тобі бракує NL #rЗолота.",
      "Агов друже, тобі бракує #rГрошей!",
      "Ти без гроша?",
      "Тобі не вистачає #rЗолота.",
      "Ти не можеш це собі дозволити.",
      "Це не благодійність.",
      "~Дяяяяяяякую~",
      "Ще один продано… NL хохохо!",
      "@ПРОДАНО!@",
      "Без відшкодувань.",
      "Гарного дня.",
      "Покинути",
      "Оберіть та усуньте карту."
    ],
    "TEXT": [
      "Ей! NL Купіть щось! NL Агов!",
      "Крута стрижка",
      "Чи є у Вас час?",
      "Коти чи собаки?",
      "Ти виглядаєш ~небезпечно,~ NL хехе…",
      "Не поспішай… NL …… NL …",
      "Як Вам цей килим? NL Він не продається",
      "Підтримуйте малий бізнес!",
      "Маски круті, я знаю!",
      "Хмм… NL …хмм… NL Ох!",
      "Зачекайте! Послухайте!",
      "Небезпечно йти самому! Давай мені все своє золото!",
      "Купіть щось",
      "~*ПОЗІХАЮ*~",
      "Полюбляю я золото.",
      "Мій улюблений колір - блакитний. NL Твій?"
    ]
  },
  "Silent": {
    "NAMES": [
      "Тінь"
    ],
    "TEXT": [
      "Смертельна богиня полювання з туманних земель. NL Знищує ворогів кортиками та отрутою."
    ]
  }
}