{
  "Ancient Potion": {
    "NAME": "Стародавнє зілля",
    "DESCRIPTIONS": [
      "Отримуєте #b",
      " #yАртефакт."
    ]
  },
  "AttackPotion": {
    "NAME": "Зілля атаки",
    "DESCRIPTIONS": [
      "Обираєте 1 з 3 випадкових #yАтак та додаєте у свою руку, вона коштує #b0 у цьому русі."
    ]
  },
  "Block Potion": {
    "NAME": "Рідкий бронежилет",
    "DESCRIPTIONS": [
      "Отримуєте #b",
      " #yБроні."
    ]
  },
  "BloodPotion": {
    "NAME": "Зілля крові",
    "DESCRIPTIONS": [
      "Зцілюєтеся на #b",
      "% макс. ОЗ."
    ]
  },
  "Dexterity Potion": {
    "NAME": "Зілля спритності",
    "DESCRIPTIONS": [
      "Отримуєте #b",
      " #yСпритності."
    ]
  },
  "Elixir": {
    "NAME": "Еліксир",
    "DESCRIPTIONS": [
      "",
      "",
      "#yСпалюєте усі #yСтатусні карти та #yПрокляття у Вашій руці.",
      "",
      "Еліксир не дав ефекту…"
    ]
  },
  "Energy Potion": {
    "NAME": "Зілля енергії",
    "DESCRIPTIONS": [
      "Отримуєте #b",
      " Енергії."
    ]
  },
  "EntropicBrew": {
    "NAME": "Ентропічний узвар",
    "DESCRIPTIONS": [
      "Заповнює всі порожні місця для зілля випадковими зіллями."
    ]
  },
  "EssenceOfSteel": {
    "NAME": "Сутність сталі",
    "DESCRIPTIONS": [
      "Отримуєте #b",
      " #yПанцирної #yброні."
    ]
  },
  "Explosive Potion": {
    "NAME": "Вибухове зілля",
    "DESCRIPTIONS": [
      "Наносить #b",
      " шкоди УСІМ ворогам."
    ]
  },
  "FairyPotion": {
    "NAME": "Фея в пляшці",
    "DESCRIPTIONS": [
      "Замість смерті, зцілюєтесь до #b10% макс. ОЗ, звільняючи фею та втрачаючи це зілля."
    ]
  },
  "FearPotion": {
    "NAME": "Зілля зляку",
    "DESCRIPTIONS": [
      "Наносить #b",
      " #yУразливість."
    ]
  },
  "Fire Potion": {
    "NAME": "Зілля вогню",
    "DESCRIPTIONS": [
      "Наносить #b",
      " шкоди."
    ]
  },
  "FocusPotion": {
    "NAME": "Зілля зосередження",
    "DESCRIPTIONS": [
      "Отримуєте #b",
      " #yЗосередження."
    ]
  },
  "Fruit Juice": {
    "NAME": "Фруктовий сік",
    "DESCRIPTIONS": [
      "Отримуєте #b",
      " макс. ОЗ."
    ]
  },
  "GamblersBrew": {
    "NAME": "Узвар азартника",
    "DESCRIPTIONS": [
      "Скиньте будь-яку кількість карт з руки у відбій, а потім наберіть стільки ж карт у руку."
    ]
  },
  "GhostInAJar": {
    "NAME": "Привид у пляшці",
    "DESCRIPTIONS": [
      "Отримуєте #b",
      " #yУхиляння."
    ]
  },
  "Health Potion": {
    "NAME": "Зілля відновлення",
    "DESCRIPTIONS": [
      "Зцілює на #b",
      " ОЗ."
    ]
  },
  "LiquidBronze": {
    "NAME": "Рідка бронза",
    "DESCRIPTIONS": [
      "Отримуєте #b",
      " #yШипи."
    ]
  },
  "Poison Potion": {
    "NAME": "Отрутне зілля",
    "DESCRIPTIONS": [
      "Наносить #b",
      " #yОтрути."
    ]
  },
  "Potion Slot": {
    "NAME": "Місце для зілля",
    "DESCRIPTIONS": [
      "Використовуйте зілля під час бою щоб отримати #gбонуси чи задля #rкалічення ворогів.",
      "Місце для зілля"
    ]
  },
  "PowerPotion": {
    "NAME": "Зілля таланту",
    "DESCRIPTIONS": [
      "Обираєте 1 з 3 випадкових #yТалантів та додаєте у свою руку, він коштує #b0 у цьому русі."
    ]
  },
  "Regen Potion": {
    "NAME": "Зцілювальне зілля",
    "DESCRIPTIONS": [
      "Отримуєте #b",
      " #yЗцілення",
      ""
    ]
  },
  "SkillPotion": {
    "NAME": "Зілля вміння",
    "DESCRIPTIONS": [
      "Обираєте 1 з 3 випадкових #yВміннь та додаєте у свою руку, воно коштує #b0 у цьому русі."
    ]
  },
  "SmokeBomb": {
    "NAME": "Димова шашка",
    "DESCRIPTIONS": [
      "Тікаєте з (не князевого) бою без нагород."
    ]
  },
  "SneckoOil": {
    "NAME": "Мастило Зміяки",
    "DESCRIPTIONS": [
      " Стаєте #yЗаплутаним. Берете #b",
      " карти.",
      " карт."
    ]
  },
  "SpeedPotion": {
    "NAME": "Зілля прудкості",
    "DESCRIPTIONS": [
      "Отримуєте #b",
      " #yСпритності. Наприкінці руху втрачаєте #b",
      " #yСпритності."
    ]
  },
  "SteroidPotion": {
    "NAME": "Зілля могутності",
    "DESCRIPTIONS": [
      "Отримуєте #b",
      " #yМіці. Наприкінці руху втрачаєте #b",
      " #yМіці."
    ]
  },
  "Strength Potion": {
    "NAME": "Зілля міці",
    "DESCRIPTIONS": [
      "Отримуєте #b",
      " #yМіці."
    ]
  },
  "Swift Potion": {
    "NAME": "Зілля швидкості",
    "DESCRIPTIONS": [
      "",
      "Берете #b",
      " карти."
    ]
  },
  "Weak Potion": {
    "NAME": "Зілля слабкості",
    "DESCRIPTIONS": [
      "Наносите #b",
      " #yСлабкості."
    ]
  }
}