{
  "Accuracy": {
    "NAME": "Точність",
    "DESCRIPTIONS": [
      "#yЗапоясники наносять #b",
      " додаткової шкоди."
    ]
  },
  "After Image": {
    "NAME": "Післясвітіння",
    "DESCRIPTIONS": [
      "Щоразу, як ви граєте карту, отримуєте #b",
      " #yБроні."
    ]
  },
  "Amplify": {
    "NAME": "Підсилення",
    "DESCRIPTIONS": [
      "Протягом цього руху наступний #yТалант грається двічі.",
      "Протягом цього руху наступні ",
      " #yТаланти граються двічі."
    ]
  },
  "Anger": {
    "NAME": "Дратування",
    "DESCRIPTIONS": [
      "Щоразу, як ви граєте #yВміння, отримує #b",
      " #yМіці."
    ]
  },
  "Angry": {
    "NAME": "Гнів",
    "DESCRIPTIONS": [
      "Щоразу, як ",
      " отримує шкоду від #yАтак, отримує #b",
      " #yМіці."
    ]
  },
  "Artifact": {
    "NAME": "Артефакт",
    "DESCRIPTIONS": [
      "Анулює #b",
      " негативний статус.",
      " негативні статуси."
    ]
  },
  "Attack Burn": {
    "NAME": "Палаюча атака",
    "DESCRIPTIONS": [
      "У наступний",
      " хід, щоразу, як ви граєте #yАтаку, вона #yСпалюється.",
      "У наступні #b",
      " ходи, щоразу, як ви граєте #yАтаку, вона #yСпалюється."
    ]
  },
  "Barricade": {
    "NAME": "Барикада",
    "DESCRIPTIONS": [
      "#yБроня не знімається на початку вашого руху.",
      "#yБроня не знімається на початку руху."
    ]
  },
  "Berserk": {
    "NAME": "Шаленість",
    "DESCRIPTIONS": [
      "Отримуєте ",
      " на початку вашого руху."
    ]
  },
  "Bias": {
    "NAME": "Забобони",
    "DESCRIPTIONS": [
      "На початку вашого руху втрачаєте #b",
      " #yЗосередження."
    ]
  },
  "Blur": {
    "NAME": "Імла",
    "DESCRIPTIONS": [
      "#yБроня не знімається на початку вашого наступного руху.",
      "#yБроня не знімається наступні #b",
      " рухи."
    ]
  },
  "Brutality": {
    "NAME": "Жорстокість",
    "DESCRIPTIONS": [
      "На початку вашого руху втрачаєте #b",
      " ОЗ та берете #b",
      " карту.",
      "На початку вашого руху втрачаєте #b",
      " ОЗ та берете #b",
      " карти."
    ]
  },
  "Buffer": {
    "NAME": "Амортизація",
    "DESCRIPTIONS": [
      "Захищає вас від наступної втрати ОЗ.",
      "Захищає вас від наступних #b",
      " втрат ОЗ."
    ]
  },
  "Bullet Time": {
    "NAME": "Сповільнення часу",
    "DESCRIPTIONS": [
      "Протягом цього руху усі зелені карти коштують #b0 енергії."
    ]
  },
  "Burst": {
    "NAME": "Імпульс",
    "DESCRIPTIONS": [
      "Протягом цього руху наступне #yВміння грається двічі.",
      "Протягом цього руху наступні ",
      " карти #yВміння граються двічі."
    ]
  },
  "Choked": {
    "NAME": "Задушливість",
    "DESCRIPTIONS": [
      "Втрачаєте #b",
      " ОЗ щоразу, як ви граєте карту протягом цього руху."
    ]
  },
  "Combust": {
    "NAME": "Згоряння",
    "DESCRIPTIONS": [
      "Наприкінці вашого руху, втрачаєте #b",
      " ОЗ та наносите #b",
      " шкоди УСІМ ворогам."
    ]
  },
  "Confusion": {
    "NAME": "Плутанина",
    "DESCRIPTIONS": [
      "Вартість кожної карти випадкова."
    ]
  },
  "Conserve": {
    "NAME": "Заощадження",
    "DESCRIPTIONS": [
      "#yЕнергія зберігається до наступного руху.",
      "#yЕнергія зберігається наступні #b",
      " рухи."
    ]
  },
  "Constricted": {
    "NAME": "Тіснина",
    "DESCRIPTIONS": [
      "Наприкінці вашого руху отримуєте #b",
      " шкоди."
    ]
  },
  "CorpseExplosionPower": {
    "NAME": "Підрив тіла",
    "DESCRIPTIONS": [
      "Коли цей ворог помирає, наносить шкоду рівну своєму макс. ОЗ, УСІМ ворогам.",
      "Коли цей ворог помирає, наносить шкоду у #b",
      " рази більше свого ОЗ, УСІМ ворогам."
    ]
  },
  "Corruption": {
    "NAME": "Порча",
    "DESCRIPTIONS": [
      "Карти #yВміння коштують #b0. При грі, #yСпалюється.",
      "Щоразу, як ви граєте #yВміння, воно #yСпалюється."
    ]
  },
  "Creative AI": {
    "NAME": "Творчий ШІ",
    "DESCRIPTIONS": [
      "На початку кожного руху, додає #b",
      " випадковий Талант у руку.",
      " випадкові Таланти у руку."
    ]
  },
  "Curiosity": {
    "NAME": "Захоплення",
    "DESCRIPTIONS": [
      "Щоразу, граючи #yТалант, отримуєте #b",
      " #yМіці."
    ]
  },
  "Curl Up": {
    "NAME": "Згортання",
    "DESCRIPTIONS": [
      "Отримавши шкоду від #yАтак, згортається та отримує ",
      " #yБроні. (Раз за бій)"
    ]
  },
  "Dance Puppet": {
    "NAME": "Лялька",
    "DESCRIPTIONS": [
      "Щоразу, як ви граєте не Вміння, отримуєте #b",
      " шкоди. (тип карт змінюється з кожним рухом)",
      "Щоразу, як ви граєте не Атаку, отримуєте #b",
      "+1 Ляльку"
    ]
  },
  "Dark Embrace": {
    "NAME": "Темні обійми",
    "DESCRIPTIONS": [
      "Щоразу, коли #yСпалюється карта, берете #b1 карту.",
      "Щоразу, коли #yСпалюється карта, берете #b",
      " карти."
    ]
  },
  "Demon Form": {
    "NAME": "Форма демона",
    "DESCRIPTIONS": [
      "На початку вашого руху, отримуєте #b",
      " #yМіці."
    ]
  },
  "DexLoss": {
    "NAME": "Вайлуватість",
    "DESCRIPTIONS": [
      "Наприкінці вашого руху, втрачаєте #b",
      " #yСпритність."
    ]
  },
  "Dexterity": {
    "NAME": "Спритність",
    "DESCRIPTIONS": [
      "Збільшує #yБроню, отриману від карт, на #b",
      "Зменшує #yБроню, отриману від карт, на #b",
      "."
    ]
  },
  "Double Damage": {
    "NAME": "Подвійна шкода",
    "DESCRIPTIONS": [
      "#yАтаки наносять подвійну шкоду у #b",
      " наступний хід.",
      " наступні ходи."
    ]
  },
  "Double Tap": {
    "NAME": "Подвійна атака",
    "DESCRIPTIONS": [
      "Протягом цього руху наступна #yАтака грається двічі.",
      "Протягом цього руху наступні ",
      " #yАтака грається двічі."
    ]
  },
  "Draw": {
    "NAME": "Тасування",
    "DESCRIPTIONS": [
      "Берете на #b",
      " карту більше на початку кожного руху.",
      " карту менше на початку кожного руху.",
      " карти більше на початку кожного руху.",
      " карти менше на початку кожного руху."
    ]
  },
  "Draw Card": {
    "NAME": "Підтасовка",
    "DESCRIPTIONS": [
      "Берете #b",
      " карти у наступному русі.",
      " карту у наступному русі."
    ]
  },
  "Draw Down": {
    "NAME": "Гірша рука",
    "DESCRIPTIONS": [
      "Берете на #b",
      " карту менше у наступному русі.",
      " карти менше у наступному русі."
    ]
  },
  "Draw Reduction": {
    "NAME": "Розсипана колода",
    "DESCRIPTIONS": [
      "Берете на #b1 карту менше у наступному русі.",
      "Берете на #b1 карту менше наступні #b",
      " рухи."
    ]
  },
  "Echo Form": {
    "NAME": "Відлуння",
    "DESCRIPTIONS": [
      "Перша зіграна карта у кожному русі грається двічі.",
      "Перші #b",
      " зіграні карти у кожному русі граються двічі."
    ]
  },
  "Electro": {
    "NAME": "Електро",
    "DESCRIPTIONS": [
      "#yГромовиця влучає по ВСІМ ворогам.",
      "",
      ""
    ]
  },
  "Energized": {
    "NAME": "Пробудження",
    "DESCRIPTIONS": [
      "Отримуєте #b",
      " додаткову [G] у наступному русі.",
      " додаткові [G] у наступному русі.",
      " - TRANSLATOR NOTE: - The above line is for plural if needed to distinguish from singular."
    ]
  },
  "EnergizedBlue": {
    "NAME": "Пробудження",
    "DESCRIPTIONS": [
      "Отримуєте #b",
      " додаткову [B] у наступному русі.",
      " додаткові [B] у наступному русі.",
      " - TRANSLATOR NOTE: - The above line is for plural if needed to distinguish from singular."
    ]
  },
  "Entangled": {
    "NAME": "Замотаність",
    "DESCRIPTIONS": [
      "Ви не можете грати #yАтаки протягом цього руху."
    ]
  },
  "Envenom": {
    "NAME": "Отруєння",
    "DESCRIPTIONS": [
      "Щоразу, як ви наносите не блоковану шкоду від #yАтак, додатково наносите #b",
      " #yОтрути."
    ]
  },
  "Equilibrium": {
    "NAME": "Рівновага",
    "DESCRIPTIONS": [
      "Зберігаєте карти у руці до наступного руху.",
      "Зберігаєте карти у руці наступні #b",
      " рухи."
    ]
  },
  "Evolve": {
    "NAME": "Еволюція",
    "DESCRIPTIONS": [
      "Щоразу, як ви берете #yСтатус у руку, берете ще одну карту.",
      "Щоразу, як ви берете #yСтатус у руку, берете ще #b",
      " карти."
    ]
  },
  "Explosive": {
    "NAME": "Вибуховість",
    "DESCRIPTIONS": [
      "Через #b",
      " рухи вибухає, наносячи #b",
      " шкоди.",
      "На початку свого руху вибухає, наносячи #b"
    ]
  },
  "Extra Cards": {
    "NAME": "Додаткові карти",
    "DESCRIPTIONS": [
      "Берете на #b1 більше карт наступного руху.",
      "Берете #b",
      " додаткові карти наступного руху."
    ]
  },
  "Fading": {
    "NAME": "Жевріє",
    "DESCRIPTIONS": [
      "Помре через #b",
      " рухи.",
      "Помре в цьому русі."
    ]
  },
  "Feel No Pain": {
    "NAME": "Безболісність",
    "DESCRIPTIONS": [
      "Щоразу, коли #yСпалюється карта, ви отримуєте #b",
      " #yБроні."
    ]
  },
  "Fire Breathing": {
    "NAME": "Вогняний подих",
    "DESCRIPTIONS": [
      "Наприкінці вашого руху ви наносите #b",
      " шкоди УСІМ ворогам за кожну #yАтаку, зіграну протягом цього руху."
    ]
  },
  "Flame Barrier": {
    "NAME": "Полум’яний бар’єр",
    "DESCRIPTIONS": [
      "Щоразу, як ви отримуєте шкоду від #yАтак, наносите #b",
      " шкоди назад."
    ]
  },
  "Flex": {
    "NAME": "Знемога",
    "DESCRIPTIONS": [
      "Наприкінці вашого руху втрачаєте #b",
      " #yМіці."
    ]
  },
  "Flight": {
    "NAME": "У повітрі",
    "DESCRIPTIONS": [
      "Зменшує шкоду від #yАтак на #b50%. Скасовується, якщо істоту #yАтакують #b",
      " рази протягом руху."
    ]
  },
  "Focus": {
    "NAME": "Зосередження",
    "DESCRIPTIONS": [
      "Збільшує ефективність Сфер на #b",
      "Зменшує ефективність Сфер на #b",
      "."
    ]
  },
  "Frail": {
    "NAME": "Кволість",
    "DESCRIPTIONS": [
      "Отримуєте на #b25% менше #yБроні від карт у #b",
      " наступний хід.",
      " , наступні ходи."
    ]
  },
  "Gambit": {
    "NAME": "Крок Вперед",
    "DESCRIPTIONS": [
      "Після #b",
      " руху, отримуєте ",
      " рухів, отримуєте ",
      " [B] ."
    ]
  },
  "Generic Strength Up Power": {
    "NAME": "",
    "DESCRIPTIONS": [
      "наприкінці його руху, отримує #b",
      " #yМіці."
    ]
  },
  "GrowthPower": {
    "NAME": "Зростання",
    "DESCRIPTIONS": [
      "наприкінці його руху, отримує #b",
      " #yМіці."
    ]
  },
  "Heatsink": {
    "NAME": "Радіатор",
    "DESCRIPTIONS": [
      "Щоразу, коли граєте Талант, берете #b",
      " карту.",
      " карти."
    ]
  },
  "Hello": {
    "NAME": "Вітання",
    "DESCRIPTIONS": [
      "На початку вашого руху додаєте #b",
      " випадкові звичайні карти у руку.",
      " випадкову звичайну карту у руку."
    ]
  },
  "Hex": {
    "NAME": "Заклинання",
    "DESCRIPTIONS": [
      "Щоразу, граючи не Атакуючу карту, берете #b",
      " #yПриголомшення собі у добір."
    ]
  },
  "Hide": {
    "NAME": "Хованки",
    "DESCRIPTIONS": [
      "Ви не отримуєте шкоди до початку наступного руху.",
      "Ви не отримуєте шкоди наступні #b",
      " рухи."
    ]
  },
  "Infinite Blades": {
    "NAME": "Нескінченні леза",
    "DESCRIPTIONS": [
      "На початку вашого руху, берете #b",
      " #yЗапоясники.",
      " #yЗапоясник."
    ]
  },
  "Intangible": {
    "NAME": "Ухиляння",
    "DESCRIPTIONS": [
      "Протягом цього руху зменшує УСЮ шкоду та втрату ОЗ до #b1. Ухиляння повторно накладається через хід."
    ]
  },
  "IntangiblePlayer": {
    "NAME": "Ухиляння",
    "DESCRIPTIONS": [
      "Зменшує УСЮ шкоду та втрату ОЗ до #b1."
    ]
  },
  "Inverted": {
    "NAME": "Догори дриґом",
    "DESCRIPTIONS": [
      "Невразливий до шкоди, але щоразу, як ви отримуєте #yБроню, втрачає стільки ж ОЗ."
    ]
  },
  "Juggernaut": {
    "NAME": "Титан",
    "DESCRIPTIONS": [
      "Щоразу, як ви отримуєте #yБроню, наносите #b",
      " шкоди випадковому ворогу."
    ]
  },
  "Knowledge": {
    "NAME": "Мудрість",
    "DESCRIPTIONS": [
      "Щоразу, граючи #yТалант, берете #b",
      " карт."
    ]
  },
  "Life Link": {
    "NAME": "Життєве з’єднання",
    "DESCRIPTIONS": [
      "Якщо інші вороги ще живі, оживає за #b2 рухи з #bполовиною ОЗ."
    ]
  },
  "Lockon": {
    "NAME": "Прицілення",
    "DESCRIPTIONS": [
      "Отримують #b",
      "% більше шкоди від Сфер, наступні #b",
      "рух.",
      "рухи."
    ]
  },
  "Loop": {
    "NAME": "Зацикленість",
    "DESCRIPTIONS": [
      "На початку наступного руху використовуєте пасивну здібність наступної Сфери.",
      "На початку наступного руху використовуєте пасивну здібність наступної Сфери #b",
      " рази."
    ]
  },
  "Machine Learning": {
    "NAME": "Машинне навчання",
    "DESCRIPTIONS": [
      "Берете #b",
      " додаткову карту на початку кожного руху.",
      " додаткові карти на початку кожного руху."
    ]
  },
  "Magnetism": {
    "NAME": "Ваба",
    "DESCRIPTIONS": [
      "На початку кожного руху отримуєте #b%s випадкову безбарвну карту у руку.",
      "На початку кожного руху отримуєте #b%s випадкові безбарвні карти у руку."
    ]
  },
  "Malleable": {
    "NAME": "Щитування",
    "DESCRIPTIONS": [
      "Отримуючи шкоду від #yАтак, отримує #b",
      " #yБроні. Приріст #yБроні збільшується коли ",
      " спрацьовує. Повертається до #b",
      " на початку вашого руху."
    ]
  },
  "Mayhem": {
    "NAME": "Розгардіяш",
    "DESCRIPTIONS": [
      "На початку вашого руху граєте першу карту з добору.",
      "На початку вашого руху граєте перші #b",
      " карти з добору."
    ]
  },
  "Metallicize": {
    "NAME": "Металізація",
    "DESCRIPTIONS": [
      "Отримуєте #b",
      " #yБроні наприкінці вашого руху.",
      "Отримує #b",
      " #yБроні наприкінці руху."
    ]
  },
  "Minion": {
    "NAME": "Посіпака",
    "DESCRIPTIONS": [
      "Посіпаки покидають бій без їхнього лідера."
    ]
  },
  "Mode Shift": {
    "NAME": "Перетворення",
    "DESCRIPTIONS": [
      "Отримавши #b",
      " шкоди, перейде у захисний режим."
    ]
  },
  "Next Turn Block": {
    "NAME": "Броня наступного руху",
    "DESCRIPTIONS": [
      "На початку вашого наступного руху отримуєте #b",
      " #yБроні."
    ]
  },
  "Night Terror": {
    "NAME": "Нічний кошмар",
    "DESCRIPTIONS": [
      "На початку вашого наступного руху берете #b",
      " додаткові карти у руку."
    ]
  },
  "No Attack": {
    "NAME": "Роззброєння",
    "DESCRIPTIONS": [
      "Ви не можете грати #yАтаки у цьому русі."
    ]
  },
  "No Draw": {
    "NAME": "Заборона на карти",
    "DESCRIPTIONS": [
      "Ви не можете брати карти до кінця руху."
    ]
  },
  "NoBlockPower": {
    "NAME": "Без броні",
    "DESCRIPTIONS": [
      "Ви не можете отримати #yБроню від карт."
    ]
  },
  "Noxious Fumes": {
    "NAME": "Отруйні гази",
    "DESCRIPTIONS": [
      "На початку вашого руху наносите #b",
      " #yОтрути на УСІХ ворогів."
    ]
  },
  "Nullify Attack": {
    "NAME": "Щасливий промах",
    "DESCRIPTIONS": [
      "Повністю #yБлокує одну #yАтаку кожен хід."
    ]
  },
  "Painful Stabs": {
    "NAME": "Болісні удари",
    "DESCRIPTIONS": [
      "Щоразу, як ви отримуєте шкоду від цього ворога, отримуєте #yРану у Відбій."
    ]
  },
  "Panache": {
    "NAME": "Блиск",
    "DESCRIPTIONS": [
      "Зігравши ще #b",
      " карту у цьому русі, нанесете #b",
      " шкоди УСІМ ворогам.",
      " карти у цьому русі, нанесете #b"
    ]
  },
  "Pen Nib": {
    "NAME": "Кінчик пера",
    "DESCRIPTIONS": [
      "Наступна #yАтака наносить подвійну шкоду."
    ]
  },
  "Phantasmal": {
    "NAME": "Примарний",
    "DESCRIPTIONS": [
      "Наносите #yПодвійну #yшкоду наступного руху.",
      "Наносите #yПодвійну #yшкоду наступні ",
      " рухи."
    ]
  },
  "Plated Armor": {
    "NAME": "Панцирна броня",
    "DESCRIPTIONS": [
      "Отримуєте #b",
      " #yБроні наприкінці вашого руху. Втрата ОЗ від атак зменшує #yПанцирну #yБроню на #b1.",
      "Отримує #b",
      " #yБроні наприкінці його руху. Втрата ОЗ від атак зменшує #yПанцирну #yБроню на #b1."
    ]
  },
  "Poison": {
    "NAME": "Отрута",
    "DESCRIPTIONS": [
      "На початку вашого руху втрачаєте #b",
      " ОЗ, потім #yОтрута зменшується на #b1.",
      "На початку руху втрачає #b"
    ]
  },
  "Prime": {
    "NAME": "Первинний",
    "DESCRIPTIONS": [
      "Щоразу, як ви #yпризиваєте Сферу, берете #b",
      " карту.",
      " карти."
    ]
  },
  "Primitive": {
    "NAME": "Простяк",
    "DESCRIPTIONS": [
      "Щоразу, як ви граєте звичайну карту, берете #b",
      " карту.",
      " карти."
    ]
  },
  "Rage": {
    "NAME": "Лють",
    "DESCRIPTIONS": [
      "Щоразу, як ви граєте Атаку у цьому русі, отримуєте #b",
      " #yБроні."
    ]
  },
  "Rebound": {
    "NAME": "Відскок",
    "DESCRIPTIONS": [
      "Кладете наступну карту, зіграну у цьому русі, зверху добору.",
      "Кладете наступні #b",
      " карти, зіграні у цьому русі, поверх добору."
    ]
  },
  "Reduce Damage": {
    "NAME": "Зменшення шкоди",
    "DESCRIPTIONS": [
      "Зменшує отриману шкоду на #b"
    ]
  },
  "Regenerate": {
    "NAME": "Відновлення",
    "DESCRIPTIONS": [
      "Зцілюєтесь на #b",
      " #yОЗ наприкінці руху."
    ]
  },
  "Regeneration": {
    "NAME": "Зцілення",
    "DESCRIPTIONS": [
      "Наприкінці руху Зцілюєтесь на #b",
      " #yОЗ, #yЗцілення зменшується на #b1.",
      ""
    ]
  },
  "Repair": {
    "NAME": "Відрихтування",
    "DESCRIPTIONS": [
      "Наприкінці бою зцілюєтеся на #b",
      " ОЗ."
    ]
  },
  "Repulse": {
    "NAME": "Відсіч",
    "DESCRIPTIONS": [
      "Щоразу, як ",
      " отримує шкоду від Атакуючих карт, додає #yРану вам у руку."
    ]
  },
  "Retain Cards": {
    "NAME": "Утримання карт",
    "DESCRIPTIONS": [
      "Наприкінці кожного руху ви можете утримати #b",
      " карту.",
      " карти."
    ]
  },
  "Retain Hand": {
    "NAME": "Утримання руки",
    "DESCRIPTIONS": [
      "Наприкінці вашого руху карти не усуватимуться наступні #b",
      " рухи.",
      "Наприкінці вашого руху карти не усуватимуться."
    ]
  },
  "Riposte": {
    "NAME": "Влучна відповідь",
    "DESCRIPTIONS": [
      "Раз за хід наносить #b",
      " шкоди назад коли ви граєте #yАтаку."
    ]
  },
  "Ritual": {
    "NAME": "Обряд",
    "DESCRIPTIONS": [
      "Наприкінці руху отримує #b",
      " #yМіці."
    ]
  },
  "Rupture": {
    "NAME": "Розрив",
    "DESCRIPTIONS": [
      "Втрачаючи ОЗ від карти, отримуєте #b",
      " #yМіці."
    ]
  },
  "Sadistic": {
    "NAME": "Дикість",
    "DESCRIPTIONS": [
      "Наносячи негативний статус на ворога, додатково наносите #b",
      " шкоди."
    ]
  },
  "Serpentine": {
    "NAME": "Змієподібність",
    "DESCRIPTIONS": [
      "Несприйнятливий до #yЗілля."
    ]
  },
  "Shackled": {
    "NAME": "Скований",
    "DESCRIPTIONS": [
      "Повертає #b",
      " #yМіці наприкінці руху."
    ]
  },
  "Sharp Hide": {
    "NAME": "Гострошкірість",
    "DESCRIPTIONS": [
      "Щоразу, як ви граєте #yАтаку, отримуєте #b",
      " шкоди."
    ]
  },
  "Shifting": {
    "NAME": "Несталість",
    "DESCRIPTIONS": [
      "Щоразу, як ",
      " отримує шкоду, то втрачає стільки ж #yМіці до кінця руху."
    ]
  },
  "Shriek From Beyond": {
    "NAME": "Крик здалеку",
    "DESCRIPTIONS": [
      "Щоразу, як ви граєте #yАтаку, усуваєте випадкову карту."
    ]
  },
  "Skill Burn": {
    "NAME": "Спалення Вміннь",
    "DESCRIPTIONS": [
      "Спалюєте зіграні #yВміння протягом #b",
      " руху.",
      "Спалюєте зіграні #yВміння протягом #b",
      " наступних рухів."
    ]
  },
  "Slow": {
    "NAME": "Повільність",
    "DESCRIPTIONS": [
      "За кожну зіграну карту в цьому русі ",
      " отримує на #b10% більше шкоди від #yАтак.",
      " (Отримає на #b",
      "% більше шкоди)"
    ]
  },
  "Split": {
    "NAME": "Роздвоєння",
    "DESCRIPTIONS": [
      "Втративши #b50% чи більше ОЗ, розділяється на #b2 менших слимака з таким же ОЗ, як і у ",
      "."
    ]
  },
  "Spore Cloud": {
    "NAME": "Хмара спор",
    "DESCRIPTIONS": [
      "Після смерті, нанесе #yУразливість на вас на наступні #b",
      " рухи."
    ]
  },
  "Stasis": {
    "NAME": "Застій",
    "DESCRIPTIONS": [
      "Після смерті ",
      " повертається у руку."
    ]
  },
  "StaticDischarge": {
    "NAME": "Статичний розряд",
    "DESCRIPTIONS": [
      "Отримавши шкоду від #yАтак, #yпризиває #b",
      " #yГромовиці."
    ]
  },
  "Storm": {
    "NAME": "Буревій",
    "DESCRIPTIONS": [
      "Щоразу, граючи #bТалант, #yпризиває #b ",
      " Громовицю."
    ]
  },
  "Strength": {
    "NAME": "Міць",
    "DESCRIPTIONS": [
      "Збільшує шкоду від атак на #b",
      "Зменшує шкоду від атак на #b",
      "."
    ]
  },
  "TheBomb": {
    "NAME": "Бомба",
    "DESCRIPTIONS": [
      "Після %1$s рухів наносить %2$s шкоди усім ворогам.",
      "Після цього руху наносить %2$s шкоди усім ворогам."
    ]
  },
  "Thievery": {
    "NAME": "Крадіжка",
    "DESCRIPTIONS": [
      " краде #b",
      " #yЗолота з кожною атакою."
    ]
  },
  "Thorns": {
    "NAME": "Шипи",
    "DESCRIPTIONS": [
      "Отримуючи шкоду від #yАтак, наносить #b",
      " шкоди назад."
    ]
  },
  "Thousand Cuts": {
    "NAME": "Тисяча порізів",
    "DESCRIPTIONS": [
      "Щоразу, як ви граєте карту, наносите #b",
      " шкоди УСІМ ворогам."
    ]
  },
  "Time Warp": {
    "NAME": "Кривизна часу",
    "DESCRIPTIONS": [
      "Зігравши #b",
      " карт, ваш хід закінчиться, а Часоїд отримає #b",
      " #yМіці."
    ]
  },
  "TimeMazePower": {
    "NAME": "Часовий лабіринт",
    "DESCRIPTIONS": [
      "Зігравши #b",
      " карт, ваш хід закінчиться"
    ]
  },
  "Tools Of The Trade": {
    "NAME": "Багатий запас",
    "DESCRIPTIONS": [
      "На початку вашого руху берете #b",
      " карту та усуваєте #b",
      " карту.",
      " карти та усуваєте #b",
      " карти."
    ]
  },
  "Unawakened": {
    "NAME": "Непробуджено",
    "DESCRIPTIONS": [
      "Цього ворога поки що не пробуджено…"
    ]
  },
  "Unstable": {
    "NAME": "Нестійкий",
    "DESCRIPTIONS": [
      "Нанесіть достатньо шкоди щоб збити з ніг."
    ]
  },
  "Venomology": {
    "NAME": "Токсинологія",
    "DESCRIPTIONS": [
      "#yОтрута не зменшується, а посилюється на #b",
      " кожного руху."
    ]
  },
  "Vulnerable": {
    "NAME": "Уразливість",
    "DESCRIPTIONS": [
      "Отримуєте на #b",
      "% більше шкоди від #yАтак на #b",
      " наступний хід.",
      " наступні ходи."
    ]
  },
  "Weakened": {
    "NAME": "Ослабленість",
    "DESCRIPTIONS": [
      "#yАтаки наносять на #b",
      "% менше шкоди на #b",
      " наступний хід.",
      " наступні ходи."
    ]
  },
  "Wraith Form v2": {
    "NAME": "Примарна форма",
    "DESCRIPTIONS": [
      "Наприкінці вашого руху втрачаєте #b",
      " #yСпритності."
    ]
  }
}