{
  "AbandonRunButton": {
    "TEXT": [
      "Покинути гру"
    ]
  },
  "AbstractCard": {
    "TEXT": [
      "Заблокована",
      "Невідома"
    ]
  },
  "AbstractChest": {
    "TEXT": [
      "Далі"
    ]
  },
  "AbstractCreature": {
    "TEXT": [
      "Мертвий",
      "Заблоковано",
      "+ макс. Здоров’я ",
      "Оглушено!",
      "Перервано!",
      "Амулети"
    ]
  },
  "AbstractDungeon": {
    "TEXT": [
      "Далі",
      "Моровиці:"
    ]
  },
  "AbstractMonster": {
    "TEXT": [
      "Агресія",
      "Цей ворог збирається NL #yАтакувати на #b",
      " шкоди, #b",
      " раз.",
      "Цей ворог збирається NL #yАтакувати на #b",
      " шкоди.",
      "Агресія",
      "Цей ворог збирається вжити #yПозитивний #yСтатус та #yАтакувати на #b",
      " раз(а).",
      "Цей ворог збирається вжити #yПозитивний #yСтатус та #yАтакувати на #b",
      "Стратегія",
      "Цей ворог збирається застосувати на Вас #yНегативний #yСтатус та #yАтакувати на #b",
      "Цей ворог збирається #yБлокувати та #yАтакувати на #b",
      "Оборона",
      "Боягузливість",
      "Магія",
      "Сплячий",
      "Оглушено",
      "Невідомий",
      "Цей ворог збирається вжити #yПозитивний #yСтатус.",
      "Цей ворог збирається застосувати на Вас #yНегативний #yСтатус.",
      "Цей ворог збирається застосувати на Вас сильний #yНегативний #yСтатус.",
      "Цей ворог збирається #yБлокувати у свій хід.",
      "Цей ворог збирається #yБлокувати та застосувати на Вас #yНегативний #yСтатус.",
      "Цей ворог збирається #yБлокувати та вжити #yПозитивний #yСтатус.",
      "Цей ворог збирається #yУтекти.",
      "Цей ворог збирається застосувати таємничу #yМагію у свій хід.",
      "Цей ворог спить.",
      "Цього ворога #yОглушено.",
      "Намір цього ворога #yНевідомий (не атакує).",
      "Заблоковано"
    ]
  },
  "AbstractPlayer": {
    "TEXT": [
      "Заблоковано",
      "Броненосець",
      "Тінь",
      "Ґандж"
    ]
  },
  "AbstractPotion": {
    "TEXT": [
      "Мені бракує місця NL для Зілля."
    ]
  },
  "AbstractRoom": {
    "TEXT": [
      "Вас пограбували…",
      "Втік…"
    ]
  },
  "AnyCardFromDeckToHandAction": {
    "TEXT": [
      "Виберіть карту, яку Ви бажаєте додати у руку.",
      "Виберіть карти, які Ви бажаєте додати у руку."
    ]
  },
  "ApplyPowerAction": {
    "TEXT": [
      "Ефект відкинутий",
      "Імунний",
      "Анулюваний",
      "\n знижений"
    ]
  },
  "ArmamentsAction": {
    "TEXT": [
      "Поліпшити"
    ]
  },
  "AscensionModeDescriptions": {
    "TEXT": [
      "Еліта з’являться частіше.",
      "Звичайні вороги страшніші.",
      "Еліта страшніша.",
      "Князі страшніші.",
      "Лікуєшся повільніше після битв з Князями.",
      "Починаєш кожну гру з не повним здоров’ям.",
      "Звичайні вороги жорсткіші.",
      "Еліта жорсткіша.",
      "Князі жорсткіші.",
      "Починаєш кожну гру проклятим.",
      "Менше місця для Зілля.",
      "Поліпшені картки з’являються рідше.",
      "Бідні Князі.",
      "Занижене макс. ОЗ.",
      "Несприятливі події",
      "Крамниці подорожчали.",
      "Звичайні вороги рухаються складніше, з покращеними здібностями.",
      "Елітні вороги рухаються складніше, з покращеними здібностями.",
      "Князі рухаються складніше, з покращеними здібностями.",
      "(макс. рівень) Подвійні Князі."
    ]
  },
  "AscensionTextEffect": {
    "TEXT": [
      "Режим вознесіння ",
      " Розблоковано!"
    ]
  },
  "AscensionUnlockEffect": {
    "TEXT": [
      "Вознесіння розблоковано!"
    ]
  },
  "AttackFromDeckToHandAction": {
    "TEXT": [
      "Виберіть атаку, яку Ви бажаєте додати у руку."
    ]
  },
  "BattleStartEffect": {
    "TEXT": [
      "Початок бою",
      "Черга гравця",
      "Черга ворога",
      " хід"
    ]
  },
  "BossChest": {
    "TEXT": [
      "Далі"
    ]
  },
  "BossRelicSelectScreen": {
    "TEXT": [
      "Продовжити",
      "Гаразд",
      "Оберіть амулет",
      "Пропустити",
      "ГОЛОСУЙТЕ ЗАРАЗ: ",
      "сек.",
      "Оберіть моровицю"
    ]
  },
  "CacheAction": {
    "TEXT": [
      "Виберіть карту, яку Ви бажаєте покласти до верху добору.",
      "Виберіть карти, які Ви бажаєте покласти до верху добору."
    ]
  },
  "CampfireSleepEffect": {
    "TEXT": [
      "Мрієш?"
    ]
  },
  "CampfireSmithEffect": {
    "TEXT": [
      "Оберіть карту для поліпшення"
    ]
  },
  "CampfireTokeEffect": {
    "TEXT": [
      "Знищити карту."
    ]
  },
  "CampfireUI": {
    "TEXT": [
      "Що ж робить…?",
      "Хмм…",
      "Що мені робити?",
      "Час відпочити",
      "Як багато справ…",
      "Знайдіть мені ліжко…",
      "Я втомився…"
    ]
  },
  "Cancel Button": {
    "TEXT": [
      "Видалити збереження"
    ]
  },
  "CardLibSortHeader": {
    "TEXT": [
      "Рідкість",
      "Тип",
      "А-Я",
      "Вартість",
      "Перейти до:"
    ]
  },
  "CardLibraryScreen": {
    "TEXT": [
      "Назад",
      "Червоні",
      "Зелені",
      "Сині",
      "Безбарвні",
      "Прокляття",
      "Стани",
      "Переглянути поліпшення"
    ]
  },
  "CardRewardScreen": {
    "TEXT": [
      "Пропустити",
      "Оберіть карту",
      "+2 макс. ОЗ",
      "ГОЛОСУЙТЕ ЗАРАЗ: ",
      "сек.",
      "Переглянути поліпшення"
    ]
  },
  "CharacterOption": {
    "TEXT": [
      "Заблокований(а)",
      "Цей герой розблокується коли Ви зіграєте разок.",
      "Цей герой досі недоступний в ранньому доступі.",
      "Цей герой розблокується коли Ви зіграєте разок за Тінь.",
      "ОЗ: ",
      "Золото: ",
      " Таємниць(і/я)",
      "Невідомий(а)",
      "???",
      " - До наступного відкриття"
    ]
  },
  "CharacterSelectScreen": {
    "TEXT": [
      "Оберіть героя",
      "У дорогу",
      "Броненосець",
      "Тінь",
      "Ґандж",
      "Назад",
      "Вознесіння",
      "Рівень ",
      "Вознесіння -",
      "Вороги стануть важчими, з кожною перемогою… (Не впливає на низку перемог)",
      "Ключ ",
      "Випадковий ключ",
      "Початковий ключ використовується для генерації вежі.",
      "Ввести ключ генерації"
    ]
  },
  "ChooseOneScreen": {
    "TEXT": [
      "Оберіть один"
    ]
  },
  "CombatRewardScreen": {
    "TEXT": [
      "Продовжити",
      "Пропустити",
      "Пропустити",
      "Пропустити",
      "Пропустити",
      "Пропустити",
      "Закрити",
      "Скарби!",
      "Що всередині?",
      "Нагороди!",
      "Добич!",
      "Гарб!",
      "Порада: "
    ]
  },
  "Confirm Button": {
    "TEXT": [
      "Гаразд"
    ]
  },
  "ConfirmPopup": {
    "TEXT": [
      "Назад",
      "Видалити збереження",
      "Так",
      "Ні"
    ]
  },
  "CopyAction": {
    "TEXT": [
      "Копіювати"
    ]
  },
  "CreditsScreen": {
    "TEXT": [
      "клацніть ще раз, щоб вийти",
      "щоб вийти"
    ]
  },
  "CustomModeScreen": {
    "TEXT": [
      "Назамовний режим",
      "Досягнення та Лідерське табло вимкнені.",
      "Герой",
      "Вознесіння",
      "Рівень ",
      "Вознесіння Мод.",
      "Модифікації",
      "Ключ генерації",
      "Змінити ключ генерації"
    ]
  },
  "DailyScreen": {
    "TEXT": [
      "Щоденний виклик",
      "Підключення до часового серверу…",
      "#yПРИМІТКА: Ви закінчили сьогоднішній виклик NL Рахунки не зараховуватимуться за повторні спроби",
      "Назад",
      "У дорогу",
      "Сьогоднішній герой: ",
      "dd/MM/yyyy HH:mm:ss",
      "Час: ",
      "#yДосягнена #yПідлога: NL  ",
      " NL NL  #yКолода: NL ",
      " NL NL  #yАмулети: NL  ",
      " NL Щоденний виклик: NL TAB #yТип: NL TAB ",
      " NL TAB #yМоди: ",
      "Моди: ",
      "Лідерське табло",
      "*Досягнення вимкнені у Щоденному виклику.",
      "  [Автономний Режим]"
    ]
  },
  "DeathScreen": {
    "TEXT": [
      "Продовжити",
      "Перемога?",
      "Кімнат пройдено",
      "Князів побито",
      "Час гри",
      "Час гри",
      "Рахунок",
      "Підкорено",
      "Смерть…",
      "Поразка",
      "Підкорено!",
      "Розмазаний по підлозі",
      "Спустошення",
      "Поборений",
      "Вас вбито!",
      "Знайоме почуття.",
      "Подрімаємо…",
      "Діждався сраної немочі…",
      "Муха вбрикнула",
      "Не готовий я до цього…",
      "Спробую ще раз завтра.",
      "Потрібна буде нова мапа.",
      "Недостатньо підготовлений.",
      "Немислимо!",
      "Хіба це мій справжній потенціал?",
      "Просто моя вдача…",
      "Ну не так же…",
      "Не зовсім вершина.",
      "Тінь підняла й гепнула…",
      "Курка на ногу наступила…",
      "Поразка",
      "Визнання",
      "Продовжити",
      "Спробувати знов",
      "Головне меню",
      "Продовжити",
      "Розблокувати",
      "Головне меню",
      "Спробувати знов",
      "Продовжити",
      "Розблокувати",
      "Залишилось розблокувати: ",
      "Розблокуй: ",
      "Ворогів вбито",
      "Елітів вбито",
      "Невикористане золото",
      "Бонусне ОЗ"
    ],
    "EXTRA_TEXT": [
      "Еліти вбито при Воротах",
      "Еліти вбито у Місті",
      "Еліти вбито в Далині",
      "Скорогон",
      "Швидкість світла",
      "Горець",
      "Збірка",
      "Повний набір",
      "Бідняк",
      "Бібліотекар",
      "Енциклопедія",
      "Нагодований",
      "Ситість",
      "Прокляття!",
      "На власних умовах",
      "Чемпіон",
      "Ідеально",
      "Досконально",
      "Перевтома",
      "К-к-к-комбо",
      ""
    ]
  },
  "DeathScreenUi": {
    "TEXT": [
      "Режим Вознесіння ",
      " Розблоковано!"
    ]
  },
  "DeletePopup": {
    "TEXT": [
      "Видалити це збереження?",
      "Так",
      "Ні",
      "УВАГА: Цю дію не можна буде відмінити."
    ]
  },
  "Dig Option": {
    "TEXT": [
      "Копати",
      "Відкопати амулет."
    ]
  },
  "DiscardAction": {
    "TEXT": [
      "У відбій"
    ]
  },
  "DiscardPilePanel": {
    "TEXT": [
      "Відбій #rпустий."
    ]
  },
  "DiscardPileToHandAction": {
    "TEXT": [
      "Виберіть карту, яку Ви бажаєте повернути у руку."
    ]
  },
  "DiscardPileToTopOfDeckAction": {
    "TEXT": [
      "Виберіть карту, яку Ви бажаєте покласти до верху добору."
    ]
  },
  "DiscardPileViewScreen": {
    "TEXT": [
      "Карти звідси перемішуються у Ваш добір, коли бракує карт.",
      "Назад",
      "Відбій"
    ]
  },
  "DrawPilePanel": {
    "TEXT": [
      "Добір #rпустий."
    ]
  },
  "DrawPileViewScreen": {
    "TEXT": [
      "Карти беруться звідси, на початку кожного руху.",
      "(Сортується за рідкістю)",
      "Назад",
      "Добір"
    ]
  },
  "DualWieldAction": {
    "TEXT": [
      "Дублювати"
    ]
  },
  "DungeonMapScreen": {
    "TEXT": [
      "Оберіть початкову кімнату",
      "Назад"
    ]
  },
  "DungeonTransitionScreen": {
    "TEXT": [
      "Навчання",
      "Чи хочете Ви побачити підказки, під час гри?",
      "Акт 1",
      "Ворота",
      "Акт 2",
      "Місто",
      "Акт 3",
      "Вирій",
      "Акт ?",
      "???",
      "Клацніть хтозна де, щоб продовжити"
    ]
  },
  "EarlyAccessPopup": {
    "TEXT": [
      "Що таке ранній доступ?",
      "Що таке відкрита бета-версія?",
      "«Slay the Spire» досі у ранній стадії розробки! NL Механіка, карти та вороги часто змінюватимуться. NL NL Якщо зіткнетеся з ґлюками, будь ласка, повідомте нам про це у #bSteam #bобговореннях. NL NL Досі читати, грайте вже!",
      "«Slay the Spire» досі у ранній стадії розробки! NL Крім того, Ви граєте в бета-версію гри. NL NL Не дивуйтеся коли місцями не буде іконок/вмісту. Якщо зіткнетеся з ґлюками, будь ласка, повідомте нам про це. NL NL Досі читати, грайте вже!",
      "Клацніть, щоб почати",
      "Продовжити"
    ]
  },
  "End Turn Button": {
    "TEXT": [
      "Закінчити хід",
      "Черга ворога"
    ]
  },
  "ExhaustAction": {
    "TEXT": [
      "Спалити"
    ]
  },
  "ExhaustViewScreen": {
    "TEXT": [
      "Ці карти були Спалені під час бою.",
      "Назад"
    ]
  },
  "ExhumeAction": {
    "TEXT": [
      "Оберіть карту, щоб повернутися до руки"
    ]
  },
  "ExitGameButton": {
    "TEXT": [
      "Закрити гру"
    ]
  },
  "Exordium": {
    "TEXT": [
      "Ворота"
    ]
  },
  "ForethoughtAction": {
    "TEXT": [
      "кладете у кінець добору."
    ]
  },
  "GainGoldTextEffect": {
    "TEXT": [
      " Золото"
    ]
  },
  "GamblingChipAction": {
    "TEXT": [
      "Підмінити (Азартна марка)",
      "Підмінити"
    ]
  },
  "GameSavedEffect": {
    "TEXT": [
      "#y~Гру~ #y~збережено~"
    ]
  },
  "GridCardSelectScreen": {
    "TEXT": [
      "Продовжити",
      "Скасувати",
      "Підтвердьте Ваш вибір",
      "Покинути"
    ]
  },
  "HandCardSelectScreen": {
    "TEXT": [
      "Підтвердьте карту, щоб ",
      "Підтвердьте карти, щоб ",
      "Оберіть ",
      " карти, щоб ",
      "Оберіть будь-яку кількість карт, щоб ",
      "Оберіть карту, щоб "
    ]
  },
  "HiddenChamberAction": {
    "TEXT": [
      ""
    ]
  },
  "ImmolateAction": {
    "TEXT": [
      "Спалити"
    ]
  },
  "InputKeyNames": {
    "TEXT_DICT": {
      "Escape": "ESC",
      "Forward Delete": "Delete",
      "Delete": "Backspace"
    }
  },
  "InputSettingsScreen": {
    "TEXT": [
      "Клавіші",
      "Налаштування",
      "Назад",
      "Команди",
      "Набірниця",
      "Контролер",
      "Скинути клавіші",
      "Обрати карту",
      "Скасувати / Вийти",
      "Мапа",
      "Головна колода",
      "Добір",
      "Відбій",
      "Спалені",
      "Закінчити хід",
      "Вліво",
      "Вправо",
      "Обрати #1 карту",
      "Обрати #2 карту",
      "Обрати #3 карту",
      "Обрати #4 карту",
      "Обрати #5 карту",
      "Обрати #6 карту",
      "Обрати #7 карту",
      "Обрати #8 карту",
      "Обрати #9 карту",
      "Обрати #10 карту",
      "Відпустити карту",
      "Обрати*",
      "Відмінити*",
      "Верхня панель*",
      "Продовжити / Закінчити хід*",
      "Попередня сторінка / Оглянути колоду*",
      "Наступна сторінка / Спалена колода*",
      "Мапа*",
      "Налаштування*",
      "Добір*",
      "Відбій*",
      "Угору*",
      "Вниз*",
      "Вліво*",
      "Вправо*",
      "Угору (Іншина)*",
      "Вниз (Іншина)*",
      "Вліво (Іншина)*",
      "Вправо (Іншина)*",
      "Угору",
      "Вниз",
      "Контролер увімкнений"
    ]
  },
  "LanguageDropdown": {
    "TEXT": [
      "Бразильська Португальська",
      "Китайська (Спрощена)",
      "Китайська (Традиційна)",
      "Англійська",
      "Французька",
      "Німецька",
      "Італійська",
      "Японська",
      "Корейська",
      "Польська",
      "Російська",
      "Іспанська",
      "Староєврейська",
      "Турецька",
      "Шведська",
      "Норвезька",
      "Тайська",
      "Сербська (Кирилиця)",
      "Українська",
      "В’єтнамська",
      "Угорська",
      "Сербська (Латинка)",
      "Каталонська",
      "Грецька",
      "Індонезійська",
      "Есперанто"
    ]
  },
  "LeaderboardFilters": {
    "TEXT": [
      "Броненосець",
      "Тінь",
      "Ґандж",
      "Середній поверх досягнуто (за останні 20 спроб)",
      "Середній рахунок (за останні 20 спроб)",
      "Краща серія перемог",
      "Найшвидша перемога",
      "Найкращий рахунок",
      "6-та опція. DO NOT TRANSLATE",
      "Друзі",
      "Світ"
    ]
  },
  "LeaderboardsScreen": {
    "TEXT": [
      "Назад",
      "Фільтри",
      "Герой",
      "Регіон",
      "Тип",
      "Знайти мене",
      "Ранґ",
      "Ім’я",
      "Рахунок",
      "Отримання даних…",
      "Лідерське табло (ЗАУВАЖТЕ: Оновлюється щотижня)",
      "Відсутнє підключення до Steam",
      "Немає попередніх поєдинків \n Піди зіграй разок!"
    ]
  },
  "Legend": {
    "TEXT": [
      "Невідоме",
      "???",
      "Невідома кімната. NL NL У цій кімнаті можете натрапити на примар; скарби чи крамниці; а може й на щось зовсім інше.",
      "Торговець",
      "Крамниці",
      "Містичний торговець продає свої товари у цих кімнатах. NL NL Витрачайте добре зароблене #yЗолото тут!",
      "Скарби",
      "Скарбниця",
      "В цих кімнатах можна знайти #yАмулети та #yЗолото.",
      "Табір",
      "Табори",
      "Зупинившись у цих кімнатах Ви можете частково #gВідновити здоров’я чи #yПоліпшити одну карту.",
      "Ворог",
      "Вороги",
      "В цих кімнатах проживає погань.",
      "Еліта",
      "Еліта",
      "В цих кімнатах проживає нечисть. NL NL Перемога над ними нагородить Вас амулетом.",
      "Пояснення"
    ]
  },
  "Lift Option": {
    "TEXT": [
      "Підняти тяжкості",
      "Почати битву із +1 силою. (найб. 3 рази)"
    ]
  },
  "MainMenuScreen": {
    "TEXT": [
      "#yЗборина: ",
      "У дорогу",
      "Назад",
      "клацніть щоб редагувати",
      "щоб редагувати"
    ]
  },
  "MasterDeckViewScreen": {
    "TEXT": [
      "Ви починаєте кожен бій з цими картами.",
      "Назад"
    ]
  },
  "MenuButton": {
    "TEXT": [
      "",
      "Гра",
      "",
      "",
      "Продовжити",
      "",
      "Статистика",
      "",
      "Закрити гру",
      "Що Нового",
      "Покинути гру",
      "",
      "Налаштування",
      "",
      "Компендіум"
    ]
  },
  "MenuPanels": {
    "TEXT": [
      "Стандартна",
      "",
      "Спробуєте покорити Вежу?",
      "Щоденний виклик",
      "",
      "Новий виклик доступний раз на день.\n\nЗмагайтеся з іншими гравцями за найвищий рахунок!",
      "Вознесіння",
      "",
      "Вежа зміцнюється з кожною перемогою.\n\nЧи встоять найкращі з стратегій?",
      "Колекція карт",
      "",
      "Перегляньте карти, які зустрічались вам у Вежі.",
      "Колекція амулетів",
      "",
      "Перегляньте різні амулети, знайдені вами у Вежі.",
      "Бестіарій",
      "",
      "Ця функція/режим ще недоступний(а).",
      "Статистика",
      "",
      "Статистику й прогрес кожного персонажа можна побачити ось тут.",
      "Лідерське табло",
      "",
      "Рівняйтесь рахунком з друзями та іншими гравцями.",
      "Історія ігор",
      "",
      "Перегляньте минулі спроби покорити Вежу.",
      "Налаштування",
      "",
      "Параметри гри ховаються тут.",
      "Клавіші",
      "",
      "Зміни свої Клавіші, задля швидкого та легітного керування грою.",
      "Пошана",
      "",
      "Люди, які допомогли з «Slay the Spire»!",
      "Невідоме",
      "Зіграєте щоденний виклик, щоб розблокувати цей режим гри.",
      "Ця функція ще недоступна.",
      "Назамовна",
      "Змініть гру унікальними модифікаторами"
    ]
  },
  "MerchantImageTextNotInGame": {
    "TEXT": [
      "Послуга видалення карт",
      "РОЗПРОДАЖ",
      "Не продається",
      "Розпродано",
      "Тиць моя радість…"
    ]
  },
  "OpeningAction": {
    "TEXT": [
      "Цей ворог не має наміру атакувати!"
    ]
  },
  "OptionsPanel": {
    "TEXT": [
      "",
      "Налаштування",
      "Графіка",
      "Роздільна здатність: NL макс. частота кадрів:",
      "Повноекранний NL У вікні без рамки (рекомендовано) NL Трусити екран",
      "Авдіо",
      "Основний NL Музика NL Ефекти",
      "Навкружні звукові ефекти NL Вимкнути звук коли не в грі",
      "Налаштування",
      "Підсумовувати збиток у золоті NL Показувати блоковану шкоду синім кольором NL Вимкнути підтвердження під час вибору першої карти",
      "Швидкий режим",
      "",
      "Різне",
      "Мова:",
      "Завантажувати дані про ігролад (у Steam) #b(?)",
      "Закрити гру",
      "Зберегти та Закрити",
      "NL NL VSync",
      "Випробування нової графіки",
      "Показувати клавіші швидкого вибору",
      "Клавіші"
    ]
  },
  "PatchNotesScreen": {
    "TEXT": [
      "Назад",
      "#yЩо #yНового",
      " NL (ТИМЧАСОВО: Використовуйте стрілочки для навігації старшими журналами)"
    ]
  },
  "PotionPopUp": {
    "TEXT": [
      "Кинути",
      "Випити",
      "Скинути",
      "Я не можу використовувати зілля!",
      "Я не можу це зробити в бою!"
    ]
  },
  "PowerExpireTextEffect": {
    "TEXT": [
      "Ефект зникає…"
    ]
  },
  "Proceed Button": {
    "TEXT": [
      "Далі"
    ]
  },
  "PutOnDeckAction": {
    "TEXT": [
      "покласти до верху добору"
    ]
  },
  "RecycleAction": {
    "TEXT": [
      "Спалити"
    ]
  },
  "RelicViewScreen": {
    "TEXT": [
      "Назад",
      "Елементарні:",
      "Гравці починають з цими реліквіями.",
      "Звичайні:",
      "Слабкі амулети, які часто зустрічаються.",
      "Надзвичайні:",
      "Сильніші амулети, які з’являються рідше, ніж звичайні реліквії.",
      "Рідкісні:",
      "Унікальні та потужні амулети, які рідко зустрічаються.",
      "Князівська:",
      "Амулети знайдені лише у Князівських скарбницях.",
      "За Ігрову Подію:",
      "Амулети знайдені лише під час ігрових подій.",
      "Від Торговця:",
      "Амулети які можна придбати лише у продавця."
    ]
  },
  "RenamePanel": {
    "TEXT": [
      "<без назви>",
      "Введіть своє ім’я",
      "Гаразд",
      "Скасувати"
    ]
  },
  "ReprieveAction": {
    "TEXT": [
      "Цей ворог задумав атакувати!"
    ]
  },
  "ReprogramAction": {
    "TEXT": [
      "У відбій"
    ]
  },
  "Rest Option": {
    "TEXT": [
      "Відпочити",
      "Поповнити здоров’я на 100% від максимуму (",
      " здоров’я від ",
      "Поповнити здоров’я на 30% від максимуму ("
    ]
  },
  "RestartForChangesEffect": {
    "TEXT": [
      "Перезапустіть гру, щоб зміни вступили в силу."
    ]
  },
  "RetainCardsAction": {
    "TEXT": [
      "Заховати"
    ]
  },
  "RewardItem": {
    "TEXT": [
      " Золото (Вкрадено назад)",
      " Золото",
      "Додати карту до колоди",
      "",
      "Оберіть карту"
    ]
  },
  "RunHistoryMonsterNames": {
    "TEXT": [
      "Банда гремлінів",
      "Князь Слинько",
      "Воротні розбійники",
      "Природа навколо Воріт",
      "Рій слимаків",
      "Малі слимаки",
      "Міські Грабіжники",
      "Три птиха",
      "Чотири птиха",
      "Три культиста",
      "Обрана стая",
      "Охоронець та Кулястий вартовий",
      "Центуріон та Таємник",
      "Дармоїд та Пліснявий звір",
      "Банда замаскованих розбійників",
      "Голова Колізею",
      "Поневолювач Колізею",
      "Три Фігури",
      "Орда rланцатих черв’яків",
      "Чотири Фігури",
      "Кулястий вартовий з Фігурами",
      "Двоє Сфероходи",
      "Понч та Дека",
      "Охоронці",
      "Обрана та Культисти",
      "(Deprecated) Flame Bruiser",
      "(Deprecated) Slaver and Parasite",
      "(Deprecated) Snecko and Mystics"
    ]
  },
  "RunHistoryPathNodes": {
    "TEXT": [
      "Невідоме",
      "Ворог",
      "Еліта",
      "Ігрова подія",
      "Князь",
      "Скарби",
      "Князівські скарби",
      "Табір",
      "Торговець",
      "Невідоме (Ворог)",
      "Невідоме (Торговець)",
      "Невідоме (Скарби)",
      "Поверх %1$s - %2$s",
      "Поверх %s",
      "#r%s шкоди",
      "#r%s рухи",
      "#r%s #r/ #r%s #rОЗ",
      "#y%s #yЗолото",
      "#yЗдобуто:",
      "#yПропущено:",
      "Інформація Відсутня",
      "+2 макс. ОЗ",
      "#bКар ",
      "#bАму ",
      "#bЗіл ",
      "#bКра ",
      "#bВідпочили",
      "#bПоліпшено %s",
      "#bУсунуто %s",
      "#bВідкопано",
      "#bНакачали %s/%s",
      "#yПридбано:"
    ]
  },
  "RunHistoryScreen": {
    "TEXT": [
      "Броненосець",
      "Тінь",
      "Ґандж",
      "Назад",
      "Немає попередніх поєдинків. NL Піди зіграй разок!",
      "Поверх: ",
      "Вбито на %1$d поверсі, з рук %2$s",
      "Втік з %d поверху",
      "Перемога!",
      "Карти",
      "Амулети",
      "елементарних",
      "звичайних",
      "надзвичайних",
      "рідкісних",
      "за ігрову подію",
      "проклятих",
      "князівська",
      "від торговця",
      "Невідоме",
      "%1$d %2$s",
      "%1$s (%2$d):",
      "Рахунок: %d",
      "Усі Герої",
      "Перемоги та програші",
      "Перемоги",
      "Програші",
      "Щоденно",
      "Будь-Який Тип Гри",
      "Тільки Стандартна",
      "Тільки Вознесіння",
      "Тільки Щоденний Виклик",
      "Ключ: %s",
      "Назамовний Ключ: %s"
    ]
  },
  "SaveSlot": {
    "TEXT": [
      "Зіграно ",
      "Пусте місце"
    ]
  },
  "SaveSlotScreen": {
    "TEXT": [
      "Обрати місце",
      "Перейменувати",
      "Видалити це збереження"
    ]
  },
  "SeedPanel": {
    "TEXT": [
      "0000000000",
      "Введіть ключ генерації",
      "Гаразд",
      "Скасувати",
      "*Лідерське табло та Досягнення вимкнені, при використанні назамовного ключа для створення гри."
    ]
  },
  "SettingsScreen": {
    "TEXT": [
      "Впевнені?",
      "Ваш прогрес автоматично зберігається.",
      "Якщо покинете гру, вона зарахується як програш.",
      "УВАГА:\nПрогрес НЕ збережено.\n\nДійдіть до наступного поверху, щоб зберегти гру.",
      "Назад",
      "Прогрес НЕ зберігається для щоденних ігор."
    ]
  },
  "SetupAction": {
    "TEXT": [
      "покласти до верху добору."
    ]
  },
  "ShopRoom": {
    "TEXT": [
      "Пропустити"
    ]
  },
  "SingleCardViewPopup": {
    "TEXT": [
      "Атака",
      "Вміння",
      "Талант",
      "Прокляття",
      "Заблоковано",
      "Невідоме",
      "Переглянути поліпшення",
      "Стан",
      "",
      "Я можу грати тільки в мою чергу.",
      "Мене #rзамотано! NL Не можу атакувати",
      "Бракує #rенергії.",
      "Бракує #rзаряду.",
      "Я не можу грати NL цю карту."
    ]
  },
  "SingleViewRelicPopup": {
    "TEXT": [
      "Князівські амулет",
      "Звичайний амулет",
      "Непотріб",
      "Рідкісний амулет",
      "Купне",
      "Амулет (за ігрову подію)",
      "Елементарний амулет",
      "Надзвичайний амулет",
      "Заблокований амулет",
      "Невідомий амулет",
      "",
      "Цей амулет потрібно розблокувати.",
      "Цей амулет ще ніхто не бачив."
    ]
  },
  "SkillFromDeckToHandAction": {
    "TEXT": [
      "Виберіть навичку, яку Ви бажаєте додати у руку"
    ]
  },
  "Smith Option": {
    "TEXT": [
      "Кувати",
      "Поліпшити карту у вашій колоді.",
      "Немає карту, які можна поліпшити."
    ]
  },
  "StorePotion": {
    "TEXT": [
      "У Вас бракує місця"
    ]
  },
  "TheBeyond": {
    "TEXT": [
      "Вирій"
    ]
  },
  "TheCity": {
    "TEXT": [
      "Місто"
    ]
  },
  "TipHelper": {
    "TEXT": [
      "Енергія"
    ]
  },
  "Toke Option": {
    "TEXT": [
      "Спалити",
      "Усунь карту з колоди."
    ]
  },
  "TopPanel": {
    "TEXT": [
      " Поверх",
      " - Вознесіння ",
      " (макс. рівень)"
    ]
  },
  "TreasureRoom": {
    "TEXT": [
      "Пропустити"
    ]
  },
  "TreasureRoomBoss": {
    "TEXT": [
      "Пропустити"
    ]
  },
  "TwitchVoter": {
    "TEXT": [
      "ГОЛОСУЙТЕ ЗАРАЗ: "
    ]
  },
  "Unlock Confirm Button": {
    "TEXT": [
      "Гаразд"
    ]
  },
  "UnlockCharacterScreen": {
    "TEXT": [
      "Карти розблоковані!",
      "",
      "Амулети розблоковані!",
      "Новий герой",
      "Примітка: Розблоковані карти з’являться у майбутніх іграх.",
      "Примітка: Розблоковані амулети з’являться у майбутніх іграх."
    ]
  },
  "UnlockScreen": {
    "TEXT": [
      "Карти розблоковані!",
      "Амулети розблоковані!",
      "Новий герой",
      "Примітка: Розблоковані карти з’являться у майбутніх іграх.",
      "Примітка: Розблоковані амулети з’являться у майбутніх іграх."
    ]
  },
  "UnlockTextEffect": {
    "TEXT": [
      "Розблоковано!"
    ]
  },
  "Period": {
    "TEXT": [
      "."
    ]
  }
}