{
  "AchievementGrid": {
    "NAMES": [
      "Nem Ligar",
      "Pureza",
      "Vem Pra Cima",
      "O Pacto",
      "Adrenalina",
      "Poderoso",
      "Bombado",
      "Impenetrável",
      "Inabalável",
      "Catalisador",
      "Praga",
      "Ninja",
      "Infinito",
      "Você Não É De Nada",
      "Perfeição",
      "O Guardião",
      "O Fantasma",
      "O Chefe",
      "O Autômato",
      "O Colecionador",
      "O Campeão",
      "O Corvo",
      "As Formas",
      "O Devorador do Tempo",
      "Rubi",
      "Esmeralda",
      "Oculto",
      "Quem Precisa de Relíquias?",
      "Escalador Ágil",
      "Ascender 0",
      "Ascender 10",
      "Minimalista",
      "Ohh Rosquinha!",
      "Sapphire",
      "Common Sense",
      "Focused",
      "Neon",
      "Energy is Overrated",
      "My Lucky Day",
      "The Transient",
      "Ascend 20"
    ],
    "TEXT": [
      "Vença uma batalha com 1 PV restante.",
      "Tenha 3 ou menos cartas na mão, pilhas de compra e de descarte combinadas.",
      "Vença um combate sem jogar nenhum Ataque.",
      "Exaura 20 cartas em um único combate.",
      "Tenha 9 de Energia em um único turno de combate.",
      "Tenha 10 ou mais efeitos positivos em um único combate.",
      "Tenha 50 ou mais de Força durante um combate.",
      "Tenha 99 ou mais de Proteção durante um combate.",
      "Tenha 999 de Proteção durante um combate.",
      "Aplique 99 ou mais de Veneno em um único inimigo.",
      "Derrote 3 inimigos com Veneno em um único combate.",
      "Jogue 10 Estoques em um único turno.",
      "Jogue 25 cartas em um único turno.",
      "Derrote um chefe no turno 1.",
      "Derrote um chefe sem sofrer dano algum.",
      "Derrotou o Guardião.",
      "Derrotou Hexafantasma.",
      "Derrotou o Chefe Gosma.",
      "Derrotou o Autômato de Bronze.",
      "Derrotou o Colecionador.",
      "Derrotou o Campeão.",
      "Derrotou o Despertado.",
      "Derrotou Donu & Deca.",
      "Derrotou o Devorador do Tempo.",
      "Conclua o jogo com o Rígido.",
      "Conclua o jogo com a Sorrateira.",
      "Os detalhes desta conquista serão revelados quando ela for desbloqueada.",
      "Conclua o jogo com uma única relíquia.",
      "Conclua o jogo em menos de 20 minutos.",
      "Desbloqueie o modo Ascensão.",
      "Complete a Ascensão Nível 10.",
      "Conclua o jogo com um baralho de 5 cartas ou menor.",
      "Acabe com Donu com um Comer.",
      "Beat the game with the Defect.",
      "Beat the game with a deck of only common cards.",
      "Have 25 or more Focus during combat.",
      "Channel 9 Plasma in a single turn.",
      "Play 10 or more cost 0 cards in a single turn.",
      "Win a Daily Climb.",
      "Defeat the Transient before it fades away.",
      "Complete Ascension Level 20."
    ]
  },
  "CharStat": {
    "NAMES": [],
    "TEXT": [
      "Total de Horas Jogadas: ",
      "Total de Vitórias: #y",
      "Total de Mortes: #y",
      "Total de Andares Escalados: #y",
      "Total de Chefes Mortos: #y",
      "Total de Inimigos Mortos: #y",
      "Total de Cristais Alimentados: #y",
      "Cartas Descobertas: #y",
      "Cartas Desbloqueadas: #y",
      "Relíquias Descobertas: #y",
      "Relíquias Desbloqueadas: #y",
      "Maior Andar: #y",
      "Melhor Diária: #y",
      "Vitória Mais Rápida: ",
      "Derrotou ",
      ": #gSim NL ",
      ": #rNão NL ",
      "Vitórias: #y",
      "Mortes: #y",
      "Andares Escalados: #y",
      "Chefes Mortos: #y",
      "Inimigos Mortos: #y",
      "Maior Sequência de Vitórias: #y",
      "Maior Pontuação: #y"
    ]
  },
  "StatsScreen": {
    "NAMES": [
      "#yEstatísticas #yGerais",
      "#yConquistas",
      "#rO #rRígido",
      "#gA #gSorrateira",
      "#bCorvobô"
    ],
    "TEXT": [
      "Voltar"
    ]
  }
}