{
  "Proceed Screen": {
    "DESCRIPTIONS": [
      "[立ち去る]"
    ]
  },
  "Accursed Blacksmith": {
    "NAME": "不吉な鍛冶場",
    "DESCRIPTIONS": [
      "あなたは小さな小屋を覗き込んだ。室内には鍛冶場のようなものがある。鍛冶の道具は埃をかぶっているが、炉には明々と火が燃えている。どうも落ち着かない...",
      "鍛冶場を少し借りることにした、そして... NL #y@カーン!@ #y@カァーン!@ #y@カーン！@ NL ...カードをアップグレードした！",
      "あなたは他に役立つものはなさそうか探してみる。覆いを剥がしたり、箱という箱を探してみたり、隅や割れ目を探したところ #y~レリック!~ を見つけた！",
      "仕上げに取り掛かろうとしたとき、炉から勢いよく燃え上がった火で腕に #r@火傷@ #r@と@ #r@裂傷@ を負ってしまった..",
      "NL NL レリックを取り、突然 #r~鋭い痛み~ を感じた。小屋を出る時にもその感覚を振り払うことができない。精霊か何かの仕業だろうか？",
      "役に立ちそうなものは見当たらない。あなたは引き返した。炉の火が #p~不気味な~ #p~影を~ 小屋の内壁に落としている..."
    ],
    "OPTIONS": [
      "[鍛冶場] #gカードを1枚アップグレードする。",
      "[捜索] #g特別なレリックを獲得。 #r呪い- #r痛み",
      "[立ち去る]",
      "アップグレードするカードを1枚選択",
      "[ロック] アップグレードできるカードが必要。"
    ]
  },
  "Bonfire Elementals": {
    "NAME": "たき火の精霊",
    "DESCRIPTIONS": [
      "たき火の周りで　~踊っている~　#p紫色をした火の精霊 の一団に遭遇した。 NL ",
      "精霊たちは骨や欠片を焚きつけている、何かを放り込むたびに ~煌々と~ ~燃え上がった~ 。 NL あなたが近づくと彼らは何か期待するかのように振り向いた...",
      "あなたはたき火に供物を投げ込んだ。 NL NL ",
      "しかし精霊たちは、あなたが　#p呪い　を投げ込んだことで気分を害したようだ...カードは微かに黒い煙をあげた。あなたは... #p~何か~　を見返りに受け取った。",
      "何も起こらない... NL 精霊たちはあなたを無視している。残念だ...",
      "炎がやや明るさを増した。 NL 精霊たちは踊り続ける。彼らのおかげで少し暖かくなったようだ.. NL HPが #b5 #g回復した。",
      "炎が激しさを増して燃え上がった！ NL 精霊たちは、あなたを囲んで激しく踊っている。　~暖かい~ ~感覚~　に包まれていく。 NL HPが全回復した。",
      "炎が　@弾けた@ あなたはもう少しで吹き飛ばされるところだった。 炎は@倍@の大きさに膨れ上がっている。 NL 精霊たちは、あなたを囲んで激しく踊っている。そして彼らは ~融合していきあなたの姿になった。~ 温もりに包まれて力がみなぎってくる。 NL 最大HP+ #b10、 HPが全回復した。"
    ],
    "OPTIONS": [
      "[続行]",
      "[立ち去る]",
      "[供物] 捧げた品物に対して報酬がもらえる。",
      "捧げるカードを 1 枚選択する。"
    ]
  },
  "Match and Keep!": {
    "NAME": "神経衰弱！",
    "DESCRIPTIONS": [
      "「カードが #b12 枚！同じカードを揃えたら貰えるぞ！チャンスは #b5 回、やり直しはなしだ。 NL 準備はいいか？じゃあ始めよう！」",
      "グレムリンのゲームを終えてあなたは頭をあげた。 NL 彼は消えたのか？",
      "グレムリンがテーブルでカードを激しくシャッフルしている。危害を加えるつもりはなさそうだ。あなたは好奇心から彼に近づいた。"
    ],
    "OPTIONS": [
      "[続行]",
      "[立ち去る]",
      "[プレイ]",
      "残りチャンス： #y"
    ]
  },
  "Duplicator": {
    "NAME": "デュプリケーター",
    "DESCRIPTIONS": [
      "装飾を施した古代の祭壇が目の前にある。",
      "あなたは跪いて敬意をしめした。おぞましい鏡像が聖堂から現れて、あなたとぶつかった。",
      "あなたは颯爽と聖堂を通り過ぎた。"
    ],
    "OPTIONS": [
      "[祈る] #gデッキのカードを #g1 #g枚複製。",
      "[立ち去る]",
      "複製するカードを 1 枚選択する。"
    ]
  },
  "Fountain of Cleansing": {
    "NAME": "聖なる泉",
    "DESCRIPTIONS": [
      "井戸の近くに #b~キラキラと輝く水~ があふれだしている噴水がある。",
      "あなたは #b~水~ を口にしてみる、あなたに #pまとわりつく闇 から解放されたような気がする。",
      "得体の知れない水なので、喉はカラカラだったがあなたは先に進んだ。"
    ],
    "OPTIONS": [
      "[飲む] #gデッキから呪いをすべて削除 。",
      "[立ち去る]"
    ]
  },
  "Golden Shrine": {
    "NAME": "黄金寺院",
    "DESCRIPTIONS": [
      "古の精霊を祭る豪華な聖堂がある。 ",
      "あなたの手が聖堂に触れると #yゴールド の雨が天井から　~あなたに~ ~たくさん~ ~降り注いだ~ 。 ",
      "聖堂を叩くたびに #yゴールド が何度も飛び出してくる！ NL NL ポケットに財宝を詰め込むと、何かが #rあなたの肩に重くのしかかる。",
      "あなたは聖堂を無視した。"
    ],
    "OPTIONS": [
      "[祈る] #g",
      " #gゴールドを獲得。",
      "[冒涜] #g275 #gゴールドを獲得。 #r呪い-　#r後悔",
      "[立ち去る]"
    ]
  },
  "Lab": {
    "NAME": "研究室",
    "DESCRIPTIONS": [
      "試験管、ビーカー、フラスコ、鉗子、ピンチクランプ、攪拌棒、トング、ゴーグル、漏斗、ピペット、シリンダー、コンデンサー、珍しいらせん状のガラスチューブ。そういったものが詰まった棚がその部屋にはたくさん並んでいた。 NL NL なぜあなたはこれらの名称を知っているのだろうか？さしたる問題ではない。あなたはあたりを見回してみた。"
    ],
    "OPTIONS": [
      "[探索] #gいくつかのポーションを見つけた！"
    ]
  },
  "Purifier": {
    "NAME": "清め",
    "DESCRIPTIONS": [
      "豪華な聖堂がある。祭られている精霊は長い間忘れさられているようだ。",
      "敬意を示すために跪くと、肩が軽くなったように感じた。",
      "あなたは聖堂を無視した。"
    ],
    "OPTIONS": [
      "[祈る] デッキからカードを #g1 #g枚削除 。",
      "[立ち去る]",
      "削除するカードを 1 枚選択する。"
    ]
  },
  "Transmorgrifier": {
    "NAME": "一変",
    "DESCRIPTIONS": [
      "豪華な聖堂がある。祭られている精霊は長い間忘れさられているようだ。",
      "聖堂の力が身体を通り抜けていく、あなたの中で何かが変わったようだ。",
      "あなたは聖堂を無視した。"
    ],
    "OPTIONS": [
      "[祈る] #gカードを変化 。",
      "[立ち去る]",
      "変化させるカードを 1 枚選択する。"
    ]
  },
  "Upgrade Shrine": {
    "NAME": "向上の聖堂",
    "DESCRIPTIONS": [
      "豪華な聖堂がある。祭られている精霊は長い間忘れさられているようだ。",
      "聖堂の力が流れ込んでくる、力がみなぎる。",
      "あなたは聖堂を無視した。"
    ],
    "OPTIONS": [
      "[祈る] #gカード #gを #gアップグレード。",
      "[立ち去る]",
      "アップグレードするカードを 1 枚選択する。",
      "[ロック] アップグレードできるカードが必要。"
    ]
  },
  "Wheel of Change": {
    "NAME": "変化のルーレット",
    "DESCRIPTIONS": [
      "こぎれいな身なりをした、陽気なグレムリンに出会った。 NL 「さあ、ルーレットの時間だよ！準備は ~い~ ~い~ ~か~ ~な~ ~？~ もちろんいいよね！」",
      "「 #yゴールド が当たったよ！ NL イェイ！」",
      "「おお、 #gギフト だ！ NL 良かったね！」",
      "「おおぉ、 #g回復 が当たったよ！」",
      "「どうやら #p呪い を当ててしまったようだね！ NL よくないな。 NL 仕方ない！次回の幸運を祈るよ！」",
      "おお #r~闇...~ の力だ NL 削除するカードを選んでね！",
      "「おおっと！ NL ハズレだ！」 NL あなたはグレムリンが隠しナイフを取り出すのに気づいた...",
      "あなたは気のふれたグレムリンに切りかかったが、軽々とかわされてしまった！ NL グレムリンは鈍いナイフであなたを数回切りつけた。 NL 「料金はこれで支払い済みだよ！」 NL するとグレムリンとルーレットは煙と共に姿を消した。"
    ],
    "OPTIONS": [
      "[プレイ]",
      "[賞品！]イェイ！",
      "[賞品！] #gレリックを獲得。",
      "[賞品！] #gHPを全回復。",
      "[賞品？] #r呪い #r- #r腐敗。",
      "[賞品！] #gデッキからカードを1枚削除。",
      "[賞品？] #rHPを #r",
      " #r失う。",
      "[立ち去る]",
      "削除するカードを 1 枚選択する。"
    ]
  },
  "Falling": {
    "NAME": "落下",
    "DESCRIPTIONS": [
      "浮遊物を飛び移りながら上層を目指しているときに、あなたは足を滑らせてしまった。 NL NL あなたは落ちていく。",
      "あなたは重力に引かれながら、とるべき行動を考えた： NL テクニックを活用し無事に着地する。 NL パワーを駆使して落下を乗り切る。 NL 壁に武器を突き刺してぶら下がる。",
      "あなたは素晴らしい着地を決めた。",
      "あなたの持つパワーを使い果たすことで、無傷で着地することができた。",
      "あなたは壁にはりついて、別の足場に飛び移ることができた。",
      "あなたは羽根が舞うようにゆっくり落下し、無傷で底に着いた。"
    ],
    "OPTIONS": [
      "[続行]",
      "[着地] #r以下を紛失 ",
      "[ロック] 必要な物：「スキル」カード",
      "[交感] #r以下を紛失 ",
      "[ロック] 必要な物：「パワー」カード",
      "[突き刺す] #r以下を紛失 ",
      "[ロック] 必要な物：「アタック」カード",
      "[立ち去る]",
      "[着地] "
    ]
  },
  "The Moai Head": {
    "NAME": "モアイ",
    "DESCRIPTIONS": [
      "*非常に*場違いだと思われるものにあなたは足を取られた。目の前には石でできた頭像が、他の壁からせり出すように佇んでいる。 NL 頭像は口を大きく開き、血で赤く染まった歯をむき出していた。像の表面は象形文字で埋め尽くされており、その文字は人が像の口に飛び込んで貪られることを表していた。なぜそのようなことをする人がいるのだろうか？",
      "あなたは像の口に足を踏み入れてみたが、何も起こらなかった。馬鹿げていると感じ始めたとき、巨大な歯が覆いかぶさってきてあなたを押し潰した。 NL @暗闇。@ NL しばらくたつと暗闇の中に銀色の光を見た。それからあなたが耳にしたのは石の歯が上に上がっていく音だった。 NL NL NL あなたは混乱している。",
      "あなたが後ろに飛びのくと巨大な臼歯が偶像を粉々に砕いた。再び口が開くと #yゴールド が口からあふれ出し、あなたは財宝の中に浮かんでいた。",
      "何が起こるのだろうと考えながらあなたは立ち去った。"
    ],
    "OPTIONS": [
      "[中に飛び込む] #gHPを全回復する。 #r最大HP- #r",
      "",
      "[供げる：黄金の偶像] #g333 #gゴールドを獲得。 #r黄金の #r偶像を #r失う。",
      "[ロック] 必要な物：黄金の偶像。",
      "[立ち去る]"
    ]
  },
  "Mysterious Sphere": {
    "NAME": "神秘の球体",
    "DESCRIPTIONS": [
      "周辺の混沌とした地形から骨組みの球体が飛び出して、神秘的に光り輝く物体を覆っている。 NL あなたはその物体が何なのか興味を持ったが、同時に見張りの存在にも気づいた。",
      "その球体を攻撃するや否や、見張りが目を覚ましあなたを取り囲む！",
      "欲張らなくてもいいだろう。"
    ],
    "OPTIONS": [
      "[球体を開く] #r戦闘。 #g報酬： #gレアレリック。",
      "[立ち去る]",
      "[戦闘]"
    ]
  },
  "Thinking with Puddles": {
    "NAME": "思考の水たまり",
    "DESCRIPTIONS": [
      "あなたはキラキラと光る水たまりに足を踏み入れた...すると真上の天井に向かって落ちていく！ NL 落ちながらあなたは次の行動を考えた。",
      "あなたはパニックになって腕をばたつかせ、怪我をしないように思いつく限りの方法を試みた。着地することがなくあなたは光る水たまりに再び落ちた...また...そして、また。脱出方法がわかった頃には数日が経過していた。まったく、情けない。",
      "あなたは着地に備えた、しかし、こんな奇妙な仕掛けに放り出されたことに対する有効な着地方法などは存在するはずがない。 @どさっ@ NL NL ...あなたはしばらくの間横たわりながら、液体と魔法でできた水たまりの存在を呪った。"
    ],
    "OPTIONS": [
      "[朦朧] #rレア#rカード#rを #r1 #r枚失う。",
      "[顔から落ちる] #r",
      " の #rダメージを受ける。 #r呪い- #r怪我",
      "[立ち去る]"
    ]
  },
  "Tomb of Lord Red Mask": {
    "NAME": "紅の覆面王の墓石",
    "DESCRIPTIONS": [
      "中に浮かぶ小道の反対側に豪華な装飾を施した墓石が見える。たどり着くと #yゴールド コインの投入口があり、その上にかき消された説明書きのようなものがある。",
      "あなたがマスクをかぶると、墓石は ~霧散~ ~して...~ 秘密の抜け道が現れた！ NL NL 抜け道は数え切れないほどの盗品や #yゴールド の山で埋め尽くされていた！",
      "墓石が開き、小さな赤いマスクが紙きれと共に滑り出してきた。「私がお前から奪ったように、他者から奪うがいい！」"
    ],
    "OPTIONS": [
      "[赤いマスクをかぶる] #g222 #gゴールドを獲得",
      "[ロック] 必要な物：赤いマスク。",
      "[供物： ",
      " ゴールド] #rゴールドをすべて失う。 #gレリックを獲得。",
      "[立ち去る]"
    ]
  },
  "Winding Halls": {
    "NAME": "曲がりくねった穴",
    "DESCRIPTIONS": [
      "グネグネとした通路をゆっくりと登っていくあなたは、道に迷い続けていることに気付いた。あなたの目の前にある壁や地面が、不可解に形を変えているからだ。頭の奥から囁き続ける声にも邪魔をされている。",
      "間違いなく見覚えがある構造物を通り過ぎたとき、あなたは自分に問いかけた。自分は気がふれてしまったのか、それともこの場所の信じがたい地形に惑わされているのか。状況を少しでも変えなくては、それも今すぐに。結局、囁き声も同じ事を言っていることだし、嘘である理由が見当たらない。",
      "あなたの中で何かが弾けた。このような場所を理解できるのは真の狂人のみである。物の見方を「改めた」あなたは、囁き声にしたがい前進を続けた。今では物事がよりはっきりと理解できる。",
      "周囲の揺らめく風景に立ち止まって注意深く観察すると、不規則性の中にパターンのようなものが浮き上がってきた。頭に響く奇怪な叫び声に思考を妨げられるたびに、あなたは精神的な苦痛を耐え忍んだ。 NL NL そうこうしながらもあなたは道筋を見極めて、前に進み続けた。今やあなたは、この見知らぬ場所の悪辣な仕打ちにも耐えることができるようになった。",
      "あなたは迷路で迷い続け、果てしない時間を費やした。 ゆっくりだが確実に、あなたは来た道を戻り、正しい方向に向かって、この捻じれた通路から出ることができそうだ。 NL NL この脱出であなたは #r~疲れ果てた~ 。"
    ],
    "OPTIONS": [
      "...",
      "[狂気の抱擁] #g狂気 を #g2　#g枚獲得。 #rHPを #r",
      " #r失う。",
      "[集中] #r呪い-苦悩 #rになる。 #gHPを #g",
      "[立ち去る]",
      " 回復。",
      "[来た道を引き返す] #r最大HPを #r",
      " #r失う。"
    ]
  },
  "Big Fish": {
    "NAME": "ビッグフィッシュ",
    "DESCRIPTIONS": [
      "長い回廊を下っていくと #yバナナ、 #yドーナツ、 #y箱 が ~空中に漂っている~ 。いや...近寄ってよく見ると天井に開いた穴から糸でぶら下がっている。近づいていくと @クワックワッ@ という鳴き声のような音が聞こえてきた。 NL どうする？",
      "#yバナナ を食べる。栄養があり、わずかながら #b魔力 も持っていた、あなたを癒してくれる。",
      "#yドーナツ を食べる。これはもってこいだ！最大HPが増加した。",
      "",
      "箱に手を伸ばす。中から #yレリック を見つけた！",
      " NL しかし、本当はドーナツがとても食べたかった... NL あなたを包む #r後悔 に似た ~悲しみ~ 。"
    ],
    "OPTIONS": [
      "[バナナ] #gHPを #g",
      " 回復。",
      "[ドーナツ] #g最大HP #g+",
      "。",
      "[箱] #gレリックを受け取る。 #r呪い-後悔",
      "[立ち去る]"
    ]
  },
  "The Cleric": {
    "NAME": "聖職者",
    "DESCRIPTIONS": [
      "黄金の冠（？）をかぶった、奇妙な青い人型生命体がにこやかに近づいてくる。 NL 「 @やあ、わが友よ！@ 私は #b聖職者だ！ 私の奉仕に興味があるかね？！ 」 その生命体は大声で叫んだ。",
      "温かい黄金の光があなたを包み込み、そして飛び散った。 NL その生命体はニヤリと笑う。「聖職者は最高のヒーラーだ。 @良い1日を過ごしたまえ！@ 」",
      "冷たく青い光があなたを包み込み、そして飛び散った。 NL その生命体はニヤリと笑う。「有能な聖職者だろう。 @良い1日を過ごしたまえ！@ 」",
      "この #b「聖職者」 とやらが信用できないあなたは、立ち去った。"
    ],
    "OPTIONS": [
      "[回復] #y35 #yゴールド： #gHPを #g",
      "[ロック] 必要な物： ",
      " ゴールド。",
      "[浄化] #y",
      " #yゴールド： #gデッキからカードを #g1 #g枚削除。",
      "[ロック] 必要な物：50 ゴールド。",
      "[立ち去る]",
      "削除するカードを 1 枚選択する。",
      " #g回復。"
    ]
  },
  "Dead Adventurer": {
    "NAME": "冒険者の屍",
    "DESCRIPTIONS": [
      "その冒険者の持ち物を漁っているところであなたは不意を突かれた！",
      "あなたは音も立てないように出て行った。",
      "床に横たわっている #r冒険者の屍 がある。 NL #bズボン が盗まれている！また、 ",
      "鎧と顔に #r@炎@ #r@によって@ #r@焼かれた@ 痕跡がある。 ",
      "どうやら角のある野獣に #r@抉られて弄ばれた@ ようだ。 ",
      "彼は大きな爪で #r@内臓を抜かれ@ #r@て@ #r@切り刻まれた@ ようだ。 ",
      "NL 彼の #y所持品 はまだ無事だが、ここで何が起こったのかを知ろうとは思わなかった。",
      "あなたは #yゴールド を見つけた！ NL 探し続ける？",
      "ふーむ、何も見つからない... NL 探し続ける？",
      "あなたは #yレリック を見つけた！探し続ける？",
      "どうやら所持品を無事に探索し終わったようだ。"
    ],
    "OPTIONS": [
      "[探す] #g戦利品を発見。 #r",
      "[立ち去る]",
      "[戦闘]",
      "[続行] #g戦利品を発見。 #r",
      "%： #rモンスターが戻ってくる。"
    ]
  },
  "Golden Idol": {
    "NAME": "黄金の偶像",
    "DESCRIPTIONS": [
      "地味な台座に #y輝く黄金の偶像 が鎮座している。非常に価値がありそうなものだ。 NL NL 周りに罠が仕掛けられてはいないと確信できる。",
      "偶像を手に取ってしまい込んでいると、あなたの側に巨大な石球が天井を突き破って落ちてきた。 NL 石球があなたに向かって転がり始めた時に床が傾いていることに気付いた。",
      "@逃げろぉーー！@ NL 石が真後ろに迫ってきたときに、なんとか隣の通路に飛び移ることができた。残念なことに身体のどこかを痛めたらしい。",
      "石に身体を投げ出した。埃が晴れてくると、安全に退出することができた。",
      "@ぐしゃ！@ NL 石球は通り過ぎながらあなたを押しつぶした、しかしこれしか方法が無かったのだ。",
      "もし明らかに罠だと言えるものがあるとすれば、これがそうだろう。 NL あなたは台座に置かれたものには手を触れないことにした。"
    ],
    "OPTIONS": [
      "[取る] #g黄金の偶像を取得。 #r罠を発動。",
      "[立ち去る]",
      "[逃げ切る] #r呪い-怪我",
      "[衝突] #r",
      " #rダメージを受ける。",
      "[隠れる] #r最大HP- #r",
      "　。"
    ]
  },
  "Golden Wing": {
    "NAME": "黄金の翼",
    "DESCRIPTIONS": [
      "石や石球の間に、精巧に作られた大きな青い翼のような像があった。 NL ひび割れの間から #yゴールド があふれ出している。中にもっと入っているかも...",
      "大きな鳥を崇拝する、カルト教団の話を聞いたことがある。祈りを捧げようと跪いたあなたが ~感じた~ のは... ~めまい~ だった。 NL NL 少しして起き上がると、不思議と足が軽かった。",
      "渾身の力で像を打ち付けた。 NL それはすぐに @粉々になり、@ 中から現れたのは #y山の様なゴールド だった。掴めるだけ掴むとあなたは先を急いだ。",
      "像はどこかしらあなたを~不安~にさせた、あなたは像を通り過ぎて前に進んだ。"
    ],
    "OPTIONS": [
      "[祈る] デッキからカードを #g1 #g枚削除 。 #rHPを #r",
      " #r失う。",
      "[破壊] #gゴールド #g",
      " #g- #g",
      " #g獲得。",
      "[ロック] 必要な物： ",
      " ダメージ以上のカード。",
      "[立ち去る]",
      "[続行]",
      "削除するカードを 1 枚選択する。"
    ]
  },
  "World of Goop": {
    "NAME": "一面の堆積物",
    "DESCRIPTIONS": [
      "あなたは汚水の水たまりに落ちた。 NL @それは@ #g@スライム@ @の@ #g@堆積物@ @で出来ていた！@ NL 堆積物が灼けつくのを感じながら、あなたは数分の間半狂乱でもがいた。 NL 耳や鼻、堆積物は身体中にまとわりついてくる。 NL NL 這い出しながら #yゴールド を失っていることに気付く。水たまりを覗き込むと、あなたが落とした硬貨と悲運な冒険者たちが落とした #yゴールド が混ざり合っている。",
      "堆積物がしばらく肌に触れていると突き刺さるような痛みを感じたが、あなたはなんとか #yゴールド を回収することができた。",
      "労働の対価には見合っていない。"
    ],
    "OPTIONS": [
      "[ゴールドを回収] #gゴールド #g",
      " #g獲得。 #rHPを #r",
      " #r失う。",
      "[立ち去る] #rゴールド #r",
      " #rを失う。",
      "[立ち去る]"
    ]
  },
  "Liars Game": {
    "NAME": "サ・サ・サ・サ・サーペント",
    "DESCRIPTIONS": [
      "入室すると、地面に大きな穴がある。穴に近づくと、蛇に似た巨大な生き物が中から現れた。 NL NL ~「ホ~ ~ホー――！~ ~こんにちは~ ~こんにちは！~ ~ここ~ ~に~ ~いるのは~ ~何処の~ ~誰かな？~ こんにちは、冒険者さん、簡単な質問をしますよ。 NL 人生で最高の充足は、 #y~欲しいものを何でも買うこと！~ NL そう思いますか？」",
      "~「そうでええええええす！」~ NL ~これは~ ~試す~ ~価値が~ ~ありそう~ NL ~シー~ ~スス..~ ~スススス....！~",
      "蛇はとてもがっかりした様子であなたを見つめた。",
      "蛇は首を引くと大量の #yゴールド を上に向かって吐き出した！ NL 素晴らしいと同時におぞましい光景でもあった。 NL あなたは #yゴールド を拾い集めて蛇に礼を言うと、先に進んだ。"
    ],
    "OPTIONS": [
      "[同意] #gゴールド #g",
      " #g獲得。 #r呪い-疑念 #rを獲得。",
      "[同意しない]",
      "[続行]",
      "[立ち去る]"
    ]
  },
  "Living Wall": {
    "NAME": "生きている壁",
    "DESCRIPTIONS": [
      "行き止まりを引き返そうと振り返ると、天井の壁が @音を立てて崩れ落ちてきた@ 。閉じ込められた！ NL NL 3つの壁に顔が現れ、話し始めた。 NL #b「汝が知るものを忘れよ。さすれば道は開かれん。」 NL #p「私は新しい場所を見るという変化を必要としている」 NL #y「汝、我を通り抜けたければ、汝、成長すべし。」",
      "あなたの前にあった顔は、満足したように再び天井に戻った。後に道が開かれた。"
    ],
    "OPTIONS": [
      "[忘却] #gデッキからカードを #g1 #g枚削除 。",
      "[変容] #gデッキのカードを #g1 #g枚変化させる。",
      "[成長] #gデッキのカードを #g1 #g枚アップグレード。",
      "削除するカードを 1 枚選択する。",
      "変更するカードを 1 枚選択する。",
      "アップグレードするカードを 1 枚選択する。",
      "[立ち去る]",
      "[ロック] アップグレードできるカードが必要。"
    ]
  },
  "Mushrooms": {
    "NAME": "マッシュルーム",
    "DESCRIPTIONS": [
      "あなたは不自然な食欲に支配された。つぎつぎとマッシュルームを食べていくと、眩惑を感じて失神した。目を覚ますと、奇妙な感覚がある。 NL #gHPが #b25% 回復したが、同時に #r寄生 された。",
      "#r@待ち伏せだ！@ NL マッシュルームに寄生されたげっ歯類がどこからともなく現れた！",
      "回廊に足を踏み入れると、そこには #b~目のくらむような~ #b~色とりどりの~ #b~マッシュルーム~ が生えていた。 NL 菌類学の知識に乏しいあなたは、どういった種類のものなのか判別することができない。 NL 立ち去りたかったが、　#b~マッシュルーム~ を食べることへの奇妙な衝動を感じる。"
    ],
    "OPTIONS": [
      "[踏み潰す] #rマッシュルームを怒らせる。",
      "[食べる] #gHPを #g",
      " #g回復。 #r呪い-寄生",
      "[戦闘]",
      "[立ち去る]"
    ]
  },
  "N'loth": {
    "NAME": "ヌロス",
    "DESCRIPTIONS": [
      "背中から触手を生やした奇妙なせむしの生き物がゴミや残骸を漁っている。あなたが近づくと、身体を引きずって近寄ってくる。敵意はない様子だ。 NL 「ヌロス 腹がへった。ヌロスに食わせろ」",
      "#yレリック を彼に向って差し出すと、ヌロスはそれを触手で奪い取った。あごを外して口を大きく開き、差し出したものを一飲みにした。 NL 彼は歯をむき出しにしてあなたにニヤリと笑いかける。彼の背後からはさらなる触手が現れた。信じられないほど綺麗な箱を振り回している。あなたが手に取るまで彼はその箱を押し付けてきた。",
      "あなたは首を振った。ヌロスは一層背中を丸めて溜息をつくと、走り去っていった。"
    ],
    "OPTIONS": [
      "[供物： ",
      "] #rこのレリックを失う。 #g新たに特別なレリックを獲得。",
      "[立ち去る]"
    ]
  },
  "Scrap Ooze": {
    "NAME": "スクラップスライム",
    "DESCRIPTIONS": [
      "部屋に足を踏み入れると、金属が @こすれて@ ~ガラガラ~ と音を立てているのを耳にした。目の前にはスクラップを食べ過ぎたスライムのような生き物がいる。その生き物の中心が怪しい光を放っている。魔力を秘めているのか？その生き物の中に...開口部から少し手を伸ばせば #y宝 に手が届きそうだ。だが、酸と尖った金属で #r怪我 をするかもしれない。",
      "#r@痛い！@  NL あなたが発見したものは腐食した金属と少しばかりの #r@燃えるような@ #r@痛み@ だ。 NL それでも、中には #yレリック があるに違いない...",
      "#g上手くいった！ NL 金属を引っ掻き回して燃えるような痛みに耐え、あなたはついに #yレリック を掴んで引きずり出した。 NL あなたはスライムから這い出した、 #rダメージ を負ったが報酬も手に入れた。",
      "あなたはこのエリアを去ることにした。 NL スライムは気に留める様子がない。食事に夢中だ。"
    ],
    "OPTIONS": [
      "[中に手を伸ばす] #rHPを #r",
      " #r失う。 #g",
      "%： #gレリックを発見。",
      "[立ち去る]",
      "[もっと深く] #rHPを #r"
    ]
  },
  "Shining Light": {
    "NAME": "輝く光",
    "DESCRIPTIONS": [
      "光り輝く #y光の筋 が部屋の中心を照らしている。 NL NL それは ~暖かな光と魅力的な形状~ であなたを招き入れた。",
      "光に足を踏み入れると、光があなたに吸い込まれていく。 NL それは #r@燃えるような熱さだ@ ！しかし、痛みはすぐに消え去った。 NL まるで目の覚めるような平手打ちをくらったがごとく #b活力 がみなぎってくるのを感じた。",
      "あなたは周りを歩き、何が起こるのだろうと考えた。"
    ],
    "OPTIONS": [
      "[入る] #gランダムなカード #g2 #g枚をアップグレード。 #rHPを #r",
      " #r失う。",
      "[立ち去る]",
      "[ロック] アップグレードできるカードが必要。"
    ]
  },
  "Addict": {
    "NAME": "すがりつくホームレス",
    "DESCRIPTIONS": [
      "包帯を全身に巻いた集団がいる。こっそり通り過ぎようとしたが、その中の一人があなたに近づいてきた。 NL 「おお友よ…何か恵んでくれないか？ 頼むよ… 少しでいいから #yコイン をもらえないか？」 NL 「ただどこかに泊まりたいだけなんだ。交換で渡せる宝物を持ってるぞ…」 NL 彼は妄想に取りつかれているようだが、害はなさそうだ。",
      "「よし、 ~よし!~ さあさあ、これこそ公正取引ってやつだ。」",
      "あなたは彼が大事そうに抱えていた #yレリック をひったくり、立ち去った。 NL 背後から声が聞こえる。 NL 「この恥知らずが。 ~この、恥、知らず、がーーーっ！~ 」 NL あなたは幾ばくかの #p羞恥 を感じた。"
    ],
    "OPTIONS": [
      "[ゴールドを渡す] #y",
      " #yゴールド: #gレリックを受け取る。",
      "[ロック] 必要なもの: ",
      " ゴールド。",
      "[強奪] #gレリックを奪い取る。 #r呪い #r- #r羞恥。",
      "[立ち去る]",
      "",
      ""
    ]
  },
  "Back to Basics": {
    "NAME": "古代の筆跡",
    "DESCRIPTIONS": [
      "市街地を徘徊していると、壁一面に #y~古代人~ が何かを書き残している。謎掛けのようなシンボルと絵文字が何を意味しているのか考えようとしたところ、それらの文字が #b~輝き~ 始めた。 NL 伝えたいメッセージが突然はっきりとわかった...",
      "答えは優雅。 NL 当然だ。",
      "真実はいつもシンプルだ。"
    ],
    "OPTIONS": [
      "[優雅] #gデッキからカードを #g1 #g枚削除 。",
      "[シンプル] #gすべての「ストライク」と「防御」をアップグレード。",
      "削除するカードを 1 枚選択する。",
      "[立ち去る]"
    ]
  },
  "Beggar": {
    "NAME": "年老いた物乞い",
    "DESCRIPTIONS": [
      "毛皮をまとった年寄りの物乞いが通りすがりに手を伸ばしてくる。「小銭をもらえんだろうか？」",
      "あなたが通り過ぎるときに物乞いは視線を床に落とした。 NL 「お前さんは何も成し遂げることはできん...何1つな」",
      "物乞いが身にまとったマントを脱ぎ捨て正体を現した、彼は #b聖職者 だ！ NL @「お前さんは親切な人だ！私から清めを授けよう！」@ 彼は叫んだ。 NL 彼が感謝しているのか、気がふれたのか判然としない。",
      "@「今回は@ @君が@ @上手く@ @出来る@ @ように@ @私は@ @願っているよ、@ @友よ！」@ 彼は叫んだ。 NL それが何を意味するのか考えながら、あなたは歩を進めた。"
    ],
    "OPTIONS": [
      "[ゴールドを提供] #y",
      " #yゴールド： #gデッキからカードを #g1 #g枚削除。",
      "[ロック] 必要な物： ",
      " ゴールド。",
      "[続行]",
      "[立ち去る]",
      "削除するカードを 1 枚選択する。"
    ]
  },
  "Cursed Tome": {
    "NAME": "呪われた本",
    "DESCRIPTIONS": [
      "あなたは廃寺院で大きな本を見つけた。開いてみると #p@暗号のような文字@ で埋め尽くされている。 NL NL 精巧な書体を解読しようと試みていたとき、それは #b~形を変え~ そして見覚えのある文字に #b~変身~ していった。",
      "奇妙だ。本は #yネオー と呼ばれる #y古代人 について書かれている。 NL NL これに好奇心を掻き立てられたが、どうにも体の #p~不調~ を感じる。",
      "甦った古代人である #yネオー は塔の最下層に逃げ込んだ。 NL NL もっと読み進めたかったが、身体が #r~痛み~ 出している。",
      "復讐を誓った #yネオー は、外部からの人間に肩入れし、彼らを手駒にしたてあげた。 NL NL あなたの体はとても #r~弱り、そして疲れ~ 始めていた。",
      "#yネオー によって甦ったものは断片的な過去の記憶しかもたず、永遠に戦い続けなければならない。 NL NL 最後のページに差し掛かろうとしたとき #r@古傷が再び開き始めた！@",
      "本を読み終えたあなたは、本を持って行くことにした。証明するものを手に持てば、記憶を維持できるのだろうか？",
      "#p~暗闇の~ #p~エネルギー~ が台座に置かれた本から #p~放たれている~ のを感じながら、あなたは退出した。",
      "信じられない自己抑制と意思の力で、あなたは本を読みたい衝動に抗い @ぴしゃり@ と閉じた。 NL 踵を返して寺院を後にした、　#b~力~ が吸い取られたようだ..."
    ],
    "OPTIONS": [
      "[読む]",
      "[続ける] #rHPを #r1 #r失う。",
      "[続ける] #rHPを #r2 #r失う。",
      "[続ける] #rHPを #r3 #r失う。",
      "[止める] #rHPを #r3 #r失う。",
      "[取る] #g本を手に入れる。 #rHPを #r",
      " #r失う。",
      "[立ち去る]"
    ]
  },
  "Drug Dealer": {
    "NAME": "増強因子",
    "DESCRIPTIONS": [
      "眼帯をして邪悪な笑みを浮かべた男が気安く近づいてくる。 NL 「よお、見ない顔だな。 最新の科学ってやつに興味はないか？ 訓練や祝福なんかよりも強くなれるぜ。あの死にたがりの英雄たちの仲間ならこれが必要になる。 NL ~どうするね？~ 」",
      "~「いい選択だ。」~ NL 男は見るからに危うげな、 #b~発光する液体~ に満たされた注射器を手渡すと、暗がりへと消えて行った。",
      "~「素晴らしい。」~ NL 男は三つの謎の物質をあなたに注入すると、メモ帳を引っ張り出した。 あなたが眩暈を感じ始めると、彼は一心不乱にメモを取り始めた。 NL どれぐらいの時間が経ったのだろうか。意識を取り戻した時には、胡散臭い男は既に姿を消していた。",
      "~「こりゃ驚いたな。」~ NL あなたは得体の知れない物質を飲み干した。たちまちあなたは活力に満ち、筋繊維が @収縮@ するのを感じる。"
    ],
    "OPTIONS": [
      "[J.A.X.を試す] #gジャックスする。",
      "[実験体に志願] #g3枚のランダムなカードを変化させる。",
      "[突然変異原を摂取] #g特別なレリックを獲得する。",
      "[立ち去る]",
      "[ロック] 必要なもの: デッキに3枚以上のカード。",
      ""
    ]
  },
  "Forgotten Altar": {
    "NAME": "忘れられた祭壇",
    "DESCRIPTIONS": [
      "古の神を祭った祭壇が目の前にある。 NL 祭壇の上には手を広げた女神像が置かれていた。 NL 彼女があなたに問いかける。贄を捧げよと。",
      "あなたは、祭壇の上に静かに偶像を乗せた。すると #b冷たい 風が部屋を吹き抜けていった。 NL 女神像の腕は変色し崩れ始めた。 NL NL あなたが置いた #y黄金の偶像 は毒黒く色が変わり目から涙を流し始める。 NL 涙がとめどなくあふれ出していた。",
      "あなたは祭壇に立ち、手首を切った。 NL 流れ出る #r血 が贄となる、女神像が腕を伸ばしてあなたの目を閉じた。 NL 真っ暗になった。 NL しばらくしから目を覚ますと、何か新しい力に目覚めたような感覚を覚えた。",
      "あなたは女神像に駆け寄って像を破壊した、あなたを縛り付けるこの部屋の結界が打ち砕かれる。 NL 邪悪な嘆きが辺りにこだました。 #p~呪いの魔法~ が体の芯に染み込んでいく。"
    ],
    "OPTIONS": [
      "[供物：黄金の偶像] #g特別なレリックを受け取る。 #r黄金の偶像を失う。",
      "[ロック] 必要な物：黄金の偶像。",
      "[犠牲] #g最大HP+ #g",
      " 。 #rHPを #r",
      " #r失う。",
      "[ロック] 必要な物：ヒューマニティ。",
      "[冒涜] #r呪い-腐敗"
    ]
  },
  "Knowing Skull": {
    "NAME": "しゃれこうべ",
    "DESCRIPTIONS": [
      "装飾が施された古い部屋に入った。部屋の中央の豪華な台座には、巨大な頭蓋骨が鎮座している。近づいていくと、頭蓋骨が #g@発火して炎に包まれた@ 。あなたを見つめている。",
      "「オ前ハ何ヲ求メ、何ヲ差シ出ス？」 NL 言い終わるやいなや、後ろの扉が @音を立てて@ @閉じた@",
      " NL NL 「他ニハ？」",
      " ",
      "「飲ミ干セ！」 NL ポーションを手に入れた。",
      "「コレハドウダ？」 NL カードを手に入れた。",
      "「定命ノ者達ハ、変ワラヌナ。ソレ。」 NL #yゴールド の雨があなたに降り注ぐ！",
      "「後ロダ。定命ノ者ヨ。」 NL あなたは頭蓋骨の後ろを覗き込んだ。確かに扉がある。"
    ],
    "OPTIONS": [
      "[続行]",
      " #r失う。",
      "[情報？] #gボスの正体を暴く。 #rHPを #r",
      "[成功？] #gランダムな無色のカード #g獲得。 #rHPを #r",
      "[景気づけ？] #gランダムなポーションを獲得。 #rHPを #r",
      "[富？] #gゴールド #g",
      " #g獲得。 #rHPを #r",
      "[立ち去る？] #rHPを #r",
      "[立ち去る]"
    ]
  },
  "Masked Bandits": {
    "NAME": "覆面の盗賊",
    "DESCRIPTIONS": [
      "へへへ… #yゴールド をありがとよ！ NL ああ #yゴールド は大好きさ。いいもんだよな。 NL #y~キラキラ~ #y~キラキラ~ チャリーンだからな！",
      "おい #bベア おいって！ NL こいつが手持ちの #yゴールド を全部よこしたぜ！おめでたい奴だろ？NL いいか、下手にでればいいだけだった。そんなのわかるかよ？！ NL 少なくとも俺は知らなかったぜ！なんて間抜けだ！",
      "さあみんな、この素晴らしい機会を笑い飛ばそうぜ！ NL @ハッハー@ NL @ホ@ @ホー@ ~ホーホー！~ NL ~ホー！~",
      "おや？まだいたのかい？NL 何か聞いたかな？そんなはずはないんだが。 NL #r@*フン*@ ~...負け犬め....~ @ハハハ@ ~はあーはは~",
      "あなたは #r赤い #r覆面 をかぶった盗賊団に出くわした。 NL 「よお、通行料を払ってくれよ... お安くしておくぜ @手持ちの@ #yゴールド 全部でいいや！へっへ！」"
    ],
    "OPTIONS": [
      "[支払う] #rすべての #yゴールド #rを失う。",
      "[戦闘！]",
      "[続行]",
      "[立ち去る]"
    ]
  },
  "Spire Heart": {
    "NAME": "塔の心臓",
    "DESCRIPTIONS": [
      "@ドクン@ … @ドクン@ … @ドクン@ … NL 脈打つ恐ろしき何かで部屋中が満ちている…。 NL これは塔の #r~心臓~ なのだろうか？邪悪の根源？",
      "あなたは #b",
      " ダメージを与えた！ NL 心臓は #r@もがき@ そして #r~血を流している~ ...しかしその鼓動は止まることがなかった。 NL 全身全霊の力を振り絞ったのに？",
      "あなたは自問する、 ~「以前もこの場所に来たことがあるような気がする…」~ NL 合計 #b ",
      " のダメージを心臓に与えたような気がする。",
      " NL 合計 #b",
      " のダメージが挑戦者達によって与えられている。",
      " NL #y~意識が遠のく~ につれ、鼓動が高まっていった…",
      "NL 刃を携え…",
      "NL 短剣を忍ばせ…",
      "NL 全力を出し切るために精神を集中する…"
    ],
    "OPTIONS": [
      "[続行]",
      "[攻撃] #b???",
      "[眠る]"
    ]
  },
  "The Joust": {
    "NAME": "馬上槍",
    "DESCRIPTIONS": [
      "大きな建造物を通り抜けていくと細長い橋が架かっており、それぞれのたもとには互いに睨み合う騎士たちが立っていた。あなたは近づこうとする... NL @「止まれ！」@ NL NL 一人の騎士が槍で威嚇するようにあなたを制止した。",
      "「今日こそは私のペット #yヌードルス の #r仇 をとってやるのだ。それまで通ることまかりならん。 NL NL 証人よ、どうだ？どちらが勝利の栄光に輝くか #b賭けて みないかね？」",
      "「お主が #yヌードルス の逆にはるとは信じられん！」 NL NL 怒りに燃えて兜をかぶると、彼は仇敵に突進していった。",
      "「 #yヌードルス 私に力を！」 NL NL 兜をかぶると、騎士は突進していった。",
      "NL #y@*ガシャーン！*@ #r@*ギャリーィーン！*@ NL NL #g@*ドン！*@",
      "仇敵は倒れた。 NL NL ",
      "飼い主は死んだ。 NL NL ",
      "あなたは賭けに #g勝った 。どうとらえれば良いのかわからないまま、あなたは賞金を受け取って立ち去る。",
      "あなたは賭けに #r負けた 。槍で突き殺されないだけでも良しとしよう。"
    ],
    "OPTIONS": [
      "[続行]",
      "[仇敵] #y賭け金 #y",
      " #yゴールド - #g70%： #gゴールド  #g",
      " #y獲得。",
      "[飼い主] #y賭け金 #y",
      " #yゴールド - #g30%： #g賞金 #g",
      "[観戦]",
      "[立ち去る]"
    ]
  },
  "The Library": {
    "NAME": "図書館",
    "DESCRIPTIONS": [
      "装飾を施した建物がある、廃墟のようだ。 NL 壁から剥がれた銘板が床に横たわっている。 #bそれには「図書館」 と書いてある。 NL 中には巻物や原稿、それに本が所狭しと置かれていた。 NL そのうちの1つを拾い上げたあなたは椅子に腰を下ろして落ち着いた。",
      "愚鈍について書かれている。 NL 座り心地の良い椅子で眠りに落ちた。 NL ~Zzz...~ ~zzz...~ ~..Zz....~ NL スッキリとして目が覚めた。",
      "十代の少女を英雄に仕立て上げようとする虫の物語だ。独創的な力の使い方や戦闘における策略、様々な角度からの物の見方が書かれていた。 NL おもしろい。",
      "物語は、星の向こうへ旅をし荒野の星に流れ着いた男についてだった。男の正気を保つ工夫、運、根気、そしてユーモアが、帰還への手段となった。 NL 驚きだ。",
      "物語の舞台は、ポツンと建った巨大建造物の地下だ。辺りの環境は生活に適さなくなっている。小説は謀略、プロパガンダ、不正にまみれていた。同じようなことがこの塔で行われているのでは、とあなたは考える。 NL どうにも不愉快だ。"
    ],
    "OPTIONS": [
      "[読書] #g20 #g枚のカードの中から、デッキに加えるカードを #g1 #g枚選択。",
      "[睡眠] #gHPを #g",
      " #g回復。",
      "[立ち去る]",
      "カードを 1 枚追加する。"
    ]
  },
  "The Mausoleum": {
    "NAME": "霊廟",
    "DESCRIPTIONS": [
      "墓石群を通り抜けていくと、丸い部屋があり中央には ~宝石~ ~が~ ~はめ込まれた~ 石棺が置かれていた。 NL 棺に何と書かれているのかはわからなかったが、　#p~黒い煙~ が横から漏れ出ているのに気づいた。",
      "蓋を押し開けてみる。すると、解放された #p~黒い煙~ は部屋に充満した。中に遺体らしきものは無く、 #y~レリック~ があるだけだった。それを手に取ったあなたは先を急いだ、 #r@咳@ #r@が止まらない。@",
      "蓋を押し開けてみる。煙は何事もなく霧散した。中には、着飾った戦士の遺骸があり手には #yレリック を握りしめている。あなたはそれをくすねて立ち去った。",
      "あなたは忘れ去られた戦士の静寂を乱すことなく先に進んだ。"
    ],
    "OPTIONS": [
      "[石棺を開封] #gレリックを受け取る。 #r",
      "%： #r呪い-苦悩",
      "[立ち去る]"
    ]
  },
  "Vampires": {
    "NAME": "吸血鬼（？）",
    "DESCRIPTIONS": [
      "灯りが落ちた通りを行くと、数人の頭巾をした人物が、何やら儀式のようなものを行っているところに出くわした。あなたが近づくと、薄気味悪く一斉にこちらを向く。一番背の高い人物には牙があった。彼は長く青白い手をあなたに伸ばしてくる。 NL ~「兄弟よ、我らの仲間に加われ…そして塔の温もりを肌で感じるのだ。」~",
      "灯りが落ちた通りを行くと、数人の頭巾をした人物が、何やら儀式のようなものを行っているところに出くわした。あなたが近づくと、薄気味悪く一斉にこちらを向く。一番背の高い人物には牙があった。彼は長く青白い手をあなたに伸ばしてくる。 NL ~「姉妹よ、我らの仲間に加われ…そして塔の温もりを肌で感じるのだ。」~",
      "その長身の人物にあなたは腕を掴まれて引き寄せられた。彼の牙があなたの首筋に突き刺さる。 @暗闇の力@ が首から注ぎ込まれ、身体を @駆け巡る@ のを感じた。 NL ... NL しばらくして目を覚ますと、誰もいなくなっていた。あなたは強烈な ~空腹~ をおぼえる。 #r何か口にしなければ...",
      "あなたは後ろに下がると武器を構えて抵抗する姿勢を見せた。長身の人物が溜息をつく。「いいだろう」頭巾の団体は毒黒い黒煙に姿を変えると、漂いながら飛び去っていった。 NL あなたはまた一人になった。",
      "あなたが #y血のガラス瓶 を取り出すと青白い人物たちは固唾をのんだ。 NL ~「主の~ ~血だ...~ ~主の~ ~血だ！~ @我が主の@　@血だ！」@ NL 彼らが熱心に何かを詠唱する中、長身の人物があなたにお辞儀をした。「彼の血を飲むがいい、そして #y~彼~ と1つになるのだ」 NL 詠唱がさらに激しくなる、あなたは瓶の中身を飲み干した。すぐに ~気が遠く~ なり、暗闇に包まれていった。 NL NL しばらくして目を覚ますと、誰もいなくなっていた。あなたは強烈な ~空腹~ をおぼえる。 #r何か　#r口にしなければ。",
      "灯りが落ちた通りを行くと、数人の頭巾をした人物が、何やら儀式のようなものを行っているところに出くわした。あなたが近づくと、薄気味悪く一斉にこちらを向く。一番背の高い人物には牙があった。彼は長く青白い手をあなたに伸ばしてくる。 NL ~「壊れし者よ、我らの仲間に加われ…そして塔の温もりを肌で感じるのだ。」~"
    ],
    "OPTIONS": [
      "[承諾] #gすべてのストライクを削除。 #g5 #g枚の噛みつきを獲得。 #r最大HPの #r",
      "%を #r失う。",
      "[拒否]",
      "[喪失 ",
      "] #gすべてのストライクを削除。 #g5 #g枚の噛みつきを獲得。",
      "[立ち去る]"
    ]
  },
  "Ghosts": {
    "NAME": "幽霊議会",
    "DESCRIPTIONS": [
      "塔を上り続けていると、 #p~濃密な黒煙~ があなたの周囲の地面や壁から噴き出し、3体の仮面を被った何かに形を変えて話し始めた。 NL NL ~「~ #y~ネオー~ ~のあやつり人形がまた一人来たようだな。」~ NL #r@「そのようだ！@ #r@彼女が作るおもちゃはいつだって最高だ！」@ NL NL あなたは口が裂けるほどの笑みを浮かべた三体目が、こちらを見つめていることに気づいた。 NL 「他の二人は気にするな… 我らの #y~力~ に興味はないか？」",
      "",
      "#y「すばらしい！」 NL 幽霊のような何かが喋ると、 その口がどんどん大きく開いていくことに気づいた。 噴き出した #p~深い黒煙~ が部屋を包み込む。 何も見えず、息もできない… NL NL あなたが意識を失う直前に、謎の現象は収まった。 NL NL 一体何が起こったのかわからないが、彼らはもうどこかに消えてしまった。 軽い #b虚脱感 を感じる。",
      "「おやおや…」 NL ~「遅かれ早かれ我らの仲間入りをするというのに。」~ NL #r@「アーハッハッハッハッハハハ！」@ NL NL 謎の何かは消え去り、ゾッとするような笑い声だけがあなたの耳に残った。",
      ""
    ],
    "OPTIONS": [
      "[承諾] #g5 枚の #g幻姿 を獲得。 #r最大HPの #r",
      "%を #r失う。",
      "[拒否]",
      "",
      "",
      "[立ち去る]"
    ]
  },
  "SecretPortal": {
    "NAME": "秘密のポータル",
    "DESCRIPTIONS": [
      "目の前に、あなたの周りの景色にはそぐわない光景が広がっていた。 石に囲まれた #p~ぐるぐる渦巻く魔法のポータル~ が、彼方の壁に奇妙にも埋め込まれていた。~ NL NL どこに通じてるのか見当もつかないが、もしかしたら塔の旅を短縮できるかもしれない。",
      "ポータルに飛び込むと、あなたの時間と空間の感覚は完全に切り離された。 NL NL 新しい場所に意識を向けると、あなたは眼前に恐ろしき戦いが待ち受けていることに気づいた。",
      "慎重さと用心深さこそが、塔の頂上への近道だろう。 ポータルを無視してあなたは進むことにした。"
    ],
    "OPTIONS": [
      "[ポータルに入る] 即座にボスのところまでワープする。",
      "[立ち去る]"
    ]
  },
  "SensoryStone": {
    "NAME": "センサリーストーン",
    "DESCRIPTIONS": [
      "彼方を探索していると、空中に浮かぶ #b光輝く 四次元キューブを発見した。それは静かに @回転@ し、 ~変化し続けている。~ ",
      "あなたはそれに触れる。 NL NL #r鋭い痛み が体の中を駆け巡り、遠い記憶が鮮やかに蘇る。 NL …一体これは誰の記憶だ？",
      "それは #r~恐怖~ の記憶。 NL NL 悪魔のような生き物が、笑い声を上げながらあなたの頭上を飛び回っている。 あなたは仲間の死体に囲まれていて、村は恐ろしい #p~闇の炎~ に飲み込まれている。 NL NL 悪魔は叫び、あなたを嘲笑った。 NL NL 「 #r@フフッ…フハハハハハッハハッハハッハ！@ 」 NL NL 笑い声は永遠に響き続けた…",
      "それは #g~勝利~ の記憶。 NL NL #p~幽霊のような生物~ の残滓が、あなたの目の前の泥に沈んでいくのが、月明かりのもとでかろうじて見えた。 あなたは姉妹たちの中で確固たる自らの価値を証明した。 NL NL 勝ち誇って立ち上がり、他の者たちが儀式の一環で動物の頭蓋骨を頭に被せるのを、ただ静かに待っていた。 儀式は完了した。 NL NL あなたは塔へ向かう…",
      "それは #g~混乱~ の記憶。 NL NL #y[OBJECTIVE] #gBALANCE #gmust #gbe #gENFORCED NL #y[DEFINE] #gBALANCE NL #y[ERROR] #gBALANCE #gNOT #gFOUND NL #y[DEFINE] #gBALANCE NL #y[ERROR] #gBALANCE #gNOT #gFOUND NL #y[WARNING] #rLarge #robject #rapproaching NL NL ~「わたし…は…ネオー…」~"
    ],
    "OPTIONS": [
      "[思い起こす] #g無色のカード1枚をデッキに加える。",
      "[思い起こす] #g無色のカード2枚をデッキに加える。 #rHPを #r",
      "[思い起こす] #g無色のカード3枚をデッキに加える。 #rHPを #r",
      " #r失う。",
      "[立ち去る]",
      "[触れる]"
    ]
  },
  "The Woman in Blue": {
    "NAME": "青い服の女",
    "DESCRIPTIONS": [
      "暗闇から伸びた手があなたを小さな店に連れ込んだ。目が慣れてくると、整った身なりの青白い顔の女が壁に並んだポーションを勧めるような身振りをしている。 NL 「ポーションを買って。今すぐ！」彼女が言う。",
      "「いいわ。じゃあ行きなさい」 NL あなたは注意深く店を出た。",
      "#r@ガツン@ NL 手袋をはめた女の拳があなたの顔を殴る、もう少しで倒れ込んでしまうところだった。 NL 「臓物を床にまき散らしたくないなら出ていきな」彼女の言葉通りに無傷の内臓と共に店を出た。"
    ],
    "OPTIONS": [
      "[1 ポーション購入] #y",
      "[2 ポーション購入] #y",
      "[3 ポーション購入] #y",
      " #yゴールド。",
      "[立ち去る]",
      "[立ち去る] #r",
      " #rダメージを受ける。"
    ]
  },
  "MindBloom": {
    "NAME": "マインドブルーム",
    "DESCRIPTIONS": [
      "塔の混沌を歩き回っていると、突然あなたの想像が非常な #p~現実味~ を帯び始めた…。 NL NL #r怪物 と #r金持ち の想像が具現化し始める。 NL 感覚はすぐに消え去った。 あなたは一体何者だ?",
      "こんな都合のいいことがありえるのだろうか？",
      "今、すべてを理解した。 NL 記憶の欠落、塔を登る、 #y古のもの 。 NL NL いつもそうだった。 NL これからもそうだろう。 NL そしてまたすぐにすべてを忘れてしまうのだろう…。"
    ],
    "OPTIONS": [
      "[私は闘争者] #rAct1のボスと戦う。 #gレアレリックを1つ獲得する。",
      "[私はお金持ち] #g999ゴールドを得る。 #r呪い-2平静",
      "[私は健康] #gHPを全回復する。 #r呪い-疑念",
      "[私は目覚めた] #gすべてのカードをアップグレードする。 #rあなたはHPの回復ができなくなる。",
      "[立ち去る]"
    ]
  },
  "Nest": {
    "NAME": "巣窟",
    "DESCRIPTIONS": [
      "#b~フードを被った人影たち~ が長い列をなし、 NL #p質素な大聖堂 に入っていくのを目にした。",
      "怪しまれぬよう列に加わると、あっという間に #r狂信者たち に囲まれた！ NL 彼らは喜びながら @賛歌を唱え、@ 武器を ~振り回し~ 、まるでこちらに気づいていないかのようだ。 NL NL #r@「殺せ!!@ #r@殺せ@ #r@殺せ!!」@ NL #b~「カァー~ #b~カァー~ #b~クワァーーーーーッ!!」~ NL #r@「殺せ!!@ #r@殺せ@ #r@殺せ!!」@ NL #b~「カァー~ #b~カァー~ #b~クワァーーーーーッ!!」~ NL NL あなたは #y献金の箱 に目をつけた…",
      "あなたは（恐怖心から）列にとどまって、事の成り行きを見届けることにした。 NL NL ついに指導者と対面した。 身なりが良い狂信者が、あなたに #y装飾された短剣 を手渡した。 前に並んでいた人たちと同じく、あなたは前腕部を切りつけ、奇妙なボウルに血を滴らせた。 NL NL 狂信者たちがあなたに @賛歌を唱え、@ @叫ぶ！@ NL NL #b~「カァー~ #b~カァー~ #b~クワァーーーーーッ!!」~ NL NL あなたも唱えた。 やらない理由はないだろう。",
      "彼らにまったく気付かれなかった。",
      "",
      ""
    ],
    "OPTIONS": [
      "[列にとどまる] #g儀式の短剣を獲得する。 HPを #r",
      " #r失う。",
      "[強奪] #g",
      " #gゴールド を得る。",
      "[立ち去る]",
      "[続ける]"
    ]
  },
  "FaceTrader": {
    "NAME": "フェイストレーダー",
    "DESCRIPTIONS": [
      "あなたは様々な仮面を携えた不気味な彫像のそばを歩いていた… NL 何者かがあなたの後ろからそっとささやいた。 NL ~「止まれ。」~",
      "はっと振り返ると、こちらを向いてる彫像と鉢合わせになった！ NL よく観察してみると、それは彫像ではなく、彫像のような痩せこけた顔をした男だ。 どうやら呼吸もしているのか？ NL NL ~「顔。~ ~触らせてくれんか?~ ~それとも、交換?」~",
      "~「報酬?~ ~報酬。」~ NL まるで機械のように、彼は綺麗に積み重なった #yゴールド を持ち上げ、あなたの袋に入れた。 NL NL ~「なんとも見事な顔をしている。~ ~見事な顔だ.」~ NL 彼があなたの顔に触れると、あなたは生命力が吸い取られるのを感じ始めた！ NL この間にも、彼の仮面は次々剥がれて落ち、砕け散った。 叫び声を上げながら、彼は他の仮面をも投げ捨て、6本の腕すべてで顔を覆う！ NL 叫び声が鳴り響き、仮面が次々と砕け散る中、あなたは逃げ出した。 NL NL 彼の顔は完全に空っぽだったのだ。",
      "~「私と?~ @私とか？@ ~おお…~ ~いいぞ…~ ~いい…~ ~いい…~ ~うーむ…」~ NL NL 彼の腕の一つがヒュッと動いたと思えば、その手にあなたの顔を掴んでいるではないか！ あなたの顔は入れ替わった。 NL NL ~「見事な顔だ。~ ~見事な顔だ。」~",
      "~「止まれ。~ ~止まれ。~ ~止まれ。~ ~止まれ。~ ~止まれ。」~ NL NL 恐らくこの選択が正しかったはずだ。"
    ],
    "OPTIONS": [
      "[触れる] #rHPを #r",
      " #gゴールドを得る。",
      "[取引する] #g50%: #g良い顔。 #r50%: #r悪い顔。",
      "[立ち去る]",
      "[続ける]",
      " 失い、 #g"
    ]
  },
  "NoteForYourself": {
    "NAME": "自分に向けたメモ",
    "DESCRIPTIONS": [
      "とある柱があなたの目に留まった。一部のレンガが緩んでいるようだ。",
      "あなたはその中に折りたたまれたメモと #yカード を見つけた。メモにはこう書いてある、 NL 「心臓が、待っている。」 NL NL これはあなたの筆跡だ。",
      "保存するカードを1枚選択。",
      "一体何が起きているのだろうか？"
    ],
    "OPTIONS": [
      "[続ける]",
      "[交換] ",
      " #gを獲得し、カードを1枚保管する。",
      "[拒否]",
      "[立ち去る]"
    ]
  },
  "WeMeetAgain": {
    "NAME": "また会ったな！",
    "DESCRIPTIONS": [
      "「また会ったな！」 NL ぼさぼさ髪をした陽気な男が、うれしそうにあなたに近づいてくる。私は確かにこの男を知っている。 NL NL 「私だよ、 #yランウィッド だよ！ 今日は何をくれるんだい？ いつものやつか？ 何せ私のような男が一人で収集するのは無理なんでね。」 NL あなたは彼を胡散臭そうに見つめ、どうするかを考えた…",
      "「申し分ない！ のどが渇いてたんだよ。」 NL #b~ゴクッ、ゴクッ、ゴクッ~ NL NL 彼はポーションの中身を飲み干すと、満足気に @ゲップ@ をした。",
      "「素晴らしい！また #r仮面をつけたチンピラ連中 に出くわしたときに役立つだろうな。」",
      "「称賛に値する！私の研究室でさらによく調べてみよう。」",
      "「 @うわぁぁーーっ！！@ 時々お前はクズ野郎になるよな！」 NL 彼は逃げ出した。",
      "  NL NL 彼はそこらじゅうのポケットをひっくり返している… NL 「あった、今日君のためにもってきたやつだよ。さあ持っていけ持っていけ！」"
    ],
    "OPTIONS": [
      "[ポーションを渡す] ",
      "[ロック] 必要な物: ポーション",
      "[ゴールドを渡す] #r",
      "[ロック] 必要な物: 最低50ゴールド",
      "[カードを渡す] ",
      "[ロック] 必要な物: カード",
      " #rを失う。 #gレリックを受け取る。",
      "[攻撃]",
      "[立ち去る]",
      " #rゴールド"
    ]
  },
  "Designer": {
    "NAME": "デザイナー　イン・スパイア",
    "DESCRIPTIONS": [
      "あなたは #g~カラフルな~ ショップを見つけた。看板にはこうある。 NL 『イン・スパイア』　NL 中に何があるか見てみることにした。 NL 「ダーメダメダメダメ！ 入っちゃダメだよ！」 NL NL おかしな格好をした男が入り口に現れて、あなたを締め出した。",
      "「こりゃダメダメだ。なんだよその恰好は。 @ああ気持ち悪い!@ #r血まみれじゃないか… #p~気色悪い…~ @で、何か用なの？@ え、お客さん？ ~ッハァ～～～~ わかりましたよ注文どーぞ。」 NL 彼はわざとらしくため息をついて、サービス一覧を指さした。 NL NL サービス内容はなかなか良さそうだが、あなたはむしろ彼の顔面をぶん殴りたくなってきた。",
      "「はい終わり、じゃあな。」 NL NL …やっぱり殴るべきだった。",
      "あなたは自分の拳を痛めるぐらい強く彼を殴り飛ばした。 NL 「俺の @顔がぁっ！！@ お前よくも――」 NL NL 彼は失神した。 #p~気色悪くて~ #r血まみれ なのは一体どっちだ？"
    ],
    "OPTIONS": [
      "[続ける]",
      "[仕立て直し] #r",
      "[クリーニング] #r",
      "[フルサービス] #r",
      "[殴る] #r",
      " #rHPを失う。",
      " #rゴールドを失う。 ",
      "#gランダムなカードを #g",
      " #g枚アップグレードする。",
      "#gカードを1枚アップグレードする。",
      "#gカードを1枚削除する。",
      "#gカードを #g",
      " #g枚変化させる。",
      "#gカードを1枚削除し、ランダムなカードを1枚アップグレードする。",
      "[立ち去る]",
      "アップグレードするカードを1枚選択",
      "変化させるカードを2枚選択",
      "削除するカードを1枚選択"
    ]
  },
  "Colosseum": {
    "NAME": "コロシアム",
    "DESCRIPTIONS": [
      "@バチッ！！@ NL .. NL ...... NL ... NL ~あなたは何かに殴られ気絶した。~",
      "~フラつきながら~ @ずきずき痛む@ 頭を抱えて起き上がると、 自分が巨大な競技場の中央にいることに気づいた。 #pスレイバー や #p狂信者 、その他のシティの住人達で観客席は溢れんばかりだ！ NL ",
      " NL #y黄金の王冠 を身に着けた全身鎧の巨人が頭上から轟き叫ぶ。 NL @「これより！第@ @",
      "回目の戦いを開始する！！！」@ NL 反対側のゲートが開く…",
      "@「よくやった、虫ケラ！」@ NL 巨人は拍手を送りつつ、大げさな身振り手振りで群衆を盛り上げた。 NL #y~ゴールドと紙吹雪の雨があなたに降り注ぐ！~ NL @「さあ！真の試練に挑む時だ！」@ NL NL 先ほどの戦いでコロシアムの壁に小さな穴が開いたようだ。皆が興奮の渦に包まれている今なら、簡単に逃げられそうだ。 NL ここに留まって戦うか？"
    ],
    "OPTIONS": [
      "[続ける]",
      "[戦う]",
      "[臆病者め] 逃げる。",
      "[勝利を！] 屈強な敵に挑み、沢山の褒賞を手にする。"
    ]
  }
}