{
  "Anchor": {
    "NAME": "錨",
    "FLAVOR": "このお守りを持っていると、身体が重く安定するように感じる。",
    "DESCRIPTIONS": [
      "戦闘開始時に #b",
      " #yブロック を得る。"
    ]
  },
  "Art of War": {
    "NAME": "孫子兵法",
    "FLAVOR": "この古代の草稿には古い時代の知恵が詰まっている。",
    "DESCRIPTIONS": [
      "このターン、 #y「アタック」 を1枚も　プレイしなかった　場合、次ターン開始時、 ",
      "[R] を得る。",
      "[G] を得る。",
      "[B] を得る。"
    ]
  },
  "Astrolabe": {
    "NAME": "アストロラーベ",
    "FLAVOR": "星々から価値ある知識をかき集めるための道具。",
    "DESCRIPTIONS": [
      "獲得時、 #b3 枚のカードを選択して #y変化 させ、それらを #yアップグレード する。",
      "カードを 3 枚選択。"
    ]
  },
  "Bag of Marbles": {
    "NAME": "ビー玉袋",
    "FLAVOR": "シティにおいてポピュラーだった玩具。敵のバランスを崩すのに有効。",
    "DESCRIPTIONS": [
      "戦闘開始時、敵全体に #y弱体 #b",
      " を与える。"
    ]
  },
  "Bag of Preparation": {
    "NAME": "バックパック",
    "FLAVOR": "冒険者用の大きなバックパック。たくさんのポケットやストラップがついている。",
    "DESCRIPTIONS": [
      "戦闘開始時、カード #b",
      " 枚を追加で引く。"
    ]
  },
  "Bird Faced Urn": {
    "NAME": "鳥頭壺",
    "FLAVOR": "烏の神マザレスを、お茶目にかたどっている。",
    "DESCRIPTIONS": [
      "#y「パワー」 をプレイするたび、HPを #b",
      " 回復。"
    ]
  },
  "Black Blood": {
    "NAME": "ブラックブラッド",
    "FLAVOR": "黒い怒りがこみあげてくる。",
    "DESCRIPTIONS": [
      "#rバーニングブラッド と置き換える。戦闘終了時、HPを #b",
      " 回復。"
    ]
  },
  "Black Star": {
    "NAME": "ブラックスター",
    "FLAVOR": "サーペントの街で孤独のロウソクと共に見つかったもの。",
    "DESCRIPTIONS": [
      "#yエリート が追加で #yレリック を1つドロップするようになる。"
    ]
  },
  "Blood Vial": {
    "NAME": "血のガラス瓶",
    "FLAVOR": "純血で長命の吸血鬼の血が入ったガラス瓶。",
    "DESCRIPTIONS": [
      "戦闘開始時、HPを #b",
      " 回復。"
    ]
  },
  "Bloody Idol": {
    "NAME": "血塗られた偶像",
    "FLAVOR": "血の涙を流し続けるようになった偶像。",
    "DESCRIPTIONS": [
      "#yゴールド を得るたび、HPを #b",
      " 回復。"
    ]
  },
  "Blue Candle": {
    "NAME": "ブルーキャンドル",
    "FLAVOR": "闇に包まれると自ら火を灯す。",
    "DESCRIPTIONS": [
      "使用不可 の #y呪い がプレイできるようになる。 NL NL #y呪い をプレイすると、HPを #b",
      " 失い、 #y廃棄 する。"
    ]
  },
  "Bottled Flame": {
    "NAME": "瓶詰の炎",
    "FLAVOR": "永遠に燃え続ける炎が入った瓶。",
    "DESCRIPTIONS": [
      "獲得時、 #y「アタック」 を 1枚　選択する。選択したカードを戦闘開始時に手札に加える",
      "カードを 1 枚選択 ",
      "戦闘開始時、 ",
      " を手札に加える。"
    ]
  },
  "Bottled Lightning": {
    "NAME": "瓶詰の雷",
    "FLAVOR": "大きな渦巻を覗きこむと、自分の一部がこちらを見つめ返してくる。",
    "DESCRIPTIONS": [
      "獲得時、 #y「スキル」 を 1枚 選択する。選択したカードを戦闘開始時に手札に加える。",
      "カードを 1 枚選択 ",
      "戦闘開始時、 ",
      " を手札に加える。"
    ]
  },
  "Bottled Tornado": {
    "NAME": "瓶詰の竜巻",
    "FLAVOR": "瓶は穏やかに音を立て、揺れている。",
    "DESCRIPTIONS": [
      "獲得時、 #y「パワー」 を 1枚 選択する。選択したカードを戦闘開始時に手札に加える。",
      "カードを 1 枚選択 ",
      "戦闘開始時、 ",
      " を手札に加える。"
    ]
  },
  "Bronze Scales": {
    "NAME": "青銅のウロコ",
    "FLAVOR": "ガーディアンの鋭いウロコ。自ら形を変え、持ち主を守る ",
    "DESCRIPTIONS": [
      "戦闘開始時、 #yトゲ #b",
      " を得る。"
    ]
  },
  "Burning Blood": {
    "NAME": "バーニングブラッド",
    "FLAVOR": "収まることのない怒りによって沸き立つ自分自身の血。",
    "DESCRIPTIONS": [
      "戦闘終了時、HPを #b",
      " 回復。"
    ]
  },
  "Calipers": {
    "NAME": "カリパス",
    "FLAVOR": "「精巧な機械仕掛けが偉業に導く」 - 造物主",
    "DESCRIPTIONS": [
      "ターン開始時、 すべてのブロックを失うのではなく、 #b",
      " #yブロック を失う。（残った #yブロック は保持される。）"
    ]
  },
  "Calling Bell": {
    "NAME": "呼びよせる鐘",
    "FLAVOR": "黒い鉄製の鐘。発見時に 3 回鳴ったが今は沈黙している。",
    "DESCRIPTIONS": [
      "#r呪い x #b3 と #yレリック x #b3 を獲得する。",
      "鐘の音が響く…",
      "報酬をスキップ",
      "閉じる"
    ]
  },
  "Cauldron": {
    "NAME": "大釜",
    "FLAVOR": "この商人は実際非常に優れたポーション調合の腕を持っている。4 つ購入すると 1 つ無料。",
    "DESCRIPTIONS": [
      "獲得時、ポーションを #b5 個調合する。",
      "ゴボ、ゴボ、ゴボ…！"
    ]
  },
  "Centennial Puzzle": {
    "NAME": "百年パズル",
    "FLAVOR": "パズルを解くと、胸のあたりに力強い温もりを感じた。",
    "DESCRIPTIONS": [
      "戦闘中初めてHPを失うと、カードを #b",
      " 枚引く。"
    ]
  },
  "Chameleon Ring": {
    "NAME": "カメレオンリング",
    "FLAVOR": "未使用",
    "DESCRIPTIONS": [
      "キャンプファイヤーで #y調合 が可能になる。"
    ]
  },
  "Champion Belt": {
    "NAME": "チャンピオンベルト",
    "FLAVOR": "真の王者のみが腰に巻くことを許される。",
    "DESCRIPTIONS": [
      "敵に #y弱体 を与えるたび、 #y脱力 #b",
      " を与える。"
    ]
  },
  "Charon's Ashes": {
    "NAME": "カロンの遺灰",
    "FLAVOR": "カロンは再生の神であると言われている。燃え盛る炎の中で死と復活を永遠に繰り返す。",
    "DESCRIPTIONS": [
      "カードを #y廃棄 するたび、敵全体に #b",
      " ダメージを与える。"
    ]
  },
  "Chemical X": {
    "NAME": "ケミカルX",
    "FLAVOR": "警告：砂糖、スパイス、その他美味しいものと混ぜないように。",
    "DESCRIPTIONS": [
      "消費エナジーが #bX のカードをプレイしたとき、その効果はX+ #b",
      "."
    ]
  },
  "Circlet": {
    "NAME": "サークレット",
    "FLAVOR": "すべてのレリックを発見した。素晴らしい！",
    "DESCRIPTIONS": [
      "できる限り集めよう。"
    ]
  },
  "The Courier": {
    "NAME": "配達人",
    "FLAVOR": "商人のペット！",
    "DESCRIPTIONS": [
      "商人が販売するカード、レリック、ポーションは売り切れにならず、価格は #b20% 割引される。"
    ]
  },
  "Cursed Key": {
    "NAME": "呪いの鍵",
    "FLAVOR": "鍵から悪意に満ちた力を感じる。力には代償が必要だ。",
    "DESCRIPTIONS": [
      " 宝箱を開けるたびに #r呪い を獲得。（ボスの宝箱を除く。）",
      "ターン開始時、 [R] を得る。",
      "ターン開始時、 [G] を得る。",
      "ターン開始時、 [B] を得る。"
    ]
  },
  "Dead Branch": {
    "NAME": "古木の枝",
    "FLAVOR": "この枝は古代のものだ。",
    "DESCRIPTIONS": [
      "カードを #y廃棄 するたび、手札にランダムなカードを加える。"
    ]
  },
  "Discerning Monocle": {
    "NAME": "洞察のモノクル",
    "FLAVOR": "非常によく出来たモノクルだ。",
    "DESCRIPTIONS": [
      "ショップのアイテム価格が #b20% 割引される。"
    ]
  },
  "Dodecahedron": {
    "NAME": "ルーン十二面体",
    "FLAVOR": "ルーンは解読不可能。",
    "DESCRIPTIONS": [
      "HPが最大の場合、 ",
      "ターン開始時、 [R] を得る。",
      "ターン開始時、 [G] を得る。",
      "ターン開始時、 [B] を得る。"
    ]
  },
  "Dream Catcher": {
    "NAME": "ドリームキャッチャー",
    "FLAVOR": "北方の部族が睡眠時に使用するドリームキャッチャー、自己の改善に繋がると信じられている。",
    "DESCRIPTIONS": [
      "休憩時にカードを 1 枚獲得する。"
    ]
  },
  "Du-Vu Doll": {
    "NAME": "ドゥーヴー人形",
    "FLAVOR": "邪悪なエネルギーから力を得るために考案された人形。",
    "DESCRIPTIONS": [
      "戦闘開始時、デッキの #y呪い 1枚につき、 #y筋力　#b",
      " を得る。",
      " あなたは #y呪い を持っていない。",
      " 現在 #b",
      " 枚の #y呪い を持っている。"
    ]
  },
  "Ectoplasm": {
    "NAME": "エクトプラズム",
    "FLAVOR": "このスライムのようなエネルギー体は命を宿しているようだ。",
    "DESCRIPTIONS": [
      " #yゴールド を入手できなくなる。",
      "ターン開始時、 [R] を得る。",
      "ターン開始時、 [G] を得る。",
      "ターン開始時、 [B] を得る。"
    ]
  },
  "Molten Egg 2": {
    "NAME": "溶融した卵",
    "FLAVOR": "フェニックスの卵。溶岩と赤熱の輝き",
    "DESCRIPTIONS": [
      "#y「アタック」 を獲得するたび、それを #yアップグレード する。"
    ]
  },
  "Frozen Egg 2": {
    "NAME": "凍った卵",
    "FLAVOR": "この卵は無精卵で凍っている、孵化することはない。",
    "DESCRIPTIONS": [
      "#y「パワー」 を獲得するたび、それを #yアップグレード する。"
    ]
  },
  "Toxic Egg 2": {
    "NAME": "毒の卵",
    "FLAVOR": "「素晴らしい発見だ！魔力を持った生物の無精卵だ。一体どんな生き物だろう？」-ランウィッド",
    "DESCRIPTIONS": [
      "#y「スキル」 を獲得するたび、それを #yアップグレード する。"
    ]
  },
  "Enchiridion": {
    "NAME": "教えの書",
    "FLAVOR": "古のリッチが残した伝説の日記。",
    "DESCRIPTIONS": [
      "戦闘開始時、手札にランダムな #y「パワー」 を1枚加える。そのカードのコストは、ターン終了時まで #b0。"
    ]
  },
  "Eternal Feather": {
    "NAME": "エターナルフェザー",
    "FLAVOR": "この羽根は絶対に壊れることがないようだ。どんな鳥の羽根だろう。 ",
    "DESCRIPTIONS": [
      "デッキのカード #b",
      " 枚ごとに、HPを #b",
      " 回復。（休憩場所入室時に発動）"
    ]
  },
  "Frozen Egg": {
    "NAME": "凍った卵",
    "FLAVOR": "この卵は無精卵で凍っている、孵化することはない。",
    "DESCRIPTIONS": [
      "獲得時、 #y「パワー」 を 1枚 #yアップグレード できる。",
      "カードを 1 枚選択 "
    ]
  },
  "Gambling Chip": {
    "NAME": "ギャンブルチップ",
    "FLAVOR": "小さな碑文が片面に刻まれている。こう書かれている：「ベアのラッキーチップ！」",
    "DESCRIPTIONS": [
      "戦闘開始時、好きな枚数のカードを捨て、同じ枚数のカードを引く。"
    ]
  },
  "Ginger": {
    "NAME": "ジンジャー",
    "FLAVOR": "いろんな飲み物で使われる元気の出る材料。",
    "DESCRIPTIONS": [
      "#y脱力 にならない。"
    ]
  },
  "Girya": {
    "NAME": "ケトルベル",
    "FLAVOR": "恐ろしく重いケトルベル。これでトレーニングすれば、とても強くなれそうだ。",
    "DESCRIPTIONS": [
      "休憩場所で #y筋力 を獲得できる。（最大3回）"
    ]
  },
  "Golden Idol": {
    "NAME": "黄金の偶像",
    "FLAVOR": "すべて金でできている、持ってるだけでリッチな気分だ。",
    "DESCRIPTIONS": [
      "敵が落とす #yゴールド が #b25% 増。"
    ]
  },
  "Gremlin Horn": {
    "NAME": "グレムリンの角笛",
    "FLAVOR": "「ボスグレムリンは死ぬまで大きくなり続ける。素晴らしい」-ランウィッド",
    "DESCRIPTIONS": [
      "敵を倒すと、 ",
      "[R] を得て、カードを #b1 枚引く。",
      "[G] を得て、カードを #b1 枚引く。",
      "[B] を得て、カードを #b1 枚引く。"
    ]
  },
  "Happy Flower": {
    "NAME": "ハッピーフラワー",
    "FLAVOR": "喜びに満ちあふれた植物、貴族の間で人気のノベルティグッズ。",
    "DESCRIPTIONS": [
      "#b",
      " ターンごとに、 [R] を獲得。",
      " ターンごとに、 [G] を獲得。",
      " ターンごとに、 [B] を獲得。"
    ]
  },
  "Ice Cream": {
    "NAME": "アイスクリーム",
    "FLAVOR": "「おいしい！」",
    "DESCRIPTIONS": [
      "使用しなかったエナジーが蓄積されていく。"
    ]
  },
  "Juzu Bracelet": {
    "NAME": "数珠ブレスレット",
    "FLAVOR": "未知なるものへの対抗手段。",
    "DESCRIPTIONS": [
      "#y？ の部屋で NL 敵に遭遇しなくなる。"
    ]
  },
  "Kunai": {
    "NAME": "クナイ",
    "FLAVOR": "遠距離攻撃での殺傷力で暗殺者に好まれる刃物。",
    "DESCRIPTIONS": [
      "1ターンの間に #b",
      " 枚の #y「アタック」 をプレイするたび、 #y敏捷性 #b",
      " を得る。"
    ]
  },
  "Lantern": {
    "NAME": "ランタン",
    "FLAVOR": "使用者のためにだけ灯りをともす不気味なランタン。",
    "DESCRIPTIONS": [
      "戦闘開始時、 ",
      "[R] ",
      "[G] ",
      "[B] ",
      "を得る。"
    ]
  },
  "Letter Opener": {
    "NAME": "レターオープナー",
    "FLAVOR": "不自然なほどに鋭利。",
    "DESCRIPTIONS": [
      "1 ターンの間に #y「スキル」 を #b3 枚プレイするたび、敵全体にダメージ #b",
      " を与える。"
    ]
  },
  "Living Blade": {
    "NAME": "リビングブレード",
    "FLAVOR": "未使用",
    "DESCRIPTIONS": [
      "カードの種類による所持数制限解除。"
    ]
  },
  "Lizard Tail": {
    "NAME": "トカゲのしっぽ",
    "FLAVOR": "戦闘中に敵を欺くためのおもちゃのしっぽ。",
    "DESCRIPTIONS": [
      "戦闘不能時、一度だけ最大HPの #b50% で復活する。"
    ]
  },
  "Magic Flower": {
    "NAME": "マジックフラワー",
    "FLAVOR": "絶滅したと思われていた花、なぜか最高の状態で保存されている。",
    "DESCRIPTIONS": [
      "戦闘中の回復量を #b50% 増加。"
    ]
  },
  "Mango": {
    "NAME": "マンゴー",
    "FLAVOR": "誰もが追い求めた古の果実。塔の荒廃の徴候もなく完璧な保存状態。",
    "DESCRIPTIONS": [
      "獲得時、最大HP+ #b"
    ]
  },
  "Mark of Pain": {
    "NAME": "苦痛の印",
    "FLAVOR": "北方部族の勇敢な戦士が戦闘において痛みを克服した印として使われた。",
    "DESCRIPTIONS": [
      "ターン開始時、 [R] を得る。戦闘開始時に #r負傷 を #b2 枚山札に加える。"
    ]
  },
  "Matryoshka": {
    "NAME": "マトリョーシカ",
    "FLAVOR": "重ねてしまえる絵柄入りの人形。白い目と青い羽根を持った見知らぬ鳥が描かれている。",
    "DESCRIPTIONS": [
      "次に開封する #b2 つ目の宝箱まで、 #b2 つの #rレリック が入っている。（ボスの宝箱を除く）",
      "次に開封する宝箱に #b2 つの #rレリック が入っている。（ボスの宝箱を除く）",
      "このレリックは使用済み。"
    ]
  },
  "Meat on the Bone": {
    "NAME": "骨付き肉",
    "FLAVOR": "元通りになる肉、完全になくなる様子がない。",
    "DESCRIPTIONS": [
      "戦闘終了時のHPが #b50% 以下の場合、HPを #b",
      " 回復。"
    ]
  },
  "Medical Kit": {
    "NAME": "医療キット",
    "FLAVOR": "「必要なものすべてが入っている！かゆみ止め、火傷薬、解毒剤などなど！」",
    "DESCRIPTIONS": [
      "使用不可 の# y「状態異常」 がプレイできるようになる。 #y「状態異常」 はプレイすると #y廃棄する。"
    ]
  },
  "Membership Card": {
    "NAME": "会員カード",
    "FLAVOR": "「お得意様にボーナス特典！」",
    "DESCRIPTIONS": [
      "先の階層でショップの出現率が #b50% 増加。 #yボーナス：全商品 #b50% 割引！"
    ]
  },
  "Mercury Hourglass": {
    "NAME": "水銀の砂時計",
    "FLAVOR": "永遠に落ち続ける不思議な砂時計。",
    "DESCRIPTIONS": [
      "ターン開始時、敵全体に #b",
      " ダメージを与える。"
    ]
  },
  "Molten Egg": {
    "NAME": "溶融した卵",
    "FLAVOR": "フェニックスの卵。溶岩と赤熱の輝き",
    "DESCRIPTIONS": [
      "獲得時、 #y「アタック」 を 1枚 #yアップグレード できる。",
      "カードを 1 枚選択 "
    ]
  },
  "Mummified Hand": {
    "NAME": "ミイラの手",
    "FLAVOR": "頻繁に痙攣している、特にあなたの心拍数が上がったときに。",
    "DESCRIPTIONS": [
      "#y「パワー」 をプレイ時、このターンの間手札のランダムなカード1枚のコストが #b0 になる。"
    ]
  },
  "Necronomicon": {
    "NAME": "ネクロノミコン",
    "FLAVOR": "愚者のみがこの邪悪な力を取り込もうとする。あなたの心を貪り食う本の悪夢にうなされる。",
    "DESCRIPTIONS": [
      "ターンの最初にプレイする #b",
      " コスト以上の #y「アタック」 を、2回プレイする。 このレリックを獲得したとき、 #r呪い を獲得する。",
      " コスト以上の #y「アタック」 を、2回プレイする。"
    ]
  },
  "Nilry's Codex": {
    "NAME": "ニルリーのコーデックス",
    "FLAVOR": "著名なゲームマスター自ら作成した。思考範囲が広がる。",
    "DESCRIPTIONS": [
      "ターン終了時、 ランダムな #b3 枚のカードから 1枚 選んで山札に加える。"
    ]
  },
  "Nine Lives": {
    "NAME": "９つの生命",
    "FLAVOR": "実装されていません。",
    "DESCRIPTIONS": [
      "戦闘不能が近づくと、最大HPまで回復する。 NL （#b9 回まで使用可）",
      "戦闘不能が近づくと、最大HPまで回復する。 NL （使用済み）",
      "戦闘不能が近づくと、最大HPまで回復する。 NL （あと #b 回",
      " 使用可）"
    ]
  },
  "Ninja Scroll": {
    "NAME": "忍者の巻物",
    "FLAVOR": "暗殺の秘法",
    "DESCRIPTIONS": [
      "戦闘開始時に #b",
      " 枚の #yナイフ を手札に加える。"
    ]
  },
  "Nloth's Gift": {
    "NAME": "ヌロスの贈り物",
    "FLAVOR": "ヌロスがくれた奇妙な贈り物。開封しようとすると全く同じ大きさの箱が入っている。",
    "DESCRIPTIONS": [
      "敵がレアカードをドロップする確率が #b3 倍になる。"
    ]
  },
  "Nullstone Periapt": {
    "NAME": "ヌルストーンの護符",
    "FLAVOR": "実装されていません。",
    "DESCRIPTIONS": [
      "次に敵から受ける #yデバフ を無効にする。 NL #b10 ターン後に効力が戻る。"
    ]
  },
  "Oddly Smooth Stone": {
    "NAME": "すべすべ石",
    "FLAVOR": "こんなに滑らかで綺麗な石は見たことがない。造物主の手によるものに違いない。",
    "DESCRIPTIONS": [
      "戦闘開始時、 #y敏捷性 #b",
      " を得る。"
    ]
  },
  "Odd Mushroom": {
    "NAME": "おかしなマッシュルーム",
    "FLAVOR": "「旋毛虫を食べた後、自分の体が大きくなり、感性が鈍ったような気がした」-ランウィッド ",
    "DESCRIPTIONS": [
      "#y弱体 の被ダメージ増加を #b50% ではなく、 #b25% に軽減する。"
    ]
  },
  "Old Coin": {
    "NAME": "古のコイン",
    "FLAVOR": "歴史的価値や珍しい金属の含有率で、商人が珍重する金貨。",
    "DESCRIPTIONS": [
      "獲得時、 #b300 #yゴールド を得る。"
    ]
  },
  "Omamori": {
    "NAME": "お守り",
    "FLAVOR": "下劣な精霊を追い払う一般的なチャーム。このお守りには神々しい力が宿り火花を散らしている。",
    "DESCRIPTIONS": [
      "次に受ける #r「呪い」 を #b2 回まで無効にする。",
      "次に受ける #r「呪い」 を無効にする。",
      "このレリックはすべて使用済み。"
    ]
  },
  "Orichalcum": {
    "NAME": "オリハルコン",
    "FLAVOR": "原産地不明の緑がかった金属。破壊することは出来ないだろう。",
    "DESCRIPTIONS": [
      "#yブロック 無しでターンを終了したとき、 #b",
      " #yブロック を得る。"
    ]
  },
  "Ornamental Fan": {
    "NAME": "扇子",
    "FLAVOR": "血を流すと、開いて硬化する扇子。",
    "DESCRIPTIONS": [
      "1ターンの間に #b3 枚の #y「アタック」 をプレイするたび、 #b",
      " #yブロック を得る。"
    ]
  },
  "Orrery": {
    "NAME": "太陽系儀",
    "FLAVOR": "「宇宙を理解した後で...」-ゾロス",
    "DESCRIPTIONS": [
      "カードを #b5 枚選んでデッキに追加する。",
      "知識！"
    ]
  },
  "Pandora's Box": {
    "NAME": "パンドラの箱",
    "FLAVOR": "これを開くことにものすごく抵抗がある。",
    "DESCRIPTIONS": [
      "すべての「ストライク」と「防御」カードを #b変化 させる。",
      "パンドラの箱は開かれた..."
    ]
  },
  "Pantograph": {
    "NAME": "パンタグラフ",
    "FLAVOR": "「強固な基礎は偶然からは生まれない。計画に必要な工具は必須である」-造物主",
    "DESCRIPTIONS": [
      "ボスとの戦闘開始時、HPを #b",
      " 回復。"
    ]
  },
  "Paper Crane": {
    "NAME": "折り鶴",
    "FLAVOR": "古代の生物を模した折り紙。",
    "DESCRIPTIONS": [
      "#y脱力 を持つ敵からのダメージが #b25% ではなく、 #b40% 減少する。"
    ]
  },
  "Paper Frog": {
    "NAME": "折り紙キャエル",
    "FLAVOR": "小さな生物に形を変え続ける紙。",
    "DESCRIPTIONS": [
      "#y弱体 を持つ敵へのダメージが #b50% ではなく、 #b75% 増加する。"
    ]
  },
  "Peace Pipe": {
    "NAME": "安らぎのパイプ",
    "FLAVOR": "心を洗い流し、魂を浄化する。",
    "DESCRIPTIONS": [
      "休憩場所でカードの削除ができるようになる。"
    ]
  },
  "Pear": {
    "NAME": "洋ナシ",
    "FLAVOR": "塔の荒廃が発生する前は一般的だった果物。",
    "DESCRIPTIONS": [
      "獲得時、最大HP+ #b"
    ]
  },
  "Pen Nib": {
    "NAME": "ペン先",
    "FLAVOR": "ペン先を握ると、以前の持ち主に倒された者たちが見えてくる。暴虐の歴史だ。",
    "DESCRIPTIONS": [
      "#yアタック の使用 #b10 回ごとにダメージが2倍になる。"
    ]
  },
  "Philosopher's Stone": {
    "NAME": "賢者の石",
    "FLAVOR": "石から力があふれ出し、周辺に力を与えている。",
    "DESCRIPTIONS": [
      " 戦闘開始時、敵全体が #y筋力 #b2 を獲得。",
      "ターン開始時、 [R] を得る。",
      "ターン開始時、 [G] を得る。",
      "ターン開始時、 [B] を得る。"
    ]
  },
  "Prayer Wheel": {
    "NAME": "祈りのルーレット",
    "FLAVOR": "ルーレットは回り続ける。",
    "DESCRIPTIONS": [
      "通常の敵が追加でカードをドロップするようになる。"
    ]
  },
  "Question Card": {
    "NAME": "質問カード",
    "FLAVOR": "「より多くの選択肢を持つものは、混沌のデメリットを最小化する」-偉人クブライ",
    "DESCRIPTIONS": [
      "報酬のカード選択画面で、 選択できるカードが #b1 枚 #y増える。"
    ]
  },
  "Red Circlet": {
    "NAME": "レッドサークレット",
    "FLAVOR": "すべてのレリックを使ってしまった。素晴らしい！",
    "DESCRIPTIONS": [
      "とても可愛らしい。"
    ]
  },
  "Red Mask": {
    "NAME": "レッドマスク",
    "FLAVOR": "レッドマスク盗賊団のリーダーが持っている、とてもスタイリッシュなマスク。つまりこれを着けるとあなたがリーダーということに？",
    "DESCRIPTIONS": [
      "戦闘開始時、敵全体に #y脱力 #b",
      " を与える。"
    ]
  },
  "Red Skull": {
    "NAME": "レッドスカル",
    "FLAVOR": "装飾が描かれた小さな頭蓋骨。",
    "DESCRIPTIONS": [
      "HPが #b50% 以下になると、 #y筋力 #b",
      " を得る。"
    ]
  },
  "Regal Pillow": {
    "NAME": "王者の枕",
    "FLAVOR": "これでちゃんとした睡眠がとれる。",
    "DESCRIPTIONS": [
      "#y休憩時 に追加でHPを #b",
      " #y回復 する。"
    ]
  },
  "Ring of the Serpent": {
    "NAME": "大蛇の指輪",
    "FLAVOR": "Your ring has morphed and changed forms.",
    "DESCRIPTIONS": [
      "#g蛇の指輪 と置き換える。 ",
      "ターン開始時、 追加でカードを #b1 枚引く。"
    ]
  },
  "Runic Cube": {
    "NAME": "ルーニックキューブ",
    "FLAVOR": "ルーンは解読不可能。",
    "DESCRIPTIONS": [
      "HPを失うたび、 カードを #b",
      " 枚引く。",
      ""
    ]
  },
  "Runic Dome": {
    "NAME": "ルーニックドーム",
    "FLAVOR": "ルーンは解読不可能。",
    "DESCRIPTIONS": [
      "敵の #b行動予定 がわからなくなる。",
      "ターン開始時、 [R] を得る。",
      "ターン開始時、 [G] を得る。",
      "ターン開始時、 [B] を得る。"
    ]
  },
  "Runic Pyramid": {
    "NAME": "ルーニックピラミッド",
    "FLAVOR": "ルーンは解読不可能。",
    "DESCRIPTIONS": [
      "ターン終了時、手札を捨てなくなる。",
      ""
    ]
  },
  "Self Forming Clay": {
    "NAME": "自己形成粘土",
    "FLAVOR": "「非常に不可思議だ！私の考えたように形を変える！超能力粘土？」-ランウィッド",
    "DESCRIPTIONS": [
      "HPが失われるたび、 次のターン開始時、 #b",
      " #yブロック を得る。"
    ]
  },
  "Shovel": {
    "NAME": "ショベル",
    "FLAVOR": "塔には古代文明の遺物と、時間との戦いに敗れた強力な冒険者たちが集っている。発掘を始めよう！",
    "DESCRIPTIONS": [
      "休憩場所で #y発掘 が可能になる。"
    ]
  },
  "Shuriken": {
    "NAME": "手裏剣",
    "FLAVOR": "軽量の投てき武器。目を狙うのがおすすめ。",
    "DESCRIPTIONS": [
      "1ターンの間に #b",
      " 枚の #y「アタック」 をプレイするたび、 #y筋力 #b",
      " を得る。"
    ]
  },
  "Singing Bowl": {
    "NAME": "歌うボウル",
    "FLAVOR": "使い込まれたアーティファクト、叩くと美しいメロディーを奏でる。",
    "DESCRIPTIONS": [
      "カード報酬をスキップするたびに最大HP+2。"
    ]
  },
  "Smiling Mask": {
    "NAME": "スマイルマスク",
    "FLAVOR": "商人がかぶっているマスク。彼の予備だろうか...",
    "DESCRIPTIONS": [
      "商人のカード削除サービスの費用が #b",
      " #yゴールド に固定される。"
    ]
  },
  "Ring of the Snake": {
    "NAME": "蛇の指輪",
    "FLAVOR": "蛇の化石から作られた。狩りの技巧を表現している。",
    "DESCRIPTIONS": [
      "戦闘開始時、カード #b",
      " 枚を追加で引く。"
    ]
  },
  "Snecko Eye": {
    "NAME": "スネッコアイ",
    "FLAVOR": "戦いに敗れたスネッコの目。考えもおよばぬほど昔の話。",
    "DESCRIPTIONS": [
      "ターン開始時、 2枚 カードを追加で引く。戦闘開始時に #y混乱 。"
    ]
  },
  "Snake Skull": {
    "NAME": "スネッコスカル",
    "FLAVOR": "良い保存状態のスネッコの頭蓋骨。不思議なくらい綺麗で滑らか、どういうわけか土や汚れが付着しない。",
    "DESCRIPTIONS": [
      "敵に #y毒 を与えるたび、追加で #y毒 #b",
      " を与える。"
    ]
  },
  "Sozu": {
    "NAME": "ししおどし",
    "FLAVOR": "このレリックの近くにある魔力を持った液体は、効果が消えてしまう。",
    "DESCRIPTIONS": [
      "ポーションを入手できなくなる。",
      "ターン開始時、 [R] を得る。",
      "ターン開始時、 [G] を得る。",
      "ターン開始時、 [B] を得る。"
    ]
  },
  "Spirit Poop": {
    "NAME": "精霊のふん",
    "FLAVOR": "精霊へ捧げた供物の残骸、黒焦げになっている。",
    "DESCRIPTIONS": [
      "不愉快だ。"
    ]
  },
  "Strange Spoon": {
    "NAME": "奇妙なスプーン",
    "FLAVOR": "スプーンを見つめていると、目の前で折れ曲がっていく。",
    "DESCRIPTIONS": [
      "カードを #y廃棄 するとき、50%の確率で廃棄ではなく捨て札にする。"
    ]
  },
  "Strawberry": {
    "NAME": "イチゴ",
    "FLAVOR": "「美味しい！塔の荒廃以来見るのは初めてだ」-ランウィッド",
    "DESCRIPTIONS": [
      "獲得時、最大HP+ #b"
    ]
  },
  "Sundial": {
    "NAME": "日時計",
    "FLAVOR": "「時間への飽くなき執着は、古代人が空を見上げて導きを求め、永遠を望む原因になった」-ゾロス",
    "DESCRIPTIONS": [
      "デッキを #b",
      " 回シャッフルするたび、 [R] [R] を得る。",
      " 回シャッフルするたび、 [G] [G] を得る。",
      " 回シャッフルするたび、 [B] [B] を得る。"
    ]
  },
  "Ancient Tea Set": {
    "NAME": "古代のティーセット",
    "FLAVOR": "夜の安らぎに欠かせない。",
    "DESCRIPTIONS": [
      "休憩場所を通過した次の戦闘において、 [R] [R] を得た状態でスタートする。",
      "休憩場所を通過した次の戦闘において、 [G] [G] を得た状態でスタートする。",
      "休憩場所を通過した次の戦闘において、 [B] [B] を得た状態でスタートする。"
    ]
  },
  "War Paint": {
    "NAME": "戦化粧",
    "FLAVOR": "その昔、アイアンクラッド達は戦いに挑む前に、身を守るための魔法の戦化粧を施したという。",
    "DESCRIPTIONS": [
      "獲得時、ランダムな #b",
      " 枚の #y「スキル」 を #yアップグレード する。"
    ]
  },
  "Darkstone Periapt": {
    "NAME": "ダークストーンの護符",
    "FLAVOR": "この石は闇のエネルギーから力を引き出し、着用者の生命力に変換する。",
    "DESCRIPTIONS": [
      "#r呪い を獲得するたび、 最大HP+ #b"
    ]
  },
  "Test 1": {
    "NAME": "テスト1",
    "FLAVOR": "クローズドベータのテスト用レリック面白いと感じたら開発者にお知らせください。",
    "DESCRIPTIONS": [
      "#y「呪い」 を得るたびに最大HPが増加：#b",
      " [R] .",
      " [G] .",
      " [B] ."
    ]
  },
  "Frozen Eye": {
    "NAME": "凍った目",
    "FLAVOR": "未使用",
    "DESCRIPTIONS": [
      "山札を見たとき、カードの並び順通りに表示される。"
    ]
  },
  "Test 2": {
    "NAME": "テスト2",
    "FLAVOR": "クローズドベータのテスト用レリック面白いと感じたら開発者にお知らせください。",
    "DESCRIPTIONS": [
      "ターン開始時にHPが50%以下の場合、　#b"
    ]
  },
  "Test 3": {
    "NAME": "テスト3",
    "FLAVOR": "クローズドベータのテスト用レリック面白いと感じたら開発者にお知らせください。",
    "DESCRIPTIONS": [
      "獲得時にすべての #y防御 カードを #yアップグレード する。"
    ]
  },
  "Test 4": {
    "NAME": "テスト4",
    "FLAVOR": "クローズドベータのテスト用レリック面白いと感じたら開発者にお知らせください。",
    "DESCRIPTIONS": [
      "戦闘開始時、すべての #yストライク カードのエナジー消費が #b0 になる。"
    ]
  },
  "Test 5": {
    "NAME": "テスト5",
    "FLAVOR": "クローズドベータのテスト用レリック面白いと感じたら開発者にお知らせください。",
    "DESCRIPTIONS": [
      "獲得時、　#b",
      " 枚の #yスキル をランダムで #yアップグレード。"
    ]
  },
  "Test 6": {
    "NAME": "テスト6",
    "FLAVOR": "クローズドベータのテスト用レリック面白いと感じたら開発者にお知らせください。",
    "DESCRIPTIONS": [
      "ターン終了時、　#b",
      " #yブロック 獲得（所持ゴールド #b",
      " #yゴールドごと）"
    ]
  },
  "Test 7": {
    "NAME": "テスト7",
    "FLAVOR": "クローズドベータのテスト用レリック面白いと感じたら開発者にお知らせください。",
    "DESCRIPTIONS": [
      "#yエリート を倒すと #b2 個の#yレリック をドロップする。"
    ]
  },
  "Test 8": {
    "NAME": "テスト8",
    "FLAVOR": "クローズドベータのテスト用レリック面白いと感じたら開発者にお知らせください。",
    "DESCRIPTIONS": [
      "引くカードが #b2 枚 増える（毎ターン）戦闘開始時に #y混乱 。"
    ]
  },
  "The Specimen": {
    "NAME": "標本サンプル",
    "FLAVOR": "「驚きだ！凄まじい毒耐性を持つ突然変異の生物を発見した。後で検査するために保管しておこう」-ランウィッド",
    "DESCRIPTIONS": [
      "倒した敵に蓄積していた #y毒 をランダムな敵に付与する。"
    ]
  },
  "Thread and Needle": {
    "NAME": "針と糸",
    "FLAVOR": "魔法の糸を体に巻き付けると、固くなったような気がする。",
    "DESCRIPTIONS": [
      "戦闘開始時、 #yプレートアーマー #b",
      " を得る。"
    ]
  },
  "Tingsha": {
    "NAME": "ティンシャ",
    "FLAVOR": "この楽器が発する音は、苦痛を伴う音量にまで反響する。",
    "DESCRIPTIONS": [
      "ターン中にカードを1枚捨てるたび、ランダムな敵に #b",
      " ダメージを与える。"
    ]
  },
  "Tiny Chest": {
    "NAME": "小さな宝箱",
    "FLAVOR": "「よく出来た試作品だ」-造物主",
    "DESCRIPTIONS": [
      "#yゴールド を #b",
      " 獲得。？の部屋で財宝を発見する確率が #b10% 増加する。",
      "？の部屋で財宝を発見する確率が #b10% 増加する。"
    ]
  },
  "Tiny House": {
    "NAME": "小さな家",
    "FLAVOR": "「完璧な小型化の体現だ。現時点で最高の成果だが、また適切とは言えない」-造物主",
    "DESCRIPTIONS": [
      "獲得時、ポーションを #b1 個獲得。 NL #yゴールド #b",
      " 獲得。 NL 最大HP+ #b",
      " NL カードを #b1 枚獲得。 NL ランダムなカードを #b1 枚アップグレード。",
      "小さな家！"
    ]
  },
  "Toolbox": {
    "NAME": "道具箱",
    "FLAVOR": "万能ツール",
    "DESCRIPTIONS": [
      "戦闘開始時、ランダムな無色のカードを手札に加える。"
    ]
  },
  "Torii": {
    "NAME": "鳥居",
    "FLAVOR": "小さな鳥居を握りしめると、心に安息が訪れたような気持ちになる。",
    "DESCRIPTIONS": [
      "ブロックできなかった #b",
      " 以下のダメージを #b1 に軽減する。"
    ]
  },
  "Tough Bandages": {
    "NAME": "丈夫な包帯",
    "FLAVOR": "失うことで強くなれる。",
    "DESCRIPTIONS": [
      "ターン中にカードを捨てるたびに #b",
      " #yブロック を得る。"
    ]
  },
  "Toxic Egg": {
    "NAME": "毒の卵",
    "FLAVOR": "「素晴らしい発見だ！魔力を持った生物の無精卵だ。一体どんな生き物だろう？」-ランウィッド",
    "DESCRIPTIONS": [
      "獲得時、 #y「スキル」 を 1枚 #yアップグレード できる。",
      "カードを 1 枚選択 "
    ]
  },
  "Toy Ornithopter": {
    "NAME": "玩具のオーニソプター",
    "FLAVOR": "「この小さな玩具は孤独な旅における最高の仲間だ！」",
    "DESCRIPTIONS": [
      "ポーションを使用するたび、HPを #b",
      " 回復。"
    ]
  },
  "Unceasing Top": {
    "NAME": "永久コマ",
    "FLAVOR": "駒は軽やかに回り続ける、まるで夢でも見ているようだ。",
    "DESCRIPTIONS": [
      "手札にカードが1枚もない時に、カードを1枚引く。"
    ]
  },
  "Vajra": {
    "NAME": "バジュラ",
    "FLAVOR": "戦果によって栄光を手にした戦士に送られた豪華なレリック。",
    "DESCRIPTIONS": [
      "戦闘開始時、 #y筋力 #b",
      " 獲得。"
    ]
  },
  "Velvet Choker": {
    "NAME": "ベルベットチョーカー",
    "FLAVOR": "「巨大な力だが、制約が多すぎる」-偉人クブライ",
    "DESCRIPTIONS": [
      "1ターンの間に、 #b",
      " 枚までしかカードを使えなくなる。",
      "ターン開始時、 [R] を得る。 ",
      "ターン開始時、 [G] を得る。 ",
      "ターン開始時、 [B] を得る。 ",
      "プレイ可能なカード枚数は #r"
    ]
  },
  "Lee's Waffle": {
    "NAME": "リーのワッフル",
    "FLAVOR": "「塔における最高のおやつ！今日あなたのために焼きました」",
    "DESCRIPTIONS": [
      "獲得時、 最大HP+ #b",
      " 。HPを全回復する。"
    ]
  },
  "Whetstone": {
    "NAME": "砥石",
    "FLAVOR": "「生身では決して鉄に打ち勝つことができない」-偉人クブライ",
    "DESCRIPTIONS": [
      "獲得時、ランダムな #b",
      " 枚の #y「アタック」 を #yアップグレード する。"
    ]
  },
  "Derp Rock": {
    "NAME": "ただの石",
    "FLAVOR": "プレースホルダー",
    "DESCRIPTIONS": [
      "ターン開始時、チャージ #b",
      " 獲得。 NL （削除及び変化不可）"
    ]
  },
  "NeowsBlessing": {
    "NAME": "ネオーの哀歌",
    "FLAVOR": "ネオーによって授けられた、悲嘆の祝福",
    "DESCRIPTIONS": [
      "最初の #b3 回の戦闘で、敵のHPを1にする。",
      "この祝福は使い切った。"
    ]
  },
  "White Beast Statue": {
    "NAME": "白き獣の像",
    "FLAVOR": "小さな白い像、見たこともない獣をかたどっている。",
    "DESCRIPTIONS": [
      "戦闘終了後に必ずポーションをドロップする。"
    ]
  },
  "DataDisk": {
    "NAME": "データディスク",
    "FLAVOR": "このディスクには貴重な鳥と蛇のデータが保存されている。",
    "DESCRIPTIONS": [
      "戦闘開始時、 #y集中力 #b",
      " を得る。"
    ]
  },
  "Nuclear Battery": {
    "NAME": "原子力電池",
    "FLAVOR": "おお……",
    "DESCRIPTIONS": [
      "戦闘開始時、 #yプラズマ #y1 を #y生成 する。"
    ]
  },
  "Cracked Core": {
    "NAME": "ひび割れたコア",
    "FLAVOR": "塔のオートマトンに動力を供給する、謎めいた生命の力。ひびが入っているようだ。",
    "DESCRIPTIONS": [
      "戦闘開始時、 #yライトニング #y1 を #y生成 する。"
    ]
  },
  "Turnip": {
    "NAME": "カブ",
    "FLAVOR": "ジンジャーのお供に最適。",
    "DESCRIPTIONS": [
      "#y脆弱化 にならない。"
    ]
  },
  "Emotion Chip": {
    "NAME": "感情制御回路",
    "FLAVOR": "...<3...?",
    "DESCRIPTIONS": [
      "ターン開始時、前のターンでダメージを受けていた場合、すべてのオーブの自動効果を使用する。"
    ]
  },
  "Inserter": {
    "NAME": "インサーター",
    "FLAVOR": "プッシュ。プル。スタック。リピート。",
    "DESCRIPTIONS": [
      "#b2 ターンごとに、オーブスロットを #b1 つ得る。"
    ]
  },
  "Cables": {
    "NAME": "金メッキケーブル",
    "FLAVOR": "「これは興味深い！ オートマトンでさえもプラシーボ効果の影響を受けるのか。」 - ランウィッド",
    "DESCRIPTIONS": [
      "一番右にあるオーブの自動効果を2回使用する。"
    ]
  },
  "Runic Capacitor": {
    "NAME": "ルーニックコンデンサ",
    "FLAVOR": "多ければ多いほど良い。",
    "DESCRIPTIONS": [
      "戦闘開始時、 オーブスロットを #b3 つ得る。"
    ]
  },
  "Symbiotic Virus": {
    "NAME": "共生ウイルス",
    "FLAVOR": "A little bit of bad can do a lot of good...",
    "DESCRIPTIONS": [
      "戦闘開始時、 #yダーク #y1 を #y生成 する。"
    ]
  },
  "Potion Belt": {
    "NAME": "ポーションベルト",
    "FLAVOR": "このベルトでもっとたくさんのポーションが持てるぞ！",
    "DESCRIPTIONS": [
      "獲得時、ポーションスロットを #b2 つ得る。"
    ]
  },
  "Boot": {
    "NAME": "ザ・ブーツ",
    "FLAVOR": "締め付けると、ブーツはより大きくなる。",
    "DESCRIPTIONS": [
      "自分が #yアタック で与える、ブロックされなかった #b",
      " 以下のダメージを #b5 ダメージに増加する。"
    ]
  },
  "Mark of the Bloom": {
    "NAME": "花の印",
    "FLAVOR": "彼方においては、思考と現実は一つとなる。",
    "DESCRIPTIONS": [
      "あなたは回復できなくなる。"
    ]
  },
  "Busted Crown": {
    "NAME": "壊れた王冠",
    "FLAVOR": "チャンプの王冠…もしくは粗悪な模造品か？",
    "DESCRIPTIONS": [
      "報酬のカード選択画面で、 選択できるカードが #b2 枚 #y減る。",
      "ターン開始時、 [R] を得る。 ",
      "ターン開始時、 [G] を得る。 ",
      "ターン開始時、 [B] を得る。 "
    ]
  },
  "Empty Cage": {
    "NAME": "空っぽの檻",
    "FLAVOR": "\"How unusual to cage that which you worship.\" - Ranwid",
    "DESCRIPTIONS": [
      "獲得時、 #b2 枚のカードをデッキから削除する。",
      "削除するカードを2枚選ぶ"
    ]
  },
  "Incense Burner": {
    "NAME": "香炉",
    "FLAVOR": "An incense burner from long ago. Burning precious wood seems unimaginable.",
    "DESCRIPTIONS": [
      "#b6 ターンごとに、 #y無形 #b1 を得る。"
    ]
  },
  "Fusion Hammer": {
    "NAME": "融合ハンマー",
    "FLAVOR": "一度振れば、二度と手放すことはできない。",
    "DESCRIPTIONS": [
      "休憩場所で鍛冶ができなくなる。",
      "ターン開始時、 [R] を得る。",
      "ターン開始時、 [G] を得る。",
      "ターン開始時、 [B] を得る。"
    ]
  },
  "Coffee Dripper": {
    "NAME": "コーヒードリッパー",
    "FLAVOR": "\"Yes, another cup please. Back to work. Back to work!\" - The Architect",
    "DESCRIPTIONS": [
      "休憩場所で休息ができなくなる。",
      "ターン開始時、 [R] を得る。",
      "ターン開始時、 [G] を得る。",
      "ターン開始時、 [B] を得る。"
    ]
  },
  "SsserpentHead": {
    "NAME": "サ・サ・サーペントの頭部",
    "FLAVOR": "The most fulfilling of lives is that in which you can #ybuy #yanything!",
    "DESCRIPTIONS": [
      "イベントを開始するたび、 #b",
      " #yゴールド を得る。"
    ]
  },
  "NlothsMask": {
    "NAME": "ヌロスの飢えた顔",
    "FLAVOR": "おなかがへった。",
    "DESCRIPTIONS": [
      "次に開く宝箱（ボスのものを除く）は空っぽ。",
      ""
    ]
  },
  "FaceOfCleric": {
    "NAME": "聖職者の顔",
    "FLAVOR": "みんな大好き聖職者",
    "DESCRIPTIONS": [
      "戦闘を終えるたび、最大HP+ #b1 。"
    ]
  },
  "CultistMask": {
    "NAME": "狂信者の被り物",
    "FLAVOR": "これであなたも仲間入り！",
    "DESCRIPTIONS": [
      "なんだかおしゃべりしたい気分だ。",
      "@カァー!@ NL @クワァーー！@"
    ]
  },
  "GremlinMask": {
    "NAME": "グレムリンの顔つき",
    "FLAVOR": "逃げ出したい。",
    "DESCRIPTIONS": [
      "戦闘開始時、 #y脱力 #b1 を得る。"
    ]
  },
  "TheAbacus": {
    "NAME": "そろばん",
    "FLAVOR": "いち…に…さん…はい死んだ！",
    "DESCRIPTIONS": [
      "デッキをシャッフルするたび、 #b6 #yブロック を得る。"
    ]
  },
  "DollysMirror": {
    "NAME": "ドリーの鏡",
    "FLAVOR": "\"I look funny in this.\"",
    "DESCRIPTIONS": [
      "獲得時、あなたのデッキのカード1枚を複製する。",
      "複製するカードを1枚選ぶ。"
    ]
  },
  "ClockworkSouvenir": {
    "NAME": "時計仕掛けの記念品",
    "FLAVOR": "\"So many intricate gears.\"",
    "DESCRIPTIONS": [
      "戦闘開始時、 #yアーティファクト #b1 を得る。"
    ]
  },
  "MealTicket": {
    "NAME": "お食事券",
    "FLAVOR": "\"Complimentary meatballs with every visit!\"",
    "DESCRIPTIONS": [
      "ショップに来店するたび、HPを #b7 回復。"
    ]
  },
  "TwistedFunnel": {
    "NAME": "捻じれた漏斗",
    "FLAVOR": "\"I wouldn't drink out of it.\"",
    "DESCRIPTIONS": [
      "戦闘開始時、敵全体に #y毒 #b4 を与える。"
    ]
  },
  "HandDrill": {
    "NAME": "ハンドドリル",
    "FLAVOR": "\"Spirals are dangerous.\"",
    "DESCRIPTIONS": [
      "敵の #yブロック を破るたび、 #y弱体 #b2 を与える。"
    ]
  },
  "HoveringKite": {
    "NAME": "漂う凧",
    "FLAVOR": "The Kite floats around you in battle, propelled by a mysterious force.",
    "DESCRIPTIONS": [
      "ターン開始時、 [G] を得てカードを #b2 枚捨てる。"
    ]
  },
  "Sling": {
    "NAME": "勇気のスリング",
    "FLAVOR": "\"A handy tool for dealing with particularly tough opponents.\"",
    "DESCRIPTIONS": [
      "エリートとの戦闘開始時、 #y筋力 #b",
      " を得る。"
    ]
  },
  "FrozenCore": {
    "NAME": "フローズンコア",
    "FLAVOR": "The crack in your core has been filled with a pulsating cold energy.",
    "DESCRIPTIONS": [
      "#bひび割れたコア と置き換える。 オーブスロットが空のままターンを終了した時、 #yフロスト #b1 を #y生成 する。"
    ]
  },
  "OrangePellets": {
    "NAME": "オレンジ色の丸薬",
    "FLAVOR": "\"Made from various fungi found throughout the Spire, they will stave off any affliction.\"",
    "DESCRIPTIONS": [
      "同じターン内で #y「パワー」 #y「アタック」 #y「スキル」 を1枚ずつプレイした時、自分にかかっているすべてのデバフを取り除く。"
    ]
  },
  "WristBlade": {
    "NAME": "リストブレード",
    "FLAVOR": "暗殺に便利。",
    "DESCRIPTIONS": [
      "コストが #b0 の #y「アタック」 で与えるダメージが #b3 増加する。"
    ]
  },
  "StoneCalendar": {
    "NAME": "暦石",
    "FLAVOR": "塔の中では、時間の流れを知覚できない。",
    "DESCRIPTIONS": [
      "#b",
      " ターン目の終了時、 敵全体に #b",
      " ダメージを与える。"
    ]
  },
  "Nunchaku": {
    "NAME": "ヌンチャク",
    "FLAVOR": "A good training tool. Improves the posture and agility of the wielder.",
    "DESCRIPTIONS": [
      "アタックを #b",
      " 枚プレイするたび、 [R] を得る。",
      " 枚プレイするたび、 [G] を得る。",
      " 枚プレイするたび、 [B] を得る。"
    ]
  },
  "MawBank": {
    "NAME": "モーバンク",
    "FLAVOR": "Surprisingly popular, despite maw attacks being a regular occurrence.",
    "DESCRIPTIONS": [
      "フロアを登るたび、 ",
      " #yゴールド を得る。 ショップで #yゴールド を支払ったとき、効果を失う。"
    ]
  },
  "MutagenicStrength": {
    "NAME": "突然変異性筋肥大",
    "FLAVOR": "\"The results seem fleeting, triggering when the subject is in danger.\" - Unknown",
    "DESCRIPTIONS": [
      "戦闘開始時、 #y筋力 #b",
      " を得る。ターン終了時に失う。"
    ]
  },
  "Brimstone": {
    "NAME": "ブリムストーン",
    "FLAVOR": "地獄の熱を発し続けている。",
    "DESCRIPTIONS": [
      "ターン開始時、自分とすべての敵は #y筋力 #b",
      " を得る。"
    ]
  },
  "Pocketwatch": {
    "NAME": "懐中時計",
    "FLAVOR": "針は3時の位置を指して止まっているようだ。",
    "DESCRIPTIONS": [
      "あなたが1ターンにプレイしたカードの枚数が #b3 枚以下だったとき、次のターン開始時、カードを追加で #b3 枚引く。"
    ]
  },
  "PreservedInsect": {
    "NAME": "昆虫標本",
    "FLAVOR": "The insect seems to create a shrinking aura that targets particularly large enemies.",
    "DESCRIPTIONS": [
      "エリート部屋にいる敵のHPが #b",
      "% 低下する。"
    ]
  },
  "FossilizedHelix": {
    "NAME": "貝の化石",
    "FLAVOR": "Seemingly indestructible, you wonder what kind of creature this belonged to.",
    "DESCRIPTIONS": [
      "戦闘中、最初のHPの喪失を無効化する。"
    ]
  },
  "PrismaticShard": {
    "NAME": "プリズムの破片",
    "FLAVOR": "Looking through the shard, you are able to see entirely new perspectives.",
    "DESCRIPTIONS": [
      "戦闘後の報酬に、無色と他の色のカードが提示されるようになる。"
    ]
  },
  "WarpedTongs": {
    "NAME": "捻じれたトング",
    "FLAVOR": "The cursed tongs emit a strong desire to return to where they were stolen from.",
    "DESCRIPTIONS": [
      "ターン開始時、あなたの手札のランダムなカードを1枚 #yアップグレード する。"
    ]
  },
  "WingedGreaves": {
    "NAME": "空飛ぶ靴",
    "FLAVOR": "イケてる。",
    "DESCRIPTIONS": [
      "次の部屋を選択する時、あなたは #b3 回まで道を無視して飛ぶことができる。"
    ]
  }
}