{
  "Main Tutorial": {
    "TEXT": [
      "手札のカードをプレイして敵を倒せ！ NL NL カードのプレイには #yエナジー が必要だ。 NL エナジーが無くなったらターンを終了させろ。 NL NL ターン開始時に新たにカードが引かれ、 #yエナジー が回復する。",
      "敵が攻撃加えようとしているなら、防御カードをプレイして #yブロック を取得せよ。 NL NL #yブロック は攻撃のダメージを減少させるが、 NL 次のターン開始時に #r効果が無くなって しまう。",
      "ターン中は敵の頭上に #y行動予定 が表示される。 NL NL 敵が攻撃を予定している場合は、 #yブロック を取得するべし！"
    ],
    "LABEL": [
      "次",
      "準備完了！",
      "チュートリアル",
      "（ページ ",
      " 3）"
    ]
  },
  "FTUE Tips": {
    "TEXT": [],
    "LABEL": [
      "ヒント： ",
      "了解"
    ]
  },
  "Potion Tip": {
    "TEXT": [
      "ポーションは戦闘中に飲んだり、敵にぶつけたりできる！ NL ポーションは使用しない限りなくならない。"
    ],
    "LABEL": [
      "ポーション"
    ]
  },
  "Energy Tip": {
    "TEXT": [
      "カードのプレイには エナジーが必要だ！ NL 画面左下にあるオーブが、現在のターンで使用可能なエナジーの残量を示している。"
    ],
    "LABEL": [
      "エナジー消費コスト"
    ]
  },
  "Shuffle Tip": {
    "TEXT": [
      "NL 山札がなくなると、捨て札のカードを山札にしてシャッフルする。"
    ],
    "LABEL": [
      "カードがない？"
    ]
  },
  "Player Tips": {
    "TEXT": [
      "このカードはプレイするとパワーを得ることができる。 NL パワーは戦闘中持続するパッシブアビリティ。",
      "カードのプレイには エナジーが必要だ！ NL 画面左下にあるオーブが、現在のターンで使用可能なエナジーの残量を示している。",
      "#r手札が一杯だ！",
      "オーブの #y最大数 に達した。",
      "スロットが無い。"
    ],
    "LABEL": [
      "「パワー」カード",
      "エナジー消費コスト"
    ]
  },
  "Relic Tip": {
    "TEXT": [
      "レリックは塔の中で見つけることができ、様々なボーナス効果を得ることができる。攻略中有効。 NL 強力な敵や、宝箱から発見される。",
      "このレリックはまだ見つかっていない。",
      "この能力は使い切った。"
    ],
    "LABEL": [
      "レリック",
      "未知",
      "このレリックはアンロックする必要がある。",
      "ロック中"
    ]
  },
  "Rewards Tip": {
    "TEXT": [
      "報酬を忘れずに。 NL クリックするだけで獲得できる。"
    ],
    "LABEL": [
      "報酬"
    ]
  },
  "Draw Tip": {
    "TEXT": [
      "ターン開始時、 ここから NL #b",
      " 枚のカードを引く。 NL NL 山札をクリックするとカードが確認できる（順不同）。",
      " 枚のカードをここから引く。 NL NL 山札をクリックするとカードが確認できる"
    ],
    "LABEL": [
      "山札"
    ]
  },
  "Exhaust Tip": {
    "TEXT": [
      "この戦闘中に廃棄したカードを確認する。"
    ],
    "LABEL": [
      "廃棄したカード"
    ]
  },
  "Options Tip": {
    "TEXT": [
      "ゲームプレイデータやエラーログはゲームのバランス調整のためにMega Critに送信されます。 NL NL 個人情報の収集は行っていません。",
      "Slay the Spire はフルスクリーンでプレイすると動作がより早くなります。macOSではドックとメニューバーが隠れるため、推奨します。 NL 注：PCをご使用の場合、全画面モード時にAlt+Tabを使って Slay the Spire へ復帰しようとしても正常に動作しない場合があります。",
      "Slay the Spireの起動には高いスペックが不要なので、迅速なAlt+Tabが可能なボーダーレスを推奨します。PCでの起動が最高のパフォーマンスを発揮します。",
      "注：垂直同期をオンにすると、最大フレームレートはお使いのモニターのリフレッシュレートを上回ることがありません。",
      "この画面ではコントローラーが正常に動作しません。"
    ],
    "LABEL": [
      "メトリックス",
      "フルスクリーン",
      "ボーダーレス",
      "最大フレームレート"
    ]
  },
  "Shop Tip": {
    "TEXT": [
      "カードを 1 枚削除する。サービスコストが増加： #b",
      " （攻略完了まで）。"
    ],
    "LABEL": [
      "カード削除サービス"
    ]
  },
  "End Turn Tip": {
    "TEXT": [
      "このボタンを押すとターンが終了する。 NL NL 手札のカードはすべて捨て、敵のターンになる。あなたはカードを ",
      " 枚引いて次のターンが始まる。"
    ],
    "LABEL": [
      "ターン終了"
    ]
  },
  "Discard Tip": {
    "TEXT": [
      "山札が空の時は捨て札のカードがシャフルされて山札に混ぜ込まれる。 NL NL 捨て札をクリックするとカードが確認可能。"
    ],
    "LABEL": [
      "捨て札"
    ]
  },
  "Energy Panel Tip": {
    "TEXT": [
      "現在のエナジー。カードのプレイには エナジーが必要だ。"
    ],
    "LABEL": [
      "エナジー"
    ]
  },
  "Potion Panel Tip": {
    "TEXT": [
      "敵にこのポーションを投げる。",
      "ポーションを飲む。",
      "ポーションを捨てる NL #r(取り消せない)。"
    ],
    "LABEL": [
      "投げる",
      "飲む",
      "捨てる"
    ]
  },
  "Top Panel Tips": {
    "TEXT": [
      "ゲームメニューを開く。 NL NL グラフィック・オーディオ・ゲーム機能の変更やアップデートがここに表示されます。",
      "カードデッキにあるすべてのカードを見る。",
      "今いるレベルの地図を見る。",
      "HPがすべてなくなると、戦闘不能。",
      "現在の所持ゴールド。ゴールドは塔における通貨。",
      "",
      "",
      "この攻略でのプレイ時間。"
    ],
    "LABEL": [
      "設定",
      "デッキ",
      "地図",
      "HP=ヒットポイント",
      "財布",
      "経過時間"
    ]
  },
  "Random Tips": {
    "TEXT": [
      "他のプレイヤーと一緒にプレイして効果的な戦略を発見しよう。",
      "ボスの前には必ず休憩場所がある。",
      "ゴールドはショップで使おう！（商人より）",
      "時々休憩しよう。",
      "敵は 3 回連続で同じ攻撃を使用しない。",
      "パーセンテージによる計算結果は最後に小数点以下が切り捨て処理される。",
      "戦闘中に山札や捨て札の中身が確認できる。",
      "大多数のアイテムは、マウスオーバーすることで有用な情報が確認できる。",
      "画面右上にある？ボタンを押すとヒントの表示/非表示が切り替えできる。",
      "カードドラッグ中に右クリックでリリース。",
      "敵にマウスオーバーすると名前とパワー情報が確認できる。",
      "マウスホイールやクリック＆ドラッグでスクロールができる。",
      "アイテムを調べることができる場合はカーソルが拡大鏡に変化する。",
      "レリックに所持数制限はない。",
      "宝箱には必ずレリックが入っている。",
      "どの道順を通っても必ず 1 回は宝箱の部屋を通る。",
      "マウスホイールやクリック＆ドラッグで、地図・カード画面などのスクロールができる。",
      "エリートは必ずレリックを落とす。",
      "攻略中に同じレリックを 2 個獲得することはない。",
      "アンコモンカードは青い枠とバナーがある。",
      "レアカードは金色の枠とバナーがある。",
      "カードのレアリティはカードから判断できる。",
      "カードを追加することが常に賢い選択というわけではない。",
      "廃棄したカードはデッキから失われるわけではない。",
      "手札に持てるカードは最高で10枚。",
      "状態異常のカードは戦闘終了後に消滅する。",
      "呪いはアップグレードできない。そんなことを望む人がいるのだろうか？",
      "レベル 2 以降は報酬にアップグレードされたカードが出現する。",
      "未知の部屋では、財宝・戦闘・ショップ・イベントのどれかが発生する。",
      "商人は返金を受け付けない。いやな奴だ。",
      "カード削除サービスを使用するたび、コストが上昇する。",
      "カード削除サービスは1ショップあたり1回まで。",
      "ポーション・レリック・パワーによるダメージは攻撃ダメージとはみなされない。"
    ],
    "LABEL": [
      "他のポーションを獲得するために、今持っているポーションを捨てることができる。"
    ]
  }
}