{
  "Dark": {
    "DESCRIPTION": [
      "#yPasiva: Al final del turno, aumenta el daño de este Orbe en #b",
      ". NL #yDescargar: Causa #b",
      " de daño al enemigo con menor PV."
    ],
    "NAME": "Oscuridad"
  },
  "Empty": {
    "DESCRIPTION": [
      "Los Orbes se pueden Invocar en estos huecos."
    ],
    "NAME": "Espacio de Orbe"
  },
  "Frost": {
    "DESCRIPTION": [
      "#yPasiva: Al final del turno, gana #b",
      " #yBloqueo. NL #yDescargar: Gana #b",
      " #yBloqueo."
    ],
    "NAME": "Escarcha"
  },
  "Lightning": {
    "DESCRIPTION": [
      "#yPasiva: Al final del turno, causa #b",
      " de daño a un enemigo aleatorio. NL #yDescargar: Causa #b",
      " de daño a un enemigo aleatorio."
    ],
    "NAME": "Relámpago"
  },
  "Plasma": {
    "DESCRIPTION": [
      "#yPasiva: Al principio del turno, gana [B] . NL #yDescargar: Gana #b",
      " [B] . NL Plasma no se ve afectado por #yConcentración."
    ],
    "NAME": "Plasma"
  }
}