{
  "Game Dictionary": {
    "ARTIFACT": {
      "NAMES": [
        "人工制品"
      ],
      "DESCRIPTION": "免疫下一次受到的负面效果。"
    },
    "BLOCK": {
      "NAMES": [
        "格挡",
        "blocks"
      ],
      "DESCRIPTION": "持续到下回合开始前，阻挡伤害。"
    },
    "BURN": {
      "NAMES": [
        "灼伤",
        "burns"
      ],
      "DESCRIPTION": "灼伤是 不能被打出 的状态牌，并会对你造成伤害。"
    },
    "CHANNEL": {
      "NAMES": [
        "生成",
        "生成的"
      ],
      "DESCRIPTION": "生成的充能球将出现在你最右侧起的第一个空栏位。当没有空栏位时，你的第一个充能球将自动被 激发 来空出位置。"
    },
    "CONFUSED": {
      "NAMES": [
        "混乱"
      ],
      "DESCRIPTION": "你每抽到一张牌，就将其耗能随机变化。"
    },
    "CURSE": {
      "NAMES": [
        "诅咒"
      ],
      "DESCRIPTION": "诅咒牌是留在你牌组中的负面牌。"
    },
    "DARK": {
      "NAMES": [
        "黑暗",
        "黑暗+"
      ],
      "DESCRIPTION": "充能球：每回合增加伤害。 #y激发 时，对生命值最少的敌人造成伤害。"
    },
    "DAZED": {
      "NAMES": [
        "晕眩"
      ],
      "DESCRIPTION": "晕眩是 不能被打出 的 虚无 状态牌。"
    },
    "DEXTERITY": {
      "NAMES": [
        "敏捷"
      ],
      "DESCRIPTION": "敏捷增加你从牌中获得的格挡值。"
    },
    "ETHEREAL": {
      "NAMES": [
        "虚无"
      ],
      "DESCRIPTION": "如果这张牌在回合结束时仍然在你的手中，它将被消耗。被消耗的牌将在战斗结束前被移除出牌组。"
    },
    "EVOKE": {
      "NAMES": [
        "激发",
        "激发"
      ],
      "DESCRIPTION": "消耗掉你最右侧的充能球，使用其 激发 效果。"
    },
    "EXHAUST": {
      "NAMES": [
        "消耗",
        "exhausted",
        "exhausts"
      ],
      "DESCRIPTION": "在战斗结束前被移除出牌组。"
    },
    "FOCUS": {
      "NAMES": [
        "集中"
      ],
      "DESCRIPTION": "集中 会加强 充能球 的效果。"
    },
    "FRAIL": {
      "NAMES": [
        "脆弱"
      ],
      "DESCRIPTION": "处于脆弱状态时，你从卡牌中获得的 #y格挡 减少 #b25% 。"
    },
    "FROST": {
      "NAMES": [
        "冰霜",
        "冰霜+"
      ],
      "DESCRIPTION": "充能球：获得 #y格挡。"
    },
    "INNATE": {
      "NAMES": [
        "固有"
      ],
      "DESCRIPTION": "在每场战斗开始时，这张牌会出现在你的手牌中。"
    },
    "INTANGIBLE": {
      "NAMES": [
        "无实体"
      ],
      "DESCRIPTION": "将受到的所有伤害和生命减少效果降低为 #b1 。"
    },
    "LIGHTNING": {
      "NAMES": [
        "闪电",
        "闪电+"
      ],
      "DESCRIPTION": "充能球：对随机敌人造成伤害。"
    },
    "LOCKED": {
      "NAMES": [
        "锁定"
      ],
      "DESCRIPTION": "这张牌还没有被解锁。"
    },
    "OPENER": {
      "NAMES": [
        "opener"
      ],
      "DESCRIPTION": "Opener cards may only be played as the first card each turn."
    },
    "PLASMA": {
      "NAMES": [
        "等离子",
        "等离子+"
      ],
      "DESCRIPTION": "充能球：获得 能量 。"
    },
    "POISON": {
      "NAMES": [
        "中毒",
        "poisoned"
      ],
      "DESCRIPTION": "中毒的生物会在他们的回合开始时失去相应的生命。中毒层数每回合下降 #b1 。"
    },
    "RETAIN": {
      "NAMES": [
        "保留"
      ],
      "DESCRIPTION": "保留的牌不会在回合结束时被放入弃牌堆。"
    },
    "SHIV": {
      "NAMES": [
        "小刀",
        "shivs"
      ],
      "DESCRIPTION": "小刀是会消耗的 #b0 耗能攻击牌。"
    },
    "STATUS": {
      "NAMES": [
        "状态"
      ],
      "DESCRIPTION": "状态牌在战斗结束时会被移除。"
    },
    "STRENGTH": {
      "NAMES": [
        "力量"
      ],
      "DESCRIPTION": "力量会让攻击获得额外的伤害。"
    },
    "STRIKE": {
      "NAMES": [
        "打击"
      ],
      "DESCRIPTION": "所有名字中包括“打击”的牌。"
    },
    "TEXT": [
      "你需要能量来打出你的手牌。"
    ],
    "THORNS": {
      "NAMES": [
        "荆棘"
      ],
      "DESCRIPTION": "受到 #y攻击 伤害时，对攻击者造成伤害。"
    },
    "TODO": {
      "NAMES": [
        "todo",
        "JUST FOR DEVS, DONT TRANSLATE",
        "JUST FOR DEVS, DONT TRANSLATE",
        "JUST FOR DEVS, DONT TRANSLATE",
        "JUST FOR DEVS, DONT TRANSLATE"
      ],
      "DESCRIPTION": "这张牌还没做完，呃，会出现在这里还真是需要修复一下……"
    },
    "TRANSFORM": {
      "NAMES": [
        "变化"
      ],
      "DESCRIPTION": "被变化的牌会变成随机稀有度的随机牌。"
    },
    "UNKNOWN": {
      "NAMES": [
        "未知"
      ],
      "DESCRIPTION": "这张牌你还没有遇到过。"
    },
    "UNPLAYABLE": {
      "NAMES": [
        "不能被打出"
      ],
      "DESCRIPTION": "不能被打出的牌不能从你的手牌中被打出。"
    },
    "UPGRADE": {
      "NAMES": [
        "升级",
        "upgraded"
      ],
      "DESCRIPTION": "升级卡牌会让它们变得更加强大。卡牌只能升级一次。"
    },
    "VOID": {
      "NAMES": [
        "虚空",
        "虚空"
      ],
      "DESCRIPTION": "虚空是 不能被打出 的 虚无 状态牌，在被抽到时会消耗能量。"
    },
    "VULNERABLE": {
      "NAMES": [
        "易伤"
      ],
      "DESCRIPTION": "有易伤效果的生物从攻击中受到的伤害增加 #b50% 。"
    },
    "WEAK": {
      "NAMES": [
        "虚弱",
        "weaken",
        "weakened",
        "weakens"
      ],
      "DESCRIPTION": "有虚弱效果的生物用攻击造成的伤害减少 #b25% 。"
    },
    "WOUND": {
      "NAMES": [
        "伤口",
        "wounds"
      ],
      "DESCRIPTION": "伤口是不能被打出的状态牌。"
    },
    "LOCK_ON": {
      "NAMES": [
        "跟踪锁定"
      ],
      "DESCRIPTION": "被跟踪锁定的目标从充能球受到的伤害增加 #b50% 。"
    }
  }
}