{
  "AchievementGrid": {
    "NAMES": [
      "Мачји кашаљ",
      "Прочишћен",
      "Стоик",
      "Пакт",
      "Адреналин",
      "Моћан",
      "Изџексован",
      "Непробојив",
      "Забарикадиран",
      "Катализатор",
      "Пошаст",
      "Нинџа",
      "Врзино коло",
      "Ти си ништа",
      "Савршен",
      "Чувар",
      "Дух",
      "Шеф",
      "Аутоматон",
      "Колекционар",
      "Шампион",
      "Врана",
      "Облици",
      "Гутач времена",
      "Рубин",
      "Смарагд",
      "Неоткривено",
      "Коме требају реликвије?",
      "Брзи пењач",
      "Успињање 0",
      "Успињање 10",
      "Минималиста",
      "Њам, крофна!",
      "Сафир",
      "Све ће то народ позлатити",
      "Потентан",
      "Неон",
      "Енергија је прецењена",
      "Мој срећан дан",
      "Непостојани",
      "Ascend 20"
    ],
    "TEXT": [
      "Заврши битку са једним ж. п.",
      "Нађи се са свеукупно три или мање карата у руци, гомили за вучење, и гомили за одбацивање.",
      "Доби битку без одигравања иједног напада.",
      "Исцрпи 20 карата током једне битке.",
      "Скупи девет енергије током једног потеза.",
      "Скупи 10 или више позитивних статуса током борбе.",
      "Повећај своју снагу за 50 или више током борбе.",
      "Скупи 99 или више одбране током борбе.",
      "Скупи 999 или више одбране током борбе.",
      "Нанеси 99 или више отрова једном непријатељу.",
      "Порази отровом три непријатеља у једној борби.",
      "Одиграј 10 Ножева у једном потезу.",
      "Одиграј 25 карата у једном потезу.",
      "Порази било ког вожда на првом потезу.",
      "Порази било ког вожда без примања штете.",
      "Порази Чувара.",
      "Порази Шестодуха.",
      "Порази Велику слуз.",
      "Порази Бронзаног аутоматона.",
      "Порази Колекционара.",
      "Порази Шампиона.",
      "Порази Пробуђеног.",
      "Порази Крофна & Каедру.",
      "Порази Гутача времена.",
      "Пређи игру као Железни.",
      "Пређи игру као Нема.",
      "Детаљи овог достигнућа ће бити откривени кад се откључа.",
      "Пређи игру са једном реликвијом.",
      "Пређи игру испод 20 минута.",
      "Откључај Успињање.",
      "Пређи десети ниво Успињања.",
      "Пређи игру са шпилом од пет или мање карата.",
      "Поједи Крофна.",
      "Пређи игру као Промашај.",
      "Пређи игру само са обичним картама у шпилу.",
      "Имај 25 или више потентности током борбе.",
      "Призови девет плазми у једном потезу.",
      "Одиграј 10 или више бесплатних карата у једном потезу.",
      "Победи један дневни изазов.",
      "Порази Непостојаног пре него што ишчезне.",
      "Complete Ascension Level 20."
    ]
  },
  "CharStat": {
    "NAMES": [],
    "TEXT": [
      "Време у походима: ",
      "Број победа: #y",
      "Број пораза: #y",
      "Спратова посећено: #y",
      "Убијених вождова: #y",
      "Убијених непријатеља: #y",
      "",
      "Откривених карата: #y",
      "Откључаних карата: #y",
      "Откривених реликвија: #y",
      "Откључаних реликвија: #y",
      "",
      "",
      "Најбржа победа: ",
      "",
      "",
      "",
      "Број победа: #y",
      "Број смрти: #y",
      "Спратова посећено: #y",
      "Убијених вождова: #y",
      "Убијених непријатеља: #y",
      "Највише узастопних победа: #y",
      "Највише поена: #y"
    ]
  },
  "StatsScreen": {
    "NAMES": [
      "#yСвеукупна #yстатистика",
      "#yДостигнућа",
      "#rЖелезни",
      "#gНема",
      ""
    ],
    "TEXT": [
      "Назад"
    ]
  }
}