{
  "Grand Finale": {
    "NAME": "대단원의 막",
    "DESCRIPTION": "뽑을 카드 더미에 남아있는 카드가 없을 때만 사용가능합니다.  NL 적 전체에게 피해를 !D! 줍니다.",
    "UPGRADE_DESCRIPTION": "뽑을 카드 더미가 비어 있어야만 한다."
  },
  "Immolate": {
    "NAME": "화형",
    "DESCRIPTION": "적 전체에게 피해를 !D! 줍니다. NL 버린 카드 더미에 화상 카드를 섞어 넣습니다."
  },
  "Regret": {
    "NAME": "후회",
    "DESCRIPTION": "사용불가 NL 턴 종료 시 손에 있는 카드의 수만큼 체력을 잃습니다. "
  },
  "Crippling Poison": {
    "NAME": "신경독",
    "DESCRIPTION": "적 전체에게 중독 을 !M! 부여하고 약화 를 2 부여합니다. NL 소멸"
  },
  "A Thousand Cuts": {
    "NAME": "능지처참",
    "DESCRIPTION": "카드를 사용할 때마다 적 전체에게 피해를 !M! 줍니다."
  },
  "Spot Weakness": {
    "NAME": "약점 분석",
    "DESCRIPTION": "선택한 적이 공격할 의도가 있다면 힘 을 !M! 얻습니다."
  },
  "Wound": {
    "NAME": "부상",
    "DESCRIPTION": "사용불가"
  },
  "Writhe": {
    "NAME": "몸부림",
    "DESCRIPTION": "사용불가 NL 선천성"
  },
  "Dark Shackles": {
    "NAME": "어둠의 족쇄",
    "DESCRIPTION": "이번 턴에만 힘 을 !M! 감소시킵니다. NL 소멸"
  },
  "Glass Knife": {
    "NAME": "유리칼",
    "DESCRIPTION": "피해를 !D! 만큼 2 번 줍니다. 사용할 때마다 이 카드의 피해량이 2씩 감소합니다."
  },
  "Cloak And Dagger": {
    "NAME": "망토와 단검",
    "DESCRIPTION": "방어도 를 !B! 얻습니다. NL 단도 카드를 !M! 장 얻습니다.",
    "UPGRADE_DESCRIPTION": "방어도 를 !B! 얻습니다. NL 단도 카드를 !M! 장 얻습니다."
  },
  "Underhanded Strike": {
    "NAME": "비열한 타격",
    "DESCRIPTION": "피해를 !D! 줍니다. NL 이번 턴에 버린 카드가 있으면 [G] [G] 를 얻습니다.",
    "EXTENDED_DESCRIPTION": [
      "이 카드는 사용할 수 없다."
    ]
  },
  "Anger": {
    "NAME": "분노",
    "DESCRIPTION": "피해를 !D! 줍니다. NL 이 카드를 1장 복사해 버린 카드 더미에 섞어 넣습니다."
  },
  "Storm of Steel": {
    "NAME": "강철의 폭풍",
    "DESCRIPTION": "카드를 전부 버립니다. NL 버려진 수만큼 단도 카드를 얻습니다.",
    "UPGRADE_DESCRIPTION": "카드를 전부 버립니다. NL 버려진 수만큼 강화된 단도 카드를 얻습니다."
  },
  "Cleave": {
    "NAME": "절단",
    "DESCRIPTION": "적 전체에게 피해를 !D! 줍니다."
  },
  "Inflame": {
    "NAME": "발화",
    "DESCRIPTION": "힘 을 !M! 얻습니다."
  },
  "Sadistic Nature": {
    "NAME": "가학적 본성",
    "DESCRIPTION": "적에게 부정적인 효과를 부여할 때마다 피해를 !M! 줍니다."
  },
  "J.A.X.": {
    "NAME": "J.A.X.",
    "DESCRIPTION": "체력을 3 잃습니다. NL 힘 을 !M! 얻습니다."
  },
  "Offering": {
    "NAME": "제물",
    "DESCRIPTION": "체력을 6 잃습니다. NL [R] [R] 를 얻습니다. NL 카드를 !M! 장 뽑습니다. NL 소멸",
    "UPGRADE_DESCRIPTION": "체력을 6 잃습니다. NL [R] [R] 를 얻습니다. NL 카드를 !M! 장 뽑습니다. NL 소멸"
  },
  "Exhume": {
    "NAME": "발굴",
    "DESCRIPTION": "소멸된 카드를 1장 선택해 가져옵니다. NL 소멸"
  },
  "Power Through": {
    "NAME": "난관 극복",
    "DESCRIPTION": "부상 카드를 2장 받습니다. NL 방어도 를 !B! 얻습니다."
  },
  "Dual Wield": {
    "NAME": "이도류",
    "DESCRIPTION": "공격 또는 파워 카드를 복사합니다.",
    "UPGRADE_DESCRIPTION": "공격 또는 파워 카드를 2장 복사합니다."
  },
  "Deadly Poison": {
    "NAME": "맹독",
    "DESCRIPTION": "중독 을 !M! 부여합니다."
  },
  "Leg Sweep": {
    "NAME": "다리 걸기",
    "DESCRIPTION": "약화 를 !M! 부여합니다. NL 방어도 를 !B! 얻습니다."
  },
  "Flex": {
    "NAME": "몸 풀기",
    "DESCRIPTION": "힘 을 !M! 얻습니다. NL 턴이 끝날 때 힘 을 !M! 잃습니다."
  },
  "Dagger Spray": {
    "NAME": "단검 분사",
    "DESCRIPTION": " 적 전체에게 피해를 !D! 만큼 2 번 줍니다."
  },
  "Bullet Time": {
    "NAME": "불릿 타임",
    "DESCRIPTION": "이번 턴에 카드를 더 뽑을 수 없습니다. 손에 있는 모든 카드의 비용을 0 으로 바꿉니다."
  },
  "Catalyst": {
    "NAME": "촉매",
    "DESCRIPTION": "적의 중독 을 2배로 늘립니다. NL 소멸",
    "UPGRADE_DESCRIPTION": "적의 중독 을 3배로 늘립니다. NL 소멸"
  },
  "Reaper": {
    "NAME": "사신",
    "DESCRIPTION": "적 전체에게 피해를 !D! 줍니다. 막히지 않은 피해만큼 체력을 회복합니다.  소멸"
  },
  "Shiv": {
    "NAME": "단도",
    "DESCRIPTION": "피해를 !D! 줍니다. NL 소멸"
  },
  "Tactician": {
    "NAME": "전략가",
    "DESCRIPTION": "사용불가. NL 이 카드가 버려지면, [G] 를 얻습니다.",
    "UPGRADE_DESCRIPTION": "사용불가. NL 이 카드가 버려지면, [G] [G] 를 얻습니다.",
    "EXTENDED_DESCRIPTION": [
      "이 카드는 사용할 수 없다."
    ]
  },
  "Bane": {
    "NAME": "파멸",
    "DESCRIPTION": "피해를 !D! 줍니다. NL 적이 중독 상태면 다시 피해를 !D! 줍니다."
  },
  "Infernal Blade": {
    "NAME": "지옥검",
    "DESCRIPTION": "무작위 공격 카드를 1장 얻습니다. NL 이번 턴 동안 그 카드의 비용이 0 이 됩니다. 소멸"
  },
  "After Image": {
    "NAME": "잔상",
    "DESCRIPTION": "카드를 사용할 때마다 방어도 를 1 얻습니다.",
    "UPGRADE_DESCRIPTION": "선천성 NL 카드를 사용할 때마다 방어도 를 1 얻습니다."
  },
  "Unload": {
    "NAME": "처분",
    "DESCRIPTION": "피해를 !D! 줍니다. NL 공격 카드를 제외한 카드를 모두 버립니다."
  },
  "Blade Dance": {
    "NAME": "검무",
    "DESCRIPTION": "단도 카드를 !M! 장 얻습니다."
  },
  "Deflect": {
    "NAME": "튕겨내기",
    "DESCRIPTION": "방어도 를 !B! 얻습니다."
  },
  "Trip": {
    "NAME": "헛디딤",
    "DESCRIPTION": "취약 을 !M! 부여합니다.",
    "UPGRADE_DESCRIPTION": "적 전체에게 취약 을 !M! 부여합니다."
  },
  "Dagger Throw": {
    "NAME": "단검 투척",
    "DESCRIPTION": "피해를 !D! 줍니다. NL 카드를 1장 뽑습니다. NL 카드를 1장 버립니다."
  },
  "Brutality": {
    "NAME": "잔혹성",
    "DESCRIPTION": "턴 시작 시 체력을 1 잃고 카드를 1장 뽑습니다.",
    "UPGRADE_DESCRIPTION": "선천성 NL 매 턴 시작 시 체력을 1 잃고 카드를 1장 뽑습니다."
  },
  "Iron Wave": {
    "NAME": "철의 파동",
    "DESCRIPTION": "방어도 를 !B! 얻습니다. NL 피해를 !D! 줍니다."
  },
  "Reckless Charge": {
    "NAME": "무모한 돌진",
    "DESCRIPTION": "피해를 !D! 줍니다. NL 뽑을 카드 더미에 어지러움 카드를 섞어 넣습니다."
  },
  "Decay": {
    "NAME": "부패",
    "DESCRIPTION": "사용불가 NL 턴이 끝날 때 피해를 2 입습니다."
  },
  "Tools of the Trade": {
    "NAME": "작업 도구",
    "DESCRIPTION": "턴 시작 시 카드를 1장 뽑고 1장 버립니다."
  },
  "Dramatic Entrance": {
    "NAME": "극적인 입장",
    "DESCRIPTION": "선천성 NL 적 전체에게 피해를 !D! 줍니다. NL 소멸"
  },
  "Hemokinesis": {
    "NAME": "혈류",
    "DESCRIPTION": "체력을 !M! 잃습니다. NL 피해를 !D! 줍니다."
  },
  "Intimidate": {
    "NAME": "위압",
    "DESCRIPTION": "적 전체에게 약화 를 !M! 부여합니다. NL 소멸"
  },
  "Necronomicurse": {
    "NAME": "네크로노미콘의 저주",
    "DESCRIPTION": "사용불가 NL 이 저주에서 벗어날 수 없습니다."
  },
  "Choke": {
    "NAME": "교살",
    "DESCRIPTION": "피해를 !D! 줍니다. NL 이번 턴에 카드를 사용할 때마다 대상은 체력을 !M! 씩 잃습니다."
  },
  "Juggernaut": {
    "NAME": "절대적인 힘",
    "DESCRIPTION": "방어도 를 얻을 때마다 무작위 적에게 !M! 의 피해를 줍니다."
  },
  "Caltrops": {
    "NAME": "마름쇠",
    "DESCRIPTION": "피해를 받을 때마다 공격한 적에게 피해를 !M! 줍니다."
  },
  "Poisoned Stab": {
    "NAME": "독 찌르기",
    "DESCRIPTION": "피해를 !D! 줍니다. NL 중독 을 !M! 부여합니다."
  },
  "Blur": {
    "NAME": "흐릿함",
    "DESCRIPTION": "방어도 를 !B! 얻습니다. NL 한 턴간 방어도 가 사라지지 않습니다."
  },
  "Body Slam": {
    "NAME": "몸통 박치기",
    "DESCRIPTION": "현재 방어도 만큼의 피해를 줍니다.",
    "UPGRADE_DESCRIPTION": " NL ( !D! 의 피해를 줍니다.)"
  },
  "True Grit": {
    "NAME": "진정한 끈기",
    "DESCRIPTION": "방어도 를 !B! 얻습니다. NL 무작위 카드를 1장 소멸 시킵니다.",
    "UPGRADE_DESCRIPTION": "방어도 를 !B! 얻습니다. NL 카드를 1장 선택해 소멸 시킵니다."
  },
  "Setup": {
    "NAME": "설치",
    "DESCRIPTION": "카드 1장을 뽑을 카드 더미 맨 위에 놓습니다. NL 사용 전까지 그 카드의 비용이 0이 됩니다."
  },
  "Blood for Blood": {
    "NAME": "피에는 피",
    "DESCRIPTION": "이번 전투에서 체력을 잃을 때마다 이 카드의 비용이 [R] 감소합니다. NL 피해를 !D! 줍니다."
  },
  "Impervious": {
    "NAME": "무적",
    "DESCRIPTION": "방어도 를 !B! 얻습니다. NL 소멸"
  },
  "Shrug It Off": {
    "NAME": "흘려보내기",
    "DESCRIPTION": "방어도 를  !B! 얻습니다. NL 카드를 1장 뽑습니다."
  },
  "Clash": {
    "NAME": "격돌",
    "DESCRIPTION": "손에 있는 카드가 전부 공격 카드일 때만 사용할 수 있습니다. NL 피해를 !D! 줍니다.",
    "EXTENDED_DESCRIPTION": [
      "이 카드는 사용할 수 없다."
    ]
  },
  "Thunderclap": {
    "NAME": "천둥",
    "DESCRIPTION": "적 전체에게 피해를 !D! 주고 취약 을 1 부여합니다."
  },
  "Flame Barrier": {
    "NAME": "화염 장벽",
    "DESCRIPTION": "방어도 를 !B! 얻습니다. NL 이번 턴에 공격을 받을 때마다 공격한 대상에게 피해를 !M! 줍니다. "
  },
  "Endless Agony": {
    "NAME": "영원한 고통",
    "DESCRIPTION": "이 카드를 뽑으면 동일한 카드를 추가로 1장 얻습니다. NL 피해를 !D! 줍니다. NL 소멸"
  },
  "Berserk": {
    "NAME": "광폭화",
    "DESCRIPTION": "취약 을 !M! 받습니다. 매 턴 [R] 을 얻습니다."
  },
  "Pummel": {
    "NAME": "연타",
    "DESCRIPTION": "피해를 !D! 만큼 !M! 번 줍니다. NL 소멸",
    "UPGRADE_DESCRIPTION": "피해를 !D! 만큼 !M! 번 줍니다. NL 소멸"
  },
  "Riddle With Holes": {
    "NAME": "벌집",
    "DESCRIPTION": "피해를 !D! 만큼 5 번 줍니다."
  },
  "Burning Pact": {
    "NAME": "불타는 조약",
    "DESCRIPTION": "카드를 1장 NL 소멸 시킵니다. NL 카드를 !M! 장 뽑습니다."
  },
  "Metallicize": {
    "NAME": "금속화",
    "DESCRIPTION": "턴 종료 시 방어도 를 !M! 얻습니다."
  },
  "Pommel Strike": {
    "NAME": "폼멜 타격",
    "DESCRIPTION": "피해를 !D! 줍니다. NL 카드를 !M! 장 뽑습니다.",
    "UPGRADE_DESCRIPTION": "피해를 !D! 줍니다. NL 카드를 !M! 장 뽑습니다."
  },
  "Pain": {
    "NAME": "고통",
    "DESCRIPTION": "사용불가 NL 손에 있을 때,  NL 다른 카드를 사용할 때마다 체력을 1씩 잃습니다."
  },
  "Burst": {
    "NAME": "폭주",
    "DESCRIPTION": "이번 턴에 사용하는 다음 스킬 카드가 두 번 사용됩니다.",
    "UPGRADE_DESCRIPTION": "이번 턴에 사용하는 다음 스킬 카드 !M! 장이 두 번 사용됩니다."
  },
  "Acrobatics": {
    "NAME": "곡예",
    "DESCRIPTION": "카드를 !M! 장 뽑습니다. NL 카드를 1장 버립니다."
  },
  "Blind": {
    "NAME": "실명",
    "DESCRIPTION": "약화 를 2 부여합니다.",
    "UPGRADE_DESCRIPTION": "적 전체에게 약화 를 !M! 부여합니다."
  },
  "Doppelganger": {
    "NAME": "도플갱어",
    "DESCRIPTION": "다음 턴에 카드를 X장 더 뽑고 X개의 [G] 를 얻습니다. NL 소멸",
    "UPGRADE_DESCRIPTION": "다음 턴에 카드를 X+1장 더 뽑고 X+1개의 [G] 를 얻습니다. NL 소멸"
  },
  "Skewer": {
    "NAME": "꼬챙이",
    "DESCRIPTION": "피해를 !D! 만큼 X 번 줍니다."
  },
  "Envenom": {
    "NAME": "독 바르기",
    "DESCRIPTION": "공격으로 적의 체력을 감소시킬 때마다 중독 을 1씩 부여합니다."
  },
  "Adrenaline": {
    "NAME": "아드레날린",
    "DESCRIPTION": " [G] 를 얻습니다. NL 카드를 2장 뽑습니다. NL 소멸",
    "UPGRADE_DESCRIPTION": " [G] [G] 를 얻습니다. NL 카드를 2장 뽑습니다. NL 소멸"
  },
  "Quick Slash": {
    "NAME": "전광석화",
    "DESCRIPTION": "피해를 !D! 줍니다. NL 카드를 1장 뽑습니다."
  },
  "Twin Strike": {
    "NAME": "이중 타격",
    "DESCRIPTION": "피해를 !D! 만큼 2 번 줍니다."
  },
  "Parasite": {
    "NAME": "기생충",
    "DESCRIPTION": "사용불가 NL 변화 되거나 덱에서 제거 될 시 최대 체력이 3 감소합니다."
  },
  "Bash": {
    "NAME": "강타",
    "DESCRIPTION": "피해를 !D! 줍니다. NL 취약 을 !M! 부여합니다."
  },
  "Clothesline": {
    "NAME": "클로스라인",
    "DESCRIPTION": "피해를 !D! 줍니다. NL 약화 를 !M! 부여합니다."
  },
  "Shockwave": {
    "NAME": "충격파",
    "DESCRIPTION": "적 전체에게 약화 와 취약 을 !M! 부여합니다. NL 소멸"
  },
  "Rampage": {
    "NAME": "광란",
    "DESCRIPTION": "피해를 !D! 줍니다. NL 이 카드를 사용할 때마다 이번 전투 동안 이 카드의 피해량이 !M! 증가합니다."
  },
  "Bandage Up": {
    "NAME": "붕대 감기",
    "DESCRIPTION": "체력을 !M! 회복합니다. NL 소멸"
  },
  "The Bomb": {
    "NAME": "폭탄",
    "DESCRIPTION": "3턴 후 턴 종료 시, 적 전체에게 피해를 !M! 줍니다."
  },
  "Sever Soul": {
    "NAME": "영혼 절단",
    "DESCRIPTION": "손에 있는 공격 카드를 제외한 모든 카드를 소멸 시킵니다. NL 피해를 !D! 줍니다."
  },
  "Whirlwind": {
    "NAME": "소용돌이",
    "DESCRIPTION": "적 전체에게 피해를 !D! 만큼 X 번 줍니다."
  },
  "Warcry": {
    "NAME": "전투의 함성",
    "DESCRIPTION": "카드를 1장 뽑습니다. NL 카드 1장을 뽑을 카드 더미 맨 위에 놓습니다. NL 소멸",
    "UPGRADE_DESCRIPTION": "카드를 2장 뽑습니다. NL 카드 1장을 뽑을 카드 더미 맨 위에 놓습니다. NL 소멸"
  },
  "PiercingWail": {
    "NAME": "귀를 찢는 비명",
    "DESCRIPTION": "적 전체의 힘을 1턴 동안 !M! 낮춥니다. NL 소멸"
  },
  "Bite": {
    "NAME": "흡혈",
    "DESCRIPTION": "피해를 !D! 줍니다. NL 체력을 !M! 회복합니다."
  },
  "Secret Technique": {
    "NAME": "비밀 기술",
    "DESCRIPTION": "뽑을 카드 더미에서 스킬 카드를 1장 선택해 가져옵니다. NL 소멸",
    "UPGRADE_DESCRIPTION": "뽑을 카드 더미에서 스킬 카드를 1장 선택해 가져옵니다.",
    "EXTENDED_DESCRIPTION": [
      "뽑을 카드 더미에  NL 스킬 카드가 없습니다."
    ]
  },
  "Calculated Gamble": {
    "NAME": "계산된 도박",
    "DESCRIPTION": "카드를 전부 버립니다. NL 그 수만큼 카드를 다시 뽑습니다. NL 소멸",
    "UPGRADE_DESCRIPTION": "카드를 전부 버립니다. NL 그 수만큼 카드를 다시 뽑습니다."
  },
  "Combust": {
    "NAME": "연소",
    "DESCRIPTION": "턴 종료 시 체력을 1 잃고 적 전체에게 피해를 !M! 줍니다."
  },
  "Deep Breath": {
    "NAME": "심호흡",
    "DESCRIPTION": "버린 카드 더미를 뽑을 카드 더미에 넣고 섞습니다. NL 카드를 1장 뽑습니다.",
    "UPGRADE_DESCRIPTION": "버린 카드 더미를 뽑을 카드 더미에 넣고 섞습니다. NL 카드를 !M! 장 뽑습니다."
  },
  "Doubt": {
    "NAME": "의심",
    "DESCRIPTION": "사용불가 NL 턴 종료 시 약화 를 1 받습니다."
  },
  "Escape Plan": {
    "NAME": "탈출구",
    "DESCRIPTION": "카드를 1장 뽑습니다. NL 뽑은 카드가 스킬 카드라면 방어도 를 !B! 얻습니다."
  },
  "Finisher": {
    "NAME": "마무리",
    "DESCRIPTION": "이번 턴에 사용한 공격 카드 1장당 피해를 !D! 줍니다.",
    "EXTENDED_DESCRIPTION": [
      " NL ( ",
      " 장의 공격 카드를 사용했습니다.)",
      " 장의 공격 카드를 사용했습니다.)"
    ]
  },
  "Dark Embrace": {
    "NAME": "어둠의 포옹",
    "DESCRIPTION": "카드가 소멸 될 때마다 NL 1장의 카드를 뽑습니다."
  },
  "Die Die Die": {
    "NAME": "죽어 죽어 죽어",
    "DESCRIPTION": "적 전체에게 피해를 !D! 줍니다. NL 소멸"
  },
  "Well Laid Plans": {
    "NAME": "괜찮은 전략",
    "DESCRIPTION": "턴 종료 시 !M! 장까지 카드를 보존 합니다.",
    "UPGRADE_DESCRIPTION": "턴 종료 시 !M! 장까지 카드를 보존 합니다."
  },
  "Defend_R": {
    "NAME": "수비",
    "DESCRIPTION": "방어도 를 !B! 얻습니다."
  },
  "Defend_G": {
    "NAME": "수비",
    "DESCRIPTION": "방어도 를 !B! 얻습니다."
  },
  "Defend_B": {
    "NAME": "수비",
    "DESCRIPTION": "방어도 를 !B! 얻습니다."
  },
  "Seeing Red": {
    "NAME": "혈안",
    "DESCRIPTION": " [R] [R] 을 얻습니다. NL 소멸"
  },
  "Disarm": {
    "NAME": "무장 해제",
    "DESCRIPTION": "적의 힘을 !M! 감소시킵니다. NL 소멸"
  },
  "Panache": {
    "NAME": "위풍당당",
    "DESCRIPTION": "한 턴에 5장의 카드를 사용할 때마다 적 전체에게 피해를 !M! 줍니다."
  },
  "Fiend Fire": {
    "NAME": "지옥불",
    "DESCRIPTION": "카드를 전부 소멸 시킵니다. NL 그 수만큼 피해를 !D! 줍니다. NL 소멸"
  },
  "Terror": {
    "NAME": "공포",
    "DESCRIPTION": "취약 을 99 부여합니다. NL 소멸"
  },
  "Dazed": {
    "NAME": "어지러움",
    "DESCRIPTION": "사용불가 NL 휘발성"
  },
  "Barricade": {
    "NAME": "바리케이드",
    "DESCRIPTION": "턴 시작 시 방어도 가 사라지지 않습니다."
  },
  "Armaments": {
    "NAME": "전투장비",
    "DESCRIPTION": "방어도 를 !B! 얻습니다. NL 카드 1장을 전투가 끝날 때까지 강화합니다.",
    "UPGRADE_DESCRIPTION": "방어도 를  !B! 얻습니다. NL 손에 있는 모든 카드를 전투가 끝날 때까지 강화합니다."
  },
  "Havoc": {
    "NAME": "파괴",
    "DESCRIPTION": "뽑을 카드 더미 맨 위의 카드를 사용한 뒤 소멸 시킵니다."
  },
  "Secret Weapon": {
    "NAME": "비밀 병기",
    "DESCRIPTION": "뽑을 카드 더미에서 공격 카드를 1장 선택해 가져옵니다. NL 소멸",
    "UPGRADE_DESCRIPTION": "뽑을 카드 더미에서 공격 카드를 1장 선택해 가져옵니다.",
    "EXTENDED_DESCRIPTION": [
      "뽑을 카드 더미에  NL 공격 카드가 없다."
    ]
  },
  "Apotheosis": {
    "NAME": "신성",
    "DESCRIPTION": "전투가 끝날 때까지 가진 모든 카드를 강화 합니다. NL 소멸"
  },
  "Feel No Pain": {
    "NAME": "무감각",
    "DESCRIPTION": "카드가 소멸 될 때마다 NL 방어도 를 !M! 얻습니다."
  },
  "Hide": {
    "NAME": "은신",
    "DESCRIPTION": "다음 턴이 시작될 때까지 체력을 잃지 않습니다. NL 소멸"
  },
  "Corruption": {
    "NAME": "타락",
    "DESCRIPTION": "스킬 카드의 비용이 0이 됩니다. NL 스킬 카드를 사용할 때마다 소멸 시킵니다."
  },
  "Heel Hook": {
    "NAME": "다리 꺾기",
    "DESCRIPTION": "피해를 !D! 줍니다. NL 적이 약화 상태라면, NL [G] 을 얻고 NL 카드를 1장 뽑습니다."
  },
  "Injury": {
    "NAME": "상처",
    "DESCRIPTION": "사용불가"
  },
  "Rage": {
    "NAME": "격노",
    "DESCRIPTION": "이번 턴에 공격 카드를 사용할 때마다 방어도 를 !M! 얻습니다."
  },
  "Headbutt": {
    "NAME": "박치기",
    "DESCRIPTION": "피해를 !D! 줍니다. NL 버린 카드 더미에서 카드를 1장 선택해 뽑을 카드 더미 맨 위에 놓습니다."
  },
  "Limit Break": {
    "NAME": "한계 돌파",
    "DESCRIPTION": "힘 이 2 배로 증가합니다. NL 소멸",
    "UPGRADE_DESCRIPTION": "힘 이 2 배로 증가합니다."
  },
  "Entrench": {
    "NAME": "참호",
    "DESCRIPTION": "방어도 가 2 배로 증가합니다.",
    "UPGRADE_DESCRIPTION": "방어도 가 2 배로 증가합니다."
  },
  "Noxious Fumes": {
    "NAME": "유독 가스",
    "DESCRIPTION": "매 턴 시작 시 적 전체에게 중독 을 !M! 부여합니다."
  },
  "Infinite Blades": {
    "NAME": "무한의 검날",
    "DESCRIPTION": "매 턴 시작 시 단도 카드를 1장 얻습니다.",
    "UPGRADE_DESCRIPTION": "선천성 NL 매 턴 시작 시 단도 카드를 1장 얻습니다."
  },
  "Phantasmal Killer": {
    "NAME": "환영 살인마",
    "DESCRIPTION": "다음 턴 동안 공격이 두 배의 피해를 줍니다"
  },
  "Malaise": {
    "NAME": "불쾌",
    "DESCRIPTION": " [G] 를 전부 소모하고, NL 적이 힘 을 X 잃습니다. 약화 를 X 부여합니다. NL 소멸",
    "UPGRADE_DESCRIPTION": " [G] 를 전부 소모하고, NL 적이 힘 을 X+1 잃습니다. 약화 를 X+1 부여합니다. NL 소멸"
  },
  "Reflex": {
    "NAME": "반사 신경",
    "DESCRIPTION": "사용불가 NL 이 카드가 버려지면 카드를 !M! 장 뽑습니다.",
    "UPGRADE_DESCRIPTION": "사용불가 NL 이 카드가 버려지면 카드를 !M! 장 뽑습니다.",
    "EXTENDED_DESCRIPTION": [
      "이 카드는 사용할 수 없다."
    ]
  },
  "Sentinel": {
    "NAME": "감시병",
    "DESCRIPTION": "방어도 를 !B! 얻습니다. NL 이 카드가 소멸 되면, NL [R] [R] 를 얻습니다.",
    "UPGRADE_DESCRIPTION": "방어도 를 !B! 얻습니다. NL 이 카드가 소멸 되면, NL [R] [R] [R] 를 얻습니다."
  },
  "Survivor": {
    "NAME": "생존자",
    "DESCRIPTION": "방어도 를 !B! 얻습니다. NL 카드를 1장 버립니다."
  },
  "Wild Strike": {
    "NAME": "난폭한 타격",
    "DESCRIPTION": "피해를 !D! 줍니다. NL 뽑을 카드 더미에 부상 카드를 섞어 넣습니다."
  },
  "Eviscerate": {
    "NAME": "내장 해체",
    "DESCRIPTION": "이번 턴에 버려진 카드의 수만큼 이 카드의 비용이 [G] 감소합니다. NL 피해를 !D! 만큼 3 번 줍니다."
  },
  "Flash of Steel": {
    "NAME": "강철의 섬광",
    "DESCRIPTION": "피해를 !D! 줍니다. NL 카드를 1장 뽑습니다."
  },
  "Battle Trance": {
    "NAME": "전투 최면",
    "DESCRIPTION": "카드를 !M! 장 뽑습니다. NL 이번 턴 동안 더 이상 카드를 뽑을 수 없습니다."
  },
  "Heavy Blade": {
    "NAME": "대검",
    "DESCRIPTION": "피해를 !D! 줍니다. NL 힘 의 효과가 !M! 배로 적용됩니다.",
    "UPGRADE_DESCRIPTION": "피해를 !D! 줍니다. NL 힘 의 효과가 !M! 배로 적용됩니다."
  },
  "Clumsy": {
    "NAME": "서투름",
    "DESCRIPTION": "사용불가 NL 휘발성"
  },
  "Searing Blow": {
    "NAME": "불태우는 일격",
    "DESCRIPTION": "피해를 !D! 줍니다. NL 강화 횟수에 제한이 없습니다."
  },
  "Corpse Explosion": {
    "NAME": "시체 폭발",
    "DESCRIPTION": "중독 을 !M! 부여합니다. NL 적이 죽을 경우, 적 전체에게 대상의 최대 체력만큼 피해를 줍니다.",
    "UPGRADE_DESCRIPTION": "deprecated",
    "EXTENDED_DESCRIPTION": [
      "deprecated"
    ]
  },
  "Second Wind": {
    "NAME": "기사회생",
    "DESCRIPTION": "손에 있는 공격 카드를 제외한 모든 카드를 소멸 시키고 그 수만큼 방어도 를 !B! 얻습니다."
  },
  "Enlightenment": {
    "NAME": "계몽",
    "DESCRIPTION": "이번 턴 동안 손에 있는 모든 카드의 비용을 1로 낮춥니다.",
    "UPGRADE_DESCRIPTION": "전투가 끝날 때까지 손에 있는 모든 카드의 비용을 1로 낮춥니다."
  },
  "Purity": {
    "NAME": "순수",
    "DESCRIPTION": "카드를 !M! 장 선택해 소멸 시킵니다. NL 소멸"
  },
  "Panacea": {
    "NAME": "만병통치약",
    "DESCRIPTION": "인공물 을 !M! 얻습니다. NL 소멸"
  },
  "Dash": {
    "NAME": "돌진",
    "DESCRIPTION": "방어도 를 !B! 얻습니다. NL 피해를 !D! 줍니다."
  },
  "Transmutation": {
    "NAME": "변성",
    "DESCRIPTION": "무작위 무색 카드를 X 장 얻습니다. 이번 턴 동안 그 카드들의 비용이 0 이 됩니다. NL 소멸",
    "UPGRADE_DESCRIPTION": "강화된 무작위 무색 카드를 X 장 얻습니다. 이번 턴 동안 그 카드들의 비용이 0 이 됩니다. NL 소멸"
  },
  "Backstab": {
    "NAME": "배신",
    "DESCRIPTION": "피해를 !D! 줍니다. NL 선천성 NL 소멸"
  },
  "Feed": {
    "NAME": "포식",
    "DESCRIPTION": "피해를 !D! 줍니다. NL 이 공격으로 적이 죽으면 영구적으로 최대 체력이 !M! 증가합니다. 소멸"
  },
  "Rupture": {
    "NAME": "파열",
    "DESCRIPTION": "카드의 효과로 체력을 잃을 때마다, NL 힘을 1 얻습니다."
  },
  "Venomology": {
    "NAME": "연금",
    "DESCRIPTION": "무작위 포션 하나를 얻습니다. NL 소멸"
  },
  "Bouncing Flask": {
    "NAME": "탄성 플라스크",
    "DESCRIPTION": "무작위 적들에게 중독 을 3 씩 !M! 번 나누어 부여합니다."
  },
  "Bludgeon": {
    "NAME": "몽둥이질",
    "DESCRIPTION": "피해를 !D! 줍니다."
  },
  "Finesse": {
    "NAME": "능숙",
    "DESCRIPTION": "방어도 를  !B! 얻습니다. NL 카드를 1장 뽑습니다."
  },
  "Slice": {
    "NAME": "칼질",
    "DESCRIPTION": "피해를 !D! 줍니다."
  },
  "Backflip": {
    "NAME": "공중제비",
    "DESCRIPTION": "방어도 를 !B! 얻습니다. NL 카드를 2장 뽑습니다."
  },
  "Outmaneuver": {
    "NAME": "압도",
    "DESCRIPTION": "다음 턴에 NL [G] [G] 를 얻습니다.",
    "UPGRADE_DESCRIPTION": "다음 턴에 NL [G] [G] [G] 를 얻습니다."
  },
  "Night Terror": {
    "NAME": "악몽",
    "DESCRIPTION": "카드를 선택합니다. NL 다음 턴에 그 카드를 !M! 장 복사해 가져옵니다. NL 소멸",
    "EXTENDED_DESCRIPTION": [
      "한 턴에 NL ",
      " NL 한 번만 사용할 수 있다."
    ]
  },
  "Bloodletting": {
    "NAME": "사혈",
    "DESCRIPTION": " [R] 을 얻습니다. NL 체력을 3 잃습니다.",
    "UPGRADE_DESCRIPTION": " [R] [R] 을 얻습니다. NL 체력을 3 잃습니다."
  },
  "Concentrate": {
    "NAME": "집중",
    "DESCRIPTION": "카드를 !M! 장 버립니다. NL [G] [G] 을 얻습니다."
  },
  "Master of Strategy": {
    "NAME": "전략의 천재",
    "DESCRIPTION": "카드를 !M! 장 뽑습니다. NL 소멸"
  },
  "Flechettes": {
    "NAME": "프레췌",
    "DESCRIPTION": "손에 있는 스킬 카드 1장당 피해를 !D! 줍니다.",
    "EXTENDED_DESCRIPTION": [
      " NL (현재 ",
      " 개의 스킬 카드가 있습니다).",
      " 개의 스킬 카드가 있습니다)."
    ]
  },
  "Perfected Strike": {
    "NAME": "완벽한 타격",
    "DESCRIPTION": "피해를 !D! 줍니다. 덱에 있는 이름에 \"타격\" 이 붙은 카드 하나당 피해량이 2 증가합니다.",
    "UPGRADE_DESCRIPTION": "피해를 !D! 줍니다. 덱에 있는 이름에 \"타격\" 이 붙은 카드 하나당 피해량이 3 증가합니다."
  },
  "Carnage": {
    "NAME": "대학살",
    "DESCRIPTION": "휘발성 NL 피해를 !D! 줍니다."
  },
  "Masterful Stab": {
    "NAME": "능숙한 찌르기",
    "DESCRIPTION": "피해를 !D! 줍니다. NL 피해를 입을 때마다, 이 카드의 비용이 1씩 증가합니다.",
    "UPGRADE_DESCRIPTION": ""
  },
  "Good Instincts": {
    "NAME": "직감",
    "DESCRIPTION": "방어도 를 !B! 얻습니다."
  },
  "Prepared": {
    "NAME": "예비",
    "DESCRIPTION": "카드를 !M! 장 뽑습니다. NL 카드를 !M! 장 버립니다.",
    "UPGRADE_DESCRIPTION": "카드를 !M! 장 뽑습니다. NL 카드를 !M! 장 버립니다."
  },
  "Dropkick": {
    "NAME": "드롭킥",
    "DESCRIPTION": "피해를 !D! 줍니다. NL 적이 취약 상태라면 NL [R] 를 얻고 NL 카드를 1장 뽑습니다."
  },
  "Swift Strike": {
    "NAME": "재빠른 타격",
    "DESCRIPTION": "피해를 !D! 줍니다."
  },
  "Normality": {
    "NAME": "규칙 준수",
    "DESCRIPTION": "사용불가 NL 이번 턴 동안 카드를 3 장까지만 사용할 수 있습니다.",
    "EXTENDED_DESCRIPTION": [
      "장의 카드만 사용할 수 있습니다.",
      "사용불가 NL 한 턴 동안 ",
      " 장의 카드만 사용할 수 있습니다.",
      " 장의 카드만 사용할 수 있습니다. NL 지금까지 카드를 ",
      " 장 사용했습니다.",
      " 장 사용했습니다."
    ]
  },
  "Accuracy": {
    "NAME": "정밀",
    "DESCRIPTION": "단도 의 피해량이 !M! 만큼 증가합니다."
  },
  "Sword Boomerang": {
    "NAME": "부메랑 칼날",
    "DESCRIPTION": "무작위 적들에게 피해를 !D! 만큼 !M! 번 줍니다."
  },
  "Jack Of All Trades": {
    "NAME": "팔방미인",
    "DESCRIPTION": "무작위 무색 카드를 !M! 장 얻습니다. NL 소멸",
    "UPGRADE_DESCRIPTION": "무작위 무색 카드를 !M! 장 얻습니다. NL 소멸"
  },
  "Demon Form": {
    "NAME": "악마의 형상",
    "DESCRIPTION": "매 턴 시작 시 힘 을 !M! 얻습니다."
  },
  "Fire Breathing": {
    "NAME": "불 뿜기",
    "DESCRIPTION": "턴 종료 시 이번 턴에 사용된 공격 카드의 수만큼 적 전체에게 피해를 1 줍니다."
  },
  "Ghostly Armor": {
    "NAME": "유령 갑옷",
    "DESCRIPTION": "휘발성 NL 방어도 를 !B! 얻습니다."
  },
  "Uppercut": {
    "NAME": "어퍼컷",
    "DESCRIPTION": "피해를 !D! 줍니다. NL 약화 를 NL !M! 부여합니다. NL 취약 을 NL !M! 부여합니다."
  },
  "Mind Blast": {
    "NAME": "정신 공격",
    "DESCRIPTION": "선천성. NL 뽑을 카드 더미에 있는 카드의 수만큼 피해를 줍니다.",
    "UPGRADE_DESCRIPTION": "",
    "EXTENDED_DESCRIPTION": [
      " NL (피해를 !D! 줍니다.)"
    ]
  },
  "Neutralize": {
    "NAME": "무력화",
    "DESCRIPTION": "피해를 !D! 줍니다. NL 약화 를 !M! 부여합니다."
  },
  "Strike_R": {
    "NAME": "타격",
    "DESCRIPTION": "피해를 !D! 줍니다."
  },
  "Strike_G": {
    "NAME": "타격",
    "DESCRIPTION": "피해를 !D! 줍니다."
  },
  "Strike_B": {
    "NAME": "타격",
    "DESCRIPTION": "피해를 !D! 줍니다."
  },
  "Evolve": {
    "NAME": "진화",
    "DESCRIPTION": "상태이상 카드를 뽑으면 카드를 !M! 장 뽑습니다.",
    "UPGRADE_DESCRIPTION": "상태이상 카드를 뽑으면 카드를 !M! 장 뽑습니다."
  },
  "Burn": {
    "NAME": "화상",
    "DESCRIPTION": "사용불가 NL 턴 종료 시 피해를 2 받습니다.",
    "UPGRADE_DESCRIPTION": "사용불가 NL 턴 종료 시 피해를 4 받습니다."
  },
  "Sucker Punch": {
    "NAME": "불의의 일격",
    "DESCRIPTION": "피해를 !D! 줍니다. NL 약화 를 !M! 부여합니다."
  },
  "Double Tap": {
    "NAME": "연사",
    "DESCRIPTION": "이번 턴 동안 다음에 사용하는 공격 카드가 두 번 사용됩니다.",
    "UPGRADE_DESCRIPTION": "이번 턴 동안 다음에 사용하는 공격 카드 !M! 장이 두 번 사용됩니다."
  },
  "Footwork": {
    "NAME": "발놀림",
    "DESCRIPTION": "민첩 을 !M! 얻습니다."
  },
  "Thinking Ahead": {
    "NAME": "미래 예지",
    "DESCRIPTION": "카드를 2장 뽑은 뒤 카드 1장을 뽑을 카드 더미 맨 위에 놓습니다. NL 소멸",
    "UPGRADE_DESCRIPTION": "카드를 2장 뽑은 뒤 카드 1장을 뽑을 카드 더미 맨 위에 놓습니다."
  },
  "Distraction": {
    "NAME": "방해",
    "DESCRIPTION": "무작위 스킬 카드 1장을 얻습니다. NL 이번 턴 동안 그 카드의 비용이 0이 됩니다. NL 소멸"
  },
  "Dodge and Roll": {
    "NAME": "구르기",
    "DESCRIPTION": "방어도 를 !B! 얻습니다. NL 다음 턴에 방어도 를 !B! 얻습니다."
  },
  "All Out Attack": {
    "NAME": "총공격",
    "DESCRIPTION": "적 전체에게 피해를 !D! 줍니다. NL 무작위 카드를 1장 버립니다."
  },
  "Flying Knee": {
    "NAME": "플라잉 니킥",
    "DESCRIPTION": "피해를 !D! 줍니다. NL 다음 턴에 [G] 를 얻습니다."
  },
  "Predator": {
    "NAME": "천적",
    "DESCRIPTION": "피해를 !D! 줍니다. NL 다음 턴에 카드를 2장 더 뽑습니다."
  },
  "Madness": {
    "NAME": "광기",
    "DESCRIPTION": "손에 있는 무작위 카드 1장의 비용이 이번 전투 동안 0이 됩니다. NL 소멸"
  },
  "Expertise": {
    "NAME": "전문성",
    "DESCRIPTION": "손에 카드가 !M! 장이 될 때까지 카드를 뽑습니다."
  },
  "Slimed": {
    "NAME": "점액투성이",
    "DESCRIPTION": "소멸"
  },
  "Void": {
    "NAME": "공허",
    "DESCRIPTION": "사용불가 NL 이 카드를 뽑으면, 에너지를 1 잃습니다. NL 휘발성"
  },
  "AscendersBane": {
    "NAME": "등반자의 골칫거리",
    "DESCRIPTION": "사용불가 NL 휘발성 NL 덱에서 제거할 수 없습니다."
  },
  "Ghostly": {
    "NAME": "영체화",
    "DESCRIPTION": "불가침 을 1 얻습니다. NL 소멸 NL 휘발성",
    "UPGRADE_DESCRIPTION": "불가침 을 1 얻습니다. NL 소멸"
  },
  "Wraith Form v2": {
    "NAME": "유령의 형상",
    "DESCRIPTION": "불가침 을 !M! 얻습니다. NL 매 턴 종료 시 민첩 을 1 잃습니다."
  },
  "Auto Shields": {
    "NAME": "자동 방패",
    "DESCRIPTION": "방어도 가 0이면, !B! 방어도 를 얻습니다."
  },
  "Rip and Tear": {
    "NAME": "날뛰기",
    "DESCRIPTION": "무작위 적들에게 피해를 !D! 만큼 !M! 번 줍니다."
  },
  "Zap": {
    "NAME": "파지직",
    "DESCRIPTION": "전기 를 !M! 번 영창 합니다."
  },
  "Fission": {
    "NAME": "핵분열",
    "DESCRIPTION": "모든 구체를 제거한 후, 제거된 구체 하나당 [B] 를 얻고 카드를 !M! 장 뽑습니다. NL 소멸",
    "UPGRADE_DESCRIPTION": "모든 구체를 발현 한 후, 발현된 구체 하나당 [B] 를 얻고 카드를 !M! 장 뽑습니다. NL 소멸"
  },
  "Storm": {
    "NAME": "폭풍",
    "DESCRIPTION": "파워 카드를 사용할 때마다 전기 를 1 번 영창 합니다.",
    "UPGRADE_DESCRIPTION": "선천성 NL 파워 카드를 사용할 때마다 전기 를 1 번 영창 합니다."
  },
  "Impulse": {
    "NAME": "임펄스",
    "DESCRIPTION": "모든 영창된 구체 의 지속 효과를 발동시킵니다. NL 소멸",
    "UPGRADE_DESCRIPTION": "모든 영창된 구체 의 지속 효과를 발동시킵니다."
  },
  "Double Energy": {
    "NAME": "에너자이저",
    "DESCRIPTION": "에너지 를 2 배로 만듭니다. NL 소멸",
    "UPGRADE_DESCRIPTION": "에너지 를 2 배로 만듭니다."
  },
  "Go for the Eyes": {
    "NAME": "눈 할퀴기",
    "DESCRIPTION": "피해를 !D! 줍니다. 적이 공격할 의도가 있다면 약화 를 !M! 부여합니다."
  },
  "Flux Capacitor": {
    "NAME": "유동 콘덴서",
    "DESCRIPTION": "모든 영창된 구체 를 플라즈마 로 교체합니다. NL 소멸"
  },
  "Self Repair": {
    "NAME": "자가 수리",
    "DESCRIPTION": "전투 종료 시 체력을 !M! 회복합니다."
  },
  "Chaos": {
    "NAME": "혼돈",
    "DESCRIPTION": "무작위 구체 를 !M! 번 영창 합니다.",
    "UPGRADE_DESCRIPTION": "무작위 구체 를 !M! 번 영창 합니다."
  },
  "Cold Snap": {
    "NAME": "꽃샘추위",
    "DESCRIPTION": "피해를 !D! 줍니다. 냉기 를 !M! 번 영창 합니다."
  },
  "Overclock": {
    "NAME": "deprecated",
    "DESCRIPTION": "deprecated",
    "UPGRADE_DESCRIPTION": "deprecated"
  },
  "Hyperbeam": {
    "NAME": "파괴광선",
    "DESCRIPTION": "적 전체에게 피해를 !D! 줍니다. NL 밀집 을 !M! 잃습니다."
  },
  "Energy Pulse": {
    "NAME": "에너지 맥동",
    "DESCRIPTION": "에너지 만큼의 방어도 를 얻습니다.",
    "UPGRADE_DESCRIPTION": "에너지 의 두배만큼의 방어도 를 얻습니다."
  },
  "Reinforced Body": {
    "NAME": "강화된 몸체",
    "DESCRIPTION": "방어도 !B! 를 X 번 얻습니다."
  },
  "Skim": {
    "NAME": "걷어내기",
    "DESCRIPTION": "카드를 !M! 장 뽑습니다."
  },
  "Heatsinks": {
    "NAME": "방열판",
    "DESCRIPTION": "파워 카드를 낼 때마다 카드를 !M! 장 뽑습니다.",
    "UPGRADE_DESCRIPTION": "파워 카드를 낼 때마다 카드를 !M! 장 뽑습니다."
  },
  "Darkness": {
    "NAME": "어둠",
    "DESCRIPTION": "암흑 을 !M! 번 영창 합니다.",
    "UPGRADE_DESCRIPTION": "암흑 을 !M! 번 영창 합니다. NL 모든 암흑 구체의 지속 효과를 발동합니다."
  },
  "Dualcast": {
    "NAME": "이중 시전",
    "DESCRIPTION": "가장 오른쪽의 구체 를 2 번 발현 합니다."
  },
  "Magnetism": {
    "NAME": "자기력",
    "DESCRIPTION": "턴 시작 시 무작위 무색 카드를 1 장 얻습니다."
  },
  "Recycle": {
    "NAME": "재활용",
    "DESCRIPTION": "카드를 1 장 소멸 시킵니다. NL 그 카드의 비용만큼 [B] 를 얻습니다."
  },
  "Melter": {
    "NAME": "용해 장치",
    "DESCRIPTION": "적의 모든 방어도 를 없앱니다. NL 피해를 !D! 줍니다."
  },
  "FTL": {
    "NAME": "FTL",
    "DESCRIPTION": "피해를 !D! 줍니다. 만약 이번 턴에 카드를 !M! 장 미만으로 사용했다면 카드를 1 장 뽑습니다.",
    "EXTENDED_DESCRIPTION": [
      " NL (이번 턴에",
      " 장의 카드를 사용했습니다.)",
      " 장의 카드를 사용했습니다.)"
    ]
  },
  "Barrage": {
    "NAME": "일제 사격",
    "DESCRIPTION": "영창된 구체 하나당 피해를 !D! 줍니다."
  },
  "Allocate": {
    "NAME": "할당",
    "DESCRIPTION": "밀집 을 !M! 얻습니다. NL 힘 을 1 잃습니다. NL 민첩 을 1 잃습니다."
  },
  "Creative AI": {
    "NAME": "창의적인 인공지능",
    "DESCRIPTION": "매 턴 시작 시 무작위 파워 카드를 1 장 얻습니다."
  },
  "Ball Lightning": {
    "NAME": "번개 구체",
    "DESCRIPTION": "피해를 !D! 줍니다. 전기 를 !M! 번 영창 합니다."
  },
  "Coolheaded": {
    "NAME": "냉정함",
    "DESCRIPTION": "냉기 를 1 번 영창 합니다. NL 카드를 !M! 장 뽑습니다.",
    "UPGRADE_DESCRIPTION": "냉기 를 1 번 영창 합니다. NL 카드를 !M! 장 뽑습니다."
  },
  "Genetic Algorithm": {
    "NAME": "유전 알고리즘",
    "DESCRIPTION": "방어도 를 !B! 얻습니다. 카드를 사용하면 이 카드의 방어도를 영구적으로 !M! 증가시킵니다. NL 소멸"
  },
  "Amplify": {
    "NAME": "증폭",
    "DESCRIPTION": "이번 턴에 사용하는 다음 파워 카드가 두 번 사용됩니다.",
    "UPGRADE_DESCRIPTION": "이번 턴에 사용하는 다음 파워 카드 !M! 장이 두 번 사용됩니다."
  },
  "Conserve Battery": {
    "NAME": "배터리 충전",
    "DESCRIPTION": "방어도 를 !B! 얻습니다. NL 다음 턴에 [B] 를 얻습니다."
  },
  "Aggregate": {
    "NAME": "합하기",
    "DESCRIPTION": "뽑을 카드 더미에 있는 카드 !M! 장당 [B] 를 얻습니다."
  },
  "Buffer": {
    "NAME": "버퍼",
    "DESCRIPTION": "다음 번에 체력을 잃는 것을 막아줍니다.",
    "UPGRADE_DESCRIPTION": "다음 !M! 번 체력을 잃는 것을 막아줍니다."
  },
  "Winter": {
    "NAME": "deprecated",
    "DESCRIPTION": "deprecated"
  },
  "Steam Power": {
    "NAME": "오버클럭",
    "DESCRIPTION": "카드를 !M! 장 뽑습니다. NL 화상 카드를 버린 카드 더미에 넣습니다."
  },
  "Reprogram": {
    "NAME": "재구성",
    "DESCRIPTION": "뽑을 카드 더미 위의 카드 !M! 장을 봅니다. 그 중에서 원하는 만큼 카드를 버립니다.",
    "UPGRADE_DESCRIPTION": "뽑을 카드 더미 위의 카드 !M! 장을 봅니다. 그 중에서 원하는 만큼 카드를 버립니다."
  },
  "Cache": {
    "NAME": "deprecated",
    "DESCRIPTION": "deprecated"
  },
  "Rebound": {
    "NAME": "되돌리기",
    "DESCRIPTION": "피해를 !D! 줍니다. NL 이번 턴에 사용하는 다음 카드를 뽑을 카드 더미의 맨 위에 놓습니다."
  },
  "Capacitor": {
    "NAME": "축전기",
    "DESCRIPTION": "구체 슬롯 !M! 개를 얻습니다.",
    "UPGRADE_DESCRIPTION": "구체 슬롯 !M! 개를 얻습니다."
  },
  "Meteor Strike": {
    "NAME": "유성 타격",
    "DESCRIPTION": "피해를 !D! 줍니다. 플라즈마 를 !M! 번 영창 합니다."
  },
  "Stack": {
    "NAME": "스택",
    "DESCRIPTION": "버린 카드 더미에 있는 카드의 수만큼 방어도를 얻습니다.",
    "UPGRADE_DESCRIPTION": "버린 카드 더미에 있는 카드의 수에 3을 더한 만큼 방어도를 얻습니다.",
    "EXTENDED_DESCRIPTION": [
      " NL ( 방어도 를 !B! 얻습니다.)"
    ]
  },
  "Multi-Cast": {
    "NAME": "다중 시전",
    "DESCRIPTION": "가장 오른쪽의 구체를 X 번 발현 합니다.",
    "UPGRADE_DESCRIPTION": "가장 오른쪽의 구체를 X+1 번 발현 합니다."
  },
  "Sweeping Beam": {
    "NAME": "광선 휩쓸기",
    "DESCRIPTION": "적 전체에게 피해를 !D! 줍니다. NL 카드를 !M! 장 뽑습니다."
  },
  "Undo": {
    "NAME": "평형",
    "DESCRIPTION": "방어도를 !B! 얻습니다. NL 이번 턴 종료 시 카드를 버리지 않습니다."
  },
  "Doom and Gloom": {
    "NAME": "암울한 전망",
    "DESCRIPTION": "적 전체에게 피해를 !D! 줍니다. NL 암흑 을 !M! 번 영창 합니다."
  },
  "Thunder Strike": {
    "NAME": "전류 타격",
    "DESCRIPTION": "이번 전투에서 영창된 전기 하나당 무작위 적에게 피해를 !D! 줍니다.",
    "EXTENDED_DESCRIPTION": [
      " (전기 를 !M! 번 영창 했습니다.)"
    ]
  },
  "Machine Learning": {
    "NAME": "기계학습",
    "DESCRIPTION": "턴 시작 시 카드를 !M! 장 더 뽑습니다.",
    "UPGRADE_DESCRIPTION": "선천성 NL 턴 시작 시 카드를 !M! 장 더 뽑습니다."
  },
  "Tempest": {
    "NAME": "뇌우",
    "DESCRIPTION": "전기 를 X 번 영창 합니다. NL 소멸",
    "UPGRADE_DESCRIPTION": "전기 를 X+1 번 영창 합니다. NL 소멸"
  },
  "Streamline": {
    "NAME": "최적화",
    "DESCRIPTION": "피해를 !D! 줍니다. NL 이 카드를 사용할 때마다 이번 전투 동안 이 카드의 비용이 !M! 감소합니다."
  },
  "All For One": {
    "NAME": "하나를 위한 모두",
    "DESCRIPTION": "피해를 !D! 줍니다. 버린 카드 더미에 있는 비용이 0인 카드를 모두 손으로 가져옵니다."
  },
  "Channel": {
    "NAME": "deprecated",
    "DESCRIPTION": "deprecated"
  },
  "Gash": {
    "NAME": "후벼 파기",
    "DESCRIPTION": "피해를 !D! 줍니다. NL 이번 전투 동안 모든 후벼 파기 카드의 피해량이 !M! 증가합니다."
  },
  "Axe Kick": {
    "NAME": "엑스 킥",
    "DESCRIPTION": "피해를 !D! 줍니다. NL 가장 오른쪽의 구체를 발현 합니다."
  },
  "Fusion": {
    "NAME": "융합",
    "DESCRIPTION": "플라즈마 를 !M! 번 영창 합니다."
  },
  "Hologram": {
    "NAME": "홀로그램",
    "DESCRIPTION": "방어도 를 !B! 얻습니다. NL 버린 카드 더미에서 카드 한 장을 선택해서 손으로 가져옵니다. NL 소멸",
    "UPGRADE_DESCRIPTION": "방어도 를 !B! 얻습니다. NL 버린 카드 더미에서 카드 한 장을 선택해서 손으로 가져옵니다."
  },
  "Blaster": {
    "NAME": "블래스터",
    "DESCRIPTION": "적 전체에게 피해를 !D! 줍니다. NL 영창된 구체 하나당 [B] 를 얻습니다. NL 소멸"
  },
  "Biased Cognition": {
    "NAME": "인지적 편향",
    "DESCRIPTION": "밀집 을 !M! 얻습니다. NL 내 턴 시작 시 밀집 을 1 잃습니다."
  },
  "Beam Cell": {
    "NAME": "레이저 포인터",
    "DESCRIPTION": "피해를 !D! 주고 취약 을 !M! 부여합니다."
  },
  "Static Discharge": {
    "NAME": "정전기 방전",
    "DESCRIPTION": "공격 피해를 받을 때마다 전기 를 !M! 번 영창 합니다.",
    "UPGRADE_DESCRIPTION": "공격 피해를 받을 때마다 전기 를 !M! 번 영창 합니다."
  },
  "Ice Wall": {
    "NAME": "deprecated",
    "DESCRIPTION": "deprecated",
    "UPGRADE_DESCRIPTION": "deprecated"
  },
  "Reboot": {
    "NAME": "다시 시작",
    "DESCRIPTION": "모든 카드를 뽑을 카드 더미에 섞어 넣습니다. NL 카드를 !M! 장 뽑습니다. NL 소멸"
  },
  "Blizzard": {
    "NAME": "눈보라",
    "DESCRIPTION": "이번 전투에서 영창된 냉기 의 !M! 배만큼 적 전체에게 피해를 줍니다.",
    "EXTENDED_DESCRIPTION": [
      " NL (피해를 !D! 줍니다.)",
      ""
    ],
    "UPGRADE_DESCRIPTION": "deprecated"
  },
  "Turbo": {
    "NAME": "터보",
    "DESCRIPTION": "[B] [B] 를 얻습니다. NL 버린 카드 더미에 공허 카드를 섞어 넣습니다.",
    "UPGRADE_DESCRIPTION": "[B] [B] [B] 를 얻습니다. NL 버린 카드 더미에 공허 카드를 섞어 넣습니다."
  },
  "Glacier": {
    "NAME": "빙하",
    "DESCRIPTION": "방어도를 !B! 얻습니다. NL 냉기 를 !M! 번 영창 합니다.",
    "UPGRADE_DESCRIPTION": "방어도를 !B! 얻습니다. NL 냉기 를 !M! 번 영창 합니다."
  },
  "Rainbow": {
    "NAME": "무지개",
    "DESCRIPTION": "전기 를 1 번, 냉기 를 1 번, 암흑 을 1 번 영창 합니다. NL 소멸",
    "UPGRADE_DESCRIPTION": "전기 를 1 번, 냉기 를 1 번, 암흑 을 1 번 영창 합니다."
  },
  "Defragment": {
    "NAME": "조각모음",
    "DESCRIPTION": "밀집 을 !M! 얻습니다."
  },
  "Leap": {
    "NAME": "도약",
    "DESCRIPTION": "방어도 를 !B! 얻습니다."
  },
  "Redo": {
    "NAME": "재귀",
    "DESCRIPTION": "가장 오른쪽의 구체를 발현 합니다. NL 발현된 구체를 영창 합니다."
  },
  "White Noise": {
    "NAME": "백색 소음",
    "DESCRIPTION": "무작위 파워 카드 1 장을 얻습니다. NL 이번 턴 동안 그 카드의 비용이 0이 됩니다. NL 소멸"
  },
  "Nova": {
    "NAME": "별의 탄생",
    "DESCRIPTION": "이번 전투에서 사용된 파워 카드 한장당 적 전체에게 피해를 !M! 줍니다.",
    "EXTENDED_DESCRIPTION": [
      " NL 소멸",
      " NL (피해를 !D! 줍니다.)"
    ],
    "UPGRADE_DESCRIPTION": "deprecated"
  },
  "Sunder": {
    "NAME": "찢기",
    "DESCRIPTION": "피해를 !D! 줍니다. NL 이 공격으로 적이 죽으면 [B] [B] [B] 를 얻습니다."
  },
  "Chill": {
    "NAME": "오한",
    "DESCRIPTION": "전투 중인 적 하나당 냉기 를 !M! 번 영창 합니다. NL 소멸",
    "UPGRADE_DESCRIPTION": "선천성 NL 전투 중인 적 하나당 냉기 를 !M! 번 영창 합니다. NL 소멸"
  },
  "Seek": {
    "NAME": "탐색",
    "DESCRIPTION": "뽑을 카드 더미에서 카드 !M! 장을 골라 손으로 가져옵니다. NL 소멸",
    "UPGRADE_DESCRIPTION": "뽑을 카드 더미에서 카드 !M! 장을 골라 손으로 가져옵니다. NL 소멸"
  },
  "Echo Form": {
    "NAME": "메아리의 형상",
    "DESCRIPTION": "매 턴 처음 사용하는 카드가 두 번 사용됩니다. NL 휘발성",
    "UPGRADE_DESCRIPTION": "매 턴 처음 사용하는 카드가 두 번 사용됩니다."
  },
  "Force Field": {
    "NAME": "역장",
    "DESCRIPTION": "이번 전투에 사용된 파워 카드 한장당 [B] 소모가 1 감소합니다. NL 방어도 를 !B! 얻습니다."
  },
  "Prime": {
    "NAME": "밑작업",
    "DESCRIPTION": "구체 를 영창 할 때마다 카드를 !M! 장 뽑습니다."
  },
  "Loop": {
    "NAME": "반복",
    "DESCRIPTION": "턴 시작 시 가장 오른쪽 구체의 지속 효과를 발동시킵니다.",
    "UPGRADE_DESCRIPTION": "턴 시작 시 가장 오른쪽 구체의 지속 효과를 !M! 번 발동시킵니다."
  },
  "Hello World": {
    "NAME": "Hello World",
    "DESCRIPTION": "턴 시작 시 무작위 일반 카드를 1장 얻습니다.",
    "UPGRADE_DESCRIPTION": "선천성 NL 턴 시작 시 무작위 일반 카드를 1장 얻습니다."
  },
  "Primitive Tech": {
    "NAME": "deprecated",
    "DESCRIPTION": "deprecated"
  },
  "Scrape": {
    "NAME": "긁어내기",
    "DESCRIPTION": "피해를 !D! 줍니다. NL 카드를 !M! 장 뽑습니다. NL 뽑아온 카드 중 비용이 0이 아닌 카드를 모두 버립니다."
  },
  "Reprieve": {
    "NAME": "집행 유예",
    "DESCRIPTION": "적이 공격할 의도가 없다면 밀집 을 !M! 얻습니다."
  },
  "Lockon": {
    "NAME": "명중",
    "DESCRIPTION": "피해를 !D! 줍니다. NL 조준 을 !M! 부여합니다."
  },
  "Consume": {
    "NAME": "소비",
    "DESCRIPTION": "밀집 을 !M! 얻습니다. NL 구체 슬롯을 1 개 잃습니다."
  },
  "BootSequence": {
    "NAME": "부팅 과정",
    "DESCRIPTION": "방어도 를 !B! 얻습니다. NL 선천성 NL 소멸"
  },
  "Steam": {
    "NAME": "증기 장벽",
    "DESCRIPTION": "방어도 를 !B! 얻습니다. 이번 전투동안 이 카드의 방어도 가 1 감소합니다."
  },
  "Electrodynamics": {
    "NAME": "전기 역학",
    "DESCRIPTION": "전기 가 이제 모든 적을 대상으로 합니다. NL 전기 를 !M! 번 영창 합니다.",
    "UPGRADE_DESCRIPTION": ""
  },
  "Core Surge": {
    "NAME": "코어 서지",
    "DESCRIPTION": "피해를 !D! 줍니다. NL 인공물 을 !M! 얻습니다. NL 소멸"
  },
  "Compile Driver": {
    "NAME": "컴파일 드라이버",
    "DESCRIPTION": "피해를 !D! 줍니다. NL 영창된 구체의 종류 하나당 카드를 !M! 장 뽑습니다."
  },
  "RitualDagger": {
    "NAME": "의식용 단검",
    "DESCRIPTION": "피해를 !D! 줍니다. NL 이 공격으로 적이 죽으면, 이 카드의 피해량이 영구적으로 !M! 만큼 증가합니다. NL 소멸."
  },
  "Pride": {
    "NAME": "긍지",
    "DESCRIPTION": "선천성. NL 소멸. NL 턴이 끝날 시, 이 카드를 복사해 뽑을 카드 더미 맨 위에 놓습니다."
  },
  "PanicButton": {
    "NAME": "비상 단추",
    "DESCRIPTION": "방어도 를 !B! 얻습니다. 다음 !M! 턴 동안 카드를 통해 방어도 를 얻을 수 없습니다. NL 소멸."
  },
  "Chrysalis": {
    "NAME": "번데기",
    "DESCRIPTION": "무작위 스킬 카드 !M! 장을 뽑을 카드 더미에 추가합니다. 이번 전투 동안 그 카드들의 비용이 0이 됩니다. NL 소멸."
  },
  "Metamorphosis": {
    "NAME": "탈바꿈",
    "DESCRIPTION": "무작위 공격 카드 !M! 장을 뽑을 카드 더미에 추가합니다. 이번 전투 동안 그 카드들의 비용이 0이 됩니다. NL 소멸."
  },
  "Mayhem": {
    "NAME": "대혼란",
    "DESCRIPTION": "턴 시작 시, 뽑을 카드 더미 맨 위에 있는 카드를 사용합니다."
  },
  "Shame": {
    "NAME": "수치",
    "DESCRIPTION": "사용불가 NL 턴 종료 시 손상 을 1 받습니다."
  },
  "HandOfGreed": {
    "NAME": "탐욕의 손",
    "DESCRIPTION": "피해를 !D! 줍니다. NL 이 공격으로 하수인이 아닌 적이 죽으면, 골드를 !M! 얻습니다."
  },
  "Violence": {
    "NAME": "폭력",
    "DESCRIPTION": "뽑을 카드 더미에 존재하는 무작위 공격 카드 !M! 장을 손으로 가져옵니다. NL 소멸."
  },
  "Impatience": {
    "NAME": "성급함",
    "DESCRIPTION": "만약 손에 공격 카드가 없다면, 카드를 !M! 장 뽑습니다."
  },
  "Forethought": {
    "NAME": "대비",
    "DESCRIPTION": "손에 있는 카드를 1장 뽑을 카드 더미 맨 밑에 둡니다. NL 사용하기 전까지 그 카드의 비용은 0이 됩니다.",
    "UPGRADE_DESCRIPTION": "손에 있는 카드를 원하는 만큼 뽑을 카드 더미 맨 밑에 둡니다. NL 사용하기 전까지 그 카드의 비용은 0이 됩니다."
  },
  "Discovery": {
    "NAME": "발견",
    "DESCRIPTION": "무작위 3장의 카드 중 1장을 선택해 손으로 가져옵니다. 이번 턴 동안 비용이 0이 됩니다. NL 소멸.",
    "UPGRADE_DESCRIPTION": "무작위 3장의 카드 중 1장을 선택해 손으로 가져옵니다. 이번 턴 동안 비용이 0이 됩니다."
  }
}