{
  "Proceed Screen": {
    "DESCRIPTIONS": [
      "[떠나기]"
    ]
  },
  "Accursed Blacksmith": {
    "NAME": "수상한 대장간",
    "DESCRIPTIONS": [
      "당신은 작은 헛간을 발견했습니다. 그 안은 대장간처럼 보입니다. 모루는 먼지에 뒤덮여있지만, 화로에는 아직 불이 붙어있습니다. 당신은 불안해집니다...",
      "당신은 대장간에 들어가기로 결정했습니다. 도구를 사용해... NL #y@깡@ #y@까앙@ #y@깡!@ NL ...장비들을 강화하기 위해!",
      "당신은 쓸만한 것이 있나 찾아보았습니다. 방수포를 들춰보고, 상자를 열어보고, 구석구석 살펴보았습니다. 그리고 마침내... 오! 먼지에 뒤덮인 #y~유물!~ ",
      "유물에 손이 닿기 직전에, 불꽃이 당신을 덮쳤습니다. 팔에 #r@화상과@ #r@상처를@ 입습니다...",
      "NL NL 유물을 가져간 뒤, 헛간을 빠져나오자 갑자기 느껴지는 #r~날카로운~ #r~고통~ 을 떨쳐낼 수 없습니다. 이곳의 유령을 깨워버린 걸까요?",
      "딱히 쓸만한 것은 보이지 않았습니다. 다시 밖으로 나와 보니, 헛간 안쪽 벽에 #p~기분~ #p~나쁘게~ #p~일렁이는~ #p~불꽃의~ #p~그림자가~ 보입니다."
    ],
    "OPTIONS": [
      "[재련] #g카드를 #g1장 #g강화합니다.",
      "[뒤지기] #g특별한 #g유물을 #g획득합니다. #r저주를 #r받습니다 #r- #r고통.",
      "[떠나기]",
      "강화할 카드를 선택하십시오",
      "[잠김] 조건: 강화할 수 있는 카드"
    ]
  },
  "Bonfire Elementals": {
    "NAME": "모닥불 정령들",
    "DESCRIPTIONS": [
      "당신은 #p보랏빛의 #p불의 #p정령처럼 보이는 무리가 커다란 모닥불 주위에서 ~춤추고~ 있는 것을 우연히 발견했습니다. NL ",
      "정령들이 작은 뼈들과 부스러기를 불로 던질 때마다 그것들은 ~반짝거리며~ ~튀어오릅니다.~ NL 당신이 가까이 다가가자, 정령들은 기대에 부풀어 일제히 당신을 바라봅니다...",
      "당신은 제물을 모닥불에 던져 넣습니다. NL NL ",
      "그러나, 정령들은 당신이 #p저주 카드를 바친 것을 기뻐하지 않습니다... 카드가 옅은 검은 연기로 사라져 갑니다. 당신은 그 대가로... #p~무언가~ 를 손에 넣습니다.",
      "아무 일도 일어나지 않습니다... NL 정령들은 이제 당신을 무시하는 것처럼 보입니다. 실망스럽군요...",
      "불꽃이 조금 더 밝게 타오릅니다. NL 정령들은 계속해서 춤을 춥니다.  당신은 약간의 따뜻함을 느낍니다.. NL 체력이 #b5 #g회복 됩니다.",
      "불꽃이 분출하며 더 세게 타오릅니다! NL 정령들이 흥분하여 당신을 둘러싸고 춤을 추자, 당신은 ~따스함~ 으로 가득 찹니다. NL 체력이 전부 #g회복 됩니다.",
      "불이 @두@ @배로@ 타오르면서, 불꽃이 당신을 압도할 듯이 @폭발합니다.@ NL 정령들이 흥분하여 당신을 둘러싸고 춤을 추더니 이내 ~당신의~ ~몸~ ~속으로~ ~스며들고,~ 당신은 따뜻함과 힘으로 가득찹니다. NL 최대 체력이 #b10 증가하고 체력이 전부 #g회복 됩니다."
    ],
    "OPTIONS": [
      "[계속]",
      "[떠나기]",
      "[제물] 제물의 종류에 따른 보상을 획득합니다.",
      "제물로 사용할 카드를 선택하십시오"
    ]
  },
  "Match and Keep!": {
    "NAME": "맞추고 가져가!",
    "DESCRIPTIONS": [
      "\" 카드는 #b12장! 짝을 맞추면 가져가도 된다! 기회는 #b5번, 무르기 없기다. NL 준비됐느냐? 시작하자꾸나!\"",
      "당신은 그렘린의 게임을 마치고 올려다보았습니다. NL 그렘린이 어디로 사라졌지?",
      "그렘린은 미친듯이 테이블 위의 카드를 섞고 있습니다.  이 괴물은 해롭지는 않아 보입니다. 호기심에 당신은 그에게 다가갑니다."
    ],
    "OPTIONS": [
      "[계속]",
      "[떠나기]",
      "[시작]",
      "남은 횟수: #y"
    ]
  },
  "Duplicator": {
    "NAME": "복제 성소",
    "DESCRIPTIONS": [
      "당신 앞에 고대의 영혼을 기리는 공들인 제단이 놓여있습니다.",
      "공손히 무릎을 꿇었습니다. 섬뜩한 거울상이 성소로부터 나타나 당신 안으로 스며듭니다.",
      "성소를 무시합니다."
    ],
    "OPTIONS": [
      "[기도] #g덱에 #g있는 #g카드 #g1장을 #g복제합니다.",
      "[떠나기]",
      "복제할 카드를 선택하십시오."
    ]
  },
  "Fountain of Cleansing": {
    "NAME": "신성한 샘",
    "DESCRIPTIONS": [
      "근처 벽에 달린 분수로부터 끝없이 흘러나오는 #b~일렁이는~ #b~물과~ 우연히 마주쳤습니다.",
      "그 #b~물~ 을 마시자, #p어둠의 #p지배 가 느슨해지는 것이 느껴집니다.",
      "이 물이 안전한지 확실하지 않으니 목이 바싹 마른 채 갈 길을 갑니다."
    ],
    "OPTIONS": [
      "[마신다] #g덱에서 #g모든 #g저주 #g카드를 #g제거합니다.",
      "[떠나기]"
    ]
  },
  "Golden Shrine": {
    "NAME": "황금 성소",
    "DESCRIPTIONS": [
      "당신 앞에 고대의 영혼을 기리는 공들인 성소가 놓여있습니다.",
      "성소를 건드리자, #y골드 가 천장으로부터 쏟아지며 ~당신에게~ ~부의~ ~세례를~ ~퍼붓습니다.~ ",
      "성소를 후릴 때 마다 계속해서 #y골드 가 줄줄이 쏟아집니다! NL NL 재물을 챙기자 무언가 #r당신을 #r무겁게 #r짓누릅니다.",
      "당신은 성소를 무시합니다."
    ],
    "OPTIONS": [
      "[기도] #g골드를 #g",
      " #g획득합니다.",
      "[신성 모독] #g275 #g골드를 #g받습니다. #r저주를 #r받습니다. - #r후회.",
      "[떠나기]"
    ]
  },
  "Lab": {
    "NAME": "연구실",
    "DESCRIPTIONS": [
      "당신이 들어선 방은 실험관, 비커, 플라스크, 포셉, 핀치 클램프, 교반 막대, 집게, 고글, 보안경, 깔때기, 파이펫, 실린더, 응축기, 희귀한 유리 나선관까지 있는 선반으로 가득합니다. NL NL 왜 이런 기구들의 이름을 모두 알고 있는 건지는 모르겠지만 당신은 주위를 살펴봅니다."
    ],
    "OPTIONS": [
      "[조사] #g포션을 #g좀 #g찾아본다."
    ]
  },
  "Purifier": {
    "NAME": "정화 성소",
    "DESCRIPTIONS": [
      "당신 앞에 잊힌 영혼을 기리는 공들인 성소가 놓여있습니다.",
      "경의를 표하고자 무릎을 꿇으니, 어깨가 가벼워지는 기분이 듭니다.",
      "당신은 성소를 무시합니다."
    ],
    "OPTIONS": [
      "[기도] #g덱에서 #g카드 #g1장을 #g제거합니다.",
      "[떠나기]",
      "제거할 카드를 선택하십시오."
    ]
  },
  "Transmorgrifier": {
    "NAME": "변환 성소",
    "DESCRIPTIONS": [
      "당신 앞에 잊힌 영혼을 기리는 공들인 성소가 놓여있습니다.",
      "성소의 힘이 당신에게 스며들자 당신의 정신이 변화된 것이 느껴집니다.",
      "당신은 성소를 무시합니다."
    ],
    "OPTIONS": [
      "[기도] #g카드 #g1장을 #g변화시킵니다.",
      "[떠나기]",
      "변화시킬 카드를 선택하십시오."
    ]
  },
  "Upgrade Shrine": {
    "NAME": "강화 성소",
    "DESCRIPTIONS": [
      "당신 앞에 잊힌 영혼을 기리는 공들인 성소가 놓여있습니다.",
      "성소의 에너지가 당신 속으로 흘러들어가, 당신을 더욱 강하게 만듭니다.",
      "당신은 성소를 무시합니다."
    ],
    "OPTIONS": [
      "[기도] #g카드 #g1장을 #g강화합니다.",
      "[떠나기]",
      "강화할 카드를 선택하십시오.",
      "[잠김] 조건: 강화할 수 있는 카드"
    ]
  },
  "Wheel of Change": {
    "NAME": "운명의 돌림판",
    "DESCRIPTIONS": [
      "당신은 말쑥해보이는 쾌활한 그렘린과 우연히 마주쳤습니다. NL \"돌림판을 돌릴 시간이에요! ~준~ ~비~ ~됐~ ~나~ ~요~ ~?~ 당연히 돼 있죠!\"",
      "\" #y골드 를 얻었습니다! NL 앗싸!!!!\"",
      "\"아, #g선물 이군요! NL 즐겨주시길!\"",
      "\"이야, 공짜 #g회복을 드립니다!\"",
      "\" #p저주 를 얻으신 듯 하군요! NL 좋지 않네요. NL 어쩔 수 없죠! 다음번엔 행운이 있길!\"",
      "\"오우, #r~어둠~ 의 힘... NL 덱에서 제거할 카드를 한 장 골라주세요!\"",
      "\"이런! NL 패배하셨습니다!\" NL 당신은 그가 칼을 준비하는 걸 발견합니다...",
      "당신은 미친 그렘린을 베려 했으나 그는 너무 빠릅니다! NL 그는 투박한 칼로 당신을 몇 번 공격합니다. NL \"대가는 지불되었다!!\" NL 그 말과 함께, 그렘린과 돌림판 둘 다 감쪽같이 사라졌습니다."
    ],
    "OPTIONS": [
      "[시작]",
      "[보상!] 와아!!!!",
      "[보상!] #g유물을 #g획득합니다.",
      "[보상!] #g체력을 #g전부 #g회복합니다.",
      "[보상?] #r저주 #r- #r부패.",
      "[보상!] #g덱에서 #g카드를 #g1장 #g제거하십시오.",
      "[보상?] #r체력을 #r",
      " #r잃습니다.",
      "[떠나기]",
      "제거할 카드를 선택하십시오."
    ]
  },
  "Falling": {
    "NAME": "추락",
    "DESCRIPTIONS": [
      "당신은 부유체에서 다른 부유체로 점프하려다가 미끄러졌습니다. NL NL 당신은 추락하기 시작했습니다.",
      "추락하는 동안 당신에겐 몇 개의 선택지가 있습니다: NL 당신의 뛰어난 테크닉으로 안전하게 착지하기. NL 살아남기 위한 마법을 시전하기. NL 벽에 매달리기 위해 검을 꽂기.",
      "엄청난 은총을 받은 걸까요? 당신은 안전하게 착지했습니다.",
      "당신은 내재되어 있는 마법을 사용하여 다치지 않고 착지했습니다. ",
      "당신은 벽에 검을 꽂아 메달리는 것에 성공하여 안전한 곳으로 뛰어오를 수 있었습니다.",
      "당신은 깃털처럼 천천히 떨어졌으며, 그 어떤 상처도 없이 바닥에 도달했습니다."
    ],
    "OPTIONS": [
      "[계속]",
      "[착지] #r손실 #r: ",
      "[잠김] 조건: 스킬 카드",
      "[마법] #r손실 #r: ",
      "[잠김] 조건: 파워 카드",
      "[검술] #r손실 #r: ",
      "[잠김] 조건: 공격 카드",
      "[떠나기]",
      "[착지] "
    ]
  },
  "The Moai Head": {
    "NAME": "모아이 석상",
    "DESCRIPTIONS": [
      " *정말로* 위화감이 느껴지는 무언가와 우연히 마주쳤습니다. 당신 앞에 거대한 돌 무더기 머리가 커다란 벽의 단편으로부터 등장합니다. 벽은 이 구역의 나머지와 같이 움직이거나 변화하지 못합니다. NL 머리의 입은 활짝 열려있으며, 피로 붉게 얼룩진 커다랗고 겁주는 이빨을 드러냅니다. 석상의 표면은 상형문자 투성이입니다. 이 문자는 마치 머리의 입에 몸을 던져 삼켜지는 사람들을 가리키는 것 같습니다. 왜 굳이 그런 짓을 할까요?",
      "처음 석상의 입 안으로 발을 들일 땐 아무 일도 일어나지 않았습니다. 당신이 상당히 바보같다고 느끼기 시작하자, 커다란 어금니가 쾅하고 내려오며 완전히 당신을 으스러뜨립니다. NL @어둠.@ NL 어둠 속에서 시간이 좀 지난 후, 빛 한 조각이 보입니다. 그리고 돌 이빨이 천천히 올라가는 소리가 들린다는 것을 이제 알아차렸습니다. NL NL NL 혼란스러운 채로 떠납니다.",
      "거대한 어금니가 우상을 짓눌러 가루로 뭉게버리자, 당신은 뒤로 약간 물러났습니다.  이빨이 다시 올라가기 시작하자,  #y골드 가 급류처럼 구멍에서 쏟아져 나왔습니다. 당신의 주위에 재물이 넘칩니다.",
      "무슨 일이 벌어질 수 있었을지 궁금해하면서 길을 떠납니다."
    ],
    "OPTIONS": [
      "[안으로 들어간다] #g체력을 #g전부 #g회복. #r손실: #r",
      " #r최대 #r체력.",
      "[제물: 황금 우상] #g333 #g골드를 #g획득합니다. #g황금 #g우상을 #g잃습니다.",
      "[잠김] 조건: 황금 우상.",
      "[떠나기]"
    ]
  },
  "Mysterious Sphere": {
    "NAME": "신비한 구체",
    "DESCRIPTIONS": [
      "뼈 구체가 주변의 무질서한 영역으로부터 돌출되어 있습니다. 구체는 기이한 백열의 물체를 그 안에 감싸고 있습니다. NL 당신은 그 안에 뭐가 들었을지 궁금해하다가 어떤 파수꾼들이 그것을 감시한다는 것을 알아차렸습니다.",
      "구체를 때리자마자 갑자기 파수꾼들이 깨어나 당신 주위를 에워쌌습니다!",
      "욕심부릴 필요는 없죠."
    ],
    "OPTIONS": [
      "[구체를 열어본다] #r전투. #g보상: #g희귀 #g유물.",
      "[떠나기]",
      "[전투]"
    ]
  },
  "Thinking with Puddles": {
    "NAME": "빛나는 웅덩이",
    "DESCRIPTIONS": [
      "어른거리는 웅덩이로 걸어 들어갑니다... 그리고 당신은 그 위에서부터 떨어지기 시작합니다! NL 당신은 자유낙하하면서 선택지를 고려해봅니다.",
      "당신은 공황에 빠져 팔을 마구 흔들면서 부상을 막기 위해 모든 비장의 수를 사용했습니다. 그러나 당신은 웅덩이로 다시... 그리고 다시... 그리고 다시 떨어졌습니다. 탈출 방법을 깨닫기에는 며칠이 걸렸습니다. 정말 비참합니다.",
      "착지하면서 몸을 감쌌지만 기이한 장치로부터 내쫓길 땐 착지하기 좋은 방법이 정말로 없죠. @쿵!@ NL NL ...당신은 마법에 걸린 액체 웅덩이의 존재를 저주하며 한동안 누워 있었습니다."
    ],
    "OPTIONS": [
      "[끈적거림] #r희귀 #r카드 #r1장을 #r잃습니다.",
      "[머리쪽으로 떨어짐] #r",
      " #r의 #r피해를 #r받습니다. #r저주를 #r받습니다. #r- #r상처.",
      "[떠나기]"
    ]
  },
  "Tomb of Lord Red Mask": {
    "NAME": "붉은 가면 왕의 무덤",
    "DESCRIPTIONS": [
      "둥둥 떠있는 길의 반대 쪽에 매우 화려하게 장식된 무덤이 보입니다. 무덤에 이르자마자 비문이 지워진 #y금화 구멍이 있는 것을 알아차렸습니다.",
      "마스크를 쓰자 무덤이 ~벗겨져~ ~나가기~ ~시작합니다...~ 비밀 통로다! NL NL 통로에는 무수히 많은 약탈품과 첩첩이 쌓인 #y골드 가 늘어서 있습니다!",
      "무덤에서 구멍이 열리더니 메모가 붙은 작은 붉은 가면이 슬며시 튀어나옵니다. \"내가 너에게서 가져가듯이 남의 것을 취하여라!\""
    ],
    "OPTIONS": [
      "[붉은 가면을 쓴다] #g222 #g골드를 #g획득합니다.",
      "[잠김] 조건: 붉은 가면.",
      "[제물: ",
      " 골드] #r골드를 #r전부 #r잃습니다. #g유물을 #g하나 #g얻습니다.",
      "[떠나기]"
    ]
  },
  "Winding Halls": {
    "NAME": "돌고 도는 회랑",
    "DESCRIPTIONS": [
      "천천히 구불구불하게 난 길을 따라 가는 동안 당신은 계속해서 길을 헤메고 있습니다. 당신의 눈 앞에서 벽과 바닥이 도저히 이해가 안 가게 움직이고 있기 때문이죠. 당신의 머리 뒤에서 끊임없이 #p~속삭이는~ #p~목소리도~ 한 몫 하고 있습니다. ",
      "이전에 분명히 본 적이 있던 구조물을 지나가면서 당신은 자신이 미쳐가는 건지, 그냥 이 있을 수 없는 지형이 자신을 괴롭히고 있는 건지 의문이 들기 시작합니다. 당신은 빨리 무언가를 바꿀 필요를 느낍니다. NL NL 그것은 그 속삭이는 #p~목소리가~ 하고 있는 말이긴 하지만 그게 거짓말일 이유는 없지 않겠습니까?",
      "당신 안의 뭔가에 금이 갑니다. 진정한 광기만이 이런 장소를 이해시킬 수 있었기에, 당신은 그 재잘거리는 목소리를 받아들이고 #p~\"새로운\"~ 시각과 함께 길을 나아갑니다. NL 모든 것들이 이제 훨씬 이해하기 쉬워진 것 같군요.",
      "잠시 동안 멈춰서서 고저가 심한 주위 환경을 관찰하자 불규칙적으로만 보이던 곳에서 규칙성이 드러나기 시작합니다. 미친 듯한 소음이 당신을 방해하려 할 때마다 당신은 정신적인 고통에 몸부리치며 그것을 무시합니다. NL NL 극적으로 앞으로 나아갈 길을 찾아낸 당신은 더 이상 이 이질적인 장소의 사악한 본질에 흔들리지 않습니다.",
      "당신은 영원한 시간처럼 느껴질 만큼 긴 시간을 미로에서 헤맸습니다. 느리지만 확실하게, 당신은 나아갔던 길을 되돌아왔고, 자신의 위치를 계속해서 확인하며, 뒤틀린 통로를 벗어날 수 있었습니다. NL NL 이번 일로 인해 당신은 #r~진이~ #r~다~ #r~빠졌습니다.~"
    ],
    "OPTIONS": [
      "...",
      "[광기를 받아들인다] #g광기 #g카드 #g2장 #g획득. #r체력을 #r",
      " #r잃습니다.",
      "[집중] #r저주를 #r받습니다. #r- #r몸부림. #g체력을 #g",
      "[떠나기]",
      " 회복합니다.",
      "[왔던 길로 돌아간다] #r최대 #r체력을 #r",
      " #r잃습니다."
    ]
  },
  "Big Fish": {
    "NAME": "월척",
    "DESCRIPTIONS": [
      "당신은 긴 복도를 따라 걷다가 허공에 ~떠있는~ #y바나나, #y도넛, 그리고 #y상자 를 발견했습니다. 이런... 자세히 살펴보니 그것들은 천장의 구멍에서 나온 끈에 묶여 있습니다. 당신이 접근하자 위에서 @부스럭거리는@ 소리가 들려옵니다. NL 무엇을 할 건가요?",
      "당신은 #y바나나 를 먹었습니다..그건 영양가있고 살짝 #b마법에 걸린 것 같아서 당신을 치유합니다.",
      "당신은 #y도넛 을 먹었습니다. 끝내주는군요! 당신의 최대 체력이 증가했습니다.",
      "",
      "당신은 상자를 집었습니다. 그 안에서 당신은 #y유물 을 발견했습니다!",
      "  NL 하지만 당신은 정말로 도넛이 먹고 싶었습니다... NL 당신은 ~슬픔과~ #r후회로 가득 찼습니다."
    ],
    "OPTIONS": [
      "[바나나] #g체력을 #g",
      " #g회복합니다.",
      "[도넛] #g최대 #g체력 #g+",
      ".",
      "[상자] #g유물을 #g획득합니다. #r저주를 #r받습니다 #r- #r후회.",
      "[떠나기]"
    ]
  },
  "The Cleric": {
    "NAME": "성직자",
    "DESCRIPTIONS": [
      "황금 투구(?)를 낀 이상한 푸른 색의 인간형 생물이 크게 미소지으며 당신에게 다가옵니다. NL @\"안녕하신가@ @친구!@ 난 #b성직자라네!  나의 서비스에 관심있나?!\"  그가 크게 소리칩니다.",
      "금색의 따뜻한 빛이  당신의 몸을 감싸더니 없어집니다. NL 그가 활짝 웃습니다. \"난 최고의 치유 성직자지. @좋은@ @하루@ @되시게!\"@",
      "푸른 색의 차가운 불꽃이 당신의 몸을 감싸더니 없어집니다. NL 그가 활짝 웃습니다. \"난 천재적인 성직자야.  @좋은@ @하루@ @되시게!\"@",
      "당신은 이 #b\"성직자\" 라는 자를 믿지 못해 그대로 떠납니다."
    ],
    "OPTIONS": [
      "[회복] #y35 #y골드 #y: #g체력 #g회복 #g: #g",
      "[잠김] 조건: ",
      " 골드.",
      "[정화] #y",
      " #y골드: #g덱에서 #g카드 #g1장을 #g제거합니다.",
      "[잠김] 조건: 50 골드.",
      "[떠나기]",
      "제거할 카드를 선택하십시오.",
      "."
    ]
  },
  "Dead Adventurer": {
    "NAME": "모험가의 시체",
    "DESCRIPTIONS": [
      "모험가를 조사하던 중 기습을 당했습니다!",
      "소리없이 탈출했습니다.",
      "바닥 위의 죽은 모험가와 우연히 마주쳤습니다. NL 누군가 그의 #b바지를 훔쳤습니다! 또 ",
      "갑옷과 얼굴이 #r@화염에@ #r@그을린@ 것으로 보입니다.",
      "마치 뿔달린 짐승이 그를 #r@찌르고@ #r@짓밟은@ 것처럼 보입니다. ",
      "거대한 발톱에 의해 잘리고 내장이 빠져나온 것처럼 보입니다.",
      "NL 그의 #y소지품은 #y여전히 #y온전하지만, 여기서 무슨 일이 일어났는지 생각할 경황이 없습니다...",
      "#y골드 를 발견했습니다! NL 계속 찾으시겠습니까?",
      "흐음, 아무것도 찾을 수 없습니다... NL 계속 찾으시겠습니까?",
      "#y유물 을 찾았습니다! NL 계속 찾으시겠습니까?",
      "아무 문제없이 그의 모든 소지품을 찾은 것 같습니다!"
    ],
    "OPTIONS": [
      "[조사] #g시체를 #g뒤집니다. #r",
      "[떠나기]",
      "[전투]",
      "[계속] #g시체를 #g뒤집니다. #r",
      "%: #r괴물이 #r돌아옵니다."
    ]
  },
  "Golden Idol": {
    "NAME": "황금 우상",
    "DESCRIPTIONS": [
      "당신은 눈에 띄지 않는 곳에서 받침대 위에 평화로이 앉아있는 #y빛나는 #y황금 #y우상을 발견했습니다. NL NL 주변에 보이는 함정은 없습니다.",
      "당신이 우상을 챙겨 넣으려고 할 때 거대한 돌덩이가 천장에서 날아와 당신 옆에 떨어집니다. NL 돌이 굴러오는 것을 보고 당신은 윗층이 아래쪽으로 기울어져 있음을 깨달았습니다.",
      "@도망가아아아아아!@ NL 돌덩이가 맹렬히 쫓아오자 간신히 옆 통로로 도약했습니다. 불행히도 어딘가 삔 것 같네요.",
      "당신은 모든 수단을 총동원해서 돌덩이에 몸을 던졌습니다. 먼지가 가라앉은 후 당신은 안전하게 탈출할 수 있었습니다.",
      "@후두둑!@ NL 돌덩이가 지나갈 때 당신을 조금 스쳤지만 다행히 당신은 탈출할 수 있었습니다.",
      "너무나도 뻔한 함정입니다. NL  당신은 우상에 손대지 않기로 했습니다."
    ],
    "OPTIONS": [
      "[가져간다] #g황금 #g우상을 #g획득합니다. #r함정이 #r발동됩니다.",
      "[떠나기]",
      "[도망친다] #r저주를 #r받습니다 #r- #r상처.",
      "[부순다] #r피해를 #r",
      " #r받습니다.",
      "[숨는다] #r최대 #r체력을 #r",
      " #r잃습니다."
    ]
  },
  "Golden Wing": {
    "NAME": "날개 조각상",
    "DESCRIPTIONS": [
      "돌과 바위들 사이에서, 당신은 날개 모양의 복잡하고 커다란 푸른 조각상을 발견했습니다. NL 당신은 그것의 틈새로부터 쏟아져 나오는 #y골드를 발견했습니다. NL 아마 안쪽에는 더 많이 있겠죠...",
      "예전에 누군가에게서 거대한 새를 숭배했던 집단에 대해 들은 적이 있었죠. 무릎을 꿇고 기도하자 당신은 약간의 ~어지러움을~ ~느낍니다.~ NL NL 얼마 후에 일어난 당신은 이상하게도 걸음이 빨라진 느낌이 듭니다.",
      "당신은 온 힘을 다해 조각상을 벱니다. NL 조각상이 곧 @허물어지더니,@ #y골드 #y한 #y더미 가 모습을 드러냅니다.  당신은 금을 최대한 많이 챙긴 뒤 계속 앞으로 나아갑니다.",
      "조각상이 당신의 마음을 ~불안하게~ 만듭니다. 지나쳐서 계속 앞으로 걸어갑니다."
    ],
    "OPTIONS": [
      "[기도] #g카드 #g1장을 #g덱에서 #g제거합니다. #r체력을 #r",
      " #r잃습니다.",
      "[파괴] #g골드를 #g",
      " #g- #g",
      " #g획득합니다.",
      "[잠김] 조건: 피해량 ",
      " 이상의 공격 카드.",
      "[떠나기]",
      "[계속]",
      "제거할 카드를 선택하십시오."
    ]
  },
  "World of Goop": {
    "NAME": "끈적이 천지",
    "DESCRIPTIONS": [
      "당신은 물웅덩이에 빠졌습니다. NL @그@ @웅덩이는@ #g@끈적이@ #g@슬라임으로@ @가득@ @차@ @있습니다!!@ NL 서서히 끈적이들이 타오르는 것을 느낀 당신은 극도로 흥분하여 수분간 스스로를 긁었습니다. NL 귀와 코를 포함한 모든 곳에서 끈적임이 느껴집니다. NL NL 기어 올라와보니 당신은 일부 #y골드가 사라진 것을 알아차렸습니다. 웅덩이를 되돌아보니 당신은 잃어버린 동전들이 다른 불행한 모험가들의 #y골드와 함께 웅덩이 속에 섞여있는 것을 알아차렸습니다.",
      "노출이 길어지면서 슬라임의 따가움이 녹아 없어지는 것을 느낀 당신은 간신히 #y골드를 꺼냈습니다.",
      "당신은 지저분함을 감수할 가치는 없다고 판단했습니다."
    ],
    "OPTIONS": [
      "[골드를 챙긴다] #g골드를 #g",
      " #g획득합니다. #r체력을 #r",
      " #r잃습니다.",
      "[건드리지 않는다] #r골드를 #r",
      " #r잃습니다.",
      "[떠나기]"
    ]
  },
  "Liars Game": {
    "NAME": "배애애애앰",
    "DESCRIPTIONS": [
      "당신은 땅에 뚫린 큰 구멍을 보고 방으로 들어갔습니다.  구멍 앞에 도달하자 갑자기 커다란 뱀이 튀어나왔습니다. NL NL ~\"하~ ~하하!~ ~안녕~ ~안녕?~ ~무엇이~ ~우리를~ ~여기로~ ~이끌었을까?~ 안녕 모험가, 간단한 질문을 하나 할게. NL 인생의 가장 좋은 점은 바로 #y~뭐든지~ #y~살~ #y~수~ #y~있다는~ #y~것~ 아니겠어? NL 너도 그렇게 생각하지?\"",
      "~\"그래애애애애애!~ NL ~이~ ~모든~ ~건~ ~반드시~ ~도움이~ ~될거야.~  NL ~..스스슷슷스.....~ ~스스...~ ~스스스스스....!\"~",
      "뱀은 매우 실망한 표정으로 당신을 노려봅니다.",
      "뱀은 머리를 세워서 #y골드를 위로 내뿜었습니다! NL 놀라우면서도 동시에 겁이 납니다. NL 당신은 모든 #y골드를 모으고 뱀에게 감사하며 출발합니다."
    ],
    "OPTIONS": [
      "[동의한다] #g골드를 #g",
      " #g획득합니다. #r저주를 #r받습니다 #r- #r의심.",
      "[동의하지 않는다]",
      "[계속]",
      "[떠나기]"
    ]
  },
  "Living Wall": {
    "NAME": "살아있는 벽",
    "DESCRIPTIONS": [
      "막다른 길에 다다라 뒤를 돌아서려할 때,  천장에서 벽이 @쾅@ @내려와@ 당신을 가둡니다!  NL NL 벽에서 세 개의 얼굴이 솟아나와 말을 합니다. NL #b\"네가 #b알던 #b것을 #b잊으면, #b너를 #b보내 #b주마.\" NL #p\"변화해야만 #p새로운 #p장소에 #p다다를 #p수 #p있다.\" NL #y\"나를 #y지나가려면, #y성장해야 #y한다.\"",
      "살아있는 벽은 만족하여 도로 천장으로 흡수되며 앞으로 가는 길을 열어주었습니다."
    ],
    "OPTIONS": [
      "[망각] #g덱에서 #g카드를 #g1장 #g제거합니다.",
      "[변화] #g덱에서 #g카드를 #g1장 #g변화시킵니다.",
      "[성장] #g덱에서 #g카드를 #g1장 #g강화합니다.",
      "제거할 카드를 선택하십시오.",
      "변화시킬 카드를 선택하십시오.",
      "강화할 카드를 선택하십시오.",
      "[떠나기]",
      "[잠김] 조건: 강화할 수 있는 카드"
    ]
  },
  "Mushrooms": {
    "NAME": "버섯",
    "DESCRIPTIONS": [
      "당신은 부자연스러운 식욕에 굴복하고 맙니다.버섯을 잇달아 섭취하자, 점점 멍해지는 것을 느끼며 의식을 잃었습니다. 일어나보니 매우 이상한 기분이 듭니다. NL 체력의 #b25% 를 #g회복 하지만, #r감염 됩니다.",
      "#r@기습이다!!@ NL 어디선지 모르게 버섯에 감염된 설치류들이 나타났습니다!",
      "당신은 #b~혼을~ #b~빼놓는~ #b~색깔의~ #b~버섯들로~ 가득찬 통로에 들어섭니다. NL 당신은 균학에 대한 전문성이 부족하기 때문에 표본들을 구분할 수 없습니다. NL 도망치고 싶지만 이상하게도 #b~버섯~ 을 먹으라고 강요받는 기분이 듭니다..."
    ],
    "OPTIONS": [
      "[짓밟는다] #r버섯들을 #r화나게 #r합니다.",
      "[식사] #g체력을 #g",
      " #g회복합니다. #r저주를 #r받습니다. #r- #r기생충",
      "[전투]",
      "[떠나기]"
    ]
  },
  "N'loth": {
    "NAME": "느로스",
    "DESCRIPTIONS": [
      "촉수가 자라나있는 기이한 꼽추 생물이 당신 앞의 쓰래기와 잔해 더미를 여기저기 뒤지고 있습니다. 가까이 다가가자, 그 생물은 위협적이지 않은 태도로 발을 끌며 다가옵니다. NL \"느로스 배고프다.  느로스 밥 줘.\"",
      "#y유물을 그에게 내밀자 느로스는 촉수로 그것을 당신 손에서 낚아챕니다. 그리고는 턱을 탈구시키며 당신의 제안을 한 입에 꿀꺽 집어삼킵니다. NL 그는 당신에게 이가 드러나는 커다란 미소를 짓습니다. 동시에 더 많은 촉수가 뒤의 망토로부터 나타납니다. 촉수들은 어처구니없게 아기자기해보이는 상자를 휘두릅니다. 그는 그걸 내밀어 당신이 가져갈 때까지 기다리는군요.",
      "고개를 가로젓습니다. 느로스는 등을 더더욱 구부리며 한숨을 쉬고 이내 종종걸음으로 떠나버립니다."
    ],
    "OPTIONS": [
      "[제물: ",
      "] #r이 #r유물을 #r잃습니다. #g특별한 #g유물을 #g획득합니다.",
      "[떠나기]"
    ]
  },
  "Scrap Ooze": {
    "NAME": "날붙이 수액",
    "DESCRIPTIONS": [
      "방으로 들어가 보니 ~콸콸~ ~흐르는~ ~소리~ 와 @철이@ @갈리는@ @소리@ 가 들립니다. 당신 앞에는 동강난 날붙이들을 마구 먹어댄 슬라임 같은 생물이 있습니다. 그 생물의 중심 부분에서 이상한 빛이 반짝입니다. 마법으로 인한 것일까요? 만약 이 생물의 틈 안쪽에 도달하면... #y보물을 좀 얻을 수 있을 것 같이 보입니다. 하지만 산과 날붙이들이 #r피해를 끼칠 수 있습니다.",
      "#r@아이고!@ NL 당신이 찾은 것은 녹슨 금속과 약간의 #r@타오르는@ #r@고통@ 뿐입니다. 하지만 당신은 아직 #y유물이 있음을 믿어 의심치 않습니다...",
      "#g성공이다! NL 당신은 날붙이와 불타는 산 속을 뒤적거린 끝에 #y유물을 붙잡아 꺼냈습니다. NL 그 이상한 수액으로부터 #r피해를 받았지만 그 대신 값진 보상을 얻었습니다.",
      "당신은 이 곳을 벗어나기로 했습니다. NL 슬라임은 계속 날붙이를 삼키기만 할 뿐 당신에게 아무런 관심도 보이지 않습니다."
    ],
    "OPTIONS": [
      "[팔을 뻗어 뒤져본다] #r체력을 #r",
      " #r잃습니다. #g",
      "% #g유물을 #g찾아냅니다.",
      "[떠나기]",
      "[더욱 깊게 뒤져본다] #r체력을 #r"
    ]
  },
  "Shining Light": {
    "NAME": "밝은 빛",
    "DESCRIPTIONS": [
      "당신은 방 한가운데에서 일렁이는 #y빛의 #y덩어리 를 발견했습니다. NL NL  ~따뜻한~ ~빛과~ ~황홀한~ ~문양이~  당신을 향해 손짓합니다.",
      "빛 사이로 걸어갈 때 당신은 빛이 당신에게 흡수되는 것을 알아차립니다. NL #r@타는@ #r@듯이@ #r@뜨겁습니다!@ 그러나,  고통은 이내 사그라듭니다. NL  마치 치를 만한 대가를 치뤘다는 듯 당신은 활기가 넘칩니다.",
      "무슨 일이 벌어질 수 있었을지 궁금해하면서 빛을 빙 둘러 돌아갑니다."
    ],
    "OPTIONS": [
      "[들어간다] #g무작위의 #g카드 #g2장을 #g강화합니다. #r체력을 #r",
      " #r잃습니다.",
      "[떠나기]",
      "[잠김] 조건: 강화할 수 있는 카드"
    ]
  },
  "Addict": {
    "NAME": "애원하는 부랑자",
    "DESCRIPTIONS": [
      "수의를 걸친 사람들 무리를 몰래 지나쳐 가려고 할 때,  벌거벗은 붉은 피부의 남자가 당신에게 다가옵니다. NL \" #yJ.A.X  좀 없어 친구? 나 @떨림이@ 너무 심해! 제발...  아니면 #y동전이라도?\" 편집증 증세가 있어 보이긴 하지만 악의는 없어 보입니다.",
      "\"오 그래, ~그래!~ 여기 여기, 공평한 거래야!\"",
      "당신은 그의 손에 있던 귀중한 #y유물 을 강탈한 뒤 떠납니다. NL 뒤쪽에서 소리가 들려옵니다, NL \"부끄럽지도 않느냐? ~부끄럽지도~ ~않은~ ~거냐?!\"~ NL 당신은 약간의 #p수치 를 느낍니다."
    ],
    "OPTIONS": [
      "[골드를 준다] #y",
      " #y골드: #g유물을 #g획득합니다.",
      "[잠김] 조건: ",
      " 골드.",
      "[강탈한다] #g유물을 #g획득합니다. #r저주를 #r받습니다. #r- #r수치.",
      "[떠나기]",
      "",
      ""
    ]
  },
  "Back to Basics": {
    "NAME": "고대 문자",
    "DESCRIPTIONS": [
      "도시를 오르면서 당신은 #y~고대의~ ~존재들의~ 글이 쓰여진 벽을 발견합니다. 수수께끼 같은 기호와 문자들이 무엇을 의미하는지 파악하려고 노력하여 그 글이 #b~빛~ 이란 단어로 시작한다는 것을 알아냈습니다. 갑자기 글의 내용이 명확해져 갑니다...",
      "그 답은 우아함이었습니다.  NL 당연하게도요.",
      "진리는 언제나 단순합니다."
    ],
    "OPTIONS": [
      "[우아] #g덱에서 #g카드를 #g1장 #g제거합니다.",
      "[단순] #g타격 #g카드와 #g수비 #g카드를 #g전부 #g강화합니다.",
      "제거할 카드를 선택하십시오.",
      "[떠나기]"
    ]
  },
  "Beggar": {
    "NAME": "늙은 거지",
    "DESCRIPTIONS": [
      "당신이 지나갈 때 털옷으로 가려진 늙은 거지가 당신을 향해 손을 내밀었습니다. \"몇 푼 좀 내주겠니, 꼬마야?\"",
      "당신이 지나가자 거지는 바닥을 쳐다봅니다. NL \"넌 절대로 변화를 만들지 못할거야... 절대로.\"",
      "거지는 겉옷을 벗어서 그가 #b성직자 임을 드러냈습니다! NL @\"참으로@ @친절한@ @자로군.@ @사양@ @말고@ @나의@ @정화를!\"@ 그가 외쳤습니다. NL 당신은 그가 고마워 하는건지 그냥 미친건지 잘 모르겠습니다.",
      "@\"자네가@ @이번엔@ @더@ @잘@ @할@ @수@ @있길@ @비네,@ @친구여!\"@ 그가 소리칩니다. NL 그가 무엇을 암시하고 있는지 궁금해하며 당신은 앞으로 나아갑니다."
    ],
    "OPTIONS": [
      "[골드를 준다] #y",
      " #y골드: #g덱에서 #g카드를 #g1장 #g제거합니다.",
      "[잠김] 조건: ",
      " 골드.",
      "[계속]",
      "[떠나기]",
      "제거할 카드를 선택하십시오."
    ]
  },
  "Cursed Tome": {
    "NAME": "저주받은 고서",
    "DESCRIPTIONS": [
      "당신은 버려진 사원에서 거대한 책을 발견하고 열어서 #p@수수께끼같은@ #p@글@ 을 풀었습니다. NL NL 정교한 문자를 해석하려 하자 그것은 당신에게 친숙한 언어로 #b~바뀌기~ 시작했습니다.",
      "기이하군요. 이 책은 #y니오우 라는 이름의 #y고대의 #y존재 에 관한 것으로 보입니다. NL NL 이는 당신의 흥미를 자극하지만, 전반적으로 #p~불안한~ 기분이 듭니다.",
      "부활의 상징인 고대의 존재 #y니오우 는 첨탑의 바닥으로 추방되었습니다. NL NL 더 읽으라고 강요받는 기분이 들지만 몸이 #r~아파오기~ 시작합니다.",
      "복수를 추구하며, #y니오우 는 외부인들을 축복합니다. 그의 목적을 위해 이용하면서요. NL NL 당신은 매우 #r~약해지고~ #r~피곤해지는~ 것을 느낍니다...",
      "#y니오우 에 의해 부활한 이들은 과거 그들의 존재의 일부만을 기억할 뿐이며, 영원히 싸우도록 저주받았습니다. NL NL 마지막 페이지에 가까워지자 당신의 #r@오래된@ #r@상처가@ #r@다시@ #r@들쑤셔지려고@ #r@합니다!@",
      "고서 읽기를 끝마치고 당신은 그것을 가져가기로 합니다. 증거물이 있는데도 불구하고 기억을 유지하지 못 할 것 같은 기분이 듭니다.",
      "당신은 나가면서 #p~어두운~ #p~에너지가~ 받침대 위의 책으로부터 #p~뿜어져~ #p~나오는~ 것을 느낍니다.",
      "믿기 힘든 중압감과 의지로 당신은 고서의 최면을 견뎌내고 @쾅@ 덮어버립니다. NL 돌아서 사원을 나가자 진이 빠지는 기분입니다...~"
    ],
    "OPTIONS": [
      "[읽는다]",
      "[계속] #r체력을 #r1 #r잃습니다.",
      "[계속] #r체력을 #r2 #r잃습니다.",
      "[계속] #r체력을 #r3 #r잃습니다.",
      "[그만] #r체력을 #r3 #r잃습니다.",
      "[가져간다] #g책을 #g획득합니다. #r체력을 #r",
      " #r잃습니다.",
      "[떠나기]"
    ]
  },
  "Drug Dealer": {
    "NAME": "증강자",
    "DESCRIPTIONS": [
      " 안대를 낀 채로 사악한 웃음을 짓는 남자가 당신에게 다가옵니다. NL \"거기, 낯선 이여. 과학의 발전에 관심이 있는가? 그 어떤 훈련이나 축복 없이도 당신을 강하게 만들어줄 수 있다네. 당신이 죽고 싶어 안달이 난 저 영웅들 중 하나라면, 이게 필요할 걸세. NL ~어떻게~ ~할~ ~텐가?~",
      "~\"훌륭한 선택이야.\"~ NL 남자는 #b~빛나는~ #b~액체~ 로 가득 채워진 위험해 보이는 주사기를 건넨 뒤 그늘진 골목길로 빠져나갑니다.",
      "~\"정말 멋지구만.\"~ NL 남자는 정체불명의 세 가지 물질을 당신에게 주입하고서 메모장을 꺼냅니다. 당신이 약간의 어지러움을 느끼기 시작하자, 그는 미친 듯이 메모를 써내려가기 시작합니다. NL 시간 감각은 완전히 사라졌고, 당신이 정신을 완전히 되찾았을 때, 그 수상한 사람은 이미 사라진 뒤였습니다.",
      "~\"놀랍구만.\"~ NL 당신은 불가사의의 물질을 삼켰습니다. 곧바로, 당신은 기운이 솟아나고 당신의 근섬유가 @요동치는@ 것이 느껴집니다."
    ],
    "OPTIONS": [
      "[J.A.X.를 시험한다] #gJ.A.X.를 #g투약합니다.",
      "[실험의 피험체가 된다] #g무작위로 #g3장의 #g카드를 #g변화시킵니다.",
      "[돌연변이 인자를 삼킨다] #g특별한 #g유물을 #g획득합니다.",
      "[떠나기]",
      "[잠김] 조건: 3장 이상의 카드가 덱에 존재",
      ""
    ]
  },
  "Forgotten Altar": {
    "NAME": "잊힌 제단",
    "DESCRIPTIONS": [
      "당신 앞에 잊힌 신에게 바치는 제단이 놓여있습니다. NL 제단의 꼭대기에는 화려한 장식의 여자 조각상이 팔을 쭉 뻗은 채로 놓여있습니다. NL 그녀는 희생을 요구하며, 당신을 부릅니다.",
      "우상을 살며시 제단위에 올려놓자 #b차가운 바람이 방 전체에 소용돌이칩니다. NL 조각상의 팔이 변색되면서 바스러지기 시작합니다. NL NL 당신의 #y황금 #y우상은 색이 흐릿해지면서 눈에서 피를 흘리기 시작합니다. NL 출혈은 영원히 멈추지 않습니다.",
      "제단에 서서 손목을 베었습니다. NL 희생의 피가 쏟아져 나오자 조각상의 팔들이 뻗어나와 당신의 눈 주위를 에워쌉니다. NL 모든 것이 어두워집니다. NL 잠시 후새로운 잠재력이 급격히 솓구치는 것을 느끼며 깨어납니다.",
      "당신 앞의 조각상을 후려갈겨 박살냈습니다. 이 방이 당신에게 주던 마법의 영향력도 부숴졌습니다. NL 어두운 울부짖음이 주변에 메아리칩니다. 그리고 #p~저주의~ #p~마법~이 뼈에 스며드는 것을 느낄 수 있습니다."
    ],
    "OPTIONS": [
      "[제물: 황금 우상] #g특별한 #g유물을 #g획득합니다. #r황금 #r우상을 #r잃습니다.",
      "[잠김] 조건: 황금 우상.",
      "[희생] #g최대 #g체력이 #g",
      " #g증가합니다. #r체력을 #r",
      " #r잃습니다.",
      "[잠김] 필요: Humanity.",
      "[더럽힌다] #r저주를 #r받습니다. #r- #r부패."
    ]
  },
  "Knowing Skull": {
    "NAME": "뭐든지 아는 해골",
    "DESCRIPTIONS": [
      "당신은 장식으로 꾸며진 낡은 방에 들어섭니다. 화려하게 장식된 받침대 위에 놓여진 커다란 해골이 방 한가운데에 있습니다. 가까이 다가가자 해골이 #g@갑자기@ #g@불꽃을@ #g@내뿜으며@ 당신을 바라봅니다.",
      "\"무엇을 구하는가? 무엇을 바칠 것인가?\" NL 해골이 말을 마침과 동시에 뒤에 있던 문이 @쾅@ @닫힙니다.@",
      " NL NL \"더 필요한 건 없나?\"",
      " ",
      "\"마시거라!\" NL 당신은 포션을 얻었습니다.",
      "\"이것은 어떤가?\" NL 당신은 카드를 얻었습니다.",
      "\"너희 필멸자들은 언제나 똑같지. 됐다.\" NL  #y골드가 당신 위로 쏟아집니다!",
      "\"뒤쪽이다, 필멸자야.\" 해골의 뒤를 슬쩍 보자 아니나 다를까 문이 있군요."
    ],
    "OPTIONS": [
      "[계속]",
      " #r잃습니다.",
      "[정보?] #g보스를 #g보여줍니다. #r체력을 #r",
      "[성공?]  #g무색 #g카드를 #g얻습니다. #r체력을 #r",
      "[정신자극제?] #g포션을 #g얻습니다. #r체력을 #r",
      "[재물?] #g골드를 #g",
      " #g획득합니다. #r체력을 #r",
      "[어떻게 나가죠?] #r체력을 #r",
      "[떠나기]"
    ]
  },
  "Masked Bandits": {
    "NAME": "가면 도적단",
    "DESCRIPTIONS": [
      "헤헤헤.. #y골드 고마워! NL 오, 난 #y골드가 좋아. 너무 멋있어. NL #y~반짝~ #y~반짝,~ 얻을 수 있다면 뭐든 할 수 있지!",
      "야 야, #b곰탱아! NL 이 자가 우리한테 #y골드를 다 넘겼어! 정말 순진한 친구야, 그치? 들어봐, 난 그저 친절하게 물어봤다고. 그럴 줄 누가 알았겠어?! NL 난 정말 몰랐지! 정말 멍청한 놈이야!",
      "친구들, 모두 이 경이로운 상황을 위해 웃어주자구! NL @하하핫~@ NL @호@ @호우@ ~호호!~ NL ~호우!~",
      "오? 너 아직도 있어? NL 뭐라도 엿들었니? 그러진 않았겠지. NL #r@*푸흡*@ ~...패배자....~ @하하하@ ~하아아~",
      "당신은 큰 #r빨간 #r마스크 를 착용한 도적의 무리와 맞닥뜨립니다. NL \"이봐, 지나가고 싶다면  #y골드를 내놔라... 네 @전@ @재산@ 에서 적당한 만큼 말이야! 헤헤!\""
    ],
    "OPTIONS": [
      "[지불] #r골드를 #r전부 #r잃습니다.",
      "[전투!]",
      "[계속]",
      "[떠나기]"
    ]
  },
  "Spire Heart": {
    "NAME": "첨탑의 심장",
    "DESCRIPTIONS": [
      "@쿠-쿵@ ... @쿠-쿵@ ... @쿠-쿵@ ... NL 깊이 고동치는 공포가 방 전체에 걸쳐 느껴집니다... NL 이것이 첨탑의 #r~심장~ 일까요? 이 모든 악의 근원인 걸까요?",
      "당신은 #b",
      " 의 피해를 주었습니다! NL 심장이 #r@꿈틀대며@ #r~피를~ #r~흘립니다~ ... 하지만 심장은 아직도 뛰고 있습니다. NL 혼신의 공격이었는데도 부족했던 걸까요?",
      "당신은  스스로에게 질문합니다. ~\"전에~ ~여기~ ~온~ ~적이~ ~있던가?\"~ NL 당신은 지금까지 총 #b",
      " 의 피해를 준 것 같은 느낌이 듭니다.",
      " NL 심장에 도전한 모든 사람들이 지금까지 총 #b",
      " 의 피해를 주었습니다.",
      " NL 심장은 더욱 더 크게 맥박 치고 당신의 #y~의식은~ #y~점점~ #y~흐릿해집니다...~",
      "NL 당신은 검을 준비합니다...",
      "NL 당신은 단검을 준비합니다...",
      "NL 당신은 코어를 최대로 충전합니다..."
    ],
    "OPTIONS": [
      "[계속]",
      "[공격] #b???",
      "[수면]"
    ]
  },
  "The Joust": {
    "NAME": "마상 시합",
    "DESCRIPTIONS": [
      "커다란 건물들 사이를 지나가던 중, 길고 좁은 다리와 마주쳤습니다. 다리의 양 끝에는 기사들이 서로를 마주보고 있습니다. 다가갑니다... NL @\"멈춰라!\"@ NL NL 한 기사가 거대한 창으로 힘차게 당신에게 멈추라는 몸짓을 합니다.",
      "\"오늘은 나의 총애하는 애완견, #y복실이를 #r살해한 #r놈 에게 복수를 해야 하는 날이다. 그때까지 넌 못 지나간다. NL NL 목격자 친구여, 누가 승리를 거머쥘 지 #b골드를 #b걸어보는 것이 어떤가?\"",
      "\"자네가 #y복실이를 위해 걸지 않다니 믿기지 않는군!\" NL NL 격노한 그는 그의 투구를 단단히 매고 그의 숙적을 향해 돌진했습니다.",
      "\"내게 힘을 줘, #y복실아!\" NL NL 투구를 단단히 매며 기사는 앞으로 돌진했습니다.",
      "NL #y@*쨍!!!*@ #r@*치이이잉!*@ NL NL #g@*퍽!*@",
      "숙적이 살해되었습니다. NL NL ",
      "주인이 죽었습니다. NL NL ",
      "내기에서 #g이겼습니다. 뭔 생각을 해야할지 모른 채 당신은 상금을 쥐고 떠납니다.",
      "내기에서 #r졌지만, 최소한 창에 찔리진 않았네요."
    ],
    "OPTIONS": [
      "[계속]",
      "[살해범] #y",
      " #y골드를 #y건다 - #g70%: #g골드를 #g",
      " #g획득합니다.",
      "[주인] #y",
      " #y골드를 #y건다 - #g30%: #g골드를 #g",
      "[구경]",
      "[떠나기]"
    ]
  },
  "The Library": {
    "NAME": "도서관",
    "DESCRIPTIONS": [
      "당신이 우연히 발견한 건물은 화려하게 장식되어 있지만 버려진 것 같습니다. NL 벽으로부터 뜯겨 나간 명판이 바닥에 놓여 있습니다.  #b\"도서관\". NL 건물 안에는 무수히 많은 두루마리, 원고, 책들이 줄줄이 늘어서 있습니다. NL 당신은 그 중 하나를 집어들고 한동안 조용히 의자에 앉아 아늑함을 느낍니다.",
      "독서는 멍청이들이나 하는 짓이죠. NL 대신에 당신은 편안한 의자에서 잠이 듭니다. NL ~Zzz...~ ~zzz...~ ~..Zz....~ NL 상쾌한 기분으로 잠에서 깹니다.",
      "이야기는 영웅이 되기를 열망하는 벌레를 조종하는 10대 소녀에 관한 것입니다. 책은 능력의 독창적 사용, 전투 전략 그리고 다양한 관점들로 가득 차 있습니다. NL 만족스럽군요.",
      "이야기는 별 너머를 여행하다가 황량한 외계 행성에 갖혀버린 한 남자에 관한 것입니다. 기발함, 행운, 인내심 그리고 정신을 온전히 유지하기 위한 유머가 그를 집으로 돌려보내준 도구였습니다. NL 매력적이군요.",
      "이야기는 바깥 세상이 견딜 수 없게 변해버렸기 때문에 고립되어 버린 거대한 지하 건물에서 벌어집니다. 소설은 음모, 선전, 부정으로 뒤죽박죽입니다. 당신은 이와 비슷한 일들이 첨탑에서 벌어지고 있지는 않은지 곰곰이 생각해 봅니다. NL 찝찝하군요."
    ],
    "OPTIONS": [
      "[읽는다] #g20장 #g중에 #g1장의 #g카드를 #g선택해 #g가져갑니다.",
      "[잔다] #g체력을 #g",
      " #g회복합니다.",
      "[떠나기]",
      "가져갈 카드를 선택하십시오."
    ]
  },
  "The Mausoleum": {
    "NAME": "영묘",
    "DESCRIPTIONS": [
      "일련의 무덤 사이를 지나가던 중, 원형 방의 중심에 놓인 ~보석으로~ ~가득한~ 커다란 석관과 마주쳤습니다. NL 관에 적혀 있는 글을 알아볼 수는 없지만, #p~검은~ #p~안개~ 가 옆에서 스며 나오는 것을 볼 수 있습니다.",
      "밀어서 관을 열었습니다. 그러자, #p~검은~ #p~안개~ 가 퍼져서 방 전체를 덮쳤습니다! 안쪽에는 오직 #y~유물~ 외엔 아무것도 발견하지 못했습니다. 당신은 그것을 집어들고 #r@격렬히@ #r@기침하며@ 나아갑니다. ",
      "밀어서 관을 열었습니다. 안개는 무해하게 소멸했습니다. 당신은 안쪽에서 오래된 #y유물 을 쥐고 있는 장식된 병사의 유해를 발견합니다. 그것을 훔쳐 계속 나아갑니다.",
      "당신은 잊힌 망자를 내버려두고 갈 길을 갑니다."
    ],
    "OPTIONS": [
      "[열어본다] #g유물을 #g획득합니다. #r",
      "%: #r저주를 #r받습니다. #r- #r몸부림.",
      "[떠나기]"
    ]
  },
  "Vampires": {
    "NAME": "흡혈귀(?)",
    "DESCRIPTIONS": [
      "불이 밝혀지지 않은 어두운 거리로 나아가자, 어두운 의식을 치르고 있는 후드를 눌러쓴 자들이 몇몇 보입니다. 당신이 다가가자 그들이 기분나쁜 미소를 지으며 돌아섰습니다. 그들 중 가장 키가 큰 자는 송곳니가 길게 삐져 나와 있습니다. 그가 당신에게 창백한 손을 내밉니다. NL ~\"우리와~ ~함께~ ~하자,~ ~형제여.~ ~첨탑의~ ~따스함을~ ~느낄~ ~수~ ~있다네.\"~",
      "조명이 없는 거리에서,  어두운 의식을 치르고 있는 대여섯 명의 후드를 눌러싼 자들이 보입니다. 당신이 다가가자, 그들이 기분나쁜 미소를 지으며 돌아섰습니다. 그들 중 가장 키가 큰 자는 송곳니가 길게 삐져 나와 있습니다. 그가 당신에게 창백한 손을 내밉니다. NL ~\"우리와~ ~함께~ ~하자,~ ~자매여.~ ~첨탑의~ ~따스함을~ ~느낄~ ~수~ ~있다네.\"~",
      "그 키가 큰 자는 당신의 팔을 붙잡고 잡아당겨, 그의 송곳니를 당신의 목에 꽂아 넣었습니다. 당신의 목을 통해 온 몸에 @어두운@ @힘이@ @퍼져@ @나가는@ @게@ 느껴집니다. NL ... NL 몇 시간 후 깨어난 당신은 혼자였습니다. 격렬한 ~허기가~ 뱃속을 자극합니다. #r피... #r피가 #r필요하다...",
      "당신은 뒤로 물러서며 무기를 들었습니다. 키가 큰 자는 한숨을 내쉬었습니다. \"그래, 알겠다.\" 후드를 둘러 싼 자들이 갑자기 검은 안개로 변하더니 당신에게서 멀어집니다. NL 당신은 다시 혼자가 되었습니다.",
      "#y피가 #y담긴 #y병 을 꺼내자 창백한 자가 숨을 헉하고 쉬며 말했습니다. NL ~\"주인님의~ ~피...~ ~주인님의~ ~피!~ @주.인.님.의.@ @피!!!\"@ NL 키가 큰 자가 당신 앞에서 절하자 그들은 열렬히 구호를 외칩니다. \" 그의 피를 마시고, #y~그~ 와 하나가 되자.\" NL 구호는 점점 더 커졌고, 당신은 유리병의 내용물을 섭취했습니다. 시야가 갑자기 ~왜곡되더니~ 어두워집니다. NL NL 잠시 후 당신은 혼자인 채로 일어납니다. 강렬한 ~배고픔~ 이 당신의 배를 관통합니다. #r피... #r피가 #r필요하다...",
      "불이 밝혀지지 않은 어두운 거리로 나아가자, 어두운 의식을 치르고 있는 후드를 눌러쓴 자들이 몇몇 보입니다. 당신이 다가가자 그들이 기분나쁜 미소를 지으며 돌아섭니다. 가장 키가 큰 자는 송곳니가 길게 삐져 나와 있습니다. 그가 당신에게 손을 내밉니다. NL ~\"우리와~ ~함께~ ~하자,~ ~고장나버린~ ~자여.~ ~첨탑의~ ~따스함을~ ~느낄~ ~수~ ~있다네.\"~"
    ],
    "OPTIONS": [
      "[승낙] #g모든 #g타격 #g카드 #g제거. #g흡혈 #g카드 #g5장 #g획득. #r최대 #r체력 #r-",
      "%.",
      "[동의하지 않는다]",
      "[손실 :",
      "] #g모든 #g타격 #g카드 #g제거. #g흡혈 #g카드 #g5장 #g획득.",
      "[떠나기]"
    ]
  },
  "The Woman in Blue": {
    "NAME": "파란 옷의 여자",
    "DESCRIPTIONS": [
      "어둠으로부터 팔이 나타나 당신을 작은 가게로 끌어당깁니다. 눈이 어둠에 적응할 때 쯤 멋진 옷차림의 창백한 여자가 포션 진열장을 가리키는게 보입니다. NL \"포션 사세요. 당장!\" 그녀가 말합니다.",
      "\"좋아요. 이제 가세요.\" NL 조심히 가게를 빠져나옵니다.",
      "#r@쾅!@ NL 그녀의 장갑을 낀 주먹이 얼굴을 강타하여 당신을 거의 발치까지 쓰러뜨립니다. NL \"네 내장으로 바닥을 더럽히기 전에 여기서 나가.\" 그녀의 말을 받아들여 밖으로 나갑니다. 내장은 온전히 몸 안에 있군요."
    ],
    "OPTIONS": [
      "[포션을 1개 구매] #y",
      "[포션을 2개 구매] #y",
      "[포션을 3개 구매] #y",
      " #y골드",
      "[떠나기]",
      "[떠나기] #r체력을 #r",
      " #r잃습니다."
    ]
  },
  "SecretPortal": {
    "NAME": "비밀 포탈",
    "DESCRIPTIONS": [
      "당신 앞에 미지의 풍경이 펼쳐져 있습니다. #p~소용돌이치는~ #p~마법의~ #p~포탈~ 이 있는 돌 입구를 저편의 움직이는 벽이 둘러싸고 있습니다. NL NL 어디로 가게 될지는 모르지만, 첨탑의 여정을 조금 단축시켜 줄 것 같아 보입니다.",
      "포탈로 몸을 내던지자, 시간과 공간의 개념이 흩어집니다. NL NL 바뀐 주변을 둘러보자, 무시무시한 전투가 펼쳐지기 직전임을 깨닫습니다.",
      "주의하고 조심하는 것이 첨탑의 꼭대기에 도달하는 더 좋은 방법입니다. 포탈은 무시한 채, 계속 나아갑니다."
    ],
    "OPTIONS": [
      "[포탈에 들어간다] 즉시 보스를 조우합니다.",
      "[떠나기]"
    ]
  },
  "Ghosts": {
    "NAME": "유령 의회",
    "DESCRIPTIONS": [
      "계속 올라가다 보니, #p~짙고~ #p~검은~ #p~연기~ 가 주변의 땅과 벽에서 차오르더니 가면을 쓴 세 형상으로 합쳐집니다. NL NL ~\"내가~ ~보기엔~ #y~니오우~ ~의~ ~또~ ~다른~ ~하수인인~ ~것~ ~같은데.\"~ NL #r@\"동의하네!@ #r@그녀는@ #r@항상@ #r@재미난@ #r@장난감을@ #r@만든단@ #r@말이지!\"@ NL NL 당신은 세 번째 존재가 지나칠 정도로 큰 미소를 짓는 걸 알아챕니다. NL \"다른 자들은 신경쓰지 말게... 우리의 #y~힘~ 을 맛보고 싶은가?\" ",
      "",
      "#y\"멋진 #y선택이야!\" NL 유령의 형상을 한 것이 말을 하면 할수록 그것의 큰 입이 점점 더 커지는 것을 알아챕니다. #p~짙고~ #p~검은~ #p~연기~ 가 방에서 잔뜩 뿜어져 나와 방을 뒤덮습니다. 당신은 볼 수도, 숨쉴 수도 없습니다... NL NL 의식을 잃기 직전에야 이상한 느낌이 멎습니다. NL NL 그것들이 무엇이었든 간에, 그것들은 사라졌습니다. 당신은 #b공허함 을 느끼지만 계속 나아갑니다.",
      "\"정말 실망스럽군...\" NL ~\"넌~ ~늦든~ ~빠르든~ ~우리와~ ~함께하게~ ~될거야.\"~ NL #r@\"하@ #r@하@ #r@하@ #r@하하하하!\"@ NL NL 그 형상들은 점차 사라졌지만, 웃음소리는 귀에 계속 맴돕니다.",
      ""
    ],
    "OPTIONS": [
      "[승낙] #g영체화 #g카드 #g5장 #g획득. #r최대 #r체력 #r-",
      "%",
      "[거절]",
      "",
      "",
      "[떠나기]"
    ]
  },
  "SensoryStone": {
    "NAME": "감각석",
    "DESCRIPTIONS": [
      "저편을 탐험하는 중, 당신은 허공에서 #b빛나는 #b4차원의 #b도형이 @회전하고@ ~변화하는~ 것을 발견합니다.",
      "당신은 그것을 만집니다. NL NL #r@날카로운@ #r@고통@ 이 당신을 타고 흐릅니다. 기억이 선명하게 스쳐 지나갑니다. NL ...이 기억들은 누구의 것이지?",
      "#r~공포.~ NL NL 당신 위의 날개를 펼친 악마같은 생명체가 크게 냉소를 터뜨립니다. 마을이 끔찍한 #p~검은~ #p~화염~ 으로 완전히 뒤덮인 상황, 부족의 시체들이 당신 주변에 쌓여 있습니다. NL NL 악마가 굉음을 내며 당신을 도발합니다. NL NL \" #r@너는@ #r@진정으로@ #r@가장@ #r@강한@ #r@자로구나!@ #r@크하하...@ #r@히히...@ #r@하하하하하하하!@ \" NL NL 그 웃음소리가 영원히 귀에 남아 메아리칩니다...",
      "#g~승리.~ NL NL 희미한 달빛 덕에 #p~유령같은~ #p~생명체~ 의 일부가 서서히 진흙 속으로 빠져드는 것을 볼 수 있습니다. 당신은 자매들 사이에서 스스로를 증명해 보였습니다. NL NL 승리에 도취한 채, 조용히 다른 사람들이 예식에 따라 #y생명체의 #y두개골 을 머리 위에 올릴 때까지 기다립니다. 의식은 종료되었습니다. NL NL 이제 다시 첨탑으로 향합니다...",
      "#b~융합.~ NL NL #y[목적] #g균형은 #g강화되어야만 #g한다 NL #y[정의] #g균형 NL #y[오류] #g균형을 #g찾을 #g수 #g없습니다 NL #y[정의] #g균형 NL #y[오류] #g균형을 #g찾을 #g수 #g없습니다 NL #y[경고] #r거대한 #r물체 #r접근중 NL NL ~\"내가...~ ~..바로~ ~....니오우..\"~"
    ],
    "OPTIONS": [
      "[회상] #g1장의 #g무색 #g카드 #b보상을 #g획득합니다.",
      "[회상] #g2장의 #g무색 #g카드 #b보상을 #g획득합니다. #r체력을 #r",
      "[회상] #g3장의 #g무색 #g카드 #b보상을 #g획득합니다. #r체력을 #r",
      " #r잃습니다.",
      "[떠나기]",
      "[상호작용]"
    ]
  },
  "MindBloom": {
    "NAME": "의식의 개화",
    "DESCRIPTIONS": [
      "첨탑 속의 혼돈을 가로지르며 걷는 동안, 당신의 생각이 갑자기 매우... #p~현실적으로~ 느껴지기 시작합니다... NL NL 상상 속에 있던 #r괴물 과 #y재물 들이 현실 속에 모습을 드러냅니다. NL 그 감각은 순식간에 사라져가고 있습니다. 어떻게 할까요?",
      "이렇게 쉬워도 되는 걸까요?",
      "모든 것이 합리적으로 돌아옵니다. NL 기억의 결핍, 승천, #y고대의 #y존재. NL NL 이것이 항상 유지되어왔던 방식입니다. NL 이것이 언제까지나 유지될 방식입니다. NL 이 모든 것은 다시 곧 잊혀지게 될 것입니다..."
    ],
    "OPTIONS": [
      "[나는 전쟁이다] #r무작위 #r1막의 #r보스와 #r전투. #g희귀 #g유물을 #g하나 #g획득합니다.",
      "[나는 부유하다] #g골드를 #g999 #g획득합니다. #r저주를 #r받습니다. #r- #r2 #r규칙 #r준수.",
      "[나는 건강하다] #g체력을 #g모두 #g회복합니다. #r저주를 #r받습니다. #r- #r부패.",
      "[나는 깨어있다] #g모든 #g카드를 #g강화합니다. #r더 #r이상 #r회복할 #r수 #r없습니다.",
      "[떠나기]"
    ]
  },
  "Nest": {
    "NAME": "둥지",
    "DESCRIPTIONS": [
      "길게 줄지어 늘어선 #b~복면을~ #b~쓴~ #b~무리~ 가 #p알려지지 #p않은 #p대성당 으로 들어서는 것이 보입니다.",
      "당신은 자연스럽게 그 줄에 합류했으며, 곧바로 #r광신자 들에게 둘러싸이게 됩니다! NL 그들은 활기차게 @구호@ 를 외치고 그들의 무기를 사방으로 ~흔들며~ 당신을 신경쓰지 않습니다. NL NL #r@\"죽여라!!@ #r@죽여라@ #r@죽여라!!\"@ NL #b~\"까악~ #b~까악~ #b~까아아아아아악!\"~ NL #r@\"죽여라!@ #r@죽여라@ #r@죽여라!!\"@ NL #b~\"까아악~ #b~까악~ #b~까아아아아아악!!\"~ NL NL 당신의 시선은 #y기부금 #y상자 를 향합니다...",
      "당신은 (두렵기 때문에) 무슨 일이 일어날지 보기 위해 줄을 서기로 합니다. NL NL 결국, 당신은 지도자와 직접 마주하게 됩니다. 멋진 옷을 입은 광신자가 당신의 손에 #y화려하게 #y장식된 #y단검 을 쥐어줍니다. 당신은 이전의 다른 이들과 마찬가지로, 자신의 팔뚝을 벤 뒤 기이한 모습의 그릇에 피를 흘려보냅니다. NL NL 광신자들이 당신을 향해 @구호를@ @외치며@ 소리칩니다! NL NL #b~\"까아악~ #b~까악~ #b~까아아아아아악!!\"~ NL NL 당신도 함께 구호를 외칩니다. 뭐 어때요?",
      "그들은 눈치 채지 못했습니다.",
      "",
      ""
    ],
    "OPTIONS": [
      "[줄을 선다] 의식용 단검 #g카드를 #g획득합니다. #r체력을 #r",
      " #r잃습니다.",
      "[깨부수고 탈취한다] #g골드를 #g",
      " #g획득합니다.",
      "[떠나기]",
      "[계속]"
    ]
  },
  "FaceTrader": {
    "NAME": "얼굴 상인",
    "DESCRIPTIONS": [
      "당신은 여러 가면을 들고 있는 괴상한 동상 옆을 지나갑니다... NL 당신 뒤에서 무언가가 조용히 이렇게 속삭입니다, NL ~\"멈춰.\"~",
      "당신은 이젠 당신을 바라보고 있는 동상을 향해 몸을 돌렸습니다! NL 좀 더 자세히 관찰해보니, 그것은 조각상이 아닌, 조각상처럼 생긴 수척한 사람이었습니다. 숨은 쉬고 있는 걸까요? NL NL ~\"얼굴.~ ~만지게~ ~해주지~ ~않겠나?~ ~아니면~ ~거래를?\"~",
      "~\"보상?~ ~보상.\"~ NL 그는 기계적으로 깔끔하게 정돈된 #g골드 더미를 당신의 주머니에 넣습니다. NL NL ~\"아주~ ~멋진~ ~얼굴이야.~ ~멋진~ ~얼굴.\"~ NL 그가 당신의 얼굴을 만지자, 당신은 자신의 삶이 그를 통해 빨려나가는 것이 느껴지기 시작합니다! NL 이때, 그의 가면이 떨어져 산산조각이 납니다. 그는 비명을 질렀고, 가면들을 더 떨어뜨려 가면서까지 여섯 개의 팔을 사용해 재빨리 자신의 얼굴을 가립니다. 그 모든 비명과 떨림 사이로, 당신은 도망칩니다. NL NL 그의 얼굴은 완전히 비어있었습니다.",
      "~\"나랑~ ~하겠다고?~ @정말@ @나랑?@ ~오~ ~그래..~ ~그래.~ ~그래..~ ~으으음...\"~ NL NL 당신은 그의 팔 중 하나가 깜빡거리는 것을 보았고, 이제 당신의 얼굴이 그의 손에 있습니다! 당신의 얼굴은 교체되었습니다. NL NL ~\"멋진~ ~얼굴.~ ~멋진~ ~얼굴.\"~",
      "~\"멈춰.~ ~멈춰.~ ~멈춰.~ ~멈춰.~ ~멈춰.\"~ NL NL 아마 이게 옳은 결정일 겁니다."
    ],
    "OPTIONS": [
      "[접촉] #r체력을 #r",
      " #g얻습니다.",
      "[거래] #g50%: #g좋은 #g얼굴. #r50%: #r나쁜 #r얼굴.",
      "[떠나기]",
      "[계속]",
      " #r잃고, #g골드를 #g"
    ]
  },
  "NoteForYourself": {
    "NAME": "자신을 위한 기록",
    "DESCRIPTIONS": [
      "당신은 기둥 속에 느슨하게 빠져있는 벽돌을 발견합니다.",
      "안쪽엔 접혀있는 쪽지와 #y카드 가 있습니다. 쪽지에는, NL \"심장이 기다리고 있다.\" 라고 쓰여있습니다. NL NL 이 글씨는 당신의 필체입니다.",
      "보관할 카드를 선택하세요.",
      "대체 어떻게 된 걸까요?"
    ],
    "OPTIONS": [
      "[계속]",
      "[가져간 뒤 카드를 둔다] ",
      " #g을(를) 받고 #g카드 #g1장을 #g보관합니다.",
      "[무시]",
      "[떠나기]"
    ]
  },
  "WeMeetAgain": {
    "NAME": "또 만났네요!",
    "DESCRIPTIONS": [
      "\"또 만났네요!\" NL 너저분한 옷을 입은 쾌활한 남자가 신이 나서 당신에게 다가온다. 당신은 이 남자를 알고 있다. NL NL \"저에요, #y랜위드! 오늘 저한테 줄 거 있나요? 여느 때의 그거? 저 같은 놈은 혼자 성공할 수 없다는 거 알잖아요?\" NL 당신은 그를 수상쩍게 바라보며 선택지를 고민합니다...",
      "\"절묘하네요! 마침 목이 말랐는데.\" NL #b~꿀꺽~ #b~꿀꺽~ #b~꿀꺽~ NL NL 그는 포션을 한 번에 들이킨 후에 만족스럽게 외칩니다. @꺼억.@",
      "\"장엄하네요! 만약 제가 또 #r가면을 #r쓴 #r불량배 들을 만난다면 꽤 도움이 되겠네요.\"",
      "\"모범적이군요! 제 방에서 조금 더 연구해봐야겠어요.\"",
      "\" @아아아아아악!!@ 가끔 보면 정말 멍청한 짓을 하시네요! NL 그는 도망쳤습니다.",
      "  NL NL 그는 여러 주머니를 뒤적거리기 시작합니다... NL \"여기, 오늘은 제가 드릴게 있어요! 받아요 받아요!\""
    ],
    "OPTIONS": [
      "[포션을 준다] ",
      "[잠김] 조건: 포션",
      "[골드를 준다] #r",
      "[잠김] 조건: 50골드 이상 보유.",
      "[카드를 준다] ",
      "[잠김] 조건: 카드",
      "을(를) 잃습니다. #g유물을 #g획득합니다",
      "[공격]",
      "[떠나기]",
      " #r골드"
    ]
  },
  "Designer": {
    "NAME": "탑-클래스 디자이너",
    "DESCRIPTIONS": [
      "당신은 \"탑-클래스\"라는 간판이 걸린 #g~화려한~ 상점을 발견하고 안에 무엇이 있을지 보기 위해 들어갑니다.  NL \"안돼, 절대로. 안돼. 들어오지마!\" NL NL 우스꽝스러운 옷을 입은 남자가 나타나 입구를 가로막습니다.",
      "\"이건 안돼, 안되지 그럼. 대체 뭐야 이 차림새는? @구역질이@ @나네!@ 지금 #r피이이이이이를 흘리고 있는 거야? #p~역겨워라.~ @장사@ @하냐고??@ 손님이야? 좋아. ~뭐어어어든지 말해.\" NL 그는 과장된 한숨을 내쉬며 서비스 목록을 가리킵니다. NL NL 서비스는 괜찮은 것 같지만, 차라리 그의 우쭐대는 중인 얼굴을 때리고 싶기도 합니다.",
      "\"그래 좋아, 이제 안녕.\" NL NL ...그를 때렸어야 했습니다.",
      "당신은 주먹이 아플 정도로 그를 세게 때렸습니다. NL \"내 @얼굴!!@ 이제 내 차례-\" NL NL 그는 기절했습니다. 이제 누가 #p~여어어어억겹고~ #r피이이이이 를 흘리는 중이죠?"
    ],
    "OPTIONS": [
      "[계속]",
      "[교정] #r손실: #r",
      "[정리정돈] #r손실: #r",
      "[풀 서비스] #r손실: #r",
      "[때린다] #r손실: #r",
      " #rHP.",
      " #r골드. ",
      "#g무작위로 #g",
      " #g장의 #g카드를 #g강화.",
      "#g카드를 #g강화.",
      "#g카드를 #g제거.",
      "#g",
      " #g장의 #g카드를 #g변화.",
      "#g카드 #g1장 #g제거, #g무작위로 #g1장의 #g카드를 #g강화.",
      "[떠나기]",
      "강화할 카드를 선택하세요",
      "변화시킬 카드를 2장 선택하세요",
      "제거할 카드를 선택하세요"
    ]
  },
  "Colosseum": {
    "NAME": "콜로세움",
    "DESCRIPTIONS": [
      "@찰싹!!!@ NL .. NL ...... NL ... NL ~당신은~ ~의식을~ ~잃었습니다...~",
      "~흐릿한~ ~정신~ 과 @욱신대는@ @머리@ 와 함께 정신을 차린 당신은, 자신이 수많은 #b노예상인, #p광신자, 그리고 도시의 다른 주민들로 가득 찬 거대한 경기장의 한가운데에 던져져있다는 사실을 깨닫게 됩니다! NL ",
      " NL 맨 위에서, #y금빛 #y왕관 을 쓴 무장한 거인이 당신을 향해 고함을 지릅니다. NL @\"@ @",
      "번째@ @전투를@ @시작하겠다!!!!\"@ NL 반대쪽에 있던 문이 열리기 시작합니다...",
      "@\"잘했다,@ @나약한,@ @자여!\"@ NL 거인은 과장된 몸짓으로 관중의 흥을 돋우기 위해 박수를 친다. NL ~너에게~ #y~골드와~ #y~꽃가루~ ~세례를~ ~선물하마!~ NL @\"진짜@ @도전의@ @시간이다!!\"@ NL NL 마지막 전투를 통해 콜로세움의 벽에 작은 구명이 생겼고, 다른 사람들의 주의가 분산된 동안 저곳을 향해 쉽게 빠져나갈 수 있을 것 같습니다. NL 남아서 싸우시겠습니까?"
    ],
    "OPTIONS": [
      "[계속]",
      "[싸운다]",
      "[겁쟁이] 탈출한다.",
      "[승리] 강력한 적과의 전투와 많은 보상."
    ]
  }
}