{
  "AchievementGrid": {
    "NAMES": [
      "털어내기",
      "순수",
      "덤벼봐",
      "조약",
      "아드레날린",
      "강력",
      "약물 중독",
      "무적",
      "바리케이드",
      "촉매",
      "역병",
      "닌자",
      "무한",
      "별 것 아니네",
      "완벽",
      "수호자",
      "유령",
      "지배자",
      "자동인형",
      "수집가",
      "투사",
      "까마귀",
      "도형들",
      "시간 포식자",
      "루비",
      "에메랄드",
      "숨겨짐",
      "유물이 필요한가?",
      "쾌속 등반가",
      "승천 0",
      "승천 10",
      "미니멀리스트",
      "오오... 도넛!",
      "사파이어",
      "일반 상식",
      "밀집된",
      "네온",
      "에너지가 초과되었습니다",
      "운수 좋은 날",
      "과도자",
      "승천 20"
    ],
    "TEXT": [
      "체력을 1 남기고 전투에서 승리하십시오.",
      "손패, 뽑을 카드 더미, 버린 카드 더미를 합쳐서 카드가 3장 이하가 되도록 하십시오.",
      "공격 카드를 사용하지 않고 전투에서 승리하십시오.",
      "한 번의 전투에서 카드를 20 장 소멸시키십시오.",
      "전투 중 9의 에너지를 보유하십시오.",
      "전투 중 10개 이상의 이로운 효과를 보유하십시오.",
      "전투 중 50 이상의 힘을 보유하십시오.",
      "전투 중 99 이상의 방어도를 보유하십시오.",
      "전투 중 999의 방어도를 보유하십시오.",
      "적 하나에게 99 이상의 중독을 부여하십시오.",
      "한 번의 전투에서 적 3 마리를 중독으로 처치하십시오.",
      "한 턴 동안 10장 이상의 단도 카드를 사용하십시오.",
      "한 턴 동안 카드를 25장 사용하십시오.",
      "첫 턴 내에 보스를 처치하십시오.",
      "피해를 한 번도 받지 않은 채로 보스를 처치하십시오.",
      "수호자를 처치하십시오.",
      "육각령을 처치하십시오.",
      "슬라임 지배자를 처치하십시오.",
      "청동 자동인형을 처치하십시오.",
      "수집가를 처치하십시오.",
      "투사를 처치하십시오.",
      "깨어난 자를 처치하십시오.",
      "도누 & 데카를 처치하십시오.",
      "시간포식자를 처치하십시오.",
      "아이언클래드로 게임을 클리어하십시오.",
      "사일런트로 게임을 클리어하십시오.",
      "이 업적에 대한 세부사항은 해금한 후에 밝혀집니다.",
      "유물을 1개만 가진 채로 승리하십시오.",
      "20분 이내에 게임을 클리어하십시오.",
      "승천 모드를 해금하십시오.",
      "승천 10단계를 클리어하십시오.",
      "덱의 카드가 5장 이하인 상태로 게임을 클리어하십시오.",
      "포식을 사용해 도누를 처치하십시오.",
      "디펙트로 게임을 클리어하십시오.",
      "일반 카드로만 구성된 덱으로 게임을 클리어하십시오.",
      "전투 중 25 이상의 밀집 을 얻으십시오.",
      "한 턴에 플라즈마 를 9 번 영창하십시오.",
      "한 턴에 비용이 0인 카드를 10번 이상 사용하십시오.",
      "일일 도전을 완료하십시오.",
      "과도자가 사라지기 전에 처치하십시오.",
      "승천 20단계를 클리어하십시오."
    ]
  },
  "CharStat": {
    "NAMES": [],
    "TEXT": [
      "총 플레이 시간: ",
      "승리한 횟수: #y",
      "죽은 횟수: #y",
      "지금까지 오른 층 수: #y",
      "처치한 보스 수: #y",
      "처치한 적 수: #y",
      "지금까지 먹인 크리스탈의 수: #y",
      "찾은 카드의 개수: #y",
      "해금한 카드의 개수: #y",
      "발견한 유물의 개수: #y",
      "해금한 유물의 개수: #y",
      "최고 층수: #y",
      "최고 일일 도전 점수: #y",
      "승리한 최단 시간: ",
      "처치된 보스 : ",
      ": #g예 NL ",
      ": #r아니오 NL ",
      "승리 횟수: #y",
      "죽은 횟수: #y",
      "오른 층 수: #y",
      "처치한 보스 수: #y",
      "처치한 적 수: #y",
      "최고 연속 클리어 : #y",
      "최고 점수: #y"
    ]
  },
  "StatsScreen": {
    "NAMES": [
      "#y전체 #y통계",
      "#y업적",
      "#r아이언클래드",
      "#g사일런트",
      "#b디펙트"
    ],
    "TEXT": [
      "돌아가기"
    ]
  }
}