{
  "AchievementGrid": {
    "NAMES": [
      "No hagas caso",
      "Pureza",
      "Ven a mi",
      "El pacto",
      "Adrenalina",
      "Poderoso",
      "Jaxxeado",
      "Impenetrable",
      "Atrincherado",
      "Catalizador",
      "Plaga",
      "Ninja",
      "Infinito",
      "No eres nada",
      "Perfecto",
      "El Guardian",
      "El Fantasma",
      "El Jefe",
      "El Autómata",
      "El Coleccionista",
      "El Campeón",
      "El Cuervo",
      "Las Figuras",
      "El Devorador del Tiempo",
      "Rubí",
      "Esmeralda",
      "Oculto",
      "¿Quién necesita reliquias?",
      "Escalador veloz",
      "Asciende 0",
      "Asciende 10",
      "Minimalista",
      "¡Ooh, rosquilla!",
      "Zafiro",
      "Sentido común",
      "Concentrado",
      "Neón",
      "La energía está sobrevalorada",
      "Mi dia de suerte",
      "El Transitorio",
      "Asciende 20"
    ],
    "TEXT": [
      "Gana una batalla con solo 1 PV.",
      "Ten 3 o menos cartas en la mano, la pila de extracción y la pila de descartes en total.",
      "Gana un combate sin jugar un Ataque.",
      "Agota 20 cartas en un solo combate.",
      "Ten 9 de Energía durante un solo turno de combate.",
      "Ten 10 o más mejoras durante un combate.",
      "Ten 50 o más Fuerza durante un combate.",
      "Ten 99 o más Bloqueo durante un combate.",
      "Ten 999 Bloqueo durante un combate.",
      "Aplica 99 o más Veneno en un solo enemigo.",
      "Derrota a 3 enemigos con Veneno en un solo combate.",
      "Juega 10 Navajas en un solo turno.",
      "Juega 25 cartas en un solo turno.",
      "Derrota a un jefe en el primer turno.",
      "Derrota a un jefe sin recibir daño.",
      "Derrota a El Guardian.",
      "Derrota a Hexafantasma.",
      "Derrota a El Jefe Baba.",
      "Derrota a El Autómata de Bronce.",
      "Derrota a El Coleccionista.",
      "Derrota a El Campeón.",
      "Derrota a El Despertado.",
      "Derrota a Donu y a Deca.",
      "Derrota a El Devorador del Tiempo.",
      "Gana una partida con El Blindado.",
      "Gana una partida con La Silenciosa.",
      "Los detalles de este logro serán revelados una vez que sea desbloqueado.",
      "Gana una partida con una sola reliquia",
      "Gana una partida en menos de 20 minutos",
      "Desbloquea el modo Ascensión",
      "Completa el nivel 10 de Ascensión",
      "Gana una partida con un mazo de 5 cartas o menos",
      "Derrota a Donu con 'Alimentarse'",
      "Gana una partida con El Defectuoso.",
      "Gana el juego con un mazo sin cartas no comunes o raras.",
      "Ten 25 o mas Concentración durante un combate.",
      "Canaliza 9 Plasma en un solo turno.",
      "Juega 10 o mas cartas de coste 0 en un solo turno.",
      "Gana un Ascenso Diario.",
      "Derrota a El Transitorio antes de que se desvanezca.",
      "Completa el nivel 20 de Ascensión."
    ]
  },
  "CharStat": {
    "NAMES": [],
    "TEXT": [
      "Tiempo total de juego: ",
      "Total de victorias: #y",
      "Total de muertes: #y",
      "Total de pisos escalados: #y",
      "Total de jefes derrotados: #y",
      "Total de enemigos derrotados: #y",
      "Total de cristales consumidos: #y",
      "Cartas descubiertas: #y",
      "Cartas desbloqueadas: #y",
      "Reliquias descubiertas: #y",
      "Reliquias desbloqueadas: #y",
      "Piso más alto: #y",
      "Mejor diaria: #y",
      "Victoria más rápida: ",
      "Derrotaste a ",
      ": #gSi NL ",
      ": #rNo NL ",
      "victorias: #y",
      "Muertes: #y",
      "Pisos alcanzados: #y",
      "Jefes derrotados: #y",
      "Enemigos derrotados: #y",
      "Mayor racha ganadora: #y",
      "Puntuación más alta: #y"
    ]
  },
  "StatsScreen": {
    "NAMES": [
      "#yEstadísticas #ygenerales",
      "#yLogros",
      "#rEl #rBlindado",
      "#gLa #gSilenciosa",
      "#bEl #bDefectuoso"
    ],
    "TEXT": [
      "Volver"
    ]
  }
}