{
  "Discard Tip": {
    "TEXT": [
      "Si tu pila de robado esta vacia, la pila de descarte se baraja dentro de la pila de robado. NL NL Haz click para ver las cartas en tu pila de descarte."
    ],
    "LABEL": [
      "Pila de Descarte"
    ]
  },
  "Draw Tip": {
    "TEXT": [
      "Al comienzo de cada turno, NL #b",
      " cartas son robadas de aqui. NL NL Haz click para ver las cartas en tu pila de robado (barajadas).",
      " cartas son robadas de aqui. NL NL Haz click para ver las cartas en tu pila de robado."
    ],
    "LABEL": [
      "Pila de robado"
    ]
  },
  "End Turn Tip": {
    "TEXT": [
      "Presionar este botón terminará tu turno. NL NL Descartarás tu mano, los enemigos tomarán su turno, robarás ",
      " cartas, y después será tu turno de nuevo."
    ],
    "LABEL": [
      "Terminar el Turno"
    ]
  },
  "Energy Panel Tip": {
    "TEXT": [
      "Tu cantidad actual de energía. Las cartas requieren energía para jugarlas."
    ],
    "LABEL": [
      "Energia"
    ]
  },
  "Energy Tip": {
    "TEXT": [
      "¡Las cartas requieren energia para jugarlas! NL Este orbe a la parte inferior izquierda indica cuanta energia te queda para este turno."
    ],
    "LABEL": [
      "Coste de energia"
    ]
  },
  "Exhaust Tip": {
    "TEXT": [
      "Haz click para ver cartas Agotadas en este combate."
    ],
    "LABEL": [
      "Cartas Agotadas"
    ]
  },
  "FTUE Tips": {
    "TEXT": [],
    "LABEL": [
      "Consejo: ",
      "Entiendo"
    ]
  },
  "Main Tutorial": {
    "TEXT": [
      "¡Derrota enemigos jugando cartas de tu mano! NL NL Las cartas requieren #yEnergía para jugarlas. NL Cuando se te acabe, termina tu turno. NL NL Al comienzo de tu turno, robas nuevas cartas y tu #yEnergía se reabastece.",
      "Juega cartas defensivas para ganar #yBloqueo cuando los enemigos estén a punto de atacarte. NL NL El #yBloqueo reduce el daño de ataque entrante pero NL #rse #rexpira al comienzo de tu próximo turno.",
      "Durante tu turno puedes observar la #yIntención de tus enemigos sobre ellos. NL NL Si un enemigo intenta atacarte, asegúrate de ganar algo de #yBloqueo!"
    ],
    "LABEL": [
      "Proximo",
      "¡Listo!",
      "Tutorial",
      "(Pagina ",
      " de 3)"
    ]
  },
  "Options Tip": {
    "TEXT": [
      "Los datos de juego y registros de errores son enviados a Mega Crit con el propósito de balancear el juego. NL NL La información de identificación personal NO se colecciona.",
      "Slay the Spire corre mejor en modo verdadero de pantalla completa. Recomendado para OSX ya que el Dock y la barra de menú estan escondidos. NL NOTA: En PC, usar Alt-Tab de vuelta a Slay the Spire puede que no funcione con modo pantalla completa.",
      "Ya que Slay the Spire no es un juego muy demandante, recomendamos Pantalla Completa sin Bordes para poder realizar Alt-Tab con rapidez. Funciona mejor en PC.",
      "Nota: Si el VSync esta activado, el Framerate Máximo no puede pasar por encima de la frecuencia de actualización de tu monitor.",
      "El controlador está incompleto para esta pantalla."
    ],
    "LABEL": [
      "Metricas",
      "Pantalla Completa",
      "Pantalla Completa sin Bordes",
      "Framerate Máximo"
    ]
  },
  "Player Tips": {
    "TEXT": [
      "Esta carta te aplica un Poder cuando la usas. NL Los Poderes so habilidades pasivas que permanecen toda la duración del combate.",
      "¡Las cartas requieren energia para jugarlas! NL Este orbe a la parte inferior izquierda indica cuanta energia te queda para este turno.",
      "¡Mi #rMano #restá #rLlena!",
      "La capacidad #rMáxima de Orbes ha sido alcanzada.",
      "No tengo más espacios para Orbes."
    ],
    "LABEL": [
      "Cartas de Poder",
      "Coste de Energia"
    ]
  },
  "Potion Panel Tip": {
    "TEXT": [
      "Lanza esta poción a tu enemigo.",
      "Consume esta poción.",
      "Descarta esta poción NL #r(no #rse #rpuede #deshacer)"
    ],
    "LABEL": [
      "Lanzar",
      "Beber",
      "Descartar"
    ]
  },
  "Potion Tip": {
    "TEXT": [
      "¡Bebe o lanza pociones durante el combate! NL Las pociones te acompañan entre habitaciones."
    ],
    "LABEL": [
      "Pociones"
    ]
  },
  "Random Tips": {
    "TEXT": [
      "Vincúlate con otros jugadores para descubrir estrategias nuevas y efectivas.",
      "Siempre hay un sitio de descanso antes de un Jefe.",
      "¡Gasta oro en las tiendas! (Consejo patrocinado por el Comerciante)",
      "Tomate un descanso de vez en cuando.",
      "Ningun enemigo utiliza el mismo movimiento 3 veces seguidas.",
      "Los cálculos de porcentaje siempre redondean por defecto al final.",
      "Durante el combate puedes ver los contenidos de tus pilas de robado y descarte.",
      "Puedes obtener información útil si mantienes el cursor sobre la mayoria de los objetos.",
      "Puedes activar o desactivar los consejos mediante el botón ? en la esquina posterior izquierda.",
      "Puedes hacer click derecho para soltar cualquier carta que estés arrastrando.",
      "Manten el cursor sobre un enemigo para ver su nombre e Información de Poder.",
      "Usa la rueda del ratón o haz click y arrastra la pantalla para mover la imagen de arriba a abajo.",
      "Si puedes inspeccionar un objeto, tu cursor se convertirá en una lupa.",
      "No hay limite de cuantas reliquias puedes llevar.",
      "Los cofres siempre contienen una reliquia.",
      "Cualquier camino que escojas siempre tendrá al menos una sala de tesoros.",
      "Usa la rueda del ratón o haz click y arrastra para ver información en mapas, pantallas de cartas y entre otras.",
      "Los enemigos élite siempre dejan una reliquia.",
      "Nunca veras la misma reliquia dos veces en una misma partida.",
      "Las cartas poco comunes tienen un cuadro y estandarte color azul.",
      "Las cartas raras tienen un cuadro y estandarte color dorado.",
      "La rareza de esta carta es visible en la carta misma.",
      "No siempre es sabio añadir cartas a tu mazo.",
      "Las cartas agotadas durante el combate no son removidas de tu mazo.",
      "Solo puedes tener hasta 10 cartas en la mano.",
      "Las cartas de estado desaparecen al final del combate.",
      "Las Maldiciones no se pueden mejorar. ¿Por que lo harias?",
      "Las cartas mejoradas pueden aparecer entre las recompensas a partir del Acto 1.",
      "Las habitaciones desconocidas pueden contener tesoros, monstruos, tiendas o eventos.",
      "El Comerciante no ofrece reembolsos. Es un idiota.",
      "El servicio de remover cartas sube de precio cada vez que lo uses.",
      "El servicio de remover cartas solo se puede usar una vez en cada tienda.",
      "Los daños de pociones, reliquias y poderes no se consideran daños de ataque.",
      "Effects that generate cards during combat will never heal you."
    ],
    "LABEL": [
      "Puedes descartar pociones para hacer espacio para otras nuevas."
    ]
  },
  "Relic Tip": {
    "TEXT": [
      "Las Reliquias encontradas a traves de la Torre otorgan bonificaciones únicas y permanecen durante tu partida. NL Pueden hallarse derrotando enemigos poderosos o dentro de cofres.",
      "Esta reliquia aún no se ha visto.",
      "Su poder ya se agotó."
    ],
    "LABEL": [
      "Reliquias",
      "Desconocida",
      "Esta reliquia aún no ha sido desbloqueada.",
      "Bloqueada"
    ]
  },
  "Rewards Tip": {
    "TEXT": [
      "¡No olvides tus recompenzas! NL Simplemente hazles click para recogerlas."
    ],
    "LABEL": [
      "Recompensas"
    ]
  },
  "Shop Tip": {
    "TEXT": [
      "Remueve una carta de tu mazo. El costo de este servicio se incrementa por #b",
      " por el resto de esta partida."
    ],
    "LABEL": [
      "Servicio de Remover Cartas"
    ]
  },
  "Shuffle Tip": {
    "TEXT": [
      "NL Si no quedan cartas para robar, tu pila de descarte se baraja dentro de la pila de robado."
    ],
    "LABEL": [
      "¿No te Quedan Cartas?"
    ]
  },
  "Top Panel Tips": {
    "TEXT": [
      "Abre el Menu Principal. NL NL Cambia o actualiza tus preferencias de graficos, audio y jugabilidad aqui.",
      "Mira todas las cartas en tu mazo.",
      "Mira el mapa del calabozo actual.",
      "Si pierdes todo tus PV, mueres.",
      "Muestra cuánto oro llevas. Oro es la moneda dentro de la Torre.",
      "",
      "",
      "Tiempo transcurrido en esta partida-"
    ],
    "LABEL": [
      "Ajustes",
      "Mazo",
      "Mapa",
      "Puntos de Vida (PV)",
      "Monedero",
      "Temporizador de Partida"
    ]
  }
}