{
  "DeadlyEnemies": {
    "NAME": "Deadly Enemies",
    "DESCRIPTION": [
      "Enemies deal #b",
      "% more damage."
    ]
  },
  "ToughEnemies": {
    "NAME": "Tough Enemies",
    "DESCRIPTION": [
      "Enemies have #b",
      "% more HP."
    ]
  },
  "TimeMaze": {
    "NAME": "Tough Enemies",
    "DESCRIPTION": [
      "Enemies have the Time Maze power.",
      " cards per turn.",
      "I can only play up to NL #r"
    ]
  },
  "Accursed": {
    "NAME": "Accursed",
    "DESCRIPTION": [
      "Upon pickup, obtain #b",
      " random #yCurses.",
      "Accursed!"
    ]
  },
  "TwistingMind": {
    "NAME": "Twisting Mind",
    "DESCRIPTION": [
      "Upon pickup, #yTransform #b",
      " cards.",
      "Transformation!"
    ]
  },
  "Scatterbrain": {
    "NAME": "Scatterbrain",
    "DESCRIPTION": [
      "Upon pickup, obtain #b",
      " random cards.",
      "Scatterbrained!"
    ]
  },
  "MimicInfestation": {
    "NAME": "Mimic Infestation",
    "DESCRIPTION": [
      "Treasure rooms in future acts are replaced by Elites."
    ]
  },
  "FullBelly": {
    "NAME": "Full Belly",
    "DESCRIPTION": [
      "You can no longer increase your Max HP. All healing is halved."
    ]
  },
  "GrotesqueTrophy": {
    "NAME": "Grotesque Trophy",
    "DESCRIPTION": [
      "Upon pickup, obtain #b",
      " #rPrides.",
      "Your Pride is twisted..."
    ]
  },
  "BlightedDurian": {
    "NAME": "Blighted Durian",
    "DESCRIPTION": [
      "Lose #b",
      "% of your Max HP."
    ]
  },
  "VoidEssence": {
    "NAME": "Void Essence",
    "DESCRIPTION": [
      "Gain 1 less [R] at the start of each turn.",
      "Gain 1 less [G] at the start of each turn.",
      "Gain 1 less [B] at the start of each turn.",
      " less [B] at the start of each turn."
    ]
  },
  "GraspOfShadows": {
    "NAME": "Grasp Of Shadows",
    "DESCRIPTION": [
      "Enemies start combat with #b",
      " #yIntangible."
    ]
  },
  "MetallicRebirth": {
    "NAME": "Metallic Rebirth",
    "DESCRIPTION": [
      "Enemies start combat with #b",
      " #yArtifact, #b",
      " #yPlated #yArmor, and #b",
      " #yRegenerate."
    ]
  }
}