{
  "DeadlyEnemies": {
    "NAME": "Malsaniga lanco",
    "DESCRIPTION": [
      "Malamikoj faras #b",
      "% pli da damaĝo."
    ]
  },
  "ToughEnemies": {
    "NAME": "Malsaniga ŝildo",
    "DESCRIPTION": [
      "Malamikoj havas #b",
      "% pli da vivpoentoj."
    ]
  },
  "TimeMaze": {
    "NAME": "Labirinto de tempo",
    "DESCRIPTION": [
      "Vi ne povas ludi pli ol #b",
      " kartojn ĉiuvice.",
      "Mi nur povas ludi ĝis NL #r"
    ]
  },
  "TwistingMind": {
    "NAME": "Menso fleksanta",
    "DESCRIPTION": [
      "Je la fino de via vico, metu #b",
      " hazardajn statkartojn sur vian prenstakon, supre.",
      ""
    ]
  },
  "Accursed": {
    "NAME": "Malbonita",
    "DESCRIPTION": [
      "Kiam ajn vi venkas estron, obtenu #b",
      " hazardajn #yMalbenojn.",
      ""
    ]
  },
  "Scatterbrain": {
    "NAME": "Ventkapulo",
    "DESCRIPTION": [
      "Prenu #b",
      " malpli da kartoj ĉiuvice.",
      ""
    ]
  },
  "MimicInfestation": {
    "NAME": "Infestado de imitistoj",
    "DESCRIPTION": [
      "Trezorĉambroj en estontaj aktoj estas anstataŭigitaj de elitoj. Elitoj ne plu faligas relikvojn."
    ]
  },
  "FullBelly": {
    "NAME": "Muzelo",
    "DESCRIPTION": [
      "Vi ne plu povas plialtigi vian maks. vivon. Ĉia resaniĝo estas duonigita."
    ]
  },
  "GrotesqueTrophy": {
    "NAME": "Groteska trofeo",
    "DESCRIPTION": [
      "Kiam vi prenas ĝin, obtenu #b",
      " da #rFieroj.",
      "Via fiero aĉformiĝas..."
    ]
  },
  "BlightedDurian": {
    "NAME": "Postdurio",
    "DESCRIPTION": [
      "Perdu #b",
      "% da via maks. vivo."
    ]
  },
  "VoidEssence": {
    "NAME": "Esenco de vakuo",
    "DESCRIPTION": [
      "Gajnu #b",
      " malpli da [R] je la komenco de ĉiu vico.",
      " malpli da [G] je la komenco de ĉiu vico.",
      " malpli da [B] je la komenco de ĉiu vico."
    ]
  },
  "GraspOfShadows": {
    "NAME": "Hantadoj",
    "DESCRIPTION": [
      "Malamikoj komencas la batalon kun #b",
      " da #yNepalpebla."
    ]
  },
  "MetallicRebirth": {
    "NAME": "Praa pliigo",
    "DESCRIPTION": [
      "Malamikoj komencas la batalon kun #b",
      " da #yArtefakto, #b",
      " da #yLada #yArmaĵo, kaj #b",
      " da #yRegenero."
    ]
  }
}