{
  "Crowbot": {
    "NAMES": [
      "Kornikroboto"
    ],
    "TEXT": [
      "BIP BIP"
    ]
  },
  "Defect": {
    "NAMES": [
      "La Difektulo"
    ],
    "TEXT": [
      "Batalaŭtomato kiu fariĝis memkonscia. NL Antikva teknologio permesas manipuladon de Sferoj."
    ]
  },
  "Ironclad": {
    "NAMES": [
      "La Fervestulo"
    ],
    "TEXT": [
      "La restanta soldato de la Fervestuloj. NL Vendis sian animon por utiligi demonajn energiojn."
    ]
  },
  "Merchant": {
    "NAMES": [
      "Daŭrigi",
      "~Bonvenon!~"
    ],
    "TEXT": [
      "Hej! NL Aĉetu ion! NL Aĉet ĉet ĉet!",
      "Mi ŝatas vian hararanĝon",
      "Ĉu vi scias la tempon?",
      "Ĉu vi estas hundemulo aŭ katemulo?",
      "Vi aspektas ~danĝera,~ NL hehe...",
      "Prenu vian tempon... NL ..... NL ... aŭ ne",
      "Ĉu ĉi tiu tapiŝo plaĉas al vi? NL Ne vendiĝas",
      "Subtenu etajn firmojn!",
      "Maskoj estas mojosaj, mi povas scii!",
      "Hmm... NL ...hmm... NL Ho!",
      "Restu iom kaj aŭskultu!",
      "Estas danĝere iri sola! Mi prenu vian monon.",
      "Aĉetu ion",
      "~*OSCED'*~",
      "Mi ŝatas oron.",
      "Mia plej ŝatata koloro estas bluo. NL Kaj la via?"
    ]
  },
  "Neow Event": {
    "NAMES": [
      "Niaŭ"
    ],
    "TEXT": [
      "~Salutojn...~ NL ~Mi..~ ~estas~ ~Niaŭ...~",
      "~Saluton...~ NL ~Denove..~",
      "~Salutojn...~",
      "~Alia~ NL ~provo...?~",
      "~Atingu~ ~la~ ~estron...~ NL ~por~ ~ricevi~ ~mian..~ ~benon...~",
      "~Almenaŭ...~ ~kontraŭstaru~ NL ~la~ ~unuan~ ~estron...~",
      "~Mi~ ~rekondukis~ ~vin...~",
      "~Elektu...~",
      "~Vi...~ ~havos...~",
      "~Risko...~ NL ~..gajno....~",
      "~Estas~ ~tempo~ ~por~ NL ~PENIGO...~",
      "Premioj",
      "~Ni~ ~daŭrigu...~",
      "~Nur~ ~fariĝas~ ~pli~ ~malfacile...~",
      "~Impona...~ ~pli...~",
      "Damnite!",
      "Ventkapulo!",
      "Transformado!"
    ],
    "OPTIONS": [
      "[Daŭrigi]",
      "[Paroli]",
      "[Preterlasi]",
      "[Forlasi]",
      "Choose 10 cards to add to your deck."
    ]
  },
  "Neow Reward": {
    "NAMES": [],
    "TEXT": [
      "[ #gElekti #gKarton #gpor #gakiri ]",
      "[ #gAkiru #ghazardan #gmaloftan #gKarton ]",
      "[ #gForigi #gKarton #gde #gvia #gkartaro ]",
      "[ #gPlibonigi #gKarton ]",
      "[ #gTransformi #gKarton ]",
      "[ #gAkiri #g3 #ghazardajn #gPociojn ]",
      "[ #gAkiri #ghazardan #goftan #gRelikvon ]",
      "[ #gMaks. #gvivo #g+",
      "[ #gAkiri #g",
      " #gda #gOro ]",
      "#gForigi #g2 #gKartojn ]",
      "#gAkiri #ghazardan #gmaloftan #gRelikvon ]",
      "#gElekti #gmaloftan #gKarton #gpor #gakiri ]",
      "#gGajni #g",
      " #gda #gOro ]",
      "#gTransformi #g2 #gKartojn ]",
      "#gMaks. #gvivo #g+",
      "[ #rMalaltigi #rvian #rmaks. #rvivon #rje #r",
      " ",
      "[ #rPerdi #rĉiom #rda #rvia #rOro ",
      "[ #rAkiri #rMalbenon ",
      "[ #rPreni #r",
      "Elektu Karton",
      "Elektu Karton por Forigi",
      "Elektu 2 Kartojn por Forigi",
      "Elektu Karton por Transformi",
      "Elektu 2 Kartojn por Transformi",
      "Elektu Karton por Plibonigi",
      "[ #gMalamikoj #gen #gviaj #gsekvontaj #gtri #gbataloj #ghavos #g1 #gvivpoenton ]",
      " #rda #rdamaĝo"
    ],
    "UNIQUE_REWARDS": [
      "[ #rPerdi #rvian #rkomencan #rRelikvon #gAkiri #ghazardan #gestran #gRelikvon ]"
    ]
  },
  "Shop Screen": {
    "NAMES": [
      "~Bonvenon~ NL ~bonvenon!~",
      "Hej vi, NL vi bezonas NL pli da #rOro.",
      "Hej amiko, vi ne havas #rMonon!",
      "Ĉu senmone?",
      "Vi ne havas sufiĉe da #rOro.",
      "Vi ne povas pagi tiom.",
      "Ne estas almozo.",
      "~Daaaankon~",
      "Alia vendo... NL hohoho! NL Ĉa - @Ĉing!@",
      "@VENDITE!@",
      "Ristornoj ne eblas.",
      "Agrablan tagon.",
      "Forlasi",
      "Elekti karton por forigi de via kartaro."
    ],
    "TEXT": [
      "Hej! NL Aĉetu ion! NL Aĉet ĉet ĉet!",
      "Mi ŝatas vian hararanĝon",
      "Ĉu vi scias la tempon?",
      "Ĉu vi estas hundemulo aŭ katemulo?",
      "Vi aspektas ~danĝera,~ NL hehe...",
      "Prenu vian tempon... NL ..... NL ... aŭ ne",
      "Ĉu ĉi tiu tapiŝo plaĉas al vi? NL Ne vendiĝas",
      "Subtenu etajn firmojn!",
      "Maskoj estas mojosaj, mi povas scii!",
      "Ĉu vi vidis mian kurieron?",
      "Restu iom kaj aŭskultu!",
      "Estas danĝere iri sola! Mi prenu vian monon.",
      "Aĉetu ion",
      "~*OSCED'*~",
      "Mi ŝatas oron.",
      "Mia plej ŝatata koloro estas bluo. NL Kaj la via?"
    ]
  },
  "Silent": {
    "NAMES": [
      "La Silentulo"
    ],
    "TEXT": [
      "Mortiga ĉasistino de la nebulaj landoj. NL Elradikigas kontraŭulojn per tranĉiloj kaj venenoj."
    ]
  }
}