{
  "Anchor": {
    "NAME": "Ankro",
    "FLAVOR": "Tenante ĉi tiun etan beletaĵon, vi sentas vin pli peza kaj pli stabila.",
    "DESCRIPTIONS": [
      "Komencu ĉiun batalon kun #b",
      " da #yŜirmo."
    ]
  },
  "Ancient Tea Set": {
    "NAME": "Antikva teilaro",
    "FLAVOR": "Nepre donos refreŝigan dormon.",
    "DESCRIPTIONS": [
      "Kiam ajn vi eniras Ripozejon, komencu la sekvontan batalon kun [R] [R] .",
      "Kiam ajn vi eniras Ripozejon, komencu la sekvontan batalon kun [G] [G] .",
      "Kiam ajn vi eniras Ripozejon, komencu la sekvontan batalon kun [B] [B] ."
    ]
  },
  "Art of War": {
    "NAME": "Militarto",
    "FLAVOR": "Ĉi tiu malnovega manuskripto entenas saĝecon de pasinta tempo.",
    "DESCRIPTIONS": [
      "Se vi ne ludas ajnan #yAtakon dum via vico, gajnu plian ",
      "[R] sekvontvice.",
      "[G] sekvontvice.",
      "[B] sekvontvice."
    ]
  },
  "Astrolabe": {
    "NAME": "Astrolabo",
    "FLAVOR": "Ilo por ekhavi valoregan scion de la steloj.",
    "DESCRIPTIONS": [
      "Kiam vi prenas ĝin, elektu kaj #yTransformu #b3 kartojn, kaj poste #yPlibonigu ilin.",
      "Elektu 3 kartojn por "
    ]
  },
  "Bag of Marbles": {
    "NAME": "Rulglobetsako",
    "FLAVOR": "Iame populara ludilo en la Urbo. Utilaj por malekvilibrigi malamikojn.",
    "DESCRIPTIONS": [
      "Je la komenco de ĉiu batalo, aldonu #b",
      " da #yVundebla al ĈIUJ malamikoj."
    ]
  },
  "Bag of Preparation": {
    "NAME": "Sako de preparado",
    "FLAVOR": "Trogranda aventuristsako. Havas multajn poŝojn kaj rimenojn.",
    "DESCRIPTIONS": [
      "Je la komenco de ĉiu batalo, prenu #b",
      " pliajn kartojn."
    ]
  },
  "Bird Faced Urn": {
    "NAME": "Birdvizaĝa urno",
    "FLAVOR": "Ĉi tiu urno montras la kornikdion Mazaleth kun petola aspekto.",
    "DESCRIPTIONS": [
      "Kiam ajn vi ludas #yPotencon, resaniĝu #b",
      " da vivo."
    ]
  },
  "Black Blood": {
    "NAME": "Nigra sango",
    "FLAVOR": "La furiozo malheliĝas.",
    "DESCRIPTIONS": [
      "Anstataŭas #rBrulan #rsangon. Je la fino de batalo, resaniĝu #b",
      " da vivo."
    ]
  },
  "Black Star": {
    "NAME": "Nigra stelo",
    "FLAVOR": "Originale malkovrita en la urbo de la serpento, apud sola kandelo.",
    "DESCRIPTIONS": [
      "Venkitaj #yElitoj faligas plian relikvon."
    ]
  },
  "Blood Vial": {
    "NAME": "Sangoboteleto",
    "FLAVOR": "Boteleto, kiu enhavas la sangon de pura kaj aĝa vampiro.",
    "DESCRIPTIONS": [
      "Je la komenco de ĉiu batalo, resaniĝu #b",
      " da vivo."
    ]
  },
  "Bloody Idol": {
    "NAME": "Sanga idolo",
    "FLAVOR": "La idolo nun ploras daŭran fluon de sango.",
    "DESCRIPTIONS": [
      "Kiam ajn vi gajnas #yOron, resaniĝu #b",
      " da vivo."
    ]
  },
  "Blue Candle": {
    "NAME": "Blua kandelo",
    "FLAVOR": "La flamo ekbrulas en la mallumo.",
    "DESCRIPTIONS": [
      "Neludeblaj #yMalbenaj kartoj nun povas esti ludataj. NL NL Ludi #yMalbenon igas vin perdi #b",
      " da vivo kaj #yElĉerpas la karton."
    ]
  },
  "Bottled Flame": {
    "NAME": "Enbotela flamo",
    "FLAVOR": "En la botelo loĝas flamo, kiu brulas eterne.",
    "DESCRIPTIONS": [
      "Kiam vi prenas ĝin, elektu #yAtakan karton. Je la komenco de ĉiu batalo, tiu karto estos en via mano.",
      "Elektu karton por ",
      "Je la komenco de ĉiu batalo, aldonu ",
      " al via mano."
    ]
  },
  "Bottled Lightning": {
    "NAME": "Enbotela fulmo",
    "FLAVOR": "Kiam vi rigardas en la turbulan ŝtormon, vi vidas parton de vi rigardi al vi.",
    "DESCRIPTIONS": [
      "Kiam vi prenas ĝin, elektu #yKapablan karton. Je la komenco de ĉiu batalo, tiu karto estos en via mano.",
      "Elektu karton por ",
      "Je la komenco de ĉiu batalo, aldonu ",
      " al via mano."
    ]
  },
  "Bottled Tornado": {
    "NAME": "Enbotela tempesto",
    "FLAVOR": "La botelo trankvile zumas kaj skuetas.",
    "DESCRIPTIONS": [
      "Kiam vi prenas ĝin, elektu #yPotencan karton. Je la komenco de ĉiu batalo, tiu karto estos en via mano.",
      "Elektu karton por ",
      "Je la komenco de ĉiu batalo, aldonu ",
      " al via mano."
    ]
  },
  "Bronze Scales": {
    "NAME": "Bronzaj skvamoj",
    "FLAVOR": "La akraj skvamoj de la Gardisto. Sin rearanĝas por protekti ĝian uzanton.",
    "DESCRIPTIONS": [
      "Je la komenco de ĉiu batalo, gajnu #b",
      " da #yDornoj."
    ]
  },
  "Burning Blood": {
    "NAME": "Brula sango",
    "FLAVOR": "La sango de via propra korpo brulas pro senmorta kolero.",
    "DESCRIPTIONS": [
      "Je la fino de batalo, resaniĝu #b",
      " da vivo."
    ]
  },
  "Cables": {
    "NAME": "Orladaj kabloj",
    "FLAVOR": "\"Interese! Eĉ aŭtomatojn influas placebo.\" - Ranwid",
    "DESCRIPTIONS": [
      "Via plej dekstra Sfero uzos sian pasivan efikon unu fojon pli."
    ]
  },
  "Calipers": {
    "NAME": "Kalibrilo",
    "FLAVOR": "\"Mekanika precizo kondukas al granda sukceso\" - La Arkitekto",
    "DESCRIPTIONS": [
      "Je la komenco de via vico, perdu #b",
      " da #yŜirmo anstataŭ ciom da via #yŜirmo."
    ]
  },
  "Calling Bell": {
    "NAME": "Vokanta sonorilo",
    "FLAVOR": "Ĉi tiu malhela fera sonorilo sonoris 3 fojojn kiam vi trovis ĝin, sed nun restas silenta.",
    "DESCRIPTIONS": [
      "Akiru #b3 #rMalbenojn kaj #b3 #yRelikvojn.",
      "La sonorilo sonas...",
      "Preterlasu premiojn",
      "Fermu"
    ]
  },
  "Cauldron": {
    "NAME": "Kaldrono",
    "FLAVOR": "La Komercisto fakte estas sufiĉe lerta pociofaristo. Aĉetu 4 senpage ricevu 1.",
    "DESCRIPTIONS": [
      "Kiam vi prenas ĝin, faras #b5 hazardajn pociojn.",
      "Blop blip bluup...!"
    ]
  },
  "Centennial Puzzle": {
    "NAME": "Jarcenta puzlo",
    "FLAVOR": "Kiam vi solvas la puzlon, vi sentas fortan varmon en via brusto.",
    "DESCRIPTIONS": [
      "La unua fojo en ĉiu batalo, ke vi perdas vivon, prenu #b",
      " kartojn."
    ]
  },
  "Chameleon Ring": {
    "NAME": "Kameleona ringo",
    "FLAVOR": "Senvalidiĝa",
    "DESCRIPTIONS": [
      "Vi nun povas #yMiksi ĉe ripozejoj."
    ]
  },
  "Champion Belt": {
    "NAME": "Ĉampiona rimeno",
    "FLAVOR": "Nur la plej grandiozaj rajtas porti ĉi tiun rimenon.",
    "DESCRIPTIONS": [
      "Kiam ajn vi aldonas #yVundebla, ankaŭ aldonu #b",
      " #yMalforta."
    ]
  },
  "Charon's Ashes": {
    "NAME": "Cindroj de Charon",
    "FLAVOR": "Charon laŭdire estis la dio de renaskiĝo, eterne mortanta kaj revivante en ekflamo.",
    "DESCRIPTIONS": [
      "Kiam ajn vi #yElĉerpas karton, faru #b",
      " da damaĝo al ĈIUJ malamikoj."
    ]
  },
  "Chemical X": {
    "NAME": "Kemiaĵo X",
    "FLAVOR": "AVERTO: Ne kunigu kun sukero aŭ spico eĉ dum via vico.",
    "DESCRIPTIONS": [
      "La efikoj de viaj kartoj, kiuj kostas #bX, estas plialtigataj je #b",
      "."
    ]
  },
  "Circlet": {
    "NAME": "Diademo",
    "FLAVOR": "Ne plu restis relikvojn por trovi. Impona!",
    "DESCRIPTIONS": [
      "Kolektu kiel eble plej."
    ]
  },
  "Cracked Core": {
    "NAME": "Krevita kerno",
    "FLAVOR": "La mistera vivoforto, kiu funkciigas la Aŭtomatojn en la Turego. Ŝajnas esti krevite.",
    "DESCRIPTIONS": [
      "Je la komenco de ĉiu batalo, #yKonduktu #b1 da #yFulmo."
    ]
  },
  "FrozenCore": {
    "NAME": "Frostigita kerno",
    "FLAVOR": "La krevo en via kerno pleniĝis je pulsanta malvarma energio.",
    "DESCRIPTIONS": [
      "Anstataŭas #rKrevitan #rkernon. Se vi finas vian vicon kun malplenaj Sferingoj, #yKonduktu #b1 da #yFrosto."
    ]
  },
  "Cursed Key": {
    "NAME": "Malbenita ŝlosilo",
    "FLAVOR": "Vi povas senti la malican energion radiantan el la ŝlosilo. Potenco havas koston.",
    "DESCRIPTIONS": [
      "Kiam ajn vi malfermas ne-estran kofron, akiru #rMalbenon.",
      "Gajnu [R] je la komenco de ĉiu vico. ",
      "Gajnu [G] je la komenco de ĉiu vico. ",
      "Gajnu [B] je la komenco de ĉiu vico. "
    ]
  },
  "Darkstone Periapt": {
    "NAME": "Malhelŝtona amuleto",
    "FLAVOR": "La ŝtono eltiras povon el malhela energio kaj faras el ĝi vivpovo por la portanto.",
    "DESCRIPTIONS": [
      "Kiam ajn vi akiras #yMalbenon, plialtigu vian maks. vivon je #b"
    ]
  },
  "DataDisk": {
    "NAME": "Datendisko",
    "FLAVOR": "Ĉi tiu disko enhavas valorajn donitaĵojn pri birdoj kaj serpentoj.",
    "DESCRIPTIONS": [
      "Komencu ĉiun batalon kun #b",
      " da #yAtento."
    ]
  },
  "Dead Branch": {
    "NAME": "Morta branĉo",
    "FLAVOR": "La branĉo de arbo el forgesata epoko.",
    "DESCRIPTIONS": [
      "Kiam ajn vi #yElĉerpas karton, aldonu hazardan karton al via mano."
    ]
  },
  "Derp Rock": {
    "NAME": "Sensprita ŝtono",
    "FLAVOR": "Lokokupaĵo",
    "DESCRIPTIONS": [
      "Je la komenco de ĉiu vico, gajnu #b",
      " da Ŝargo. NL (Ne forigebla aŭ transformebla.)"
    ]
  },
  "Discerning Monocle": {
    "NAME": "Distingiga monoklo",
    "FLAVOR": "Ja estas tre neta monoklo.",
    "DESCRIPTIONS": [
      "Prezoj de Komercistoj estas malaltigataj je #b20%."
    ]
  },
  "Dodecahedron": {
    "NAME": "Runa dekduedro",
    "FLAVOR": "La runoj estas nemalĉifreblaj.",
    "DESCRIPTIONS": [
      "Se via vivo estas plena, gajnu ",
      "[R] je la komenco de ĉiu vico.",
      "[G] je la komenco de ĉiu vico.",
      "[B] je la komenco de ĉiu vico."
    ]
  },
  "Dream Catcher": {
    "NAME": "Sonĝkaptilo",
    "FLAVOR": "La nordaj triboj ofte uzis sonĝkaptilojn nokte, kredante, ke ili kaŭzas memplibonigon.",
    "DESCRIPTIONS": [
      "Kiam ajn vi #yRipozas, vi rajtas aldoni karton al via kartaro."
    ]
  },
  "Du-Vu Doll": {
    "NAME": "Du-vo-pupo",
    "FLAVOR": "Pupo kreita por gajni forton el malica energio.",
    "DESCRIPTIONS": [
      "Komencu ĉiun batalon kun po #b",
      " da plia #yForto por ĉiu #yMalbeno en via kartaro.",
      " Vi havas neniun #yMalbenon.",
      " Vi havas #b",
      " #yMalbenojn."
    ]
  },
  "Ectoplasm": {
    "NAME": "Ektoplasmo",
    "FLAVOR": "Ĉi tiu kunaĵo de ŝlimo kaj energio ŝajnas pulsi pro vivo.",
    "DESCRIPTIONS": [
      "Vi ne plu povas gajni #yOron.",
      "Gajnu [R] je la komenco de ĉiu vico.",
      "Gajnu [G] je la komenco de ĉiu vico.",
      "Gajnu [B] je la komenco de ĉiu vico."
    ]
  },
  "Emotion Chip": {
    "NAME": "Emociico",
    "FLAVOR": "...<3...?",
    "DESCRIPTIONS": [
      "Je la komenco de ĉiu vico, se vi prenis damaĝon lastvice, uzu la pasivan efikon de ĉiuj viaj Sferoj."
    ]
  },
  "Enchiridion": {
    "NAME": "Enĥeiridion",
    "FLAVOR": "La legenda ĵurnalo de malnovega liĉo.",
    "DESCRIPTIONS": [
      "Je la komenco de ĉiu batalo, aldonu hazardan #yPotencan karton al via mano, kiu kostas #b0 ĝis la fino de la vico."
    ]
  },
  "Eternal Feather": {
    "NAME": "Eterna plumo",
    "FLAVOR": "Ĉi tiu plumo ŝajnas esti tute nedetruebla. De kia birdo povus deveni?",
    "DESCRIPTIONS": [
      "Por ĉiuj #b",
      " kartoj en via kartaro, resaniĝu po #b",
      " da vivo kiam ajn vi eniras Ripozejon."
    ]
  },
  "Frozen Egg": {
    "NAME": "Frostigita ovo",
    "FLAVOR": "La ovo kuŝas, inerta kaj frostigita, nekovonta.",
    "DESCRIPTIONS": [
      "Kiam vi prenas ĝin, elektu kaj #yPlibonigu #yPotencon.",
      "Elektu karton por "
    ]
  },
  "Frozen Egg 2": {
    "NAME": "Frostigita ovo",
    "FLAVOR": "La ovo kuŝas, inerta kaj frostigita, nekovonta.",
    "DESCRIPTIONS": [
      "Kiam ajn vi aldonas #yPotencan karton al via kartaro, ĝi estas #yPlibonigata."
    ]
  },
  "Frozen Eye": {
    "NAME": "Frostigita okulo",
    "FLAVOR": "Kiam vi rigardas en la okulon, vi ekvidetas vian estontecon.",
    "DESCRIPTIONS": [
      "Kiam vi rigardas vian #yPrenstakon, la kartoj nun ordigatas laŭ prenado."
    ]
  },
  "Gambling Chip": {
    "NAME": "Monluda ĵetono",
    "FLAVOR": "Vi povas vidi etan enskribaĵon sur unu flanko. Ĝi diras: \"Bonŝanciga Ĵetono de Urso!\"",
    "DESCRIPTIONS": [
      "Je la komenco de ĉiu batalo, forĵetu ajnan kvanton da kartoj kaj poste prenu tiom."
    ]
  },
  "Ginger": {
    "NAME": "Zingibro",
    "FLAVOR": "Fortaĵo en multaj tonikoj.",
    "DESCRIPTIONS": [
      "Vi ne plu povas esti #yMalforta."
    ]
  },
  "Girya": {
    "NAME": "Girjo",
    "FLAVOR": "Ĉi tiu Girjo estas nekredeble peza. Vi povus trejniĝi per ĝi por fariĝi multe pli forta.",
    "DESCRIPTIONS": [
      "Vi nun povas gajni #yForton ĉe Ripozejoj. (3 fojojn maksimume)"
    ]
  },
  "Golden Idol": {
    "NAME": "Ora idolo",
    "FLAVOR": "El plena oro, vi jam sentas vin pli riĉa nur tendante ĝin.",
    "DESCRIPTIONS": [
      "Malamikoj faligas #b25% pli da #yOro."
    ]
  },
  "Gremlin Horn": {
    "NAME": "Gremlinkorno",
    "FLAVOR": "\"Gremlin-Aristokratoj kapablas kreski ĝis la tago de morto. Rimarkinda.\" - Ranwid",
    "DESCRIPTIONS": [
      "Kiam ajn malamiko mortas, gajnu ",
      "[R] kaj prenu #b1 karton.",
      "[G] kaj prenu #b1 karton.",
      "[B] kaj prenu #b1 karton."
    ]
  },
  "Happy Flower": {
    "NAME": "Feliĉa floro",
    "FLAVOR": "Ĉi tiu senĉese gaja planto estas populara havindaĵo inter nobeloj.",
    "DESCRIPTIONS": [
      "Ĉiuj #b",
      " vicoj, gajnu [R] .",
      " vicoj, gajnu [G] .",
      " vicoj, gajnu [B] ."
    ]
  },
  "Ice Cream": {
    "NAME": "Glaciaĵo",
    "FLAVOR": "\"Frandega!\"",
    "DESCRIPTIONS": [
      "Energio nun estas konservata inter vicoj."
    ]
  },
  "Inserter": {
    "NAME": "Insertilo",
    "FLAVOR": "Puŝi. Tiri. Stakigi. Ripeti.",
    "DESCRIPTIONS": [
      "Ĉiuj #b2 vicoj, gajnu #b1 sferingon."
    ]
  },
  "Juzu Bracelet": {
    "NAME": "Juzu-rozario",
    "FLAVOR": "Protektilo kontraŭ nekonataĵoj.",
    "DESCRIPTIONS": [
      "Normalaj bataloj ne plu okazos en #y? ĉambroj."
    ]
  },
  "Kunai": {
    "NAME": "Kunajo",
    "FLAVOR": "Klingo, kiu plaĉas al mortiguloj pro ĝia kapablo mortigi de distanco.",
    "DESCRIPTIONS": [
      "Kiam ajn vi ludas #b",
      " #yAtakojn en unu sola vico, gajnu #b",
      " da #yLerteco."
    ]
  },
  "Lantern": {
    "NAME": "Lanterno",
    "FLAVOR": "Tremiga lanterno, kiu lumigas nur por la portisto.",
    "DESCRIPTIONS": [
      "Gajnu ",
      "[R] ",
      "[G] ",
      "[B] ",
      "je la unua vico de ĉiu batalo."
    ]
  },
  "Lee's Waffle": {
    "NAME": "Vaflo de Lee",
    "FLAVOR": "\"Plej bongusta frandaĵo, kiun vi trovos en la tuta Turego. Farinta hodiaŭ nur por vi.\"",
    "DESCRIPTIONS": [
      "Kiam vi prenas ĝin, altigu vian maks. vivon je #b",
      " kaj resaniĝu vian tutan vivon."
    ]
  },
  "Letter Opener": {
    "NAME": "Papertranĉilo",
    "FLAVOR": "Eksternature akra.",
    "DESCRIPTIONS": [
      "Kiam ajn vi ludas #b3 kapablojn en unu sola vico, faru #b",
      " da damaĝo al ĈIUJ malamikoj."
    ]
  },
  "Living Blade": {
    "NAME": "Viva klingo",
    "FLAVOR": "SENVALIDIĜA",
    "DESCRIPTIONS": [
      "Vi povas ekhavi ajnan kvanton de ajna karto."
    ]
  },
  "Lizard Tail": {
    "NAME": "Lacertvosto",
    "FLAVOR": "Falsa vosto por trompi malamikojn dum batalo.",
    "DESCRIPTIONS": [
      "Kiam vi mortus, anstataŭe resaniĝu ĝis #b50% da via maks. vivo (funkcias unu fojon)."
    ]
  },
  "Magic Flower": {
    "NAME": "Magia floro",
    "FLAVOR": "Floro, longe kredita formorta, iel konservita en perfekta stato.",
    "DESCRIPTIONS": [
      "Resaniĝo estas #b50% pli efika dum batalo."
    ]
  },
  "Mango": {
    "NAME": "Mango",
    "FLAVOR": "La plej dezirata forgesita frukto. Senmakule konservita sen ajna signo de Turega Velko.",
    "DESCRIPTIONS": [
      "Kiam vi prenas ĝin, altigu vian maks. vivon je #b"
    ]
  },
  "Mark of Pain": {
    "NAME": "Dolormarko",
    "FLAVOR": "Ĉi tiu signo estis uzata de la nordaj triboj por signi batalistoj, kiuj venkis doloron en batalo.",
    "DESCRIPTIONS": [
      "Gajnu [R] je la komenco de ĉiu vico. Komencu batalon kun #b2 #rVundoj en via prenstako."
    ]
  },
  "Matryoshka": {
    "NAME": "Matrjoŝko",
    "FLAVOR": "Stakebla aro de farbitaj pupoj. La farbo montras nekonatan birdon kun blankaj okuloj kaj bluaj plumoj.",
    "DESCRIPTIONS": [
      "La venontaj #b2 kofroj, kiujn vi malfermos, enhavos #b2 #yRelikvojn. (Ekskluzivas estrokofrojn)",
      "La venonta kofro, kiun vi malfermos, enhavos #b2 #yRelikvojn. (Ekskluzivas estrokofrojn)",
      "Ĉi tiu relikvo estas eluzita."
    ]
  },
  "Meat on the Bone": {
    "NAME": "Viando sur osto",
    "FLAVOR": "La viando daŭre reaperas kaj neniam eluziĝas.",
    "DESCRIPTIONS": [
      "Se via vivo estas je aŭ sub #b50% je la fino de batalo, resaniĝu #b",
      " da vivo."
    ]
  },
  "Medical Kit": {
    "NAME": "Kuraca ilaro",
    "FLAVOR": "\"Havas ĉion, kion vi bezonas! Antijuko, antibrulo, antiveneno kaj pli!\"",
    "DESCRIPTIONS": [
      "Neludeblaj #yStatkartoj nun estas ludeblaj. Ludi #yStatkarton #yElĉerpos la karton."
    ]
  },
  "Membership Card": {
    "NAME": "Membrokarto",
    "FLAVOR": "\"Kroma membra oferto por miaj plej valoraj klientoj!\"",
    "DESCRIPTIONS": [
      "En futuraj aktoj, butikoj aperos #b50% pli ofte. #yBONIFIKO: #b50% rabato por ĉio!"
    ]
  },
  "Mercury Hourglass": {
    "NAME": "Hidrarga klepsidro",
    "FLAVOR": "Ensorĉita klepsidro, kies enhavo gutas senĉese.",
    "DESCRIPTIONS": [
      "Je la komenco de via vico, faru #b",
      " da damaĝo al ĈIUJ malamikoj."
    ]
  },
  "Molten Egg": {
    "NAME": "Fandita ovo",
    "FLAVOR": "La ovo de Fenikso. Ĝi brilas ruĝe pro bolanta lafo.",
    "DESCRIPTIONS": [
      "Kiam vi prenas ĝin, elektu kaj #yPlibonigu #yAtakon.",
      "Elektu karton por "
    ]
  },
  "Molten Egg 2": {
    "NAME": "Fandita ovo",
    "FLAVOR": "La ovo de Fenikso. Ĝi brilas ruĝe pro bolanta lafo.",
    "DESCRIPTIONS": [
      "Kiam ajn vi aldonas #yAtakan karton al via kartaro, ĝi estas #yPlibonigata."
    ]
  },
  "Mummified Hand": {
    "NAME": "Mumiigita mano",
    "FLAVOR": "Ofte skuetas, speciale kiam via pulso estas rapida.",
    "DESCRIPTIONS": [
      "Kiam ajn vi ludas #yPotencon, hazarda karto en via mano kostas #b0 dum tiu vico."
    ]
  },
  "Necronomicon": {
    "NAME": "Necronomicon",
    "FLAVOR": "Nur malsaĝulo provus jungi ĉi tiun fipovon. Nokte en viaj sonĝoj hantas bildoj de la libro voranta vian menson.",
    "DESCRIPTIONS": [
      "La unua #yAtako, kiun vi ludas ĉiuvice kaj kiu kostas #b",
      " aŭ pli estas ludata du fojojn. Kiam vi prenas ĉi tiun relikvon, iĝu #rMalbenita.",
      " aŭ pli estas ludata du fojojn."
    ]
  },
  "NeowsBlessing": {
    "NAME": "Bedaŭro de Niaŭ",
    "FLAVOR": "La beno de bedaŭro, kiun donacis Niaŭ.",
    "DESCRIPTIONS": [
      "Malamikoj en via unuaj #b3 bataloj havos 1 vivpoento.",
      "La beno estas eluzita."
    ]
  },
  "Nilry's Codex": {
    "NAME": "Kodekso de Nilry",
    "FLAVOR": "Farita de la fifama ludmastro mem. Laŭdire plivastigas la menson.",
    "DESCRIPTIONS": [
      "Je la fino de ĉiu vico, vi povas elekti #b1 el #b3 hazardaj kartoj por miksi en vian prenstakon."
    ]
  },
  "Nine Lives": {
    "NAME": "Naŭ vivoj.",
    "FLAVOR": "SENVALIDIĜA.",
    "DESCRIPTIONS": [
      "Kiam vi mortus, anstataŭe resaniĝu vian plenan vivon. NL (Funkcias #b9 fojojn)",
      "Kiam vi mortus, anstataŭe resaniĝu vian plenan vivon. NL (Ne plu restas vivoj)",
      "Kiam vi mortus, anstataŭe resaniĝu vian plenan vivon. NL (Ankoraŭ funkcias #b",
      " fojojn)"
    ]
  },
  "Ninja Scroll": {
    "NAME": "Ninĵa volvolibro",
    "FLAVOR": "Entenas le sekretojn de kaŝmortigo.",
    "DESCRIPTIONS": [
      "Komencu ĉiun batalon kun #b",
      " #yPikiloj en la mano."
    ]
  },
  "Nloth's Gift": {
    "NAME": "Donaco de N'loth",
    "FLAVOR": "La stranga donaco de N'loth. Kiam ajn vi provas ĝin senŝeligi, aperas en ĝi alia skatolo samgranda.",
    "DESCRIPTIONS": [
      "#bTriobligas la ŝancon ricevi maloftajn kartojn kiel premiojn de monstroj."
    ]
  },
  "Nuclear Battery": {
    "NAME": "Nuklea baterio",
    "FLAVOR": "Hoooo...",
    "DESCRIPTIONS": [
      "Je la komenco de ĉiu batalo, #yKonduktu #b1 da #yPlasmo."
    ]
  },
  "Nullstone Periapt": {
    "NAME": "Nulŝtona amuleto",
    "FLAVOR": "SENVALIDIĜA.",
    "DESCRIPTIONS": [
      "Nuligas la sekvontan #yStatmalbonigon, kiun vi ricevus de malamiko. NL Reŝargas post #b10 vicoj."
    ]
  },
  "Odd Mushroom": {
    "NAME": "Stranga fungo",
    "FLAVOR": "\"Post konsumi Trichella parastius, mi sentis min pli granda kaj malpli... dolorebla.\" - Ranwid ",
    "DESCRIPTIONS": [
      "Kiam vi estas #yVundebla, prenu #b25% pli da damaĝo anstataŭ #b50%."
    ]
  },
  "Oddly Smooth Stone": {
    "NAME": "Strange glata ŝtono",
    "FLAVOR": "Vi neniam vidis ion tiel glata kaj senmakula. Devas esti faraĵo de la Antikvuloj.",
    "DESCRIPTIONS": [
      "Komencu ĉiun batalon kun #b",
      " da #yLerteco."
    ]
  },
  "Old Coin": {
    "NAME": "Malnova monero",
    "FLAVOR": "Unikaj moneroj havas altan valoron por Komercistoj pro iliaj historia valoro kaj malofta metalkomponaĵo.",
    "DESCRIPTIONS": [
      "Kiam vi prenas ĝin, gajnu #b300 da #yOro."
    ]
  },
  "Omamori": {
    "NAME": "Omamorio",
    "FLAVOR": "Ofta amuleto por forteni fispiritojn. Ĉi tiu ŝajne posedas eron de dia energio.",
    "DESCRIPTIONS": [
      "Nuligu la sekvontajn #b2 #rMalbenojn, kiujn vi akirus.",
      "Nuligu la sekvontan #rMalbenon, kiun vi akirus.",
      "Ĉi tiu relikvo estas eluzita."
    ]
  },
  "Orichalcum": {
    "NAME": "Oriĥalko",
    "FLAVOR": "Verdeta metalo de nekonata origino. Ŝajne nedetruebla.",
    "DESCRIPTIONS": [
      "Se vi finas vian vicon sen #yŜirmo, gajnu #b",
      " da #yŜirmo."
    ]
  },
  "Ornamental Fan": {
    "NAME": "Ornama ventumilo",
    "FLAVOR": "La ventumilo ŝajnas etendi kaj malmoligi kiam sango elfluas.",
    "DESCRIPTIONS": [
      "Kiam ajn vi ludas #b3 #yAtakojn en unu sola vico, gajnu #b",
      " da #yŜirmo."
    ]
  },
  "Orrery": {
    "NAME": "Sunsistemmodelo",
    "FLAVOR": "\"Kiam vi simple komprenas la universon...\" - Zoroth",
    "DESCRIPTIONS": [
      "Elektu kaj aldonu #b5 kartojn al via kartaro.",
      "Scio!"
    ]
  },
  "Pandora's Box": {
    "NAME": "Skatolo de Pandora",
    "FLAVOR": "Vi havas malbonan senton pri malfermi ĉi tion.",
    "DESCRIPTIONS": [
      "#bTransformu ĉiujn Batojn kaj Defendojn.",
      "Malfermiĝis la Skatolo de Pandora..."
    ]
  },
  "Pantograph": {
    "NAME": "Pantografo",
    "FLAVOR": "\"Fortika fundo ne simple okazas. Planiloj estas havendaj.\" - La Arkitekto",
    "DESCRIPTIONS": [
      "Je la komenco de estraj bataloj, resaniĝu #b",
      " da vivo."
    ]
  },
  "Paper Crane": {
    "NAME": "Paperkruo",
    "FLAVOR": "Origamio de estaĵo de pasinta epoko.",
    "DESCRIPTIONS": [
      "Malamikoj kun #yMalforta faras #b40% malpli da damaĝo anstataŭ #b25%."
    ]
  },
  "Paper Frog": {
    "NAME": "Paperrajno",
    "FLAVOR": "La papero daŭre faldas kaj malfaldas sin en la formon de eta estaĵo.",
    "DESCRIPTIONS": [
      "Malamikoj kun #yVundebla prenas #b75% pli da damaĝo anstataŭ #b50%."
    ]
  },
  "Peace Pipe": {
    "NAME": "Pacopipo",
    "FLAVOR": "Serenigas la menson kaj purigas la animon.",
    "DESCRIPTIONS": [
      "Vi nun povas forigi kartojn el via kartaro ĉe Ripozejoj."
    ]
  },
  "Pear": {
    "NAME": "Piro",
    "FLAVOR": "Ofta frukto ĝis la Turega Velko.",
    "DESCRIPTIONS": [
      "Kiam vi prenas ĝin, altigu vian maks. vivon je #b"
    ]
  },
  "Pen Nib": {
    "NAME": "Skribilpinto",
    "FLAVOR": "Kiam vi tenas la pinton, vi povas vidi ĉiun, kiu estis mortigita de antaŭa posedanto de la skribilo. Brutala historio.",
    "DESCRIPTIONS": [
      "Ĉiu #b10a #yAtako, kiun vi ludas, faras duoblan damaĝon."
    ]
  },
  "Philosopher's Stone": {
    "NAME": "Ŝtono de la saĝuloj",
    "FLAVOR": "Kruda energio radias el la ŝtono, kiu povigas ĉiun, kiu estas proksima.",
    "DESCRIPTIONS": [
      "ĈIUJ malamikoj komencas kun #b2 da #yForto.",
      "Gajnu [R] je la komenco de ĉiu vico. ",
      "Gajnu [G] je la komenco de ĉiu vico. ",
      "Gajnu [B] je la komenco de ĉiu vico. "
    ]
  },
  "Potion Belt": {
    "NAME": "Pociozono",
    "FLAVOR": "Per ĉi tiu zono mi povas teni pli da Pocioj!",
    "DESCRIPTIONS": [
      "Kiam vi prenas ĝin, gajnu #b2 Pociingojn."
    ]
  },
  "Prayer Wheel": {
    "NAME": "Preĝoakso",
    "FLAVOR": "La akso daŭras turniĝas, neniam ĉesas.",
    "DESCRIPTIONS": [
      "Normalaj malamikoj faligas plian kartpremion."
    ]
  },
  "Question Card": {
    "NAME": "Fragokarto",
    "FLAVOR": "\"Tiuj, kiuj havas pli da elektoj, minimumigas la malavantaĝon de ĥaoso.\" - Kublai la Granda",
    "DESCRIPTIONS": [
      "En estontaj kartpremiaj ekranoj vi havos #y1 plian karton por elekti."
    ]
  },
  "Red Circlet": {
    "NAME": "Ruĝa diademo",
    "FLAVOR": "Ne plu restas relikvojn. Impona!",
    "DESCRIPTIONS": [
      "Tre belaspekta."
    ]
  },
  "Red Mask": {
    "NAME": "Ruĝa masko",
    "FLAVOR": "Ĉi tiu tre belstila masko apartenas al la estro de la Ruĝmaskaj Banditoj. Do nun ĉu vi estas la estro?",
    "DESCRIPTIONS": [
      "Je la komenco de ĉiu batalo, aldonu #b",
      " da #yMalforta al ĈIUJ malamikoj."
    ]
  },
  "Red Skull": {
    "NAME": "Ruĝa kranio",
    "FLAVOR": "Eta kranio orname farbita.",
    "DESCRIPTIONS": [
      "Dum via vivo estas je aŭ sub #b50%, vi havas #b",
      " da #yForto pli."
    ]
  },
  "Regal Pillow": {
    "NAME": "Reĝa kuseno",
    "FLAVOR": "Nun vi povas bone dormi nokte.",
    "DESCRIPTIONS": [
      "Resaniĝu plian #b",
      " da vivo kiam vi #yRipozas."
    ]
  },
  "Ring of the Serpent": {
    "NAME": "Ringo de la vipero",
    "FLAVOR": "Via ringo transformis.",
    "DESCRIPTIONS": [
      "Anstataŭas #gRingon #gde #gla #gserpento. ",
      "Je la komenco de via vico, prenu #b1 plian karton."
    ]
  },
  "Ring of the Snake": {
    "NAME": "Ringo de la serpento",
    "FLAVOR": "Farita el fosilia serpento. Reprezentas grandan lertecon de ĉasistino.",
    "DESCRIPTIONS": [
      "Je la komenco de ĉiu batalo, prenu #b",
      " pliajn kartojn."
    ]
  },
  "Runic Capacitor": {
    "NAME": "Runa kondensilo",
    "FLAVOR": "Pli estas pli bone.",
    "DESCRIPTIONS": [
      "Komencu ĉiun batalon kun #b3 pliaj sferingoj."
    ]
  },
  "Runic Cube": {
    "NAME": "Runa kubo",
    "FLAVOR": "La runoj estas nedeĉifreblaj.",
    "DESCRIPTIONS": [
      "Kiam ajn vi perdas vivon, prenu #b",
      " karton.",
      ""
    ]
  },
  "Runic Dome": {
    "NAME": "Runa kupolo",
    "FLAVOR": "La runoj estas nedeĉifreblaj.",
    "DESCRIPTIONS": [
      "je la komenco de ĉiu vico. Vi ne plu povas vidi la #bcelojn de malamikoj.",
      "Gajnu [R] ",
      "Gajnu [G] ",
      "Gajnu [B] "
    ]
  },
  "Runic Pyramid": {
    "NAME": "Runa piramido",
    "FLAVOR": "La runoj estas nedeĉifreblaj.",
    "DESCRIPTIONS": [
      "Je la fino de via vico, vi ne plu forĵetas vian manon.",
      ""
    ]
  },
  "Self Forming Clay": {
    "NAME": "Memformanta argilo",
    "FLAVOR": "\"Tre kurioza! Ŝajne ĝi formas sin iom laŭ miaj pensoj! Ĉu tele-argilo?\" - Ranwid",
    "DESCRIPTIONS": [
      "Kiam ajn vi perdas vivon en batalo, gajnu #b",
      " da #yŜirmo sekvontvice."
    ]
  },
  "Shovel": {
    "NAME": "Fosilo",
    "FLAVOR": "La Turego enhavas multege da relikvoj de pasintaj civilizoj kaj potencaj aventuristoj perditaj pro malnoveco. Tempo por elfosi!",
    "DESCRIPTIONS": [
      "Vi nun povas #yFosi por havindaĵoj ĉe ripozejoj."
    ]
  },
  "Shuriken": {
    "NAME": "Ŝurikeno",
    "FLAVOR": "Malpezaj ĵetponardoj. Rekomendo: celu la okulojn.",
    "DESCRIPTIONS": [
      "Kiam ajn vi ludas #b",
      " #yAtakojn en unu sola vico, gajnu #b",
      " da #yForto."
    ]
  },
  "Singing Bowl": {
    "NAME": "Kantbovlo",
    "FLAVOR": "Ĉi tiu oftuzata artefakto elsonoras belan melodion, kiam vi frapas ĝin.",
    "DESCRIPTIONS": [
      "Kiam ajn vi aldonus karton al via kartaro, vi rajtas anstataŭe gajni #b+2 maks. vivon."
    ]
  },
  "Smiling Mask": {
    "NAME": "Ridetmasko",
    "FLAVOR": "Masko, kiun portas la komercisto. Li devas havi kromajn...",
    "DESCRIPTIONS": [
      "La kartforiga servo de la komercisto nun ĉiam kostas #b",
      " da #yOro."
    ]
  },
  "Snake Skull": {
    "NAME": "Serpeka kranio",
    "FLAVOR": "Serpeka kranio en perfekta stato. Mistere pura kaj glata: koto kaj malpuraĵoj neklarigeble falas de ĝi.",
    "DESCRIPTIONS": [
      "Kiam ajn vi aldonas #yVenenon, aldonu #b",
      " pli da #yVeneno."
    ]
  },
  "Snecko Eye": {
    "NAME": "Serpeka okulo",
    "FLAVOR": "Okulo de venkita serpeko. Multe pli granda ol vi imagis.",
    "DESCRIPTIONS": [
      "Prenu #b2 pliajn kartojn ĉiuvice. Komencu ĉiun batalon #yKonfuzita."
    ]
  },
  "Sozu": {
    "NAME": "Sozuo",
    "FLAVOR": "Vi rimarkas, ke magiaj likvoj ŝajne perdas siajn trajtojn proksime al ĉi tiu relikvo.",
    "DESCRIPTIONS": [
      " Vi ne plu povas akiri pociojn. ",
      "Gajnu [R] je la komenco de ĉiu vico.",
      "Gajnu [G] je la komenco de ĉiu vico.",
      "Gajnu [B] je la komenco de ĉiu vico."
    ]
  },
  "Spirit Poop": {
    "NAME": "Spirita fekaĵo",
    "FLAVOR": "La brulita restaĵo de via oferdono al la spiritoj.",
    "DESCRIPTIONS": [
      "Estas malplaĉe."
    ]
  },
  "Strange Spoon": {
    "NAME": "Stranga kulero",
    "FLAVOR": "Kiam vi fikse rigardas la kuleron, ĝi ŝajnas fleksiĝi kaj tordiĝi antaŭ viaj okuloj.",
    "DESCRIPTIONS": [
      "Kartoj, kiuj #yElĉerpiĝas kiam ludataj anstataŭe estos forĵetataj en #b50% de kazoj."
    ]
  },
  "Strawberry": {
    "NAME": "Frago",
    "FLAVOR": "\"Bongusta! Ne vidis tiujn ekde la velko.\" - Ranwid",
    "DESCRIPTIONS": [
      "Kiam vi prenas ĝin, altigu vian maks. vivon je #b"
    ]
  },
  "Sundial": {
    "NAME": "Sunhorloĝo",
    "FLAVOR": "\"La malsaĝa obsedo de pasintaj homoj igis ilin rigardi la ĉielon, serĉante gvidon, esperante ion ĉiaman.\" - Zoroth",
    "DESCRIPTIONS": [
      "Ĉiu #b",
      "a fojo, ke vi miksas vian prenstakon, gajnu [R] [R] .",
      "a fojo, ke vi miksas vian prenstakon, gajnu [G] [G] .",
      "a fojo, ke vi miksas vian prenstakon, gajnu [B] [B] ."
    ]
  },
  "Symbiotic Virus": {
    "NAME": "Simbioza viruso",
    "FLAVOR": "Iomete da malbono povas fari multe da bono...",
    "DESCRIPTIONS": [
      "Je la komenco de ĉiu batalo, #yKonduktu #b1 da #yMallumo."
    ]
  },
  "Test 1": {
    "NAME": "Testo 1",
    "FLAVOR": "Testrelikvo por la beta. Se vi ŝatas ĝin, sciigu la kreantojn.",
    "DESCRIPTIONS": [
      "Kiam ajn vi uzas pocion, gajnu ",
      " [R] .",
      " [G] .",
      " [B] ."
    ]
  },
  "Test 2": {
    "NAME": "Testo 2",
    "FLAVOR": "Testrelikvo por la beta. Se vi ŝatas ĝin, sciigu la kreantojn.",
    "DESCRIPTIONS": [
      "Kiam vi rigardas vian #yPrenstakon, la kartoj nun ordigatas laŭ prenado."
    ]
  },
  "Test 3": {
    "NAME": "Testo 3",
    "FLAVOR": "Testrelikvo por la beta. Se vi ŝatas ĝin, sciigu la kreantojn.",
    "DESCRIPTIONS": [
      "Kiam vi akiras ĝin, #yPlibonigu ĉiujn viajn #yDefendajn kartojn."
    ]
  },
  "Test 4": {
    "NAME": "Testo 4",
    "FLAVOR": "Testrelikvo por la beta. Se vi ŝatas ĝin, sciigu la kreantojn.",
    "DESCRIPTIONS": [
      "Je la komenco de batalo, la kosto de ĉiuj #yBataj kartoj fariĝas #b0."
    ]
  },
  "Test 5": {
    "NAME": "Testo 5",
    "FLAVOR": "Testrelikvo por la beta. Se vi ŝatas ĝin, sciigu la kreantojn.",
    "DESCRIPTIONS": [
      "Kiam vi prenas ĝin, #yPlibonigu #b",
      " hazardajn #yKapablojn."
    ]
  },
  "Test 6": {
    "NAME": "Testo 6",
    "FLAVOR": "Testrelikvo por la beta. Se vi ŝatas ĝin, sciigu la kreantojn.",
    "DESCRIPTIONS": [
      "Je la fino de ĉiu vico, gajnu po #b",
      " da #yŜirmo por ĉiu #b",
      " da #yOro, kiun vi havas."
    ]
  },
  "Test 7": {
    "NAME": "Testo 7",
    "FLAVOR": "Testrelikvo por la beta. Se vi ŝatas ĝin, sciigu la kreantojn.",
    "DESCRIPTIONS": [
      "#yElitoj nun faligas #b2 #yRelikvojn kiam venkitaj."
    ]
  },
  "Test 8": {
    "NAME": "Testo 8",
    "FLAVOR": "Testrelikvo por la beta. Se vi ŝatas ĝin, sciigu la kreantojn.",
    "DESCRIPTIONS": [
      "Prenu #b2 pliajn kartojn ĉiuvice. Komencu ĉiun batalon #yKonfuzita."
    ]
  },
  "The Courier": {
    "NAME": "La kuriero",
    "FLAVOR": "La propra hejmbesto de la komercisto!",
    "DESCRIPTIONS": [
      "La komercisto ĉiam havos kartojn, relikvojn kaj pociojn kaj ĝiaj prezoj estos malaltigitaj je #b20%."
    ]
  },
  "The Specimen": {
    "NAME": "La specimeno",
    "FLAVOR": "\"Fascina! Mi trovis mutaciitan estaĵon kun nekredeblaj toksaj trajtoj. Konservas muestron por posta ekzameno.\" - Ranwid",
    "DESCRIPTIONS": [
      "Kiam ajn malamiko mortas, transmetu ajnan kvanton da #yVeneno, kiun ĝi havas, al hazarda malamiko."
    ]
  },
  "Thread and Needle": {
    "NAME": "Fadeno kaj kudrilo",
    "FLAVOR": "Volvante magian fadenon ĉirkaŭ vian korpon, vi sentas pli malmola.",
    "DESCRIPTIONS": [
      "Je la komenco de ĉiu batalo, gajnu #b",
      " da #yLada #yArmaĵo."
    ]
  },
  "Tingsha": {
    "NAME": "Tingŝo",
    "FLAVOR": "La sono de ĉi tiuj cimbaloj ŝajne kapablas resoni ĝis doloriga volumo.",
    "DESCRIPTIONS": [
      "Kiam ajn vi forĵetas karton dum via vico, faru po #b",
      " da damaĝo al hazarda malamiko por ĉiu forĵetita karto."
    ]
  },
  "Tiny Chest": {
    "NAME": "Eta kofro",
    "FLAVOR": "\"Delikata pratipo.\" - La Arkitekto",
    "DESCRIPTIONS": [
      "Gajnu #b",
      " da #yOro. Estas #b10% pli verŝajne trovi trezoron en ? ĉambroj.",
      "Estas #b10% pli verŝajne trovi trezoron en ? ĉambroj."
    ]
  },
  "Tiny House": {
    "NAME": "Eta domo",
    "FLAVOR": "\"Perskaŭ perfekta ekzemplo de maketo. Mia plej delikata verko ĝis nun, sed ankoraŭ ne sufiĉe.\" - La Arkitekto",
    "DESCRIPTIONS": [
      "Kiam vi prenas ĝin, akiru #b1 pocion. NL Gajnu #b",
      " da #yOro. NL Altigu vian maks. vivon je #b",
      ". NL Akiru #b1 karton. NL Plibonigu #b1 hazardan karton.",
      "Eta domo!"
    ]
  },
  "Toolbox": {
    "NAME": "Ilkesto",
    "FLAVOR": "Ilo por ĉia tasko.",
    "DESCRIPTIONS": [
      "Je la komenco de ĉiu batalo, aldonu hazardan senkoloran karton al via mano."
    ]
  },
  "Torii": {
    "NAME": "Torijo",
    "FLAVOR": "Kiam vi tenas la etan Torijon, vi sentas iun trankvilon kaj sekurecon ŝvebantan tra via menso.",
    "DESCRIPTIONS": [
      "Kiam ajn vi ricevus #b",
      " aŭ malpli da neŝirmita #yAtaka damaĝo, malaltigu ĝin al #b1."
    ]
  },
  "Tough Bandages": {
    "NAME": "Fortikaj pansaĵoj",
    "FLAVOR": "Perdo donas forton.",
    "DESCRIPTIONS": [
      "Kiam ajn vi forĵetas karton dum via vico, gajnu #b",
      " da #yŜirmo."
    ]
  },
  "Toxic Egg": {
    "NAME": "Toksa ovo",
    "FLAVOR": "\"Kia mirinda malkovro! Ĉi tio ŝajnas esti la inerta ovo de iu magia estaĵo. Kiu aŭ kio kreis ĝin?\" - Ranwid",
    "DESCRIPTIONS": [
      "Kiam vi prenas ĝin, elektu kaj #yplibonigu #ykapablon.",
      "Elektu karton por "
    ]
  },
  "Toxic Egg 2": {
    "NAME": "Toksa ovo",
    "FLAVOR": "\"Kia mirinda malkovro! Ĉi tio ŝajnas esti la inerta ovo de iu magia estaĵo. Kiu aŭ kio kreis ĝin?\" - Ranwid",
    "DESCRIPTIONS": [
      "Kiam ajn vi aldonas #yKapablan karton al via kartaro, ĝi estas #yplibonigata."
    ]
  },
  "Toy Ornithopter": {
    "NAME": "Ludila ornitoptero",
    "FLAVOR": "\"Ĉi tiu ludileto estas la perfekta kompano por sola aventuristo!\"",
    "DESCRIPTIONS": [
      "Kiam ajn vi uzas pocion, resaniĝu #b",
      " da vivo."
    ]
  },
  "Turnip": {
    "NAME": "Rapo",
    "FLAVOR": "Plej bonas kun Zingibro.",
    "DESCRIPTIONS": [
      "Vi ne plu povas esti #yKaduka."
    ]
  },
  "Unceasing Top": {
    "NAME": "Senĉesa turbo",
    "FLAVOR": "La turbo daŭre turnas senpene kvazaŭ vi estas en sonĝo.",
    "DESCRIPTIONS": [
      "Kiam ajn vi ne havas kartojn en la mano dum via vico, prenu karton."
    ]
  },
  "Vajra": {
    "NAME": "Vajra",
    "FLAVOR": "Ornama relikvo donita al batalistoj, kiuj posedas gloron en bateloj.",
    "DESCRIPTIONS": [
      "Komencu ĉiun batalon kun #b",
      " da #yForto."
    ]
  },
  "Velvet Choker": {
    "NAME": "Velura kolĉeno",
    "FLAVOR": "\"Grandega povo, sed tro limhava.\" - Kublai la Granda",
    "DESCRIPTIONS": [
      "Vi ne povas ludi pli ol #b",
      " kartojn en unu vico.",
      "Gajnu [R] je la komenco de ĉiu vico. ",
      "Gajnu [G] je la komenco de ĉiu vico. ",
      "Gajnu [B] je la komenco de ĉiu vico. ",
      "Mi ne povas ludi pli ol NL #r"
    ]
  },
  "War Paint": {
    "NAME": "Militfarbo",
    "FLAVOR": "En la pasinteco, Fervestuloj ofte protektus sin per ensorĉita militfarbo antaŭ ol ili sturmis en batalon.",
    "DESCRIPTIONS": [
      "Kiam vi prenas ĝin, #yplibonigu #b",
      " hazardajn #ykapablojn."
    ]
  },
  "Whetstone": {
    "NAME": "Ŝtona akrigilo",
    "FLAVOR": "\"Karno neniam venkas ŝtalon.\" - Kublai la Granda",
    "DESCRIPTIONS": [
      "Kiam vi prenas ĝin, #yplibonigu #b",
      " hazardajn #yatakojn."
    ]
  },
  "White Beast Statue": {
    "NAME": "Blankbesta statuo",
    "FLAVOR": "Eta blanka statuo de estaĵo, kiun vi neniam vidis antaŭe.",
    "DESCRIPTIONS": [
      "Vi ĉiam trovos pocion post batalo."
    ]
  },
  "Boot": {
    "NAME": "La boto",
    "FLAVOR": "Kiam streĉita, la boto pligrandiĝas.",
    "DESCRIPTIONS": [
      "Kiam ajn vi farus #b",
      " aŭ malpli da neŝirmita #yAtaka damaĝo, plialtigu ĝin al #b5."
    ]
  },
  "Mark of the Bloom": {
    "NAME": "Flormarko",
    "FLAVOR": "En la Pretero, pensoj kaj vero estas unu.",
    "DESCRIPTIONS": [
      "Vi ne plu povas resaniĝi."
    ]
  },
  "Busted Crown": {
    "NAME": "Kaputa krono",
    "FLAVOR": "La krono de la Ĉampo... aŭ pala imitaĵo?",
    "DESCRIPTIONS": [
      "En kartpremiaj ekranoj, vi havos #b2 malpli da kartoj por elekti.",
      "Gajnu [R] je la komenco de ĉiu vico. ",
      "Gajnu [G] je la komenco de ĉiu vico. ",
      "Gajnu [B] je la komenco de ĉiu vico. "
    ]
  },
  "Incense Burner": {
    "NAME": "Incensujo",
    "FLAVOR": "La fumo inspiras en la posedanton la spirito de la brulaĵo.",
    "DESCRIPTIONS": [
      "Ĉiuj #b6 vicoj, gajnu #b1 da #yNepalpebla."
    ]
  },
  "Empty Cage": {
    "NAME": "Malplena kaĝo",
    "FLAVOR": "\"Kiel nekutima, enkaĝigi tion, kion oni adoras.\" - Ranwid",
    "DESCRIPTIONS": [
      "Kiam vi prenas ĝin, forigu #b2 kartojn de via kartaro.",
      "Elektu 2 kartojn por forigi."
    ]
  },
  "Fusion Hammer": {
    "NAME": "Fandomartelo",
    "FLAVOR": "Kiam iu portas ĝin, tiu ne plu povas malteni.",
    "DESCRIPTIONS": [
      "je la komenco de ĉiu vico. Vi ne plu povas forĝi ĉe ripozejoj.",
      "Gajnu [R] ",
      "Gajnu [G] ",
      "Gajnu [B] "
    ]
  },
  "Coffee Dripper": {
    "NAME": "Kafogutigilo",
    "FLAVOR": "\"Jes, unu plia taso, bonvole. Mi eklaboru denove. Eklarboru!\" - La Arkitekto",
    "DESCRIPTIONS": [
      "je la komenco de ĉiu vico. Vi ne plu povas ripozi ĉe ripozejoj.",
      "Gajnu [R] ",
      "Gajnu [G] ",
      "Gajnu [B] "
    ]
  },
  "SsserpentHead": {
    "NAME": "Ssserpentkapo",
    "FLAVOR": "La plej kontentiga vivo estas tiu, en kiu oni povas ĉion aĉeti!",
    "DESCRIPTIONS": [
      "Kiam ajn vi eniras ? ĉambron, gajnu #b",
      " da #yOro."
    ]
  },
  "MutagenicStrength": {
    "NAME": "Mutaciiga forto",
    "FLAVOR": "\"La rezultoj ŝajnas esti pasemaj kaj aktivigas kiam la studobjekto kontraŭas danĝeron.\" - Nekonato",
    "DESCRIPTIONS": [
      "Komencu ĉiun batalon kun #b",
      " da #yForto, kiu estas perdata je la fino de via vico."
    ]
  },
  "FaceOfCleric": {
    "NAME": "Vizaĝo de kleriko",
    "FLAVOR": "Ĉiu amas Klerikon.",
    "DESCRIPTIONS": [
      "Altigu vian maks. vivon je #b1 post ĉiu batalo."
    ]
  },
  "NlothsMask": {
    "NAME": "Malsata vizaĝo de N'loth",
    "FLAVOR": "Vi sentas vin malsata.",
    "DESCRIPTIONS": [
      "La sekvonta kofro ne de estro, kiun vi malfermos, estos malplena.",
      ""
    ]
  },
  "GremlinMask": {
    "NAME": "Gremlina vizaĝo",
    "FLAVOR": "Tempo por forkuri.",
    "DESCRIPTIONS": [
      "Komencu ĉiun batalon kun #b1 da #yMalforta."
    ]
  },
  "CultistMask": {
    "NAME": "Masko de kultisto",
    "FLAVOR": "Parto de la Anaro!",
    "DESCRIPTIONS": [
      "Vi sentas vin pli parolema.",
      "@KAA!@ NL @KAAAA@"
    ]
  },
  "TheAbacus": {
    "NAME": "La abako",
    "FLAVOR": "\"Unu...Du...Tri...\"",
    "DESCRIPTIONS": [
      "Gajnu #b6 da #yŜirmo kiam ajn vi miksas vian prenstakon."
    ]
  },
  "DollysMirror": {
    "NAME": "Spegulo de Dolly",
    "FLAVOR": "\"Mi aspektas strange tiel.\"",
    "DESCRIPTIONS": [
      "Kiam vi prenas ĝin, akiru kroman kopion de karto en via kartaro.",
      "Elektu 1 karton por kopii."
    ]
  },
  "ClockworkSouvenir": {
    "NAME": "Risortmemoraĵo",
    "FLAVOR": "\"Tiom da komplikaj dentradoj.\"",
    "DESCRIPTIONS": [
      "Je la komenco de ĉiu batalo, gajnu #b1 da #yArtefakto."
    ]
  },
  "MealTicket": {
    "NAME": "Bileto por manĝo",
    "FLAVOR": "\"Kromaj kneloj por ĉiu vizito!\"",
    "DESCRIPTIONS": [
      "Kiam ajn vi eniras butikon, resaniĝu #b7 da vivo."
    ]
  },
  "TwistedFunnel": {
    "NAME": "Tordita funelo",
    "FLAVOR": "\"Mi ne trinkus el ĝi.\"",
    "DESCRIPTIONS": [
      "Je la komenco de ĉiu batalo, aldonu #b4 da #yVeneno al ĈIUJ malamikoj."
    ]
  },
  "HandDrill": {
    "NAME": "Manborilo",
    "FLAVOR": "\"Spiraloj estas danĝeraj.\"",
    "DESCRIPTIONS": [
      "Kiam ajn vi penetras la #yŜirmon de malamiko, aldonu #b2 da #yVundebla."
    ]
  },
  "HoveringKite": {
    "NAME": "Ŝveba kajto",
    "FLAVOR": "La kajto ŝvebas ĉirkaŭ vi en batalo, kondukata de mistera forto.",
    "DESCRIPTIONS": [
      "Gajnu [G] kaj forĵetu #b2 kartojn je la komenco de ĉiu vico."
    ]
  },
  "Sling": {
    "NAME": "Ŝtonĵetilo de kuraĝo",
    "FLAVOR": "\"Oportuna ilo por kontraŭstari nekutime fortajn malamikojn.\"",
    "DESCRIPTIONS": [
      "Komencu ĉiun batalon kontraŭ Elitoj kun #b",
      " da #yForto."
    ]
  },
  "OrangePellets": {
    "NAME": "Oranĝkoloraj buletoj",
    "FLAVOR": "\"Faritaj el diversaj fungoj, kiujn oni povas trovi en la Turego. Ili kuracas ajnan malsanon.\"",
    "DESCRIPTIONS": [
      "Kiam ajn vi ludas #ypotencon, #yatakon kaj #ykapablon en la sama vico, forigu ĉiujn viajn statmalbonigojn."
    ]
  },
  "WristBlade": {
    "NAME": "Pojnoklingo",
    "FLAVOR": "Oportuna por kaŝmortigoj.",
    "DESCRIPTIONS": [
      "#yAtakoj, kiuj kostas #b0, faras #b3 pli da damaĝo."
    ]
  },
  "StoneCalendar": {
    "NAME": "Ŝtona kalendaro",
    "FLAVOR": "La forpaso de tempo ne estas rimarkebla en la Turego.",
    "DESCRIPTIONS": [
      "Je la komenco de vico #b",
      ", faru #b",
      " da damaĝo al ĈIUJ malamikoj."
    ]
  },
  "Nunchaku": {
    "NAME": "Nunĉako",
    "FLAVOR": "Bona trejnilo. Plibonigas la teniĝon kaj lertecon de la portanto.",
    "DESCRIPTIONS": [
      "Kiam ajn vi ludas #b",
      " #yAtakojn, gajnu [R] .",
      " #yAtakojn, gajnu [G] .",
      " #yAtakojn, gajnu [B] ."
    ]
  },
  "Brimstone": {
    "NAME": "Sulfuro",
    "FLAVOR": "Eligas inferan varmecon.",
    "DESCRIPTIONS": [
      "Je la komenco de via vico, ĉiu gajnas #b",
      " da #yForto."
    ]
  },
  "PreservedInsect": {
    "NAME": "Konservita insekto",
    "FLAVOR": "La insekto ŝajne kreas etigan atmosferon, kiu celas speciale grandajn malamikojn.",
    "DESCRIPTIONS": [
      "Malamikoj en elitĉambroj havas #b",
      "% malpli da vivo."
    ]
  },
  "Pocketwatch": {
    "NAME": "Poŝhorloĝo",
    "FLAVOR": "La montriloj ŝajnas esti senmovigitaj je la pozicio de la tria horo.",
    "DESCRIPTIONS": [
      "Kiam ajn vi ludas #b3 aŭ malpli da kartoj en vico, prenu #b3 kromajn kartojn je la komenco de via sekvonta vico."
    ]
  },
  "FossilizedHelix": {
    "NAME": "Fosilia helikso",
    "FLAVOR": "Ŝajnas nedetrueble. Vi demandas vin al kia estaĵo apartenis ĉi tio.",
    "DESCRIPTIONS": [
      "Preventas la unuan fojon, ke vi perdus vivon dum batalo."
    ]
  },
  "PrismaticShard": {
    "NAME": "Prisma mineralpeco",
    "FLAVOR": "Kiam vi rigardas tra la mineralo, vi kapablas vidi tute novajn perspektivojn.",
    "DESCRIPTIONS": [
      "Batalpremiaj ekranoj nu enhavas senkolorajn kartojn kaj kartojn de aliaj koloroj."
    ]
  },
  "WarpedTongs": {
    "NAME": "Tordita tenajlo",
    "FLAVOR": "La malbenita tenajlo eligas fortan deziron reiri tien, de kie ĝi estas ŝtelita.",
    "DESCRIPTIONS": [
      "Je la komenco de via vico, #yplibonigu hazardan karton en via mano por la cetero de la batalo."
    ]
  },
  "WingedGreaves": {
    "NAME": "Flugilhavaj botoj",
    "FLAVOR": "Bonstila.",
    "DESCRIPTIONS": [
      "Vi rajtas ignori padojn kiam vi elektas la sekvontan ĉambron de la vojaĝo #b3 fojojn."
    ]
  },
  "MawBank": {
    "NAME": "Faŭkmonujo",
    "FLAVOR": "Surprize populara, malgraŭ la ofteco de atakoj de faŭkoj.",
    "DESCRIPTIONS": [
      "Kiam ajn vi grimpas etaĝon, gajnu #b",
      " da #yOro. Ne plu funkcios post vi elspezas monon ĉe la butiko."
    ]
  }
}