{
  "Crowbot": {
    "NAMES": [
      "Κορακορομποτ"
    ],
    "TEXT": [
      "Μπιιιιπ Μπουπ"
    ]
  },
  "Defect": {
    "NAMES": [
      "Ο Αποστάτης"
    ],
    "TEXT": [
      "Ένα αυτόματο μάχης που απέκτησε συνείδηση. NL Αρχαίες τεχνολογίες επιτρέπουν την μεταχείρηση Σφαιρών."
    ]
  },
  "Ironclad": {
    "NAMES": [
      "Ο Τεθωρακισμένος"
    ],
    "TEXT": [
      "Ο εναπομένων στρατιώτης των Τεθωρακισμένων. NL Πούλησε την ψυχή του για να αποκτήσει Δαιμονική ενέργεια."
    ]
  },
  "Merchant": {
    "NAMES": [
      "Συνέχεια",
      "~Καλώς Ήρθες!~"
    ],
    "TEXT": [
      "Γειά! NL Αγόρασε κάτι! NL Αγόρασε αγόρασε αγόρασε!",
      "Μ'αρέσει το μαλλί σου",
      "Τι ώρα είναι?",
      "Προτιμάς σκύλους ή γάτες?",
      "Μοιάζεις ~επικύνδινος,~ NL χεχε...",
      "Πάρε το χρόνο σου... NL ..... NL ... ή όχι",
      "Σ΄αρέσει αυτό το χαλάκι? NL Δεν πωλείται",
      "Υποστήριξε τις μικρές επιχειρήσεις!",
      "Οι μάσκες είναι τζάμι, ξέρω εγώ!",
      "Χμμ... NL ...Χμμ... NL Ωχ!",
      "Κάτσε για λίγο και άκουσε!",
      "Είναι ριψοκίνδυνο να πας μόνος! Δωσ'μου όλο σου το Χρυσό!",
      "Αγόρασε κατι!",
      "~*Χασμουρητό*~",
      "Μ'αρέσει ο χρυσός.",
      "Το αγαπημένο μου χρώμα είναι το Μπλε. NL Εσένα?"
    ]
  },
  "Neow Event": {
    "NAMES": [
      "Νιάου"
    ],
    "TEXT": [
      "~Χαιρε...~ NL ~..~ ~Είμαι ο~ ~Νιάου...~",
      "~Γεια...~ NL ~και πάλι..~",
      "~Χαίρε...~",
      "~Άλλη μια~ NL ~προσπάθεια...?~",
      "~Φτάσε~ ~τον~ ~Αρχηγό...~ NL ~για~ ~να πάρεις~ ~την..~ ~ευλογία...~",
      "~Τουλάχιστον...~ ~αντιμετώπισε~ NL ~τον~ ~πρώτο~ ~Αρχηγό...~",
      "~Εγώ~ ~σε~ ~έφερα~ ~πίσω...~",
      "~Διάλεξε...~",
      "~Ορίστε...~",
      "~Ρίσκο...~ NL ~..Ανταμοιβή....~",
      "~Ώρα~ ~για~ ~μια~ NL ~ΠΡΟΚΛΗΣΗ...~",
      "Ανταμοιβή",
      "~Ας~ ~συνεχίσουμε...~",
      "~Γίνεται~ ~δυσκολότερο...~",
      "~Εντυπωσιακό...~ ~κι άλλο...~",
      "Καταραμένος!",
      "Φούσκομα!",
      "Μεταμόρφωση!"
    ],
    "OPTIONS": [
      "[Συνέχεια]",
      "[Μίλα]",
      "[Αποφυγή]",
      "[Φύγε]",
      "Choose 10 cards to add to your deck."
    ]
  },
  "Neow Reward": {
    "NAMES": [],
    "TEXT": [
      "[ #gΔιάλεξε #gμια #gΚάρτα #gνα #gπάρεις ]",
      "[ #gΠάρε #gμια #gτυχαία #gσπάνια #gΚάρτα ]",
      "[ #gΑφαίρεσε #gμια #gΚάρτα #gαπό #gτην #gτράπουλα ]",
      "[ #gΑναβάθμησε #gμια #gΚάρτα ]",
      "[ #gΜεταμόρφωσε #gμια #gΚάρτα ]",
      "[ #gΠάρε #g3 #gτυχαία #gΦίλτρα ]",
      "[ #gΠάρε #g1 #gτυχαίο #gΚοινό #gΚειμήλιο ]",
      "[ #gΜέγιστοι #gΒΥ #g+",
      "[ #gΠάρε #g",
      " #gΧρυσό ]",
      "#gΑφαίρεσε #g2 #gΚάρτες ]",
      "#gΠάρε #gένα #gτυχαίο #gσπάνιο #gΚειμήλιο ]",
      "#gΔιάλεξε #gμια #gσπάνια #gΚάρτα #gνα #gπάρεις ]",
      "#gΠάρε #g",
      " #gΧρυσό ]",
      "#gΜεταμόρφωσε #g2 #gΚάρτες ]",
      "#gΜέγιστοι #gΒΥ #g+",
      "[ #rΧάσε #r",
      " #rΜέγιστους #rΒΥ ",
      "[ #rΧάσε #rόλο #rτο #rχρυσό ",
      "[ #rΠάρε #rμια #rΚατάρα ",
      "[ #rΧάσε #r50% #rτων #rτωρινών #rΒΥ ",
      "Διάλεξε 1 κάρτα",
      "Διάλεξε 1 Κάρτα για Αφαίρεση",
      "Διάλεξε 2 Κάρτες για Αφαίρεση",
      "Διάλεξε 1 Κάρτα για Μεταμόρφωση",
      "Διάλεξε 2 Κάρτες για Μεταμόρφωση",
      "Διάλεξε 1 Κάρτα για Αναβάθμιση",
      "[ #gΟι #gεπόμενοι #g3 #gεχθροί #gέχουν #g1 #gΒΥ ]",
      " #rdamage"
    ],
    "UNIQUE_REWARDS": [
      "[ #rΧάσε #rτο #rΑρχικό #rΚειμήλιο #gΠάρε #gένα #gτυχαίο #gΚειμήλιο #gΑρχηγού ]"
    ]
  },
  "Shop Screen": {
    "NAMES": [
      "~Καλώς ήρθες~ NL ~Καλώς ήρθες~!~",
      "Ε τωρα, NL χρειάζεσαι NL περισσότερο #rΧρυσό.",
      "Ε φίλε, δεν έχεις #rΧρήμα!",
      "Είσαι φτωχός?",
      "Δεν έχεις αρκετό #rΧρυσό.",
      "Δε σου φτάνουν γι'αυτό.",
      "Δεν είμαι φιλανθρωπική οργάνωση.",
      "~'Φχαριστώώώ~",
      "Άλλη μια πώληση... NL χοχοχο! NL Γκλινκ - @Γκλινγκ!@",
      "@ΠΟΥΛΗΘΗΚΕ!@",
      "Δε δεχόμαστε επιστροφές.",
      "Καλή σας μέρα.",
      "Φύγε",
      "Διάλεξε μια Κάρτα για αφαίρεση απ'την τράπουλα."
    ],
    "TEXT": [
      "Γεια! NL Αγόρασε κάτι! NL Αγόρασε αγόρασε αγόρασε!",
      "Ωραίο κούρεμα",
      "Τι ώρα είναι?",
      "Προτιμάς σκύλους ή γάτες?",
      "Μοιάζεις ~επικύνδινος,~ NL χεχε...",
      "Πάρε το χρόνο σου... NL ..... NL ... ή όχι",
      "Σ΄αρέσει αυτό το χαλάκι? NL Δεν πωλείται",
      "Υποστήριξε τις μικρές επιχειρήσεις!",
      "Οι μάσκες είναι τζάμι, ξέρω εγώ!",
      "Μήπως έχεις δει τον μεταφορέα μου?",
      "Κάτσε για λίγο και άκουσε!",
      "Είναι ριψοκίνδυνο να πας μόνος! Δωσ'μου όλο σου το Χρυσό!",
      "Αγόρασε κατι!",
      "~*Χασμουρητό*~",
      "Μ'αρέσει ο χρυσός.",
      "Το αγαπημένο μου χρώμα είναι το Μπλε. NL Εσένα?"
    ]
  },
  "Silent": {
    "NAMES": [
      "Η Αθόρυβη"
    ],
    "TEXT": [
      "Μία φονική κυνηγός απο την Ομιχλώδη Γη. NL Εξαφανίζει τους εχθρούς με μαχαίρια και δηλητήρια."
    ]
  }
}