{
  "Anchor": {
    "NAME": "Άγκυρα",
    "FLAVOR": "Κρατώντας αυτή τη μινιατούρα, νιώθεις βαρύτερος και σταθερότερος.",
    "DESCRIPTIONS": [
      "Ξεκίνα κάθε μάχη με #b",
      " #yΜπλοκάρισμα."
    ]
  },
  "Ancient Tea Set": {
    "NAME": "Αρχαίο Σετ Τσαγιού",
    "FLAVOR": "Το κλειδί για μια αναζωογονητική νύχτα ξεκούρασης.",
    "DESCRIPTIONS": [
      "Όποτε μπαίνεις σε μια Εστία Ξεκούρασης, ξεκίνα την επόμενη μάχη με [R] [R] .",
      "Όποτε μπαίνεις σε μια Εστία Ξεκούρασης, ξεκίνα την επόμενη μάχη με [G] [G] .",
      "Όποτε μπαίνεις σε μια Εστία Ξεκούρασης, ξεκίνα την επόμενη μάχη με [B] [B] ."
    ]
  },
  "Art of War": {
    "NAME": "Τέχνη του Πολέμου",
    "FLAVOR": "Αυτό το αρχαίο χειρόγραφο περιέχει σοφία από παλιές εποχές.",
    "DESCRIPTIONS": [
      "Αν δε παίξεις καμία #yΕπίθεση στο γύρο σου, πάρε ένα παραπάνω ",
      "[R] τον επόμενο γύρο.",
      "[G] τον επόμενο γύρο.",
      "[B] τον επόμενο γύρο."
    ]
  },
  "Astrolabe": {
    "NAME": "Αστρολάβος",
    "FLAVOR": "Ένα εργαλείο για να πάρεις γνώση απο τα αστέρια.",
    "DESCRIPTIONS": [
      "Όταν το πάρεις, διάλεξε και #b3 κάρτες για #yΜεταμόρφωση , και μετά #yΑναβάθμισε τες.",
      "Διάλεξες 3 κάρτες για "
    ]
  },
  "Bag of Marbles": {
    "NAME": "Σακούλι με Βόλους",
    "FLAVOR": "Ένα κάποτε διαδεδομένο παιχνίδι στην Πόλη. Χρήσιμο για να χαλάς την ισορροπία του εχθρού.",
    "DESCRIPTIONS": [
      "Στην αρχή κάθε μάχης, εφάρμοσε #b",
      " #yΕυάλωτος σε ΌΛΟΥΣ τους εχθρούς."
    ]
  },
  "Bag of Preparation": {
    "NAME": "Σάκος Προετοιμασίας",
    "FLAVOR": "Υπερμεγέθη τσάντα εκστρατείας. Έχει πολλά τσεπάκια και κορδόνια.",
    "DESCRIPTIONS": [
      "Στην αρχή κάθε μάχης, τράβηξε #b",
      " παραπάνω κάρτες."
    ]
  },
  "Bird Faced Urn": {
    "NAME": "Κορακο-Βάζο",
    "FLAVOR": "Το βάζο αυτό θυμίζει τον πονηρό θεο-κοράκι Μάζαλεθ.",
    "DESCRIPTIONS": [
      "Όποτε παίζεις μια #yΔύναμη, γιάτρεψε #b",
      " ΒΥ."
    ]
  },
  "Black Blood": {
    "NAME": "Μαύρο Αίμα",
    "FLAVOR": "Η οργή σκοτεινιάζει.",
    "DESCRIPTIONS": [
      "Αντικαθιστά το #rΦλεγόμενο #rΑίμα. Στο τέλος της μάχης, γιάτρεψε #b",
      " ΒΥ."
    ]
  },
  "Black Star": {
    "NAME": "Μαύρο Αστέρι",
    "FLAVOR": "Ανακαλύφθηκε πρώτη φορά στην πόλη του Ερπετού, δίπλα σε ένα μοναχικό κερί.",
    "DESCRIPTIONS": [
      "Τα #yΕλίτ δίνουν ένα παραπάνω Κειμήλιο όταν τα σκοτώνεις."
    ]
  },
  "Blood Vial": {
    "NAME": "Βαζάκι Αίματος",
    "FLAVOR": "Ένα βαζάκι που περιέχει αγνό αίμα από ένα αρχαίο και πανίσχυρο βρυκόλακα.",
    "DESCRIPTIONS": [
      "Στην αρχή κάθε μάχης, γιάτρεψε #b",
      " ΒΥ."
    ]
  },
  "Bloody Idol": {
    "NAME": "Ματωμένο είδωλο",
    "FLAVOR": "Το είδωλο τώρα κλαίει συνεχώς δάκρυα αίματος.",
    "DESCRIPTIONS": [
      "Όποτε πάρεις #yΧρυσό, γιάτρεψε #b",
      " ΒΥ."
    ]
  },
  "Blue Candle": {
    "NAME": "Μπλε Κερί",
    "FLAVOR": "Η φωτιά ζωντανεύει όταν την καλύψει το σκοτάδι.",
    "DESCRIPTIONS": [
      "Οι #yΚατάρες μπορούν τώρα να παιχτούν. NL NL Αν παίξεις μια #yΚατάρα χάσε #b",
      " ΒΥ και #yΕξάντλησε τη."
    ]
  },
  "Bottled Flame": {
    "NAME": "Φωτιά σε Φιάλη",
    "FLAVOR": "Μέσα στη Φιάλη καίει μια φλόγα αιώνια.",
    "DESCRIPTIONS": [
      "Μόλις το πάρεις, διάλεξε μια κάρτα Επίθεσης. Στην αρχή κάθε μάχης, η κάρτα θα είναι στο χέρι σου.",
      "Διάλεξε κάρτα για ",
      "Στην αρχή κάθε μάχης, βάλε ",
      " στο χέρι σου."
    ]
  },
  "Bottled Lightning": {
    "NAME": "Εμφυαλομένη Αστραπή",
    "FLAVOR": "Κοιτώντας μέσα στην καταιγίδα που στριφογυρίζει, βλέπεις ένα κομμάτι του εαυτού σου να σε κοιτά πίσω.",
    "DESCRIPTIONS": [
      "Μόλις το πάρεις, διάλεξε μια κάρτα Ικανότητας. Στην αρχή κάθε μάχης, η κάρτα θα είναι στο χέρι σου.",
      "Διάλεξε κάρτα για ",
      "Στην αρχή κάθε μάχης, βάλε ",
      " στο χέρι σου."
    ]
  },
  "Bottled Tornado": {
    "NAME": "Μπουκάλι Ανεμοστρόβιλου",
    "FLAVOR": "Test relic.",
    "DESCRIPTIONS": [
      "Μόλις το πάρεις, διάλεξε μια κάρτα Δύναμης. Στην αρχή κάθε μάχης, η κάρτα θα είναι στο χέρι σου.",
      "Διάλεξε κάρτα για ",
      "Στην αρχή κάθε μάχης, βάλε ",
      " στο χέρι σου."
    ]
  },
  "Bronze Scales": {
    "NAME": "Μπρούτζινο Πετσί",
    "FLAVOR": "Το κοφτερό δέρμα του Φρουρού. Κινείται για να προστατεύει αυτόν που το φορά. ",
    "DESCRIPTIONS": [
      "Στην αρχή κάθε μάχης, πάρε #b",
      " #yΑγκάθια."
    ]
  },
  "Burning Blood": {
    "NAME": "Φλεγόμενο Αίμα",
    "FLAVOR": "Το άιμα σου καίει με μια ασίγαστη οργή.",
    "DESCRIPTIONS": [
      "Στο τέλος της μάχης, γιάτρεψε #b",
      " ΒΥ."
    ]
  },
  "Cables": {
    "NAME": "Επιχρυσωμένα Καλώδια",
    "FLAVOR": "\"Ενδιαφέρον! Τα Ψευδοφάρμακα λειτουργούν και στα αυτόματα.\" - Ρανγουηντ",
    "DESCRIPTIONS": [
      "Η δεξιότερη Σφαίρα σου ενεργοποιεί το Παθητικό της μια φορά παραπάνω."
    ]
  },
  "Calipers": {
    "NAME": "Διαβήτης",
    "FLAVOR": "\"Η μηχανική ακρίβεια οδηγεί σε μεγαλεία\" - Ο Αρχιτέκτονας",
    "DESCRIPTIONS": [
      "Στην αρχή του γύρου σου, χάσε #b",
      " #yΜπλοκάρισμα αντί να το χάσεις όλο."
    ]
  },
  "Calling Bell": {
    "NAME": "Καμπανάκι",
    "FLAVOR": "Το σκοτεινό αυτό καμπανάκι χτύπησε 3 φορές όταν το βρήκες, όμως τώρα παραμένει σιωπηλό.",
    "DESCRIPTIONS": [
      "Πάρε #b3 #rΚατάρες και #b3 #yΚειμήλια.",
      "Χτυπά η καμπάνα...",
      "Απέφυγε τη λεία",
      "Κλείσε"
    ]
  },
  "Cauldron": {
    "NAME": "Καζάνι",
    "FLAVOR": "Ο Έμπορας είναι ένας αρκετά καλός αλχημιστής. Αγόρασε 4 πάρε 1 δωρεάν.",
    "DESCRIPTIONS": [
      "Όταν το πάρεις, φτιάχνει #b5 τυχαία Φίλτρα.",
      "Μπλουπ μπλιπ μπλουπ...!"
    ]
  },
  "Centennial Puzzle": {
    "NAME": "Ο Γρίφος της Εκατονταετηρίδας",
    "FLAVOR": "Λύνοντας το γρίφο, νιώθεις μια ενδυναμωτική ζεστασιά στο στέρνο σου.",
    "DESCRIPTIONS": [
      "Την πρώτη φορά που θα χάσεις ΒΥ σε κάθε μάχη, τράβηξε #b",
      " κάρτες."
    ]
  },
  "Chameleon Ring": {
    "NAME": "Δαχτυλίδι του Χαμελέοντα",
    "FLAVOR": "Άκυρο",
    "DESCRIPTIONS": [
      "Μπορείς να φτιάξεις Φίλτρα στις Εστίες Ξεκούρασης."
    ]
  },
  "Champion Belt": {
    "NAME": "Ζώνη του Νικητή",
    "FLAVOR": "Μόνο ο καλύτερος μπορεί να φορέσει αυτή τη ζώνη.",
    "DESCRIPTIONS": [
      "Όποτε εφαρμοζεις #yΕυάλωτος, επίσης εφάρμοσε #b",
      " #yΑδύναμος."
    ]
  },
  "Charon's Ashes": {
    "NAME": "Στάχτες του Χάρον",
    "FLAVOR": "Ο Χάρον λέγεται πως ήταν ο θεός της αναγέννησης, αιώνια πέθαινε και αναγεννούνταν σε μια έκρηξη φλόγας.",
    "DESCRIPTIONS": [
      "Όποτε #yΕξαντλήσεις μια κάρτα, κάνε #b",
      " ζημιά σε ΌΛΟΥΣ τους εχθρούς."
    ]
  },
  "Chemical X": {
    "NAME": "Χημικό X",
    "FLAVOR": "ΠΡΟΣΟΧΗ: Να μην αναμιγνύεται με ζάχαρη, μπαχάρια και οτιδίποτε καλό.",
    "DESCRIPTIONS": [
      "Όποτε παίζεις κάρτα με κόστος #bX , αύξησε την αποτελεσματικότητα κατά #b",
      "."
    ]
  },
  "Circlet": {
    "NAME": "Στεφάνι",
    "FLAVOR": "Βρήκες όλα τα Κειμήλια. Εντυπωσιακό!",
    "DESCRIPTIONS": [
      "Μάζεψε όσα περισσότερα μπορείς."
    ]
  },
  "Cracked Core": {
    "NAME": "Ραγισμένος Πυρήνας",
    "FLAVOR": "Η μυστήρια μορφή ζωής που δίνει πνοή στα Αυτόματα μέσα στον Πύργο. Μοιάζει ραγισμένος.",
    "DESCRIPTIONS": [
      "Στην αρχή κάθε μάχης, #yΔιοχέτευσε #b1 #yΚεραυνό."
    ]
  },
  "Cursed Key": {
    "NAME": "Καταραμένο κλειδί",
    "FLAVOR": "Νιώθεις τις κακόβουλες ενέργειες που αναδύονται απο το κλειδί. Η δύναμη κοστίζει.",
    "DESCRIPTIONS": [
      " Όποτε ανοίγεις σεντούκι που δεν είναι αρχηγού, πάρε μια #rΚατάρα.",
      "Πάρε [R] στην αρχή κάθε γύρου.",
      "Πάρε [G] στην αρχή κάθε γύρου.",
      "Πάρε [B] στην αρχή κάθε γύρου."
    ]
  },
  "Darkstone Periapt": {
    "NAME": "Περιδέραιο της Μαύρης Πέτρας",
    "FLAVOR": "Η πέτρα τραβάει δύναμη απο σκοτεινές ενέργειες, μετατρέπωντας τη σε ζωτικότητα για αυτόν που το φορά.",
    "DESCRIPTIONS": [
      "Όποτε πάρεις #yΚατάρα, αύξησε τους μέγιστους ΒΥ κατά #b"
    ]
  },
  "DataDisk": {
    "NAME": "Δίσκος Δεδομένων",
    "FLAVOR": "Ο δίσκος περιέχει πολύτιμα δεδομένα για πουλιά και φίδια.",
    "DESCRIPTIONS": [
      "Ξεκίνα κάθε μάχη με #b",
      " #yΣυγκέντρωση."
    ]
  },
  "Dead Branch": {
    "NAME": "Νεκρό Κλαδί",
    "FLAVOR": "Ένα κλαδί απο ένα δέντρο μιας ξεχασμένης εποχής.",
    "DESCRIPTIONS": [
      "Όποτε #yΕξαντλείς μια κάρτα, βάλε μια τυχαία κάρτα στο χέρι σου."
    ]
  },
  "Derp Rock": {
    "NAME": "Derp Rock",
    "FLAVOR": "Placeholder",
    "DESCRIPTIONS": [
      "στην αρχή κάθε γύρου, πάρε #b",
      " Charge. NL (Cannot be removed or transformed.)"
    ]
  },
  "Discerning Monocle": {
    "NAME": "Διορατικό Μονόκλ",
    "FLAVOR": "Ένας πολύ διορατικός φακός πράγματι.",
    "DESCRIPTIONS": [
      "Οι τιμές του Έμπορα μειώνονται κατά #b20%"
    ]
  },
  "Dodecahedron": {
    "NAME": "Ρουνικό Δωδεκάπλευρο",
    "FLAVOR": "Οι ρούνοι είναι ακατανόητοι.",
    "DESCRIPTIONS": [
      "Αν οι ΒΥ είναι γεμάτοι, πάρε ",
      "[R] στην αρχή κάθε γύρου.",
      "[G] στην αρχή κάθε γύρου.",
      "[B] στην αρχή κάθε γύρου."
    ]
  },
  "Dream Catcher": {
    "NAME": "Ονειροπαγίδα",
    "FLAVOR": "Οι βόρειες φυλές συχνά χρησιμοποιούσαν την Ονειροπαγίδα τη νύχτα, πιστεύωντας ότι βοηθούσε στην αυτοβελτίωση.",
    "DESCRIPTIONS": [
      "Όποτε ξεκουράζεσαι, μπορείς να βάλεις μια κάρτα στην τράπουλα σου."
    ]
  },
  "Du-Vu Doll": {
    "NAME": "Κούκλα Ντου-Βου",
    "FLAVOR": "Μια κούκλα φτιαγμένη να ρουφάει δύναμη απο σκοτεινές ενέργειες.",
    "DESCRIPTIONS": [
      "Για κάθε #yΚατάρα στην τράπουλα, ξεκίνα τη μάχη με #b",
      " περισσότερη #yΔύναμη.",
      " Δεν έχεις #yΚατάρες.",
      " Έχεις #b",
      " #yΚατάρες."
    ]
  },
  "Ectoplasm": {
    "NAME": "Εκτόπλασμα",
    "FLAVOR": "Αυτή η μάζα γλίτσας και ενέργειας μοιάζει να πάλλεται με ζωή.",
    "DESCRIPTIONS": [
      " Δεν μπορείς πλέον να πάρεις #yΧρυσό.",
      "πάρε [R] στην αρχή κάθε γύρου.",
      "πάρε [G] στην αρχή κάθε γύρου.",
      "πάρε [B] στην αρχή κάθε γύρου."
    ]
  },
  "Emotion Chip": {
    "NAME": "Μικροκύκλωμα Αισθημάτων",
    "FLAVOR": "...<3...?",
    "DESCRIPTIONS": [
      "Στην αρχή κάθε γύρου, αν δέχτηκες ζημιά τον προηγούμενο, ενεργοποίησε το Παθητικό όλων των Σφαιρών σου."
    ]
  },
  "Enchiridion": {
    "NAME": "Εγχειρίδιο",
    "FLAVOR": "Το θρυλικό ημερολόγιο ενός αρχαίου lich.",
    "DESCRIPTIONS": [
      "Στην αρχή κάθε μάχης, βάλε μια τυχαία #yΔύναμη στο χέρι σου. Κοστίζει #b0 αυτό το γύρο."
    ]
  },
  "Eternal Feather": {
    "NAME": "Αιώνιο Φτερό",
    "FLAVOR": "Το Φτερό φαίνεται να είναι πλήρως άφθαρτο. Από τι πουλί μπορεί να προέρχεται? ",
    "DESCRIPTIONS": [
      "Για κάθε #b",
      " κάρτες στην τράπουλα σου, γιάτρεψε #b",
      " ΒΥ όποτε μπαίνεις σε Εστία Ξεκούρασης."
    ]
  },
  "Frozen Egg 2": {
    "NAME": "Κατεψυγμένο Αυγό",
    "FLAVOR": "Το αυγό είναι αδρανές και παγωμένο, και ποτέ δεν θα εκκολαφθεί.",
    "DESCRIPTIONS": [
      "Όποτε βάζεις #yΔύναμη στην τράπουλα, #yΑναβάθμισε τη."
    ]
  },
  "Frozen Eye": {
    "NAME": "Παγωμένο Μάτι",
    "FLAVOR": "Απερίγραπτο.",
    "DESCRIPTIONS": [
      "Όταν κοιτάς τη #yΣτοίβα #yΤραβήγματος, οι κάρτες είναι στη σωστή σειρά."
    ]
  },
  "Gambling Chip": {
    "NAME": "Μάρκα",
    "FLAVOR": "Βλέπεις κάτι χαραγμένο στη μια πλευρά. Γράφει: \"Η τυχερή μάρκα του Αρκούδα!\"",
    "DESCRIPTIONS": [
      "Στην αρχή κάθε μάχης, απέρριψε όσες κάρτες θες και τράβηξε τόσες."
    ]
  },
  "Ginger": {
    "NAME": "Πιπερόριζα",
    "FLAVOR": "Ένα δυνατό συστατικό για πολλά τονοτικά.",
    "DESCRIPTIONS": [
      "Δεν μπορείς πλέον να γίνεις #yΑδύναμος."
    ]
  },
  "Girya": {
    "NAME": "Γκιργύα",
    "FLAVOR": "Αυτή η Γκιργύα είναι αφάνταστα βαριά. Μπορείς να τη χρησιμοποιήσεις για εκπαίδευση.",
    "DESCRIPTIONS": [
      "Μπορείς τώρα να πάρεις #yΔύναμη στις Εστίες Ξεκούρασης. (μέχρι 3 φορές)"
    ]
  },
  "Golden Idol": {
    "NAME": "Χρυσό Είδωλο",
    "FLAVOR": "Φτιαγμένο απο ατόφιο χρυσάφι, νιώθεις πλουσιότερος απλά κρατώντας το.",
    "DESCRIPTIONS": [
      "Οι εχθροί ρίχνουν #b25% περισσότερο #yΧρυσό."
    ]
  },
  "Gremlin Horn": {
    "NAME": "Κέρατο του Δαίμονα",
    "FLAVOR": "\"Λέγεται ότι τα Δαιμόνια μπορούν να μεγαλώνουν ως τη μέρα που θα πεθάνουν. Αξιοσημείωτο.\" - Ρανγουηντ",
    "DESCRIPTIONS": [
      "Όποτε πεθαίνει ένας εχθρός, πάρε ",
      "[R] και τράβηξε #b1 κάρτα.",
      "[G] και τράβηξε #b1 κάρτα.",
      "[B] και τράβηξε #b1 κάρτα."
    ]
  },
  "Happy Flower": {
    "NAME": "Ευτυχισμένο Λουλούδι",
    "FLAVOR": "Αυτο το ατέρμωνα χαρούμενο λουλούδι είναι ένα αγαπημένο μικροαντικείμενο για τους ευγενείς.",
    "DESCRIPTIONS": [
      "Κάθε #b",
      " γύρους, πάρε [R] .",
      " γύρους, πάρε [G] .",
      " γύρους, πάρε [B] ."
    ]
  },
  "Ice Cream": {
    "NAME": "Παγωτάκι",
    "FLAVOR": "\"Πεντανόστιμο!\"",
    "DESCRIPTIONS": [
      "Η Ενέργεια τώρα μεταφέρεται ανάμεσα στους γύρους."
    ]
  },
  "Inserter": {
    "NAME": "Εισαγωγέας",
    "FLAVOR": "Τράβα. Σπρώξε. Στοίβαξε. Επανέλαβε.",
    "DESCRIPTIONS": [
      "Κάθε #b2 γύρους, πάρε #b1 θέση Σφαίρας."
    ]
  },
  "Juzu Bracelet": {
    "NAME": "Βραχιόλι Τζούζου",
    "FLAVOR": "Ένα φυλαχτό για προστασία απ'το άγνωστο.",
    "DESCRIPTIONS": [
      "Απλές μάχες δεν απαντώνται πλεον στα #y? δωμάτια."
    ]
  },
  "Kunai": {
    "NAME": "Κουνάϊ",
    "FLAVOR": "Μιά λεπίδα που προτιμούν οι δολοφόνοι για το μεγάλο του εύρος.",
    "DESCRIPTIONS": [
      "Κάθε φορά που παίζεις #b",
      " #yΕπιθέσεις σε ένα γύρο, πάρε #b",
      " #yΔεξιότητα."
    ]
  },
  "Lantern": {
    "NAME": "Φανάρι",
    "FLAVOR": "Ένα αλλόκοτο φανάρι που φωτίζει μόνο για αυτόν που το κρατά.",
    "DESCRIPTIONS": [
      "πάρε ",
      "[R] ",
      "[G] ",
      "[B] ",
      "στον πρώτο γύρο κάθε μάχης."
    ]
  },
  "Lee's Waffle": {
    "NAME": "Η Βάφλα του Λι",
    "FLAVOR": "\"Η νοστιμότερη λιχουδιά που θα βρεις σε όλο τον Πύργο! Ψημένη σήμερα μόνο για σένα.\"",
    "DESCRIPTIONS": [
      "Μόλις την πάρεις, αύξησε τους Μέγιστους ΒΥ κατά #b",
      " και γιάτρεψε όλους τους ΒΥ σου."
    ]
  },
  "Letter Opener": {
    "NAME": "Χαρτοκόπτης",
    "FLAVOR": "Αφύσικα κοφτερό.",
    "DESCRIPTIONS": [
      "Κάθε φορά που παίζεις #b3 Ικανότητες σε ένα γύρο, κάνε #b",
      " ζημιά σε ΌΛΟΥΣ τους εχθρούς."
    ]
  },
  "Living Blade": {
    "NAME": "Ζωντανή Λεπίδα",
    "FLAVOR": "DEPRECATED",
    "DESCRIPTIONS": [
      "You can get any number of any card."
    ]
  },
  "Lizard Tail": {
    "NAME": "Ουρά Σαύρας",
    "FLAVOR": "Μια ψεύτικη ουρά για να ξεγελάς τον εχθρό στη μάχη.",
    "DESCRIPTIONS": [
      "Αντί να πεθάνεις πήγαινε στο #b50% των ΒΥ (δουλεύει μια φορά)."
    ]
  },
  "Magic Flower": {
    "NAME": "Μαγικό Άνθος",
    "FLAVOR": "Ένα λουλούδι που θεωρούνταν εξαφανισμένο, με κάποιο τρόπο διατηρημένο σε τέλεια κατάσταση.",
    "DESCRIPTIONS": [
      "Γιατρεύεσε #b50% περισσότερο όταν γιατρεύεσε στη μάχη."
    ]
  },
  "Mango": {
    "NAME": "Μάνγκο",
    "FLAVOR": "Το πιο περιζήτητο ξεχασμένο φρούτο. Τέλεια διατηρημένο χωρίς ίχνος Πυργοκαπνιάς.",
    "DESCRIPTIONS": [
      "Όταν το πάρεις, αύξησε τους μέγιστους ΒΥ κατά #b"
    ]
  },
  "Mark of Pain": {
    "NAME": "Σημάδι Πόνου",
    "FLAVOR": "Αυτή η πυροσφραγίδα χρησιμοποιούνταν από τις βόρειες φυλες για να καταδείξει πολεμιστές που υπερνίκησαν τον πόνο στη μάχη.",
    "DESCRIPTIONS": [
      "πάρε [R] στην αρχή κάθε γύρου. Ξεκίνα τη μάχη με #b2 #rΠληγές στη Στοίβα Τραβήγματος."
    ]
  },
  "Matryoshka": {
    "NAME": "Μπαμπούσκα",
    "FLAVOR": "Μια συλλογή από βαμμένες κούκλες. Η ζωγραφιά αποτυπώνει ένα άγνωστο πουλί με λευκά μάτια και γαλάζια φτερά.",
    "DESCRIPTIONS": [
      "Τα επόμενα #b2 σεντούκια που θα ανοίξεις περιέχουν #b2 #yΚειμήλια. (Εκτός απο σεντούκια Αρχηγών)",
      "Το επόμενο σεντούκι που θα ανοίξεις έχει #b2 #yΚειμήλια. (Εκτός απο σεντούκια Αρχηγών)",
      "Αυτό το κειμήλιο δεν έχει άλλη δύναμη."
    ]
  },
  "Meat on the Bone": {
    "NAME": "Παϊδάκι",
    "FLAVOR": "Το κρέας συνεχώς αναπληρώνεται, χωρίς να τελιώνει ποτέ.",
    "DESCRIPTIONS": [
      "Αν οι ΒΥ είναι #b50% ή λιγότερο στο τέλος της μάχης, γιάτρεψε #b",
      " ΒΥ."
    ]
  },
  "Medical Kit": {
    "NAME": "Κουτί Πρώτων Βοηθειών",
    "FLAVOR": "\"Έχει ότι χρειάζεσαι! Αντιισταμινικό, αντικουνουπικό, αντίδοτο, και άλλα!\"",
    "DESCRIPTIONS": [
      "Οι κάρτες #yΚατάσταση μπορούν να παιχτούν. Παίζοντας μια #yΚατάσταση #yΕξάντλησε τη."
    ]
  },
  "Membership Card": {
    "NAME": "Κάρτα Μέλους",
    "FLAVOR": "\"Δωρεάν προσφορά μέλους για τους καλύτερους πελάτες μου!\"",
    "DESCRIPTIONS": [
      "Σε μελλοντικές πράξεις, μαγαζιά εμφανίζονται #b50% πιο συχνά. #yBONUS: #b20% έκπτωση σε όλα τα προϊόντα!"
    ]
  },
  "Mercury Hourglass": {
    "NAME": "Κλεψύδρα Υδραργύρου",
    "FLAVOR": "Μια μαγική κλεψύδρα που μετράει αιώνια.",
    "DESCRIPTIONS": [
      "Στην αρχή του γύρου σου, κάνε #b",
      " ζημιά σε ΌΛΟΥΣ τους εχθρούς."
    ]
  },
  "Molten Egg 2": {
    "NAME": "Λιωμένο Αυγό",
    "FLAVOR": "Το αυγό ενός Φοίνικα. Κόκκινη λάβα λάμπει από μέσα του.",
    "DESCRIPTIONS": [
      "Όταν βάζεις μια #yΕπίθεση στην τράπουλα, #yΑναβαθμίζεται."
    ]
  },
  "Mummified Hand": {
    "NAME": "Χέρι της Μούμιας",
    "FLAVOR": "Συχνά κουνιέται, ειδικά όταν έχεις υψηλούς παλμούς.",
    "DESCRIPTIONS": [
      "Όποτε παίζεις μια #yΔύναμη, μια τυχαία κάρτα στο χέρι σου κοστίζει #b0 αυτό το γύρο."
    ]
  },
  "Necronomicon": {
    "NAME": "Νεκρονομικόν",
    "FLAVOR": "Μόνο ένας ανόητος θα προσπαθούσε να χρησιμοποιήσει την καταχθόνια αυτή δύναμη. Τα ονειρά σου στοιχειώνονται από εικόνες του βιβλίου να σου τρώει το μυαλό.",
    "DESCRIPTIONS": [
      "Η πρώτη #yΕπίθεση που παίζεις κάθε γύρο με κόστος #b",
      " ή περισσότερο παίζεται 2 φορές. Όταν πάρεις αυτό το κειμήλιο, πάρε μια #rΚατάρα.",
      " ή περισσότερο παίζεται 2 φορές."
    ]
  },
  "NeowsBlessing": {
    "NAME": "Ο Θρήνος της Νιέου",
    "FLAVOR": "Η ευλογία του θρήνου απο την Νιέου.",
    "DESCRIPTIONS": [
      "Οι εχθροί στις #b3 πρώτες μάχες θα έχουν 1 ΒΥ.",
      "Η ευλογία τελείωσε."
    ]
  },
  "Nilry's Codex": {
    "NAME": "Ο Κώδιξ του Νίλρυ",
    "FLAVOR": "Φτιαγμένο από τον διαβόητο άρχοντα του παιχνιδιού αυτοπροσώπως. Λέγεται ότι σου ανοίγει τους ορίζοντες.",
    "DESCRIPTIONS": [
      "Στο τέλος κάθε γύρου, μπορείς να διαλέξεις #b1 από #b3 τυχαίες κάρτες για να ανακατέψεις στη Στοίβα Τραβήγματος."
    ]
  },
  "Ninja Scroll": {
    "NAME": "Πάπυρος του Νίντζα",
    "FLAVOR": "Περιέχει τα μυστικά της δολοφονίας.",
    "DESCRIPTIONS": [
      "Ξεκίνα κάθε μάχη με #b",
      " #yΛεπίδια στο χέρι."
    ]
  },
  "Nloth's Gift": {
    "NAME": "Το Δώρο του Ν'λοθ",
    "FLAVOR": "Το παράξενο Δώρο του Ν'λοθ. Όποτε προσπαθείς να το ξετυλίξεις, ένα ίδιο τυλιγμένο κουτί βρίσκεται μέσα.",
    "DESCRIPTIONS": [
      "#bΤριπλασιάζει την πιθανότητα σπάνιας κάρτας σαν ανταμοιβή απ'τα τέρατα."
    ]
  },
  "Nuclear Battery": {
    "NAME": "Πυρηνική Μπαταρία",
    "FLAVOR": "Οοοοχ...",
    "DESCRIPTIONS": [
      "Στην αρχή κάθε μάχης, #yΔιοχέτευσε #b1 #yΠλάσμα."
    ]
  },
  "Nullstone Periapt": {
    "NAME": "Nullstone Periapt",
    "FLAVOR": "DEPRECATED.",
    "DESCRIPTIONS": [
      "Negate the next #yDebuff you receive from an enemy. NL Recharges in #b10 γύρους."
    ]
  },
  "Odd Mushroom": {
    "NAME": "Παράξενο Μανιτάρι",
    "FLAVOR": "\"Αφού κατανάλωσα την trichella parastius ένιωσα μεγαλύτερος και λιγότερο... ευάλωτος.\" - Ράνγουιντ ",
    "DESCRIPTIONS": [
      "Όταν έισαι #yΕυάλωτος, πάρε #b25% περισσότερη ζημιά αντί για #b50%."
    ]
  },
  "Oddly Smooth Stone": {
    "NAME": "Παράξενα Λεία Πέτρα",
    "FLAVOR": "Δεν έχεις ξαναδεί κάτι τόσο απαλό και τέλειο. Αυτή πρέπει να είναι δουλειά των αρχαίων.",
    "DESCRIPTIONS": [
      "Ξεκίνα κάθε μάχη με #b",
      " #yΔεξιότητα."
    ]
  },
  "Old Coin": {
    "NAME": "Παλιό Νόμισμα",
    "FLAVOR": "Μοναδικά νομίσματα με μεγάλη αξία για τους εμπόρους λόγω της ιστορικής αξίας και της σπάνιας μεταλλικής σύνθεσης τους.",
    "DESCRIPTIONS": [
      "Όταν το πάρεις, πάρε #b300 #yΧρυσό."
    ]
  },
  "Omamori": {
    "NAME": "Ομαμόρι",
    "FLAVOR": "Ένα κοινό φυλαχτό για να κρατά μακριά τα κακά πνεύματα. Το συγκεκριμένο φαίνεται να έχει ένα ψήγμα θεϊκής ενέργειας.",
    "DESCRIPTIONS": [
      "Ακύρωσε τις επόμενες #b2 #rΚατάρες που θα βρεις.",
      "Ακύρωσε την επόμενη #rΚατάρα που θα βρεις.",
      "Το κειμήλιο έχει χάσει τη δύναμη του."
    ]
  },
  "Orichalcum": {
    "NAME": "Ορίχαλκος",
    "FLAVOR": "Ένα πρασινωπό μέταλο αγνώστου προελεύσεως. Φαίνεται άφθαρτο.",
    "DESCRIPTIONS": [
      "Άν τελειώσεις το γύρο σου χωρίς #yΜπλοκάρισμα, πάρε #b",
      " #yΜπλοκάρισμα."
    ]
  },
  "Ornamental Fan": {
    "NAME": "Διακοσμητική Βεντάλια",
    "FLAVOR": "Η Βεντάλια φαίνεται να μεγαλώνει και να σκληραίνει όσο χύνεται αίμα.",
    "DESCRIPTIONS": [
      "Κάθε φορά που παίζεις #b3 #yΕπιθέσεις σε ένα γύρο, πάρε #b",
      " #yΜπλοκάρισμα."
    ]
  },
  "Orrery": {
    "NAME": "Πλανητοσκόπιο",
    "FLAVOR": "\"Όταν κατανοήσεις το Σύμπαν...\" - Ζορόθ",
    "DESCRIPTIONS": [
      "Διάλεξε και βάλε #b5 κάρτες στην τράπουλα σου.",
      "Γνώση!"
    ]
  },
  "Pandora's Box": {
    "NAME": "Το Κουτί της Πανδώρας",
    "FLAVOR": "Έχεις ένα κακό προαίσθημα για το άνοιγμα του κουτιού.",
    "DESCRIPTIONS": [
      "#bΜεταμόρφωσε όλα τα Χτυπήματα και τις Άμυνες.",
      "Το Κουτί της Πανδώρας άνοιξε..."
    ]
  },
  "Pantograph": {
    "NAME": "Παντογράφος",
    "FLAVOR": "\"Οι γερές βάσεις δεν είναι τυχαία εκεί. Τα εργαλεία σχεδιασμού είναι απαραίτητα.\" - Ο Αρχιτέκτονας",
    "DESCRIPTIONS": [
      "Στην αρχή της μάχης με Αρχηγό, γιάτρεψε #b",
      " ΒΥ."
    ]
  },
  "Paper Crane": {
    "NAME": "Χάρτινος Κύκνος",
    "FLAVOR": "Ένα οριγκάμι ενός πλάσματος μιας παλιάς εποχής.",
    "DESCRIPTIONS": [
      "Εχθροί με #yΑδύναμος κάνουν #b50% λιγότερη ζημιά αντί για #b25%."
    ]
  },
  "Paper Frog": {
    "NAME": "Χάρτινο Βατράχι",
    "FLAVOR": "Το χαρτί συνεχώς διπλώνει και ξεδιπλώνει στο σχήμα ενός μικρού πλάσματος.",
    "DESCRIPTIONS": [
      "Εχθροί με #yΕυάλωτος δέχονται #b75% περισσότερη ζημιά αντί για #b50%."
    ]
  },
  "Peace Pipe": {
    "NAME": "Πίπα της ειρήνης",
    "FLAVOR": "Αδειάζει το μυαλό και καθαρίζει την ψυχή.",
    "DESCRIPTIONS": [
      "Μπορείς τώρα να αφαιρέσεις κάρτες από την τράπουλα σου στις Εστίες Ξεκούρασης."
    ]
  },
  "Pear": {
    "NAME": "Αχλάδι",
    "FLAVOR": "Ένα σύνηθες φρούτο πριν την Πυργοκαπνιά.",
    "DESCRIPTIONS": [
      "Όταν το πάρεις, αύξησε τους Μέγιστους ΒΥ κατά #b"
    ]
  },
  "Pen Nib": {
    "NAME": "Αιχμηρή Πένα",
    "FLAVOR": "Κρατώντας την πένα, μπορείς να δεις όλους όσους έσφαξε ο προηγούμενος κάτοχος της. Μια βίαιη ιστορία.",
    "DESCRIPTIONS": [
      "Κάθε #b10η #yΕπίθεση που παίζεις κάνει διπλή ζημιά."
    ]
  },
  "Philosopher's Stone": {
    "NAME": "Φιλοσοφική Λίθος",
    "FLAVOR": "Ωμή ενέργεια αναδύεται από την πέτρα, ενδυναμώνοντας όλους γύρο της.",
    "DESCRIPTIONS": [
      " ΟΛΟΙ οι εχθροί ξεκινούν με #b2 #yΔύναμη.",
      "πάρε [R] στην αρχή κάθε γύρου.",
      "πάρε [G] στην αρχή κάθε γύρου.",
      "πάρε [B] στην αρχή κάθε γύρου."
    ]
  },
  "Potion Belt": {
    "NAME": "Ζώνη για Φίλτρα",
    "FLAVOR": "Μπορώ να κουβαλήσω περισσότερα Φίλτρα με αυτή τη ζώνη!",
    "DESCRIPTIONS": [
      "Όταν το πάρεις, πάρε #b2 θέσεις για Φίλτρα."
    ]
  },
  "Prayer Wheel": {
    "NAME": "Τροχός Προσευχής",
    "FLAVOR": "Ο τροχός γυρνά αιώνια.",
    "DESCRIPTIONS": [
      "Οι Κοινοί εχθροί δίνουν μια παραπάνω κάρτα προς επιλογή."
    ]
  },
  "Question Card": {
    "NAME": "Ερωτηματολόγιο",
    "FLAVOR": "\"Όσοι έχουν περισσότερες επιλογές ελαχιστοποιούν τα μειονεκτήματα του χάους.\" - Μέγας Κουμπλάϊ",
    "DESCRIPTIONS": [
      "Στις μελλοντικές οθόνες ανταμοιβής κάρτας έχεις #y1 παραπάνω κάρτα στις επιλογές."
    ]
  },
  "Red Circlet": {
    "NAME": "Πορφυρός Κυκλίσκος",
    "FLAVOR": "Μάζεψες όλα τα κειμήλια. Εντυπωσιακό!",
    "DESCRIPTIONS": [
      "Δείχνει πολύ όμορφο."
    ]
  },
  "Red Mask": {
    "NAME": "Κόκκινο Προσωπείο",
    "FLAVOR": "Αυτό το πολύ στυλάτο προσωπείο ανήκει στον αρχηγό των Ληστών του Κόκκινου Προσωπείου. Θεωρητικά αυτό σε κάνει αρχηγό τους?",
    "DESCRIPTIONS": [
      "Στην αρχή κάθε μάχης, εφάρμοσε #b",
      " #yΕυάλωτος σε ΌΛΟΥΣ τους εχθρούς."
    ]
  },
  "Red Skull": {
    "NAME": "Πορφυρό Κρανίο",
    "FLAVOR": "Ένα μικρό κρανίο με διακοσμητική μπογιά.",
    "DESCRIPTIONS": [
      "Όταν οι ΒΥ σου είναι #b50% ή λιγότερο, έχεις #b",
      " παραπάνω #yΔύναμη."
    ]
  },
  "Regal Pillow": {
    "NAME": "Βασιλικό Μαξιλάρι",
    "FLAVOR": "Τώρα μπορείς να έχεις μια νύχτα καλού ύπνου.",
    "DESCRIPTIONS": [
      "γιάτρεψε #b ΒΥ",
      " παραπάνω όταν πας για #yΞεκούραση."
    ]
  },
  "Ring of the Serpent": {
    "NAME": "Δαχτυλίδι του Ερπετού",
    "DESCRIPTIONS": [
      "Αντικαθιστά το #gΔαχτυλίδι #gτου #gΦιδιού. Άν σφάξεις #yΕλίτ εχθρό, αύξησε τους Μέγιστους ΒΥ κατά #b",
      "At the start of your turn, draw #b1 additional card."
    ],
    "FLAVOR": "Your ring has morphed and changed forms."
  },
  "Ring of the Snake": {
    "NAME": "Δαχτυλίδι του Φιδιού",
    "FLAVOR": "Φτιαγμένο από αποληθωμένο φίδι. Υποδεικνύει μεγάλη κυνηγετική ικανότητα.",
    "DESCRIPTIONS": [
      "Στην αρχή κάθε μάχης, τράβηξε #b",
      " παραπάνω κάρτες."
    ]
  },
  "Runic Capacitor": {
    "NAME": "Ρουνικός Πυκνωτής",
    "FLAVOR": "Περισσότερο ίσον καλύτερο.",
    "DESCRIPTIONS": [
      "Ξεκίνα κάθε μάχη με #b3 παραπάνω θέσεις Σφαίρας."
    ]
  },
  "Runic Cube": {
    "NAME": "Ρουνικός Κύβος",
    "FLAVOR": "Οι ρούνοι είναι ακατανόητοι.",
    "DESCRIPTIONS": [
      "Όποτε χάνεις ΒΥ, τράβηξε #b",
      " κάρτα.",
      ""
    ]
  },
  "Runic Dome": {
    "NAME": "Ρουνικό Δώμα",
    "FLAVOR": "Οι ρούνοι είναι ακατανόητοι.",
    "DESCRIPTIONS": [
      "στην αρχή κάθε γύρου. Δεν μπορείς πλέον να δεις την #bΠρόθεση του εχθρού.",
      "πάρε [R] ",
      "πάρε [G] ",
      "πάρε [B] "
    ]
  },
  "Runic Pyramid": {
    "NAME": "Ρουνική Πυραμίδα",
    "FLAVOR": "Οι ρούνοι είναι ακατανόητοι.",
    "DESCRIPTIONS": [
      "Στο τέλος του γύρου σου, δεν απορρίπτεις το χέρι σου.",
      ""
    ]
  },
  "Self Forming Clay": {
    "NAME": "Αυτοσχηματιζώμενος Πυλός",
    "FLAVOR": "\"Πολύ παράξενο! Φαίνεται να αυτοσχηματίζεται σχεδόν σύμφωνα με τις σκέψεις μου! Τηλε-πυλός?\" - Ράνγουιντ",
    "DESCRIPTIONS": [
      "Όποτε χάνεις ΒΥ στη μάχη, πάρε #b",
      " #yΜπλοκάρισμα τον επόμενο γύρο."
    ]
  },
  "Shovel": {
    "NAME": "Φτυάρι",
    "FLAVOR": "Ο Πύργος περιέχει κάθε είδους κειμήλιο από αρχαίους πολιτισμούς και ισχυρούς εξερευνητές χαμένους στο χρόνο. Ώρα να τα ξεθάψεις!",
    "DESCRIPTIONS": [
      "Μπορείς τώρα να #yΣκάψεις για θησαυρό στις Εστίες Ξεκούρασης."
    ]
  },
  "Shuriken": {
    "NAME": "Αστεράκι του Νίντζα",
    "FLAVOR": "Ελαφρυά όπλα για ρήψη. Συστείνεται να σημαδεύεις στα μάτια.",
    "DESCRIPTIONS": [
      "Κάθε φορά που παίζεις #b",
      " #yΕπιθέσεις σε ένα γύρο, πάρε #b",
      " #yΔύναμη."
    ]
  },
  "Singing Bowl": {
    "NAME": "Μελωδική Γαβάθα ",
    "FLAVOR": "Αυτό το πολυκαιρισμένο κειμήλιο κουδουνίζει μια πανέμορφη μελωδία όταν το χτυπάς.",
    "DESCRIPTIONS": [
      "Όταν βάζεις κάρτες στην τράπουλα σου, μπορείς να πάρεις #b+2 Μέγιστους ΒΥ αντί για κάρτα."
    ]
  },
  "Smiling Mask": {
    "NAME": "Χαμογελαστή Μάσκα",
    "FLAVOR": "Η μάσκα που φορά ο Έμπορος. Προφανώς έχει εφεδρικές...",
    "DESCRIPTIONS": [
      "Η Υπηρεσία Αφαίρεσης Κάρτας του Έμπορα τώρα κοστίζει πάντα #b",
      " #yΧρυσό."
    ]
  },
  "Snake Skull": {
    "NAME": "Κρανίο του Σαυρόφιδου",
    "FLAVOR": "Ένα κρανίο Σαυρόφιδου σε άψογη κατάσταση. Περιέργως καθαρό και λείο, καθώς σκόνη και λεκέδες εξαφανίζονται ανεξήγητα.",
    "DESCRIPTIONS": [
      "Όποτε εφαρμόζεις #yΔηλητήριο, εφάρμοσε ένα παραπάνω #b",
      " #yΔηλητήριο."
    ]
  },
  "Snecko Eye": {
    "NAME": "Μάτι του Σαυρόφιδου",
    "FLAVOR": "Το μάτι ενός πεσμένου Σαυρόφιδου. Πολύ μεγαλύτερο απο ότι φανταζόσουν.",
    "DESCRIPTIONS": [
      "τράβηξε #b2 παραπάνω κάρτες κάθε γύρο. Ξεκίνα τη μάχη με #yΣύγχηση."
    ]
  },
  "Sozu": {
    "NAME": "Σόζου",
    "FLAVOR": "Παρατηρείς ότι όποιο μαγικό υγρό πλησιάζει αυτό το κειμήλιο χάνει τις ιδιότητες του.",
    "DESCRIPTIONS": [
      " Δεν μπορείς πλέον να πάρεις Φίλτρα. ",
      "πάρε [R] στην αρχή κάθε γύρου.",
      "πάρε [G] στην αρχή κάθε γύρου.",
      "πάρε [B] στην αρχή κάθε γύρου."
    ]
  },
  "Spirit Poop": {
    "NAME": "Πνευματικά Κακάκια",
    "FLAVOR": "Τα καψαλισμένα υπολείμματα της προσφοράς σου.",
    "DESCRIPTIONS": [
      "Είναι δυσάρεστα."
    ]
  },
  "Strange Spoon": {
    "NAME": "Παράξενο Κουτάλι",
    "FLAVOR": "Κοιτώντας το κουτάλι, φαίνεται να λυγίζει μπροστά στα μάτια σου.",
    "DESCRIPTIONS": [
      "Οι κάρτες με #yΕξάντληση πλέον εξαντλούνται μόνο #b50% των φορών που τις παίζεις."
    ]
  },
  "Strawberry": {
    "NAME": "Φράουλα",
    "FLAVOR": "\"Πεντανόστιμη! Δεν έχω δει κάτι τέτοιο απ'την καπνιά.\" - Ράνγουιντ",
    "DESCRIPTIONS": [
      "Όταν το πάρεις, αύξησε τους Μέγιστους ΒΥ κατά #b"
    ]
  },
  "Sundial": {
    "NAME": "Ηλιακό Ωρολόγιο",
    "FLAVOR": "\"Η πρώιμη εμμονή του ανθρώπου με το χρόνο τον έκανε να κοιτάξει στον ουρανό για καθοδήγηση, ελπίζοντας σε κάτι μόνιμο.\" - Ζορόθ",
    "DESCRIPTIONS": [
      "Κάθε #b",
      " φορές που ανακατεύεις την τράπουλα, πάρε [R] [R] .",
      " φορές που ανακατεύεις την τράπουλα, πάρε [G] [G] .",
      " φορές που ανακατεύεις την τράπουλα, πάρε [B] [B] ."
    ]
  },
  "Symbiotic Virus": {
    "NAME": "Συμβιωτικός Ιός",
    "FLAVOR": "Μια στάλα κακό μπορεί να κάνει πολύ καλό...",
    "DESCRIPTIONS": [
      "Στην αρχή κάθε μάχης, #yΔιοχέτευσε #b1 #yΣκότος."
    ]
  },
  "Test 1": {
    "NAME": "Test 1",
    "FLAVOR": "Test relic for beta. If you like it, let the devs know.",
    "DESCRIPTIONS": [
      "Όποτε you use a potion, πάρε ",
      " [R] .",
      " [G] .",
      " [B] ."
    ]
  },
  "Test 2": {
    "NAME": "Test 2",
    "FLAVOR": "Test relic for beta. If you like it, let the devs know.",
    "DESCRIPTIONS": [
      "When viewing your #yDraw #yPile, the κάρτες are now shown in order."
    ]
  },
  "Test 3": {
    "NAME": "Test 3",
    "FLAVOR": "Test relic for beta. If you like it, let the devs know.",
    "DESCRIPTIONS": [
      "When obtained, #yUpgrade all of your #yDefend κάρτες."
    ]
  },
  "Test 4": {
    "NAME": "Test 4",
    "FLAVOR": "Test relic for beta. If you like it, let the devs know.",
    "DESCRIPTIONS": [
      "At the start of combat, the cost of all #yStrike κάρτες are set to #b0."
    ]
  },
  "Test 5": {
    "NAME": "Test 5",
    "FLAVOR": "Test relic for beta. If you like it, let the devs know.",
    "DESCRIPTIONS": [
      "Όταν το πάρεις, #yUpgrade #b",
      " random #ySkills."
    ]
  },
  "Test 6": {
    "NAME": "Test 6",
    "FLAVOR": "Test relic for beta. If you like it, let the devs know.",
    "DESCRIPTIONS": [
      "Στο τέλος κάθε γύρου, πάρε #b",
      " #yΜπλοκάρισμα for every #b",
      " #yGold you have."
    ]
  },
  "Test 7": {
    "NAME": "Test 7",
    "FLAVOR": "Test relic for beta. If you like it, let the devs know.",
    "DESCRIPTIONS": [
      "#yElites now drop #b2 #yΚειμήλια when defeated."
    ]
  },
  "Test 8": {
    "NAME": "Test 8",
    "FLAVOR": "Test relic for beta. If you like it, let the devs know.",
    "DESCRIPTIONS": [
      "τράβηξε #b2 παραπάνω κάρτες each turn. Start each combat #yConfused."
    ]
  },
  "The Courier": {
    "NAME": "Ο κουβαλητής",
    "FLAVOR": "Το κατοικίδιο του Έμπορα!",
    "DESCRIPTIONS": [
      "Ο Έμπορος δε ξεμένει από κάρτες, κειμήλια ή φίλτρα και οι τιμές του μειώνονται κατά #b20%."
    ]
  },
  "The Specimen": {
    "NAME": "Το Δείγμα",
    "FLAVOR": "\"Μαγευτικό! Βρήκα ένα μεταλλαγμένο πλάσμα με τις καταπληκτικότερες τοξικές ιδιότητες. Κρατάω ένα δείγμα για επανεξέταση.\" - Ράνγουιντ",
    "DESCRIPTIONS": [
      "Όποτε ένας εχθρός πεθάνει, μετέφερε το #yΔηλητήριο που έχει σε έναν άλλο τυχαίο εχθρό."
    ]
  },
  "Thread and Needle": {
    "NAME": "Βελόνα και Κλωστή",
    "FLAVOR": "Τυλίγοντας τη μαγική κλωστή γύρω σου, νιώθεις σκληρότερος στο άγγιγμα.",
    "DESCRIPTIONS": [
      "Στην αρχή κάθε μάχης, πάρε #b",
      " #yΕπιστρωμένη #yΠανοπλία."
    ]
  },
  "Tingsha": {
    "NAME": "Κύμβαλα Τινγκσα",
    "FLAVOR": "Ο ήχος που παράγει αυτό το όργανο φαίνεται να αντηχεί σε επίπονα επίπεδα έντασης.",
    "DESCRIPTIONS": [
      "Όποτε απορρίπτεις μια κάρτα στο γύρο σου, κάνε #b",
      " ζημιά σε ένα τυχαίο εχθρό για κάθε κάρτα."
    ]
  },
  "Tiny Chest": {
    "NAME": "Μικροσκοπικό Σεντούκι",
    "FLAVOR": "\"Ένα πολύ ωραίο πρωτότυπο.\" - Ο Αρχιτέκτονας",
    "DESCRIPTIONS": [
      "Πάρε #b",
      " #yΧρυσό. Έχεις #b10% παραπάνω πιθανότητες να βρεις θησαυρό σε ? δωμάτια.",
      "Έχεις #b10% παραπάνω πιθανότητες να βρεις θησαυρό σε ? δωμάτια."
    ]
  },
  "Tiny House": {
    "NAME": "Μικροσκοπικό Σπιτάκι",
    "FLAVOR": "\"Μια σχεδόν τέλεια μινιατούρα. Η καλύτερη δουλειά μου ως τώρα, αλλά και πάλι δεν είναι αρκετό.\" - Ο Αρχιτέκτονας",
    "DESCRIPTIONS": [
      "Όταν το πάρεις, πάρε #b1 Φίλτρο. NL Πάρε #b",
      " #yΧρυσό. NL Αύξησε τους Μέγιστους ΒΥ κατά #b",
      ". NL Πάρε #b1 κάρτα. NL Αναβάθμισε #b1 τυχαία κάρτα.",
      "Μικροσκοπικό Σπιτάκι!"
    ]
  },
  "Toolbox": {
    "NAME": "Εργαλειοθήκη",
    "FLAVOR": "Εργαλεία για κάθε εργασία.",
    "DESCRIPTIONS": [
      "Στην αρχή κάθε μάχης, βάλε μια τυχαία άχρωμη κάρτα στο χέρι σου."
    ]
  },
  "Torii": {
    "NAME": "Τόριι",
    "FLAVOR": "Κρατώντας τη μικρή αυτή πύλη, νιώθεις μια αίσθηση ηρεμίας και ασφάλειας να κατακλίζει το μυαλό σου.",
    "DESCRIPTIONS": [
      "Όποτε θα δεχόσουν #b",
      " ή λιγότερη αμπλοκάριστη ζημιά από #yΕπίθεση, μείωσε την σε #b1."
    ]
  },
  "Tough Bandages": {
    "NAME": "Τραχύς Επίδεσμος",
    "FLAVOR": "Η απώλεια δίνει δύναμη.",
    "DESCRIPTIONS": [
      "Όποτε απορρίπτεις μια κάρτα στο γύρο σου, πάρε #b",
      " #yΜπλοκάρισμα."
    ]
  },
  "Toxic Egg 2": {
    "NAME": "Τοξικό Αυγό",
    "FLAVOR": "\"Τι συναρπαστική ανακάλυψη! Αυτό μοιάζει να είναι το αδρανές αυγό κάποιου μαγικού πλάσματος. Ποιός ή τί το δημιουργησε?\" - Ράνγουιντ",
    "DESCRIPTIONS": [
      "Όποτε βάζεις μια #yΙκανότητα στην τράπουλα σου, #yΑναβάθμισε τη."
    ]
  },
  "Toy Ornithopter": {
    "NAME": "Ορνιθόπτερο",
    "FLAVOR": "\"Αυτό το μικρό παιχνιδάκι είναι ο τέλειος συνοδοιπόρος για τον μοναχικό εξερευνητή!\"",
    "DESCRIPTIONS": [
      "Όποτε χρησιμοποιείς Φίλτρο, γιάτρεψε #b",
      " ΒΥ."
    ]
  },
  "Turnip": {
    "NAME": "Γογγύλι",
    "FLAVOR": "Άψογο με πιπερόριζα.",
    "DESCRIPTIONS": [
      "Δεν μπορείς πλέον να γίνεις #yΕυπαθής."
    ]
  },
  "Unceasing Top": {
    "NAME": "Ασταμάτητη Σβούρα",
    "FLAVOR": "Η σβούρα στριφογυρίζει αβίαστα σα να βρίσκεσαι σε όνειρο.",
    "DESCRIPTIONS": [
      "Όποτε δεν έχεις κάρτες στο χέρι σου στη διάρκεια του γύρου σου, τράβηξε μια κάρτα."
    ]
  },
  "Vajra": {
    "NAME": "Βάχρα",
    "FLAVOR": "Ένα διακοσμητικό κειμήλιο με το οποίο ανταμοίβονταν μαχητές δοξασμένοι στη μάχη.",
    "DESCRIPTIONS": [
      "Ξεκίνα κάθε μάχη με #b",
      " #yΔύναμη."
    ]
  },
  "Velvet Choker": {
    "NAME": "Βελούδινο Περιδέραιο",
    "FLAVOR": "\"Εκπληκτική δύναμη, αλλά πολύ περιορισμένη.\" - Μέγας Κουμπλάϊ",
    "DESCRIPTIONS": [
      "Δεν μπορείς να παίξεις περισσότερες από #b",
      " κάρτες κάθε γύρο.",
      "πάρε [R] στην αρχή κάθε γύρου. ",
      "πάρε [G] στην αρχή κάθε γύρου. ",
      "πάρε [B] στην αρχή κάθε γύρου. ",
      "Μπορώ να παίξω μόνο μέχρι NL #r"
    ]
  },
  "War Paint": {
    "NAME": "Πολεμική Βαφή",
    "FLAVOR": "Στο παρελθόν, οι Τεθωρακισμένοι δημιουργούσαν φυλαχτά χρησιμοποιώντας μαγεμένη πολεμική βαφή πριν τρέξουν στη μάχη.",
    "DESCRIPTIONS": [
      "Όταν το πάρεις, #yΑναβάθμισε #b",
      " τυχαίες #yΙκανότητες."
    ]
  },
  "Whetstone": {
    "NAME": "Ακονόπετρα",
    "FLAVOR": "\"Η σάρκα ποτέ δε νικά το ατσάλι.\" - Μέγας Κουμπλάϊ",
    "DESCRIPTIONS": [
      "Όταν το πάρεις, #yΑναβάθμισε #b",
      " τυχαίες #yΕπιθέσεις."
    ]
  },
  "White Beast Statue": {
    "NAME": "Άγαλμα του Λευκού Κτήνους",
    "FLAVOR": "Ένα μικρό λευκό άγαλμα ενός πλάσματος που δεν έχεις ξαναδεί ποτέ.",
    "DESCRIPTIONS": [
      "Μετά τη μάχη, πάντα παίρνεις ένα Φίλτρο."
    ]
  },
  "Boot": {
    "NAME": "Η Μπότα",
    "FLAVOR": "Όταν δεθεί, η μπότα μεγαλώνει σε μέγεθος.",
    "DESCRIPTIONS": [
      "Όποτε θα έκανες #b",
      " ή λιγότερη #yΑμπλοκάριστη ζημιά, αύξησε τη σε #b5."
    ]
  },
  "Mark of the Bloom": {
    "NAME": "Σημάδι Άνθησης",
    "FLAVOR": "Στο Πέρα, σκέψεις και πραγματικότητα είναι ένα.",
    "DESCRIPTIONS": [
      "Δεν μπορείς πλέον να γιατρευτείς."
    ]
  },
  "Busted Crown": {
    "NAME": "Σπασμένη Κορόνα",
    "FLAVOR": "Η κορόνα του Νικητή... ή μια φτηνή απομίμηση?",
    "DESCRIPTIONS": [
      "Στις οθόνες ανταμοιβής κάρτας, έχεις #b2 λιγότερες κάρτες να διαλέξεις.",
      "Πάρε [R] στην αρχή κάθε γύρου. ",
      "Πάρε [G] στην αρχή κάθε γύρου. ",
      "Πάρε [B] στην αρχή κάθε γύρου. "
    ]
  },
  "Empty Cage": {
    "NAME": "Άδειο Κλουβί",
    "FLAVOR": "\"Πόσο ασυνήθιστο να φυλακίζεις αυτό που λατρεύεις.\" - Ράνγουιντ",
    "DESCRIPTIONS": [
      "Όταν το πάρεις, αφαίρεσε #b2 κάρτες από την τράπουλα.",
      "Διάλεξε 2 κάρτες για Αφαίρεση."
    ]
  },
  "Incense Burner": {
    "NAME": "Θυμιατό",
    "FLAVOR": "Ένα πολύ παλιό θυμιατό. Αφάνταστο να καις πολύτιμο ξύλο.",
    "DESCRIPTIONS": [
      "Κάθε #b5 γύρους, πάρε #b1 #yΆυλος."
    ]
  },
  "Fusion Hammer": {
    "NAME": "Σφυρί Σύντηξης",
    "FLAVOR": "Μόλις το σηκώσει κάποιος, δε μπορεί ποτέ να το αφήσει.",
    "DESCRIPTIONS": [
      "στην αρχή κάθε γύρου. Δεν μπορείς πλέον να κάνεις Αναβάθμιση στις Εστίες Ξεκούρασης.",
      "Πάρε [R] ",
      "Πάρε [G] ",
      "Πάρε [B] "
    ]
  },
  "Coffee Dripper": {
    "NAME": "Αποστακτήρας Καφέ",
    "FLAVOR": "\"Ναι, άλλη μια κούπα παρακαλώ. Πίσω στη δουλειά. Πίσω στη δουλειά!\" - Ο Αρχιτέκτονας",
    "DESCRIPTIONS": [
      "στην αρχή κάθε γύρου. Δεν μπορείς πλέον να γιατρευτείς στις Εστίες Ξεκούρασης.",
      "Πάρε [R] ",
      "Πάρε [G] ",
      "Πάρε [B] "
    ]
  },
  "SsserpentHead": {
    "NAME": "Κεφάλι Φφφφφφιδιού",
    "FLAVOR": "Η πιό ικανοποιητική ζωή είναι αυτή που σου επιτρέπει να #yαγοράζεις #yοτιδήποτε!",
    "DESCRIPTIONS": [
      "Όποτε ξεκινάς κάποιο περιστατικό, πάρε #b",
      " #yΧρυσό."
    ]
  },
  "NlothsMask": {
    "NAME": "Η Μάσκα του Ν'λοθ",
    "FLAVOR": "Πεινάς.",
    "DESCRIPTIONS": [
      "Το επόμενο σεντούκι (όχι Αρχηγού) ποθ θα ανοίξεις είναι άδειο.",
      ""
    ]
  },
  "FaceOfCleric": {
    "NAME": "Προσωπείο του Κληρικού",
    "FLAVOR": "Όλοι αγαπούν τον Κληρικό.",
    "DESCRIPTIONS": [
      "Άυξησε τους μέγιστους ΒΥ κατά #b1 μετά από κάθε μάχη."
    ]
  },
  "CultistMask": {
    "NAME": "Μάσκα του Αιρετικού",
    "FLAVOR": "Ένας από εμάς!",
    "DESCRIPTIONS": [
      "Νιώθεις φλύαρος.",
      "@ΚΡΑ!@ NL @ΚΡΑΑΑΟΥ@"
    ]
  },
  "GremlinMask": {
    "NAME": "Μάσκα του Καλικάντζαρου",
    "FLAVOR": "Ώρα να τρέξεις.",
    "DESCRIPTIONS": [
      "Ξεκίνα κάθε μάχη με #b1 #yΑδύναμος."
    ]
  },
  "TheAbacus": {
    "NAME": "Ο Άβακας",
    "FLAVOR": "Ένα...Δύο...Τρία...Νεκρός!",
    "DESCRIPTIONS": [
      "Πάρε #b6 #yΜπλοκάρισμα όποτε ανακατεύεις τη Στοίβα Τραβήγματος.",
      " #yBlock."
    ]
  },
  "DollysMirror": {
    "NAME": "Ο Καθρέφτης της Ντόλλυ",
    "FLAVOR": "\"Μοιάζω περίεργος στον καθρέφτη.\"",
    "DESCRIPTIONS": [
      "Όταν το πάρεις, πάρε ένα αντίγραφο μιας κάρτας στην τράπουλα σου.",
      "Διάλεξε 1 Κάρτα για Αντιγραφή."
    ]
  },
  "ClockworkSouvenir": {
    "NAME": "Clockwork Souvenir",
    "FLAVOR": "\"So many intricate gears.\"",
    "DESCRIPTIONS": [
      "At the start of each combat, gain #b1 #yArtifact."
    ]
  },
  "TwistedFunnel": {
    "NAME": "Twisted Funnel",
    "FLAVOR": "\"I wouldn't drink out of it.\"",
    "DESCRIPTIONS": [
      "At the start of each combat, apply #b4 #yPoison to ALL enemies."
    ]
  },
  "MealTicket": {
    "NAME": "Meal Ticket",
    "FLAVOR": "\"Complimentary meatballs with every visit!\"",
    "DESCRIPTIONS": [
      "Whenever you enter a shop room, heal #b7 HP.",
      " HP."
    ]
  },
  "HandDrill": {
    "NAME": "Hand Drill",
    "FLAVOR": "\"Spirals are dangerous.\"",
    "DESCRIPTIONS": [
      "Whenever you break an enemy's block, apply #b2 #yVulnerable."
    ]
  },
  "HoveringKite": {
    "NAME": "Hovering Kite",
    "FLAVOR": "The Kite floats around you in battle, propelled by a mysterious force.",
    "DESCRIPTIONS": [
      "Discard #b1 card and gain [G] at the start of each turn."
    ]
  },
  "Sling": {
    "NAME": "Sling of Courage",
    "FLAVOR": "\"A handy tool for dealing with particularly tough opponents.\"",
    "DESCRIPTIONS": [
      "Start each Elite combat with #b",
      " #yStrength."
    ]
  },
  "FrozenCore": {
    "NAME": "Frozen Core",
    "FLAVOR": "The crack in your core has been filled with a pulsating cold energy.",
    "DESCRIPTIONS": [
      "Replaces #rCracked #rCore. If you end your turn with empty Orb slots, #yChannel #b1 #yFrost."
    ]
  },
  "OrangePellets": {
    "NAME": "Orange Pellets",
    "FLAVOR": "\"Made from various fungi found throughout the Spire, they will stave off any affliction.\"",
    "DESCRIPTIONS": [
      "Whenever you play a #yPower, #yAttack and #ySkill in the same turn, remove all of your Debuffs."
    ]
  },
  "WristBlade": {
    "NAME": "Wrist Blade",
    "FLAVOR": "Handy for assassinations.",
    "DESCRIPTIONS": [
      "#yAttack cards that cost #b0 deal #b3 additional damage."
    ]
  },
  "StoneCalendar": {
    "NAME": "Stone Calendar",
    "FLAVOR": "The passage of time is imperceptible in the Spire.",
    "DESCRIPTIONS": [
      "At the end of turn #b",
      ", deal #b",
      " damage to ALL enemies."
    ]
  },
  "Nunchaku": {
    "NAME": "Nunchaku",
    "FLAVOR": "A good training tool. Improves the posture and agility of the wielder.",
    "DESCRIPTIONS": [
      "Every time you play #b",
      " Attacks, gain [R] .",
      " Attacks, gain [G] .",
      " Attacks, gain [B] ."
    ]
  },
  "MawBank": {
    "NAME": "Maw Bank",
    "FLAVOR": "Surprisingly popular, despite maw attacks being a regular occurrence.",
    "DESCRIPTIONS": [
      "Whenever you climb a floor, gain #b5 #yGold. No longer works when you spend any #yGold at the shop.",
      " #yGold. No longer works when you spend any #yGold at the shop.",
      "This relic has been used up."
    ]
  },
  "MutagenicStrength": {
    "NAME": "Mutagenic Strength",
    "FLAVOR": "\"The results seem fleeting, triggering when the subject is in danger.\" - Unknown",
    "DESCRIPTIONS": [
      "Start each combat with #b",
      " #yStrength that is lost at the end of your turn.",
      " #yStrength."
    ]
  },
  "Brimstone": {
    "NAME": "Brimstone",
    "FLAVOR": "An enchanted hourglass that endlessly drips.",
    "DESCRIPTIONS": [
      "At the start of your turn, everyone gains #b",
      " #yStrength.",
      " #yStrength."
    ]
  },
  "Pocketwatch": {
    "NAME": "Pocketwatch",
    "FLAVOR": "The hands seem stuck on the 3 o'clock position.",
    "DESCRIPTIONS": [
      "Whenever you play #b3 or less cards in a turn, draw #b3 additional cards at the start of your next turn."
    ]
  },
  "PreservedInsect": {
    "NAME": "Preserved Insect",
    "FLAVOR": "The insect seems to create a shrinking aura that targets particularly large enemies.",
    "DESCRIPTIONS": [
      "Enemies in Elite rooms have #b",
      "% less HP."
    ]
  },
  "FossilizedHelix": {
    "NAME": "Fossilized Helix",
    "FLAVOR": "Seemingly indestructible, you wonder what kind of creature this belonged to.",
    "DESCRIPTIONS": [
      "Prevent the first time you would lose HP in combat."
    ]
  },
  "PrismaticShard": {
    "NAME": "Prismatic Shard",
    "FLAVOR": "Looking through the shard, you are able to see entirely new perspectives.",
    "DESCRIPTIONS": [
      "Combat reward screens now contain colorless cards and cards from other colors."
    ]
  },
  "WarpedTongs": {
    "NAME": "Warped Tongs",
    "FLAVOR": "The cursed tongs emit a strong desire to return to where they were stolen from.",
    "DESCRIPTIONS": [
      "At the start of your turn, #yUpgrade a random card in your hand."
    ]
  },
  "WingedGreaves": {
    "NAME": "Winged Greaves",
    "FLAVOR": "Stylish.",
    "DESCRIPTIONS": [
      "You may ignore paths when choosing the next room to travel to #b3 times."
    ]
  }
}