{
  "Allstar": {
    "NAME": "Αστέρας",
    "DESCRIPTION": "Ξεκίνα με 5 άχρωμες κάρτες."
  },
  "Binary": {
    "NAME": "Δυαδικός",
    "DESCRIPTION": "Οι ανταμοιβές Κάρτας περιέχουν μόνο 2 κάρτες."
  },
  "Brewmaster": {
    "NAME": "Μάστορας Απόσταξης",
    "DESCRIPTION": "Ξεκίνα με 5 αντίγραφα Αλχημισμού και το Άγαλμα Λευκού Κτήνους."
  },
  "Cursed Run": {
    "NAME": "Καταραμένη Προσπάθεια",
    "DESCRIPTION": "Όποτε κερδίζεις έναν Αρχηγό, γίνεσαι Καταραμένος. Το αρχικό σου κειμήλιο αντικαθίσταται από το Καταραμένο Κλειδί, το Περιδέραιο της Μαύρης Πέτρας και την Κούκλα Ντου-Βου."
  },
  "Diverse": {
    "NAME": "Ποικιλόμορφος",
    "DESCRIPTION": "Οι κάρτες δεν περιορίζονται από τον χαρακτήρα σου."
  },
  "Draft": {
    "NAME": "Προσχέδιο",
    "DESCRIPTION": "Φτιάξε τη δική σου τράπουλα από αρχικές κάρτες."
  },
  "Elite Swarm": {
    "NAME": "Κυνηγός Μεγάλων Θυραμάτων",
    "DESCRIPTION": "Τα Ελίτ κατακλείζουν τον Πύργο και δίνουν καλύτερες ανταμοιβές."
  },
  "Heirloom": {
    "NAME": "Κληρονομιά",
    "DESCRIPTION": "Ξεκίνα με ένα Σπάνιο Κειμήλιο."
  },
  "Hoarder": {
    "NAME": "Αποθησαυριστής",
    "DESCRIPTION": "Όποτε βάζεις κάρτα στην τράπουλα, βάλε 2 επιπλέον αντίγραφα. Δεν μπορείς να αφαιρέσεις κάρτες στον Έμπορο."
  },
  "Insanity": {
    "NAME": "Τρέλα",
    "DESCRIPTION": "Ξεκίνα με τυχαία τράπουλα 50 καρτών."
  },
  "Lethality": {
    "NAME": "Θανατηφορος",
    "DESCRIPTION": "Ξεκίνα κάθε μάχη με +3 Δύναμη. Όλοι οι εχθροί ξεκινούν με +3 Δύναμη."
  },
  "Midas": {
    "NAME": "Μήδας",
    "DESCRIPTION": "Οι εχθροί πετούν 200% περισσότερο χρυσό, αλλά δεν μπορείς να αναβαθμίσεις κάρτες στις Εστίες Ξεκούρασης."
  },
  "Night Terrors": {
    "NAME": "Νυχτερινοί Εφιάλτες",
    "DESCRIPTION": "Η ξεκούραση σε Εστίες Ξεκούρασης γιατρεύουν 100% των ΒΥ, αλλά κοστίζει 5 μέγιστους ΒΥ."
  },
  "Shiny": {
    "NAME": "Λαμπερό",
    "DESCRIPTION": "Η αρχική τράπουλα αντικαθίσταται από 1 από κάθε Σπάνια Κάρτα."
  },
  "Specialized": {
    "NAME": "Εξειδικευμένος",
    "DESCRIPTION": "Ξεκίνα με 5 αντίγραφα μιας Σπάνιας Κάρτας."
  },
  "Terminal": {
    "NAME": "Τερματικό",
    "DESCRIPTION": "Όποτε μπαίνεις σε νεο δωμάτιο, χάσε 1 μέγιστο ΒΥ. Ξεκίνα κάθε μάχη με 5 Επιστρωμένη Πανοπλία."
  },
  "Time Dilation": {
    "NAME": "Χρονική Διαστολή",
    "DESCRIPTION": "Όλοι οι εχθροί ξεκινούν με την Αρνητική Επίδραση Αργός."
  },
  "Uncertain Future": {
    "NAME": "Σίγουρο Μέλλον",
    "DESCRIPTION": "Ο Χάρτης έχει μόνο ένα μονοπάτι."
  },
  "Vintage": {
    "NAME": "Αντικέ",
    "DESCRIPTION": "Οι κοινοί εχθροί δίνουν Κειμήλια αντί για κάρτες."
  },
  "Endless": {
    "NAME": "Άπειρο",
    "DESCRIPTION": "Αν κερδίσεις επιστρέφεις στην 1η Πράξη με την ίδια τράπουλα. Αλλά πρόσεχε, η καπνιά στο τέλος καταβροχθίζει τα πάντα..."
  },
  "One Hit Wonder": {
    "NAME": "Θαύμα ενός χτυπήματος",
    "DESCRIPTION": "Ξεκίνα το παιχνίδι με 1 μέγιστο ΒΥ."
  },
  "Starter Deck": {
    "NAME": "Αρχική Τράπουλα",
    "DESCRIPTION": "Ξεκίνα το παιχνίδι με τη σπασμένη κορόνα και το δυαδικό, οπότε οι εχθροί δεν δίνουν κάρτες."
  },
  "Praise Snecko": {
    "NAME": "Ύμνος στο Σαυρόφιδο",
    "DESCRIPTION": "Αντικατέστησε το αρχικό κειμήλιο με το Μάτι του Σαυρόφιδου."
  },
  "Inception": {
    "NAME": "Σύλληψη",
    "DESCRIPTION": "Αντικατέστησε το αρχικό κειμήλιο με την Ασταμάτητη Σβούρα."
  },
  "My True Form": {
    "NAME": "Η Πραγματική Μορφή",
    "DESCRIPTION": "Ξεκίνα με ένα αντίγραφο της Δαιμονικής μορφής, της Πνευματικής Μορφής και της Μορφής Ηχούς."
  },
  "Blight Chests": {
    "NAME": "Blight Chests",
    "DESCRIPTION": "Boss chests contain blights after beating Act 3 on Endless."
  },
  "Stunted Growth": {
    "NAME": "Stunted Growth",
    "DESCRIPTION": "Enemies no longer drop card rewards after beating Act 3 on Endless."
  },
  "Blue Cards": {
    "NAME": "Blue Cards",
    "DESCRIPTION": "Blue cards now appear in rewards and shops."
  },
  "Red Cards": {
    "NAME": "Red Cards",
    "DESCRIPTION": "Red cards now appear in rewards and shops."
  },
  "Colorless Cards": {
    "NAME": "Colorless Cards",
    "DESCRIPTION": "Colorless cards appear more often."
  },
  "Green Cards": {
    "NAME": "Green Cards",
    "DESCRIPTION": "Green cards now appear in rewards and shops."
  },
  "SealedDeck": {
    "NAME": "Sealed Deck",
    "DESCRIPTION": "Craft a deck from 30 random cards."
  },
  "IntelligentEnemies": {
    "NAME": "Intelligent Enemies",
    "DESCRIPTION": "All enemies have more challenging movesets and abilities."
  },
  "MonsterHunter": {
    "NAME": "Monster Hunter",
    "DESCRIPTION": "Enemies have bonus HP but drop better rewards."
  },
  "NeowTime": {
    "NAME": "Neow Time",
    "DESCRIPTION": "Receive 3 blessings and 1 blight from Neow."
  },
  "Flight": {
    "NAME": "Flight",
    "DESCRIPTION": "You may ignore paths when choosing the next room to travel to."
  },
  "ControlledChaos": {
    "NAME": "Controlled Chaos",
    "DESCRIPTION": "Start with Frozen Eye. At the start of your turn add 10 random cards to the bottom of your draw pile."
  },
  "Careless": {
    "NAME": "Careless",
    "DESCRIPTION": "At the start of every turn, discard the top card of your draw pile."
  },
  "Chimera": {
    "NAME": "Chimera",
    "DESCRIPTION": "Your starting deck is a fusion of 3 characters."
  },
  "DeadlyEvents": {
    "NAME": "Deadly Events",
    "DESCRIPTION": "? rooms can now contain Elites but are more likely to contain Treasure rooms."
  },
  "Daily Mods": {
    "NAME": "Daily Mods",
    "DESCRIPTION": "Embark on a run with exactly 3 random Daily Mods."
  }
}