{
  "AbandonRunButton": {
    "TEXT": [
      "Εγκατέλειψε την προσπάθεια"
    ]
  },
  "AbstractCard": {
    "TEXT": [
      "Κλειδωμένο",
      "Άγνωστο"
    ]
  },
  "AbstractChest": {
    "TEXT": [
      "Συνέχεια"
    ]
  },
  "AbstractCreature": {
    "TEXT": [
      "Νεκρός",
      "Μπλοκαρίστηκε",
      "Μέγιστοι ΒΥ +",
      "Εμβρόντητος!",
      "Διακόπηκε!",
      "Κειμήλια"
    ]
  },
  "AbstractDungeon": {
    "TEXT": [
      "Συνέχεια",
      "Μάστιγες:"
    ]
  },
  "AbstractMonster": {
    "TEXT": [
      "Επιθετικός",
      "Αυτός ο εχθρός ετοιμάζεται να NL #yεπιτεθεί για #b",
      " ζημιά #b",
      " φορές.",
      "Αυτός ο εχθρός ετοιμάζεται να NL #yεπιτεθεί για #b",
      " ζημιά.",
      "Επιθετικός",
      "Αυτός ο εχθρός ετοιμάζεται να χρησιμοποιήσει μια #yΕπίδραση και να #yΕπιτεθεί για #b",
      " φορές.",
      "Αυτός ο εχθρός ετοιμάζεται να χρησιμοποιήσει μια #yΕπίδραση και να #yΕπιτεθεί για #b",
      "Στρατηγικός",
      "Αυτός ο εχθρός ετοιμάζεται να προκαλέσει μία #yΑρνητική #yΕπίδραση και να #yΕπιτεθεί για #b",
      "Αυτός ο εχθρός ετοιμάζεται να βάλει #yΜπλοκάρισμα και να #yΕπιτεθεί για #b",
      "Αμυντικός",
      "Δειλός",
      "Μαγικός",
      "Κοιμάται",
      "Εμβρόντητος",
      "Άγνωστο",
      "Αυτός ο εχθρός ετοιμάζεται να χρησιμοποιήσει μία #yΕπίδραση.",
      "Αυτός ο εχθρός ετοιμάζεται να προκαλέσει μία #yΑρνητική #yΕπίδραση πάνω σου.",
      "Αυτός ο εχθρός ετοιμάζεται να προκαλέσει μία δυνατή #yΑρνητική #yΕπίδραση πάνω σου.",
      "Αυτός ο εχθρός ετοιμάζεται να #yΜπλοκάρει στο γύρο του.",
      "Αυτός ο εχθρός ετοιμάζεται να #yΜπλοκάρει και να προκαλέσει μία #yΑρνητική #yΕπίδραση πάνω σου.",
      "Αυτός ο εχθρός ετοιμάζεται να #yΜπλοκάρει και να χρησιμοποιήσει μία #yΕπίδραση.",
      "Αυτός ο εχθρός ετοιμάζεται να #yΞεφύγει.",
      "Αυτός ο εχθρός ετοιμάζεται να χρησιμοποιήσει μυστηριώδη #yΜαγία στο γύρο του.",
      "Αυτός ο εχθρός κοιμάται.",
      "Αυτός ο εχθρός θα είναι #yΕμβρόντητος στο γύρο του.",
      "Η πρόθεση αυτού του εχθρού είναι #yΆγνωστη (δεν επιτίθεται).",
      "Μπλοκαρίστηκε"
    ]
  },
  "AbstractPlayer": {
    "TEXT": [
      "Μπλοκαρίστηκε",
      "ο Τεθωρακισμένος",
      "η Αθόρυβη",
      "ο Αποστάτης"
    ]
  },
  "AbstractPotion": {
    "TEXT": [
      "Δεν μπορώ να κουβαλήσω NL περισσότερα Φίλτρα."
    ]
  },
  "AbstractRoom": {
    "TEXT": [
      "Σε κλέψανε...",
      "Το έσκασε..."
    ]
  },
  "AnyCardFromDeckToHandAction": {
    "TEXT": [
      "Διάλεξε μια Κάρτα για να Προσθέσεις στο Χέρι σου",
      "Διάλεξε Κάρτες για να Προσθέσεις στο Χέρι σου"
    ]
  },
  "ApplyPowerAction": {
    "TEXT": [
      "Ακυρώθηκε",
      "Άνοσος",
      "Αναιρέθηκε",
      "\n Κάτω"
    ]
  },
  "ArmamentsAction": {
    "TEXT": [
      "Αναβάθμιση"
    ]
  },
  "AscensionModeDescriptions": {
    "TEXT": [
      "Οι Ελίτ εχθροί εμφανίζονται συχνότερα.",
      "Οι κανονικοί εχθροί είναι πιο θανάσιμοι.",
      "Οι Ελίτ εχθροί είναι πιο θανάσιμοι .",
      "Οι Αρχηγοί είναι πιο θανάσιμοι.",
      "Γιατρεύεσαι λιγότερο μετά τους Αρχηγούς.",
      "Ξεκινάς κάθε προσπάθεια πληγωμένος.",
      "Οι κανονικοί εχθροί είναι πιο σκληροί.",
      "Οι Ελίτ εχθροί είναι πιο σκληροί.",
      "Οι Αρχηγοί είναι πιο σκληροί.",
      "Ξεκινάς κάθε προσπάθεια καταραμένος.",
      "Λιγότερες θέσεις για Φίλτρα.",
      "Οι Αναβαθμισμένες Κάρτες εμφανίζονται σπανιότερα.",
      "Φτωχοί Αρχηγοί.",
      "Χαμηλότεροι Μέγιστοι ΒΥ.",
      "(Τελευταίο Επίπεδο) Ατυχή Συμβάντα.",
      "Shops are more costly. ",
      "Normal enemies have more challenging AI. ",
      "Elites have more challenging AI. ",
      "Bosses have more challenging AI. ",
      "(Max Level) Double Boss"
    ]
  },
  "AscensionTextEffect": {
    "TEXT": [
      "Άνοδος Επίπεδο ",
      " Ξεκλειδώθηκε!"
    ]
  },
  "AttackFromDeckToHandAction": {
    "TEXT": [
      "Διάλεξε μια Επίθεση για να Προσθέσεις στο Χέρι σου."
    ]
  },
  "BattleStartEffect": {
    "TEXT": [
      "Αρχή Μάχης",
      "Γύρος Παίκτη",
      "Γύρος Εχθρού",
      " γύρος"
    ]
  },
  "BossChest": {
    "TEXT": [
      "Συνέχεια"
    ]
  },
  "BossRelicSelectScreen": {
    "TEXT": [
      "Επιβεβαίωση",
      "Επιβεβαίωσε Την Επιλογή σου",
      "Διάλεξε Κειμήλιο",
      "Απέφυγε",
      "ΨΗΦΗΣΕ ΤΩΡΑ: ",
      "s απομένουν.",
      "Διάλεξε μια Καπνιά"
    ]
  },
  "CacheAction": {
    "TEXT": [
      "Διάλεξε μια Κάρτα και βάλ'τη στην κορυφή της Στοίβας Τραβήγματος.",
      "Διάλεξε Κάρτες και βάλ'τες στην κορυφή της Στοίβας Τραβήγματος."
    ]
  },
  "CampfireSleepEffect": {
    "TEXT": [
      "Όνειρο?"
    ]
  },
  "CampfireSmithEffect": {
    "TEXT": [
      "Διάλεξε Κάρτα για Αναβάθμιση"
    ]
  },
  "CampfireTokeEffect": {
    "TEXT": [
      "Διάλεξε Κάρτα για Αφαίρεση."
    ]
  },
  "CampfireUI": {
    "TEXT": [
      "Τι να κάνω?",
      "Χμμ...",
      "Τι λες να κάνω?",
      "Ώρα για διάλλειμα",
      "Τόσες επιλογές...",
      "Θα έπρεπε να ξεκουραστώ",
      "Τόσο κουρασμένος..."
    ]
  },
  "Cancel Button": {
    "TEXT": [
      "Διαγραφή Αρχείου"
    ]
  },
  "CardLibSortHeader": {
    "TEXT": [
      "Σπανιότητα",
      "Τύπος",
      "Α-Ω",
      "Κόστος",
      "Πήγαινε σε:"
    ]
  },
  "CardLibraryScreen": {
    "TEXT": [
      "Επιστροφή",
      "Κόκκινες",
      "Πράσινες",
      "Μπλε",
      "Άχρωμες",
      "Κατάρες",
      "Καταστάσεις",
      "Δες την Αναβάθμιση"
    ]
  },
  "CardRewardScreen": {
    "TEXT": [
      "Αποφυγή",
      "Διάλεξε Κάρτα",
      "+2 Μέγιστοι ΒΥ",
      "ΨΗΦΗΣΕ ΤΩΡΑ: ",
      "s απομένουν.",
      "Δες την Αναβάθμιση"
    ]
  },
  "CharacterOption": {
    "TEXT": [
      "Κλειδωμένο",
      "Αυτός ο χαρακτήρας ξεκλειδώνει ολοκληρώνοντας μια προσπάθεια.",
      "Αυτός ο χαρακτήρας δεν είναι διαθέσιμος στην Πρώιμη Έκδοση.",
      "Αυτός ο χαρακτήρας ξεκλειδώνει ολοκληρώνοντας μια προσπάθεια με την Αθόρυβη.",
      "ΒΥ: ",
      "Χρυσός: ",
      " Ξεκλειδώματα που απομένουν",
      "Άγνωστο",
      "???",
      " Ως το επόμενο ξεκλείδωμα"
    ]
  },
  "CharacterSelectScreen": {
    "TEXT": [
      "Διάλεξε το Χαρακτήρα σου",
      "Ξεκίνα",
      "Ο Τεθωρακισμένος",
      "H Αθόρυβη",
      "Ο Αποστάτης",
      "Πίσω",
      "Άνοδος",
      "Επίπεδο ",
      "Άνοδος",
      "Το παιχνίδι δυσκολεύει καθώς κερδίζεις... (Τα σερί δεν επηρεάζονται)",
      "Seed ",
      "Τυχαίο Seed",
      "Το αρχικό seed καθορίζει τι εμφανίζεται τυχαία στην προσπάθεια.",
      "Όρισε Seed"
    ]
  },
  "ChooseOneScreen": {
    "TEXT": [
      "Διάλεξε Ένα"
    ]
  },
  "CombatRewardScreen": {
    "TEXT": [
      "Συνέχεια",
      "Απέφυγε την Κάρτα",
      "Απέφυγε το Χρυσό",
      "Απέφυγε το Φίλτρο",
      "Απέφυγε το Κειμήλιο",
      "Απέφυγε τα Λάφυρα",
      "Κλείσιμο",
      "Θησαυρός!",
      "Τι έχει μέσα?",
      "Λάφυρα!",
      "Λάφυρα!",
      "Λεία!",
      "Συμβουλή: "
    ]
  },
  "Confirm Button": {
    "TEXT": [
      "Επιβεβαίωση"
    ]
  },
  "ConfirmPopup": {
    "TEXT": [
      "Επιστροφή",
      "Διαγραφή Αρχείου",
      "Ναι",
      "Όχι"
    ]
  },
  "CopyAction": {
    "TEXT": [
      "Αντιγραφή"
    ]
  },
  "CreditsScreen": {
    "TEXT": [
      "Κλικ ξανά για να βγεις",
      "για να βγεις"
    ]
  },
  "DailyScreen": {
    "TEXT": [
      "Ημερήσια Πρόκληση",
      "Σύνδεση στον Time Server...",
      "#yΣημείωση: Έχεις προσπαθήσει την ημερήσια πρόκληση. NL Τα σκορ δεν αποστέλλονται για άλλες προσπάθειες.",
      "Επιστροφή",
      "Ξεκίνα",
      "Σημερινός χαρακτήρας: ",
      "μμ/ΜΜ/χχχχ ΩΩ:λλ:δδ",
      "Απομένων Χρόνος: ",
      "#yΤελευταίος #yΌροφος: NL  ",
      " NL NL  #yΤράπουλα: NL ",
      " NL NL  #yΚειμήλια: NL  ",
      " NL Σημερινή πρόκληση: NL #yΧαρακτήρας: NL ",
      " NL #yΤροποποιητές: ",
      "Τροποποιητές: ",
      "Πίνακας Σκορ",
      "*Τα Επιτεύγματα δεν προσμετρούν την ημερήσια Πρόκληση.",
      "  [OFFLINE MODE]"
    ]
  },
  "DeathScreen": {
    "TEXT": [
      "Συνέχισε",
      "Νίκη?",
      "Όροφοι που ανέβηκες",
      "Αρχηγοί που εξόντωσες",
      "Χρόνος Παιχνιδιού",
      "Χρόνος Παιχνιδιού",
      "Σκορ",
      "Κατακτήθηκες",
      "Θάνατος...",
      "Ήττα",
      "Ηττήθηκες!",
      "Βεβηλώθηκες",
      "Καταστροφή",
      "Εξόντωση",
      "Σε Σφάξανε!",
      "Ένα γνώριμο συναίσθημα.",
      "Ένας υπνάκος είναι ό,τι πρέπει.",
      "Ότι σπείρεις θα θερίσεις.",
      "Λάθος δρόμος.",
      "Δεν ήμουν έτοιμος.",
      "Άυριο Πάλι.",
      "Θα χρειαστώ ένα καινούργιο χάρτη.",
      "Ανεπαρκώς προετοιμασμένος.",
      "Αδιανόητο!",
      "Αυτή είναι η δυναμή μου?",
      "Η τύχη μου...",
      "Όχι ετσι...",
      "Όχι ακριβώς κορυφή.",
      "Ο Πύργος τρώει εναν ακόμη...",
      "Η συνέιδησή σου χάνεται...",
      "Ήττα",
      "Αποδοχή",
      "Συνέχεια",
      "Ξαναπροσπάθησε",
      "Κεντρικό Menu",
      "Συνέχεια",
      "Ξεκλείδωμα",
      "Κεντρικό Menu",
      "Ξαναπροσπάθησε",
      "Συνέχεια",
      "Ξεκλείδωμα",
      "Ξεκλειδώματα που απομένουν: ",
      "Ξεκλείδωμα που απομένει: ",
      "Σφαγμένοι Εχθροί",
      "Σφαγμένοι Ελίτ εχθροί",
      "Χρυσός που έμεινε",
      "ΒΥ Δώρο"
    ],
    "EXTRA_TEXT": [
      "Σφαγμένα Ελίτ στο Προοίμιο",
      "Σφαγμένα Ελίτ στην Πόλη",
      "Σφαγμένα Πέρα απο τα Ελίτ",
      "Γκαζάκιας",
      "Ταχύτητα Φωτός",
      "Ορεσίβιος",
      "Συλλογή",
      "Φουλ Σετ",
      "Άπορος",
      "Βιβλιοθηκάριος",
      "Εγκυκλοπαίδεια",
      "Καλοφαγομένος",
      "Μπουκωμένος",
      "Κατάρες!",
      "Με Τους Δικούς μου Όρους",
      "Νικητής",
      "Τέλεια",
      "Πέρα απ'την Τελειότητα",
      "Υπερβολή",
      "C-c-c-combo",
      ""
    ]
  },
  "DeathScreenUi": {
    "TEXT": [
      "Άνοδος Επίπεδο ",
      " Ξεκλειδώθηκε!"
    ]
  },
  "Dig Option": {
    "TEXT": [
      "Σκάψε",
      "Ξέθαψε ένα τυχαίο κειμήλιο."
    ]
  },
  "DiscardAction": {
    "TEXT": [
      "Απόρριψη"
    ]
  },
  "DiscardPilePanel": {
    "TEXT": [
      "Η Στοίβα Απόρριψης είναι #rάδεια."
    ]
  },
  "DiscardPileToHandAction": {
    "TEXT": [
      "Δίαλεξε Κάρτα για να επιστρέψεις στο Χέρι."
    ]
  },
  "DiscardPileToTopOfDeckAction": {
    "TEXT": [
      "Δίαλεξε Κάρτα για να βάλεις πάνω στη Στοίβα Τραβήγματος."
    ]
  },
  "DiscardPileViewScreen": {
    "TEXT": [
      "Αυτές οι Κάρτες ανακατέβονται στη στοίβα Τραβήγματος μόλις αδειάσει.",
      "Επιστροφή",
      "Στοίβα Απόρριψης"
    ]
  },
  "DrawPilePanel": {
    "TEXT": [
      "Η Στοίβα Τραβήγματος έιναι #rάδεια."
    ]
  },
  "DrawPileViewScreen": {
    "TEXT": [
      "Τραβάς Κάρτες από εδώ στην αρχή του γύρου.",
      "(Οι Κάρτες εμφανίζονται βάση σπανιότητας)",
      "Επιστροφή",
      "Στοίβα Τραβήγματος"
    ]
  },
  "DualWieldAction": {
    "TEXT": [
      "Αντίγραφο"
    ]
  },
  "DungeonMapScreen": {
    "TEXT": [
      "Διάλεξε αρχικό δωμάτιο",
      "Επιστροφή"
    ]
  },
  "DungeonTransitionScreen": {
    "TEXT": [
      "Εκμάθηση",
      "Θέλεις να βλέπεις συμβουλές καθώς παίζεις?",
      "Πράξη 1",
      "Το Προοίμιο",
      "Πράξη 2",
      "Η Πόλη",
      "Πράξη 3",
      "Το Πέρα",
      "Πράξη ?",
      "???",
      "Κλικ οπουδήποτε για συνέχεια"
    ]
  },
  "EarlyAccessPopup": {
    "TEXT": [
      "Τι είναι η Πρώιμη Πρόσβαση?",
      "Τι είναι η ανοιχτή BETA?",
      "To Σφάξε τον Πύργο είναι ακόμη σε διαδικασία δημιουργίας! NL Κάρτες, Εχθροί και άλλα δέχονται αλλαγές. NL NL Αν συναντήσεις κάποιο πρόβλημα ή έχεις κατι να μας πεις, έλα στη σελίδα μας #bSteam #bDiscussions . NL NL Αρκετό διάβασμα, έχεις ενα Πύργο να ανέβεις!",
      "To Σφάξε τον Πύργο είναι ακόμη σε διαδικασία δημιουργίας! NL Πέραν αυτού, παίζεις την BETA. NL NL Παρακαλούμε πες μας αν συναντήσεις κάποιο πρόβλημα παίζοντας, και μην εκπλαγείς αν δεις περίεργες κάρτες. NL NL Αρκετό διάβασμα, έχεις ενα Πύργο να ανέβεις!",
      "Κλικ οπουδήποτε για συνέχεια",
      "Συνέχεια"
    ]
  },
  "End Turn Button": {
    "TEXT": [
      "Τέλος Γύρου",
      "Γύρος Εχθρού"
    ]
  },
  "ExhaustAction": {
    "TEXT": [
      "Εξάντληση"
    ]
  },
  "ExhaustViewScreen": {
    "TEXT": [
      "Αυτές οι Κάρτες εξαντλήθηκαν σε αυτή τη μάχη.",
      "Επιστροφή"
    ]
  },
  "ExhumeAction": {
    "TEXT": [
      "Διάλεξε Κάρτα για να επιστρέψεις στο Χέρι"
    ]
  },
  "ExitGameButton": {
    "TEXT": [
      "Έξοδος απο το Παιχνίδι"
    ]
  },
  "Exordium": {
    "TEXT": [
      "Προοίμιο"
    ]
  },
  "GamblingChipAction": {
    "TEXT": [
      "Αντικατάσταση (Μάρκα)",
      "Αντικατάσταση"
    ]
  },
  "GameSavedEffect": {
    "TEXT": [
      "#y~Επιτυχής~ #y~Αποθήκευση~"
    ]
  },
  "GridCardSelectScreen": {
    "TEXT": [
      "Επιβεβαίωση",
      "Ακύρωση",
      "Επιβεβαίωση Επιλογής",
      "Φύγε"
    ]
  },
  "HandCardSelectScreen": {
    "TEXT": [
      "Επιβεβαίωση Κάρτα για ",
      "Επιβεβαίωση Κάρτες για ",
      "Διάλεξε ",
      " Κάρτες για ",
      "Διάλεξε Κάρτες για ",
      "Διάλεξε Κάρτα για "
    ]
  },
  "HiddenChamberAction": {
    "TEXT": [
      ""
    ]
  },
  "ImmolateAction": {
    "TEXT": [
      "Εξάντληση"
    ]
  },
  "InputKeyNames": {
    "TEXT_DICT": {
      "Escape": "ESC",
      "Forward Delete": "Delete",
      "Delete": "Backspace"
    }
  },
  "InputSettingsScreen": {
    "TEXT": [
      "Ρυθμίσεις Χειρισμού",
      "Ρυθμίσεις Παιχνιδιού",
      "Επιστροφή",
      "Εντολές",
      "Πληκτρολόγιο",
      "Χειριστήριο (Μη διαθέσιμο)",
      "Αρχικές Ρυθμίσεις",
      "Επιβεβαίωση",
      "Ακύρωση / Έξοδος",
      "Χάρτης",
      "Αρχική Τράπουλα",
      "Στοίβα Τραβήγματος",
      "Στοίβα Απόρριψης",
      "Στοίβα Εξάντληση",
      "Τέλος Γύρου",
      "Αριστερά",
      "Δεξιά",
      "Επιλογή Κάρτας #1",
      "Επιλογή Κάρτας #2",
      "Επιλογή Κάρτας #3",
      "Επιλογή Κάρτας #4",
      "Επιλογή Κάρτας #5",
      "Επιλογή Κάρτας #6",
      "Επιλογή Κάρτας #7",
      "Επιλογή Κάρτας #8",
      "Επιλογή Κάρτας #9",
      "Επιλογή Κάρτας #10",
      "Αποδέσμευση Κάρτας",
      "Πάνω",
      "Κάτω",
      "Επιλογή",
      "Τέλος γύρου / Πληροφορίες",
      "Tab Αριστερά",
      "Tab Δεξιά",
      "Ρυθμίσεις",
      "Ρυθμίσεις*",
      "Στοίβα Τραβήγματος*",
      "Στοίβα Απόρριψης*",
      "Πάνω*",
      "Κάτω*",
      "Αριστερά*",
      "Δεξιά*",
      "Πάνω (Εν.)*",
      "Κάτω (Εν.)*",
      "Αριστερά (Εν.)*",
      "Δεξιά (Εν.)*",
      "Πάνω",
      "Κάτω",
      "Ενεργοποίηση Χειριστηρίου"
    ]
  },
  "LanguageDropdown": {
    "TEXT": [
      "Βραζιλιάνικα-Πορτογαλικά",
      "Κινέζικα (Απλοποιημένα)",
      "Κινέζικα (Παραδοσιακά)",
      "Αγγλικά",
      "Γαλλικά",
      "Γερμανικά",
      "Ιταλικά",
      "Ιαπωνικά",
      "Κορεάτικα",
      "Πολωνικά",
      "Ρώσσικα",
      "Ισπανικά",
      "Εβραϊκά",
      "Τούρκικα",
      "Σουηδικά",
      "Νορβηγικα",
      "Ταϊλανδέζικα",
      "Σέρβικα (Κυριλλικά)",
      "Ουκρανικά",
      "Βιετναμέζικα",
      "Ούγγρικα",
      "Σέρβικα (Λατινικά)",
      "Καταλανικά",
      "Ελληνικά",
      "Indonesian",
      "Esperanto"
    ]
  },
  "LeaderboardFilters": {
    "TEXT": [
      "Τεθωρακισμένος",
      "Η Αθόρυβη",
      "Αποστάτης",
      "Μέσος Όροφος (Τελευταίες 20 Προσπάθειες)",
      "Μέσο Σκορ (Τελευταίες 20 Προσπάθειες)",
      "Καλύτερο Σερί Νικών",
      "Γρηγορότερη Νίκη",
      "Μέγιστο Σκορ",
      "Option 6. DO NOT TRANSLATE",
      "Φίλοι",
      "Παγκόσμια"
    ]
  },
  "LeaderboardsScreen": {
    "TEXT": [
      "Επιστροφή",
      "Φίλτρα",
      "Χαρακτήρας",
      "Περιοχή",
      "Τύπος",
      "Δες το Σκορ σου",
      "Θέση",
      "Όνομα",
      "Σκορ",
      "Συλλογή Πληροφοριών...",
      "Πίνακες Σκορ (Σημείωση: Διαγράφονται εβδομαδιαία)",
      "Δεν υπάρχει σύνδεση στο Steam",
      "Κανένα Σκορ διαθέσιμο \n Πήγαινε Σφάξε τον Πύργο!"
    ]
  },
  "Legend": {
    "TEXT": [
      "Άγνωστο",
      "???",
      "Ένα άγνωστο δωμάτιο. NL NL Μπορεί να συναντήσεις τέρατα, θησαυρούς, μαγαζιά, ή κάτι εντελώς διαφορετικό.",
      "Έμπορος",
      "Μαγαζιά",
      "Ένας μυστήριος Έμπορος πουλάει την πραμάτεια του σε αυτά τα δωμάτια. NL NL Ξόδεψε το πολύτιμο #yΧρυσό σου εδώ!",
      "Θησαυρός",
      "Δωμάτια Θησαυρού",
      "#yΚειμήλια και #yΧρυσός ίσως βρίσκονται σε αυτά τα περιζήτητα δωμάτια.",
      "Ξεκούραση",
      "Εστίες Ξεκούρασης",
      "Σταμάτα σε αυτά τα σημεία για να #gΓιατρέψεις μερικούς ΒΥ ή να κανεις #yΑναβάθμιση μιας Κάρτας.",
      "Εχθρός",
      "Εχθροί",
      "Επιθετικοί εχθροί ελοχεύουν σε αυτά τα δωμάτια.",
      "Ελίτ",
      "Ελίτ",
      "Παντοδύναμοι εχθροί βρίσκονται σε αυτά τα δωμάτια. NL NL Αν τους νικήσεις θα σε ανταμοίψουν με ένα Κειμήλιο.",
      "Υπόμνημα"
    ]
  },
  "Lift Option": {
    "TEXT": [
      "Άρση Βαρών",
      "Ξεκινάς τις μάχες με +1 Δύναμη. (Εώς + 3)"
    ]
  },
  "MainMenuScreen": {
    "TEXT": [
      "#yΈκδοση: ",
      "Ξεκίνα",
      "Επιστροφή",
      "Κλικ για επεξεργασία",
      "για επεξεργασία"
    ]
  },
  "MasterDeckViewScreen": {
    "TEXT": [
      "Ξεκινάς κάθε μάχη με όλες αυτές τις Κάρτες.",
      "Επιστροφή"
    ]
  },
  "MenuButton": {
    "TEXT": [
      "",
      "Παίξε",
      "",
      "",
      "Συνέχεια",
      "",
      "Στατιστικά",
      "",
      "Έξοδος",
      "Σημειώσεις Έκδοσης",
      "Εγκατάλειψη Προσπάθειας",
      "",
      "Ρυθμίσεις",
      "",
      "Ο Τόμος"
    ]
  },
  "MenuPanels": {
    "TEXT": [
      "Κανονικό",
      "",
      "Ξεκίνα την αποστολή και Σφάξε τον Πύργο.",
      "Ημερήσια Άνοδος",
      "",
      "Μια νέα πρόκληση κάθε μέρα.\n\nΑνταγωνίσου για το καλύτερο Σκορ!",
      "Άνοδος",
      "",
      "Ο Πύργος δυναμώνει με κάθε σου Νίκη.\n\nΔοκίμασε τα όρια σου.",
      "Βιβλιοθήκη Καρτών",
      "",
      "Δες όλες τις Κάρτες που έχεις συναντήσει στον Πύργο.",
      "Συλλογή Κειμηλίων",
      "",
      "Εξέτασε τα διάφορα τεχνουργήματα που έχεις αποκτήσει στις προσπάθειές σου.",
      "Βεστιάριο",
      "",
      "Μη διαθέσιμο.",
      "Στατιστικά Χαρακτήρων",
      "",
      "Η πρόοδος και τα στατιστικά για κάθε χαρακτήρα βρίσκονται εδώ.",
      "Πίνακες Σκορ",
      "",
      "Δες και συνέκρινε το Σκορ σου με φίλους και άλλους παίχτες.",
      "Ιστορικό",
      "",
      "Θυμίσου τις παλιές σου προσπάθειες να Σφάξεις τον Πύργο.",
      "Ρυθμίσεις Παιχνιδιού",
      "",
      "Άλλαξε ανάλυση και διάφορες on/off ρυθμίσεις.",
      "Ρυθμίσεις Χειρισμού",
      "",
      "Άλλαξε χειρισμό και συντομεύσεις.",
      "Credits",
      "",
      "Δες όλους όσους βοήθησαν στο Σφάξε τον Πύργο!",
      "Άγνωστο",
      "Κέρδισε μια ημερήσια πρόκληση για να ξεκλειδώσεις αυτή την επιλογή",
      "Δεν είναι διαθέσιμο.",
      "Αυτοσχέδιο",
      "Σχεδίασε τη δική σου προσπάθεια με μοναδικούς τροποποιητές"
    ]
  },
  "MerchantImageTextNotInGame": {
    "TEXT": [
      "Υπηρεσία Αφαίρεσης Κάρτας",
      "Έκπτωση",
      "Δεν πωλείται",
      "Ξεπούλησε",
      "Ωχ όχι!"
    ]
  },
  "OpeningAction": {
    "TEXT": [
      "Αυτός ο εχθρός δεν σχεδιάζει να επιτεθεί!"
    ]
  },
  "OptionsPanel": {
    "TEXT": [
      "",
      "Ρυθμίσεις Παιχνιδιού",
      "Γραφικά",
      "Ανάλυση: NL Μέγιστα Καρέ/Δευτερόλεπτο:",
      "Πλήρης Οθόνη NL Πλήρης Οθόνη χωρίς όρια (προτείνεται) NL Κούνημα",
      "Ήχος",
      "Master Ένταση NL Ένταση Μουσικής NL Ένταση Εφε",
      "Ένταση περιβαλλοντικών εφέ NL Αποσιώπηση στο backround",
      "Προτιμήσεις",
      "Να δείχνει τη συνολική Ζημιά σε Χρυσό NL Να δείχνει την Μπλοκαρισμένη Ζημιά σε Μπλε NL Απενεργοποίηση επιβεβαίωσης όταν διαλέγεις 1 Κάρτα",
      "Γρήγορο Mode",
      "",
      "Διάφορα",
      "Γλώσσα:",
      "Μεταφόρτωση Δεδομένων Παιχνιδιού #b(?)",
      "Έξοδος",
      "Αποθήκευση & Έξοδος",
      "NL NL VSync",
      "Playtester Art Mode",
      "Δείχνε τα κουμπιά γρήγορης επιλογής Κάρτας",
      "Ρυθμίσεις Χειρισμού"
    ]
  },
  "PatchNotesScreen": {
    "TEXT": [
      "Επιστροφή",
      "#yΣημειώσεις #yΈκδοσης",
      " NL (Προσωρινά: Χρησιμοποίησε τα βελάκια για τα παλαιότερα logs)"
    ]
  },
  "PotionPopUp": {
    "TEXT": [
      "Ρίψη",
      "Πιές το",
      "Απόρριψη",
      "Δεν μπορώ να πιώ Φίλτρα!",
      "Δεν μπορώ να το κάνω αυτό στη μάχη!"
    ]
  },
  "PowerExpireTextEffect": {
    "TEXT": [
      "Φεύγει"
    ]
  },
  "Proceed Button": {
    "TEXT": [
      "Συνέχεια"
    ]
  },
  "PutOnDeckAction": {
    "TEXT": [
      "βάλε στην κορυφή της Στοίβας Τραβήγματος"
    ]
  },
  "RecycleAction": {
    "TEXT": [
      "Εξάντληση"
    ]
  },
  "RelicViewScreen": {
    "TEXT": [
      "Επιστροφή",
      "Αρχικά:",
      "Οι χαρακτήρες ξεκινούν με αυτά τα Κειμήλια.",
      "Κοινά:",
      "Αδύναμα Κειμήλια, συνηθησμένα.",
      "Ασυνήθιστα:",
      "Ισχυρότερα Κειμήλια που εμφανίζονται λιγότερο συχνά απο τα Κοινά.",
      "Σπάνια:",
      "Μοναδικά και ισχυρότατα Κειμήλια που απαντόνται σπάνια.",
      "Αρχηγού:",
      "Κειμήλια που βρίσκονται μόνο σε Σεντούκια Αρχηγών.",
      "Περιστατικά:",
      "Κειμήλια που βρίσκονται μόνο σε Περιστατικά.",
      "Έμπορος:",
      "Κειμήλια που μπορείς να αγοράσεις μόνο από τον Έμπορο."
    ]
  },
  "RenamePanel": {
    "TEXT": [
      "<κανένα όνομα>",
      "Βάλε το όνομα σου",
      "Επιβεβαίωση",
      "Ακύρωση"
    ]
  },
  "ReprieveAction": {
    "TEXT": [
      "Αυτός ο εχθρός σκοπεύει να επιτεθεί!"
    ]
  },
  "ReprogramAction": {
    "TEXT": [
      "Απόρριψη"
    ]
  },
  "Rest Option": {
    "TEXT": [
      "Ξεκούραση",
      "Γιάτρεψε 100% των ΒΥ (",
      " ΒΥ από ",
      "Γιάτρεψε 30% των μέγιστων ΒΥ ("
    ]
  },
  "RestartForChangesEffect": {
    "TEXT": [
      "Κάνε επανεκκίνηση του παιχνιδιού για να λειτουργήσουν οι αλλαγές."
    ]
  },
  "RetainCardsAction": {
    "TEXT": [
      "Παρακράτηση"
    ]
  },
  "RewardItem": {
    "TEXT": [
      " Χρυσός (Κλεμμένος)",
      " Χρυσός",
      "Πρόσθεσε μια Κάρτα",
      "",
      "Δίαλεξε Κάρτα"
    ]
  },
  "RunHistoryPathNodes": {
    "TEXT": [
      "Άγνωστο",
      "Εχθρός",
      "Ελίτ",
      "Περιστατικό",
      "Αρχηγός",
      "Θησαυρός",
      "Θησαυρός Αρχηγού",
      "Ξεκούραση",
      "Έμπορος",
      "Άγνωστο (Εχθρός)",
      "Άγνωστο (Έμπορος)",
      "Άγνωστο (Θησαυρός)",
      "Όροφος %1$s - %2$s",
      "Όροφος %s",
      "#r%s Ζημιά",
      "#r%s Γύροι",
      "#r%s #r/ #r%s #rΒΥ",
      "#y%s #yΧρυσός",
      "#yΑποκτήθηκαν:",
      "#yΠροσπεράστηκαν:",
      "Πληροφορίες που λείπουν",
      "+2 Μέγιστοι ΒΥ",
      "#bC ",
      "#bR ",
      "#bP ",
      "#bS ",
      "#bΞεκούραση",
      "#bΑναβάθμιση %s",
      "#bΑφαίρεση %s",
      "#bΣκάψιμο",
      "#bΆρσηΒαρών %s/%s",
      "#yΑγορά:"
    ]
  },
  "RunHistoryScreen": {
    "TEXT": [
      "Ο Τεθωρακισμένος",
      "Η Αθόρυβη",
      "Ο Αποστάτης",
      "Επιστροφή",
      "Δεν βρέθηκε ιστορικό. NL Πήγαινε Σφάξε τον Πύργο!",
      "Άνοδος Επίπεδο: ",
      "Σφάχτηκε στον Όροφο %1$d από %2$s",
      "Εγκατάληψη Προσπάθειας στον Όροφο %d",
      "Νίκη!",
      "Κάρτες",
      "Κειμήλια",
      "Αρχικά",
      "Κοινά",
      "Ασυνήθηστα",
      "Σπάνια",
      "Ειδικά",
      "Κατάρα",
      "Αρχηγός",
      "Έμπορος",
      "Άγνωστο",
      "%1$d %2$s",
      "%1$s (%2$d):",
      "Σκορ: %d",
      "Όλοι οι χαρακτήρες",
      "Νίκες και Ήττες",
      "Νίκες",
      "Ήττες",
      "Ημερήσια",
      "Όλοι οι τύποι",
      "Μόνο Κανονικό",
      "Μόνο Άνοδος",
      "Μόνο Ημερήσια πρόκληση",
      "Seed: %s",
      "Custom Seed: %s"
    ]
  },
  "SeedPanel": {
    "TEXT": [
      "0000000000",
      "Βάλε νέο Seed",
      "Επιβεβαίωση",
      "Ακύρωση",
      "*Τα Επιτεύγματα και οι Πίνακες Σκορ απενεργοποιούνται εφόσων χρησιμοποιηθεί custom Seed."
    ]
  },
  "SettingsScreen": {
    "TEXT": [
      "Είσαι σίγουρος?",
      "Η πρόοδος αποθηκεύεται αυτόματα.",
      "Εγκατάληψη της προσπάθειας επιφέρει Ήττα.",
      "ΠΡΟΣΟΧΗ:\nη Πρόοδος ΔΕΝ αποθηκεύτηκε.\n\nΦτάσε τον επόμενο όροφο για να αποθηκευτεί.",
      "Επιστροφή",
      "Η πρόοδος ΔΕΝ σώζεται για Ημερήσιες προκλήσεις."
    ]
  },
  "SetupAction": {
    "TEXT": [
      "βάλε στην κορυφή της Στοίβας Τραβήγματος."
    ]
  },
  "ShopRoom": {
    "TEXT": [
      "Απέφυγε τον Έμπορο"
    ]
  },
  "SingleCardViewPopup": {
    "TEXT": [
      "Επίθεση",
      "Ικανότητα",
      "Δύναμη",
      "Κατάρα",
      "Κλειδωμένο",
      "Άγνωστο",
      "Δες την Αναβάθμιση",
      "Κατάσταση",
      "",
      "Μπορώ να παίξω κάρτες μόνο στο γύρο μου.",
      "Είμαι #rΠαγιδευμένος! NL Δεν μπορώ να παίξω επίθεση",
      "Ανεπαρκής #rΕνέργεια.",
      "Ανεπαρκής #rΦόρτωση.",
      "Δεν μπορώ να παίξω NL αυτή την Κάρτα."
    ]
  },
  "SingleViewRelicPopup": {
    "TEXT": [
      "Αρχηγός",
      "Κοινό",
      "Ανάξιο",
      "Σπάνιο",
      "Έμπορος",
      "Περιστατικό",
      "Αρχικό",
      "Ασυνήθηστο",
      "Κλειδωμένο",
      "Άγνωστο",
      " Κειμήλιο",
      "Αυτό το Κειμήλιο είναι κλειδωμένο.",
      "Αυτό το Κειμήλιο μένει να το δείς."
    ]
  },
  "SkillFromDeckToHandAction": {
    "TEXT": [
      "Διάλεξε μια Ικανότητα και βάλ'τη στο Χέρι"
    ]
  },
  "Smith Option": {
    "TEXT": [
      "Σιδεράς",
      "Αναβάθμισε μια Κάρτα σου.",
      "Καμία Κάρτα δεν μπορεί να Αναβαθμιστεί."
    ]
  },
  "StorePotion": {
    "TEXT": [
      "Δεν έχεις χώρο γι'αυτό"
    ]
  },
  "TheBeyond": {
    "TEXT": [
      "Το Πέρα"
    ]
  },
  "TheCity": {
    "TEXT": [
      "Η Πόλη"
    ]
  },
  "TipHelper": {
    "TEXT": [
      "Ενέργεια"
    ]
  },
  "Toke Option": {
    "TEXT": [
      "Τζουρίτσα",
      "Αφαίρεσε μια Κάρτα απ'την Τράπουλά σου."
    ]
  },
  "TopPanel": {
    "TEXT": [
      " Όροφος",
      " - Άνοδος ",
      " (Μέγιστο Επίπεδο)"
    ]
  },
  "TreasureRoom": {
    "TEXT": [
      "Απέφυγε το σεντούκι"
    ]
  },
  "TreasureRoomBoss": {
    "TEXT": [
      "Αποφυγή σεντουκιού"
    ]
  },
  "TwitchVoter": {
    "TEXT": [
      "VOTE NOW: "
    ]
  },
  "Unlock Confirm Button": {
    "TEXT": [
      "Συνέχεια"
    ]
  },
  "UnlockCharacterScreen": {
    "TEXT": [
      "Ξεκλειδώθηκαν Κάρτες!",
      "",
      "Ξεκλειδώθηκαν Κειμήλια!",
      "Νέος Χαρακτήρας",
      "Σημείωση: Οι ξεκλειδωμένες Κάρτες εμφανίζονται στις μελλοντικές προσπαθειες.",
      "Σημείωση: Τα ξεκλειδωμένα Κειμήλια στις μελλοντικές προσπαθειες."
    ]
  },
  "UnlockScreen": {
    "TEXT": [
      "Ξεκλειδώθηκαν Κάρτες!",
      "Ξεκλειδώθηκαν Κειμήλια!",
      "Νέος Χαρακτήρας",
      "Σημείωση: Οι ξεκλειδωμένες Κάρτες εμφανίζονται στις μελλοντικές προσπαθειες.",
      "Σημείωση: Τα ξεκλειδωμένα Κειμήλια στις μελλοντικές προσπαθειες."
    ]
  },
  "UnlockTextEffect": {
    "TEXT": [
      "Νέο ξεκλείδωμα!"
    ]
  },
  "AscensionUnlockEffect": {
    "TEXT": [
      "H Άνοδος ξεκλειδώθηκε!"
    ]
  },
  "CustomModeScreen": {
    "TEXT": [
      "Αυτοσχέδιο Παιχνίδι",
      "Τα επιτεύγματα και οι Πίνακες Σκορ απενεργοποιούνται.",
      "Χαρακτήρας",
      "Άνοδος",
      "Επίπεδο ",
      "Άνοδος ",
      "Τροποποιητές",
      "Seed",
      "Όρισε Seed"
    ]
  },
  "ForethoughtAction": {
    "TEXT": [
      "put on bottom of your draw pile."
    ]
  },
  "GainGoldTextEffect": {
    "TEXT": [
      " Gold"
    ]
  },
  "SaveSlot": {
    "TEXT": [
      "Playtime ",
      "Empty Slot"
    ]
  },
  "DeletePopup": {
    "TEXT": [
      "Delete this save?",
      "Yes",
      "No",
      "WARNING: This action cannot be undone."
    ]
  },
  "SaveSlotScreen": {
    "TEXT": [
      "Choose a Save Slot",
      "Rename",
      "Delete this Save"
    ]
  },
  "RunHistoryMonsterNames": {
    "TEXT": [
      "Gang of Gremlins",
      "Large Slime",
      "Excordium Thugs",
      "Excordium Wildlife",
      "Swarm of Slimes",
      "Small Slimes",
      "City Muggers",
      "Three Byrds",
      "Four Byrds",
      "Triple Cultists",
      "Chosen Flock",
      "Sentry and Spheric Guardian",
      "Centurion and Mystic",
      "Parasite and Fungi Beast",
      "Masked Bandits Gang",
      "Colosseum Nobs",
      "Colosseum Slavers",
      "Three Shapes",
      "Jaw Worm Horde",
      "Four Shapes",
      "Spheric Guardian with Shapes",
      "Double Orb Walkers",
      "Donu and Deca",
      "Sentries",
      "Chosen and Cultist",
      "(Deprecated) Flame Bruiser",
      "(Deprecated) Slaver and Parasite",
      "(Deprecated) Snecko and Mystics"
    ]
  },
  "Period": {
    "TEXT": [
      "."
    ]
  }
}