{
  "Ancient Potion": {
    "NAME": "Ancient Potion",
    "DESCRIPTIONS": [
      "ได้รับ #b",
      " #yArtifact."
    ]
  },
  "Block Potion": {
    "NAME": "Block Potion",
    "DESCRIPTIONS": [
      "ได้รับ #b",
      " #yBlock."
    ]
  },
  "Dexterity Potion": {
    "NAME": "Dexterity Potion",
    "DESCRIPTIONS": [
      "ได้รับ #b",
      " #yDexterity."
    ]
  },
  "Elixir": {
    "NAME": "Elixir",
    "DESCRIPTIONS": [
      "",
      "",
      "#yExhaust all #yStatus and #yCurse cards from your hand.",
      "",
      "It had no effect..."
    ]
  },
  "Energy Potion": {
    "NAME": "Energy Potion",
    "DESCRIPTIONS": [
      "ได้รับ #b",
      " Energy."
    ]
  },
  "Explosive Potion": {
    "NAME": "Explosive Potion",
    "DESCRIPTIONS": [
      "ทำดาเมจ #b",
      " ให้กับศัตรูทุกตัว."
    ]
  },
  "Fire Potion": {
    "NAME": "Fire Potion",
    "DESCRIPTIONS": [
      "ทำดาเมจ #b",
      " ."
    ]
  },
  "Health Potion": {
    "NAME": "Health Potion",
    "DESCRIPTIONS": [
      "ฟื้นฟู #b",
      " HP."
    ]
  },
  "Poison Potion": {
    "NAME": "Poison Potion",
    "DESCRIPTIONS": [
      "ทำให้ติด #b",
      " #yPoison."
    ]
  },
  "Potion Slot": {
    "NAME": "Potion Slot",
    "DESCRIPTIONS": [
      "Use potions during combat to gain #gbonuses or #rhinder enemies.",
      "Potion Slot"
    ]
  },
  "Regen Potion": {
    "NAME": "Regen Potion",
    "DESCRIPTIONS": [
      "ฟื้นฟู #b",
      " #yHP เมื่อสุดสิ้นเทิร์นเป็นเวลา #b",
      " เทิร์น."
    ]
  },
  "Strength Potion": {
    "NAME": "Strength Potion",
    "DESCRIPTIONS": [
      "ได้รับ #b",
      " #yStrength."
    ]
  },
  "Swift Potion": {
    "NAME": "Swift Potion",
    "DESCRIPTIONS": [
      "",
      "Draw #b",
      " cards."
    ]
  },
  "Weak Potion": {
    "NAME": "Weak Potion",
    "DESCRIPTIONS": [
      "Apply #b",
      " #yWeak."
    ]
  },
  "Fruit Juice": {
    "NAME": "Fruit Juice",
    "DESCRIPTIONS": [
      "Gain #b",
      " Max HP."
    ]
  },
  "FearPotion": {
    "NAME": "Fear Potion",
    "DESCRIPTIONS": [
      "Apply #b",
      " #yVulnerable."
    ]
  },
  "SkillPotion": {
    "NAME": "Skill Potion",
    "DESCRIPTIONS": [
      "Add a random Skill card to your hand, it costs #b0."
    ]
  },
  "AttackPotion": {
    "NAME": "Attack Potion",
    "DESCRIPTIONS": [
      "Add a random Attack card to your hand, it costs #b0."
    ]
  },
  "PowerPotion": {
    "NAME": "Potion Potion",
    "DESCRIPTIONS": [
      "Add a random Power card to your hand, it costs #b0."
    ]
  },
  "SteroidPotion": {
    "NAME": "Steroid  Potion",
    "DESCRIPTIONS": [
      "Gain #b",
      " Strength. At the end of your turn, lose #b",
      " Strength."
    ]
  },
  "SpeedPotion": {
    "NAME": "Speed  Potion",
    "DESCRIPTIONS": [
      "Gain #b",
      " Dexterity. At the end of your turn, lose #b",
      " Dexterity."
    ]
  },
  "GhostInAJar": {
    "NAME": "Ghost In A Jar",
    "DESCRIPTIONS": [
      "Gain #b",
      " #yIntangible"
    ]
  },
  "FocusPotion": {
    "NAME": "Focus Potion",
    "DESCRIPTIONS": [
      "Gain #b",
      " #yFocus"
    ]
  },
  "SneckoOil": {
    "NAME": "Snecko Oil",
    "DESCRIPTIONS": [
      "Draw #b",
      "cards. Become #yConfused.",
      "card."
    ]
  },
  "LiquidBronze": {
    "NAME": "Liquid Bronze",
    "DESCRIPTIONS": [
      "Gain #b",
      " #yThorns."
    ]
  },
  "GamblersBrew": {
    "NAME": "Gambler's Brew",
    "DESCRIPTIONS": [
      "Discard any number of cards then draw that many."
    ]
  },
  "EssenceOfSteel": {
    "NAME": "Essence Of Steel",
    "DESCRIPTIONS": [
      "Gain #b",
      " #yPlated #yArmor."
    ]
  },
  "BloodPotion": {
    "NAME": "Blood Potion",
    "DESCRIPTIONS": [
      "Heal for #b",
      "% of your Max HP."
    ]
  },
  "FairyPotion": {
    "NAME": "Fairy Potion",
    "DESCRIPTIONS": [
      "When you would die, heal to #b10% of your Max HP instead and discard this potion."
    ]
  },
  "SmokeBomb": {
    "NAME": "Smoke Bomb",
    "DESCRIPTIONS": [
      "Escape from a non-boss combat. Receive no rewards."
    ]
  },
  "EntropicBrew": {
    "NAME": "Entropic Brew",
    "DESCRIPTIONS": [
      "Fill all your empty potion slots with random potions."
    ]
  }
}