{
  "AchievementGrid": {
    "NAMES": [
      "Même pas mal",
      "Pureté",
      "Ramène-toi !",
      "Le Pacte",
      "Adrénaline",
      "Puissance",
      "Dopé",
      "Invincible",
      "Barricadé",
      "Alchimiste",
      "Peste",
      "Ninja",
      "Infini",
      "Trop facile",
      "Perfection",
      "Le Gardien",
      "Le Fantôme",
      "Le Gentleman",
      "Le Robot",
      "Le Collectionneur",
      "Le Champion",
      "Le Corbeau",
      "Les Formes",
      "Le Dévor'Heures",
      "Rubis",
      "Émeraude",
      "Caché",
      "Qui a besoin de Reliques ?",
      "Top chrono !",
      "Ascension 0",
      "Ascension 10",
      "Minimaliste",
      "Miam, un Donut !",
      "Saphir",
      "Sens commun",
      "Concentré",
      "Néon",
      "L'Énergie est surcotée",
      "Jour de chance",
      "L'Éphémère",
      "Ascension 20"
    ],
    "TEXT": [
      "Gagnez un combat avec 1 PV restant.",
      "Ayez 3 cartes ou moins dans votre main, votre pioche et votre défausse combinées.",
      "Gagnez un combat sans jouer de carte Attaque.",
      "Épuisez 20 cartes en un seul combat.",
      "Accumulez 9 points d'énergie en un tour de combat.",
      "Obtenez 10 buffs ou plus pendant un combat.",
      "Obtenez 50 de Force ou plus pendant un combat.",
      "Obtenez 99 d'Armure ou plus pendant un combat.",
      "Obtenez 999 d'Armure pendant un combat.",
      "Appliquez 99 de Poison ou plus sur un seul ennemi.",
      "Terrassez 3 ennemis avec du Poison en un seul combat.",
      "Jouez 10 Surins en un seul tour.",
      "Jouez 25 cartes en un seul tour.",
      "Terrassez un boss dès le premier tour.",
      "Triomphez d'un boss sans perdre un seul point de vie.",
      "Vous avez vaincu le Gardien.",
      "Vous avez vaincu l'Hexaplasme.",
      "Vous avez vaincu le Parrain Slime.",
      "Vous avez vaincu l'Automate de bronze.",
      "Vous avez vaincu le Collecteur.",
      "Vous avez vaincu le Champion.",
      "Vous avez vaincu l'Éveillé.",
      "Vous avez vaincu Donu & Déca.",
      "Vous avez vaincu le Dévor'Heures.",
      "Finissez le jeu avec le Soldat de fer.",
      "Finissez le jeu avec la Silencieuse.",
      "Les détails concernant ce succès seront révélés une fois celui-ci débloqué.",
      "Finissez le jeu avec une seule Relique.",
      "Finissez le jeu en moins de 20 minutes.",
      "Débloquez le mode Ascension.",
      "Finissez l'Ascension de niveau 10.",
      "Finissez le jeu avec un deck contenant 5 cartes ou moins.",
      "Finissez Donu avec la carte Appétit.",
      "Finissez le jeu avec le Défectueux.",
      "Finissez le jeu sans cartes Peu Communes ou Rares dans votre deck.",
      "Ayez 25 de Concentration ou plus pendant un combat.",
      "Canalisez 9 Orbes Plasmiques en un seul tour.",
      "Jouez au moins 10 cartes coûtant 0 en un seul tour.",
      "Gagnez un Défi Quotidien.",
      "Terrassez l'Éphémère avant qu'il ne disparaisse.",
      "Finissez l'Ascension de niveau 20."
    ]
  },
  "CharStat": {
    "NAMES": [],
    "TEXT": [
      "Temps de jeu total : ",
      "Nombre total de victoires : #y",
      "Nombre total de morts : #y",
      "Nombre total d'étages terminés : #y",
      "Nombre total de boss vaincus : #y",
      "Nombre total d'ennemis tués : #y",
      "Total des cristaux donnés : #y",
      "Cartes découvertes : #y",
      "Cartes déverrouillées : #y",
      "Reliques découvertes : #y",
      "Reliques déverrouillées : #y",
      "Étage le plus haut : #y",
      "Étage le plus haut (défi quotidien) : #y",
      "Victoire la plus rapide : ",
      "A vaincu ",
      ": #goui NL ",
      ": #rnon NL ",
      "Victoires : #y",
      "Morts : #y",
      "Étages terminés : #y",
      "Boss tués : #y",
      "Ennemis tués : #y",
      "Victoires successives : #y",
      "Meilleur score : #y"
    ]
  },
  "StatsScreen": {
    "NAMES": [
      "#yStatistiques #ygénérales",
      "#ySuccès",
      "#rLe #rSoldat #rde #rfer",
      "#gLa #gSilencieuse",
      "#bLe #bDéfectueux"
    ],
    "TEXT": [
      "Retour"
    ]
  }
}