{
  "Accursed": {
    "NAME": "Проклет",
    "DESCRIPTION": [
      "Сваки пут када поразиш вожда, добијаш следећи број насумичних #yклетви: #b",
      ".",
      ""
    ]
  },
  "BlightedDurian": {
    "NAME": "Изопачени дуријан",
    "DESCRIPTION": [
      "Изгуби #b",
      "% својих макс. ж. п."
    ]
  },
  "DeadlyEnemies": {
    "NAME": "Копље Буђи",
    "DESCRIPTION": [
      "Непријатељи задају #b",
      "% више штете."
    ]
  },
  "FullBelly": {
    "NAME": "Брњица",
    "DESCRIPTION": [
      "Више не можеш да повећаш своје макс. ж. п. Све лечење је упола делотворно."
    ]
  },
  "GraspOfShadows": {
    "NAME": "Авети",
    "DESCRIPTION": [
      "Непријатељи почињу са следећим бројем #yнеопипљивости: #b",
      "."
    ]
  },
  "GrotesqueTrophy": {
    "NAME": "Гротескни трофеј",
    "DESCRIPTION": [
      "По узимању, добијаш #b",
      " #rПоноса.",
      "Твој понос се изопачује..."
    ]
  },
  "MetallicRebirth": {
    "NAME": "Древна побољшања",
    "DESCRIPTION": [
      "Непријатељи почињу са: #yзаштитом - #b",
      ", #yопточеним #yоклопом - #b",
      ", и #yлечењем - #b",
      "."
    ]
  },
  "MimicInfestation": {
    "NAME": "Инфестација подражавача",
    "DESCRIPTION": [
      "Собе са благом су замењени челницима у будућим чиновима. Челници више не испуштају реликвије."
    ]
  },
  "Scatterbrain": {
    "NAME": "Пошандрцао",
    "DESCRIPTION": [
      "Вуци мање карата по потезу: #b",
      " .",
      ""
    ]
  },
  "TimeMaze": {
    "NAME": "Временски лавиринт",
    "DESCRIPTION": [
      "Можеш да одиграш само одређен број карата по потезау: #b",
      ".",
      "Могу да одиграм само још следећи број карата: NL #r"
    ]
  },
  "ToughEnemies": {
    "NAME": "Штит Буђи",
    "DESCRIPTION": [
      "Непријатељи имају #b",
      "% више ж. п."
    ]
  },
  "TwistingMind": {
    "NAME": "Болестан ум",
    "DESCRIPTION": [
      "На крају свог потеза, додај број насумичних Стања на врх гомиле за вучење: #b",
      ".",
      ""
    ]
  },
  "VoidEssence": {
    "NAME": "Суштина ништавила",
    "DESCRIPTION": [
      "Задоби мање [R] [G] [B] на почетку сваког потеза: #b",
      ".",
      ".",
      "."
    ]
  }
}