{
  "Ancient Potion": {
    "NAME": "Древни напитак",
    "DESCRIPTIONS": [
      "Задоби #b",
      " #yзаштиту."
    ]
  },
  "AttackPotion": {
    "NAME": "Напитак напада",
    "DESCRIPTIONS": [
      "Додај у руку #bједан од #bтри насумична напада. #bБесплатан је овај потез."
    ]
  },
  "Block Potion": {
    "NAME": "Напитак одбране",
    "DESCRIPTIONS": [
      "Задоби #b",
      " #yодбране."
    ]
  },
  "BloodPotion": {
    "NAME": "Напитак крви",
    "DESCRIPTIONS": [
      "Залечи #b",
      "% својих макс. з. п."
    ]
  },
  "Dexterity Potion": {
    "NAME": "Напитак окретности",
    "DESCRIPTIONS": [
      "Задоби #b",
      " #yокретности."
    ]
  },
  "Elixir": {
    "NAME": "Еликсир",
    "DESCRIPTIONS": [
      "",
      "",
      "#yИсцрпи све #yстатусе и #yклетве из руке.",
      "",
      "Није имало ефекта..."
    ]
  },
  "Energy Potion": {
    "NAME": "Енергетски напитак",
    "DESCRIPTIONS": [
      "Задоби #b",
      " енергије."
    ]
  },
  "EntropicBrew": {
    "NAME": "Ентропијска смеша",
    "DESCRIPTIONS": [
      "Испуни појас за напитке насумичним напицима."
    ]
  },
  "EssenceOfSteel": {
    "NAME": "Есенције челика",
    "DESCRIPTIONS": [
      "Задоби #b",
      " #yопточеног #yоклопа."
    ]
  },
  "Explosive Potion": {
    "NAME": "Експлозивни напитак",
    "DESCRIPTIONS": [
      "Задај #b",
      " штете СВИМ непријатељима."
    ]
  },
  "FairyPotion": {
    "NAME": "Вила у тегли",
    "DESCRIPTIONS": [
      "Уместо да умреш, залечи #b10% својих макс. з. п. и одбаци овај напитак."
    ]
  },
  "FearPotion": {
    "NAME": "Напитак страха",
    "DESCRIPTIONS": [
      "Нанеси #b",
      " #yрањивости."
    ]
  },
  "Fire Potion": {
    "NAME": "Ватрени напитак",
    "DESCRIPTIONS": [
      "Задај #b",
      " штете."
    ]
  },
  "FocusPotion": {
    "NAME": "Напитак потентности",
    "DESCRIPTIONS": [
      "Задоби #b",
      " #yпотентности."
    ]
  },
  "Fruit Juice": {
    "NAME": "Ђус",
    "DESCRIPTIONS": [
      "Задоби #b",
      " макс. з.п."
    ]
  },
  "GamblersBrew": {
    "NAME": "Карташки коктел",
    "DESCRIPTIONS": [
      "Одбаци било који број карата, потом вуци исто толико."
    ]
  },
  "GhostInAJar": {
    "NAME": "Дух у тегли",
    "DESCRIPTIONS": [
      "Задоби #b",
      " #yнеопипљивост."
    ]
  },
  "Health Potion": {
    "NAME": "Еликсир живота",
    "DESCRIPTIONS": [
      "Залечи #b",
      " ж. п."
    ]
  },
  "LiquidBronze": {
    "NAME": "Течна бронза",
    "DESCRIPTIONS": [
      "Задоби #b",
      " #yбодљикавости."
    ]
  },
  "Poison Potion": {
    "NAME": "Отровни напитак",
    "DESCRIPTIONS": [
      "Нанеси #b",
      " #yотрова."
    ]
  },
  "Potion Slot": {
    "NAME": "Место за напитак",
    "DESCRIPTIONS": [
      "Током борбе се напицима #gпобољшај или #rомети непријатеље.",
      "Место за напитак"
    ]
  },
  "PowerPotion": {
    "NAME": "Напитак моћи",
    "DESCRIPTIONS": [
      "Додај у руку #bједну од #bтри насумичне моћи. #bБесплатна је овај потез."
    ]
  },
  "Regen Potion": {
    "NAME": "Лековити напитак",
    "DESCRIPTIONS": [
      "Задоби #b",
      " #yлечења.",
      ""
    ]
  },
  "SkillPotion": {
    "NAME": "Напитак умећа",
    "DESCRIPTIONS": [
      "Додај у руку #bједну од #bтри насумичне вештине. #bБесплатна је овај потез."
    ]
  },
  "SmokeBomb": {
    "NAME": "Димна бомба",
    "DESCRIPTIONS": [
      "Побегни из не-вождовске борбе. Не добијаш никакве награде."
    ]
  },
  "SneckoOil": {
    "NAME": "Змијково уље",
    "DESCRIPTIONS": [
      "Постани #yзбуњен. Вуци #b",
      " карте.",
      "карту."
    ]
  },
  "SpeedPotion": {
    "NAME": "Напитак брзине",
    "DESCRIPTIONS": [
      "Повећај своју #yокретност за #b",
      ". Смањи је за #b",
      " на крају потеза."
    ]
  },
  "SteroidPotion": {
    "NAME": "Стероидска мућка",
    "DESCRIPTIONS": [
      "Повећај своју #yснагу за #b",
      ". Смањи је за #b",
      " на крају потеза."
    ]
  },
  "Strength Potion": {
    "NAME": "Напитак снаге",
    "DESCRIPTIONS": [
      "Задоби #b",
      " #yснаге."
    ]
  },
  "Swift Potion": {
    "NAME": "Напитак хитрости",
    "DESCRIPTIONS": [
      "",
      "Вуци #b",
      " карте."
    ]
  },
  "Weak Potion": {
    "NAME": "Напитак слабости",
    "DESCRIPTIONS": [
      "Нанеси #b",
      " #yслабости."
    ]
  }
}