{
  "Dark": {
    "DESCRIPTION": [
      "#y被动： 在你的回合结束时，将这个充能球的伤害增加 #b",
      " 。 NL #y激发： 对生命值最低的敌人造成 #b",
      " 点伤害。"
    ],
    "NAME": "黑暗"
  },
  "Empty": {
    "DESCRIPTION": [
      "你可以在这些位置 生成 充能球。"
    ],
    "NAME": "充能球栏位"
  },
  "Frost": {
    "DESCRIPTION": [
      "#y被动： 在你的回合结束时，获得 #b",
      " 点 #y格挡 。 NL #y激发： 获得 #b",
      " 点 #y格挡 。"
    ],
    "NAME": "冰霜"
  },
  "Lightning": {
    "DESCRIPTION": [
      "#y被动： 在你的回合结束时，对一名随机敌人造成 #b",
      " 点伤害。 NL #y激发： 对一名随机敌人造成 #b",
      " 点伤害。"
    ],
    "NAME": "闪电"
  },
  "Plasma": {
    "DESCRIPTION": [
      "#y被动： 在你的回合开始时，获得 [B] 。 NL #y激发： 获得 #b",
      " [B] 。 NL 等离子 充能球不受 #y集中 影响。"
    ],
    "NAME": "等离子"
  }
}