{
  "Anchor": {
    "NAME": "锚",
    "FLAVOR": "拿着这个小小的装饰，你觉得自己更稳也更重了。",
    "DESCRIPTIONS": [
      "每场战斗开始时获得 #b",
      " 点 #y格挡 。"
    ]
  },
  "Ancient Tea Set": {
    "NAME": "古茶具套装",
    "FLAVOR": "能让你神清气爽睡得香。",
    "DESCRIPTIONS": [
      "到达休息处后的下一场战斗开始时获得 [R] [R] 。",
      "到达休息处后的下一场战斗开始时获得 [G] [G] 。",
      "到达休息处后的下一场战斗开始时获得 [B] [B] 。"
    ]
  },
  "Art of War": {
    "NAME": "孙子兵法",
    "FLAVOR": "这本古兵书记载着远古时代的智慧。",
    "DESCRIPTIONS": [
      "如果你在回合中不打出任何 #y攻击牌 ，在下一回合得到一点额外 ",
      "[R] 。",
      "[G] 。",
      "[B] 。"
    ]
  },
  "Astrolabe": {
    "NAME": "星盘",
    "FLAVOR": "可以从星星中探知宝贵知识的工具。",
    "DESCRIPTIONS": [
      "拾起时，选择 #b3 张牌进行 #y变化 ，然后将这些牌 #y升级 。",
      "选择3张牌 "
    ]
  },
  "Bag of Marbles": {
    "NAME": "弹珠袋",
    "FLAVOR": "曾经这在城市区是流行的玩具，现在你可以用它让敌人们失去平衡。",
    "DESCRIPTIONS": [
      "在每场战斗开始时，给予所有敌人 #b",
      " 层 #y易伤 。"
    ]
  },
  "Bag of Preparation": {
    "NAME": "准备背包",
    "FLAVOR": "冒险者专用的超大号背包，有很多口袋和皮带。",
    "DESCRIPTIONS": [
      "在每场战斗开始时，额外抽 #b",
      " 张牌。"
    ]
  },
  "Bird Faced Urn": {
    "NAME": "鸟面瓮",
    "FLAVOR": "这个瓮上雕着乌鸦之神Mazaleth嘲弄的样貌。",
    "DESCRIPTIONS": [
      "每当你打出一张 #y能力牌 ，回复 #b",
      " 点生命。"
    ]
  },
  "Black Blood": {
    "NAME": "黑暗之血",
    "FLAVOR": "你的愤怒变得更加黑暗。",
    "DESCRIPTIONS": [
      "替换 #r燃烧之血 。在战斗结束时，回复 #b",
      " 点生命。"
    ]
  },
  "Black Star": {
    "NAME": "黑星",
    "FLAVOR": "最初在蛇镇上发现的遗物，当时被放在一根蜡烛旁边。",
    "DESCRIPTIONS": [
      "#y精英 敌人在被打败时多掉落一件 #y遗物 。"
    ]
  },
  "Blood Vial": {
    "NAME": "小血瓶",
    "FLAVOR": "装着纯种年长吸血鬼血液的一个小瓶。",
    "DESCRIPTIONS": [
      "在每场战斗开始时，回复 #b",
      " 点生命。"
    ]
  },
  "Bloody Idol": {
    "NAME": "鲜血神像",
    "FLAVOR": "这个神像现在一直在流着血泪。",
    "DESCRIPTIONS": [
      "每当你获得 #y金币 时，回复 #b",
      " 点生命。"
    ]
  },
  "Blue Candle": {
    "NAME": "蓝蜡烛",
    "FLAVOR": "当处于黑暗中时，这支蜡烛会自动点燃。",
    "DESCRIPTIONS": [
      "可以打出原本 不能被打出 的 #y诅咒牌 ， NL NL 打出 #y诅咒牌 会让你失去 #b",
      " 点生命并将其 #y消耗 。"
    ]
  },
  "Boot": {
    "NAME": "发条靴",
    "FLAVOR": "拧动发条会让这只靴子变得更大。",
    "DESCRIPTIONS": [
      "每当你造成小于等于 #b",
      " 点未被格挡的 #y攻击 伤害时，将伤害提升为 #b5 。"
    ]
  },
  "Bottled Flame": {
    "NAME": "瓶装火焰",
    "FLAVOR": "在这个瓶子里，有着一团永远燃烧的火焰。",
    "DESCRIPTIONS": [
      "拾起时，选择一张 #y攻击牌 。在每场战斗开始时，这张牌会出现在手牌中。",
      "选择一张牌 ",
      "在每场战斗开始时，将 ",
      " 放入你的手牌。"
    ]
  },
  "Bottled Lightning": {
    "NAME": "瓶装闪电",
    "FLAVOR": "细看这团旋转的雷云，你仿佛能看见自己的一部分在回望着你。",
    "DESCRIPTIONS": [
      "拾起时，选择一张 #y技能牌 。在每场战斗开始时，这张牌会出现在手牌中。",
      "选择一张牌 ",
      "在每场战斗开始时，将 ",
      " 放入你的手牌。"
    ]
  },
  "Bottled Tornado": {
    "NAME": "瓶装旋风",
    "FLAVOR": "这个瓶子中传来轻轻的嗡嗡声与嗖嗖声。",
    "DESCRIPTIONS": [
      "拾起时，选择一张 #y能力牌 。在每场战斗开始时，这张牌会出现在手牌中。",
      "选择一张牌 ",
      "在每场战斗开始时，将 ",
      " 放入你的手牌。"
    ]
  },
  "Bronze Scales": {
    "NAME": "铜制鳞片",
    "FLAVOR": "守护者身上的锐利鳞片，会自动变形来保护使用者。",
    "DESCRIPTIONS": [
      "在每场战斗开始时，获得 #b",
      " 点 荆棘 。"
    ]
  },
  "Burning Blood": {
    "NAME": "燃烧之血",
    "FLAVOR": "你自身的血液因为无尽的愤怒而燃烧沸腾。",
    "DESCRIPTIONS": [
      "在战斗结束时，回复 #b",
      " 点生命。"
    ]
  },
  "Cables": {
    "NAME": "镀金缆线",
    "FLAVOR": "“有意思！看来就连自动机器人也会有安慰剂效应。”——兰伟德",
    "DESCRIPTIONS": [
      "你最右侧的充能球会额外触发一次被动效果。"
    ]
  },
  "Calipers": {
    "NAME": "外卡钳",
    "FLAVOR": "“机械精度正是通向崇高之路。”——建筑师",
    "DESCRIPTIONS": [
      "在你的回合开始时，不再失去所有 #y格挡 ，而是失去 #b",
      " 点 #y格挡 。"
    ]
  },
  "Calling Bell": {
    "NAME": "召唤铃铛",
    "FLAVOR": "这个黑铁铃铛在你找到它时作响了3次，但现在它已经不再响了。",
    "DESCRIPTIONS": [
      "获得 #b3 个 #r诅咒 和 #b3 件 #y遗物 。",
      "铃铛鸣响……",
      "跳过奖励",
      "关闭"
    ]
  },
  "Cauldron": {
    "NAME": "大锅",
    "FLAVOR": "商人其实是位技术相当不错的药剂师。买四送一。",
    "DESCRIPTIONS": [
      "拾起时，制作 #b5 瓶随机药水。",
      "咕嘟咕嘟咕噜……！"
    ]
  },
  "Centennial Puzzle": {
    "NAME": "百年积木",
    "FLAVOR": "解开积木的谜题时，你感到心中有一股强大的暖意。",
    "DESCRIPTIONS": [
      "你在每场战斗中第一次损伤生命时，抽 #b",
      " 张牌。"
    ]
  },
  "Chameleon Ring": {
    "NAME": "变色龙戒指",
    "FLAVOR": "弃用",
    "DESCRIPTIONS": [
      "你可以在休息处 #y制作药水。"
    ]
  },
  "Champion Belt": {
    "NAME": "冠军腰带",
    "FLAVOR": "只有最强者才配佩戴这条腰带。",
    "DESCRIPTIONS": [
      "每当你给予 #y易伤 时，同时给予 #b",
      " 层 #y虚弱 。"
    ]
  },
  "Charon's Ashes": {
    "NAME": "卡戎之灰",
    "FLAVOR": "传说中卡戎是重生的神祇，永远都在烈焰之中反复地死亡和重生。",
    "DESCRIPTIONS": [
      "每当你 #y消耗 一张牌，对所有敌人造成 #b",
      " 点伤害。"
    ]
  },
  "Chemical X": {
    "NAME": "化学物X",
    "FLAVOR": "警告：严禁与糖、香料还有一切美好的味道混合在一起。",
    "DESCRIPTIONS": [
      "耗能为 #bX 的牌的效果数值增加 #b",
      " 点。"
    ]
  },
  "Circlet": {
    "NAME": "头环",
    "FLAVOR": "你已经没有更多遗物可以拿了。厉害！",
    "DESCRIPTIONS": [
      "多多益善。"
    ]
  },
  "Cracked Core": {
    "NAME": "破损核心",
    "FLAVOR": "高塔中所有自动机器人体内都有的神秘生命力之源，这个似乎已经有一点破损了。",
    "DESCRIPTIONS": [
      "在每场战斗开始时， #y生成 #b1 个 #y闪电 充能球。"
    ]
  },
  "Cursed Key": {
    "NAME": "诅咒钥匙",
    "FLAVOR": "你能感到这把钥匙上散发出邪恶的能量。力量总是需要付出代价的。",
    "DESCRIPTIONS": [
      " 你每次打开一个非Boss宝箱，都会获得一张 #r诅咒 。",
      "在每回合开始时获得 [R] 。",
      "在每回合开始时获得 [G] 。",
      "在每回合开始时获得 [B] 。"
    ]
  },
  "Darkstone Periapt": {
    "NAME": "黑石护符",
    "FLAVOR": "这块黑石能吸取黑暗的能量，将其转化为佩戴者的生命力。",
    "DESCRIPTIONS": [
      "每当你获得一张 #y诅咒 ，将你的最大生命值提高 #b"
    ]
  },
  "DataDisk": {
    "NAME": "数据磁盘",
    "FLAVOR": "这张磁盘里记录了关于鸟类和蛇类的珍贵数据。",
    "DESCRIPTIONS": [
      "在每场战斗开始时，获得 #b",
      " 点 #y集中 。"
    ]
  },
  "Dead Branch": {
    "NAME": "枯木树枝",
    "FLAVOR": "一个早已被遗忘的时代所遗留下来的树木枝条。",
    "DESCRIPTIONS": [
      "每当你 #y消耗 一张牌，增加一张随机卡牌到你的手牌。"
    ]
  },
  "Derp Rock": {
    "NAME": "Derp Rock",
    "FLAVOR": "Placeholder",
    "DESCRIPTIONS": [
      "At the start of each turn，获得 #b",
      " Charge. NL (Cannot be removed or transformed.)"
    ]
  },
  "Discerning Monocle": {
    "NAME": "鉴识单片眼镜",
    "FLAVOR": "看起来很有绅士范儿。",
    "DESCRIPTIONS": [
      "商人所有商品的卖价降低 #b20%"
    ]
  },
  "Dodecahedron": {
    "NAME": "符文十二面体",
    "FLAVOR": "上面的符文无法辨识。",
    "DESCRIPTIONS": [
      "在你生命值为满时，每回合开始时获得 ",
      "[R] 。",
      "[G] 。",
      "[B] 。"
    ]
  },
  "Dream Catcher": {
    "NAME": "捕梦网",
    "FLAVOR": "北方部落会在入睡时挂上这种网，相信这样做能够实现自我提升。",
    "DESCRIPTIONS": [
      "每当你 #y休息 时，可以增加一张牌到你的牌组。"
    ]
  },
  "Du-Vu Doll": {
    "NAME": "毒巫娃娃",
    "FLAVOR": "一个设计为能从邪恶能量中获得力量的娃娃。",
    "DESCRIPTIONS": [
      "你的牌组中每有一张 #y诅咒 牌，你在战斗开始时就额外获得 #b",
      " 点 #y力量 。",
      " 你没有 #y诅咒 牌。",
      " 你有 #b",
      " 张 #y诅咒 牌。"
    ]
  },
  "Ectoplasm": {
    "NAME": "灵体外质",
    "FLAVOR": "这团黏液与能量的混合物微微脉动，仿佛有着生命。",
    "DESCRIPTIONS": [
      " 你不能再获得任何 #y金币 。",
      "在回合开始时获得 [R] 。",
      "在回合开始时获得 [G] 。",
      "在回合开始时获得 [B] 。"
    ]
  },
  "Emotion Chip": {
    "NAME": "情感芯片",
    "FLAVOR": "……<3……？",
    "DESCRIPTIONS": [
      "在每回合开始时，如果你在之前回合受到过伤害，则触发所有充能球的被动效果。"
    ]
  },
  "Enchiridion": {
    "NAME": "英雄宝典",
    "FLAVOR": "一名古老巫妖的传奇日志。",
    "DESCRIPTIONS": [
      "每场战斗开始时增加一张随机 #y能力牌 到你的手牌，这张牌在第一回合的耗能变为 #b0 。"
    ]
  },
  "Eternal Feather": {
    "NAME": "永恒羽毛",
    "FLAVOR": "这片羽毛似乎完全无法摧毁，会是从什么鸟身上来的呢？",
    "DESCRIPTIONS": [
      "你牌组中每有 #b",
      " 张牌，当你进入休息处时就会回复 #b",
      " 点生命。"
    ]
  },
  "Frozen Egg": {
    "NAME": "冻结之蛋",
    "FLAVOR": "这个蛋冻结着，没有丝毫生气，永远也不会孵化。",
    "DESCRIPTIONS": [
      "拾起时，选择一张 #y能力牌 将其 #y升级 。",
      "选择一张牌 "
    ]
  },
  "Frozen Egg 2": {
    "NAME": "冻结之蛋",
    "FLAVOR": "这个蛋冻结着，没有丝毫生气，永远也不会孵化。",
    "DESCRIPTIONS": [
      "每当你获得 #y能力牌 时，将其 #y升级 。"
    ]
  },
  "Frozen Eye": {
    "NAME": "冻结之眼",
    "FLAVOR": "凝视这只眼睛时，你能隐约捕捉到你自己的未来。",
    "DESCRIPTIONS": [
      "现在观看 #y抽牌堆 时，卡牌将按顺序排列。"
    ]
  },
  "Gambling Chip": {
    "NAME": "赌博筹码",
    "FLAVOR": "你能看见筹码的一面上刻着一行小字：“熊的幸运筹码！”",
    "DESCRIPTIONS": [
      "在每场战斗开始时，丢弃任意张牌，然后抽相同数量张牌。"
    ]
  },
  "Ginger": {
    "NAME": "生姜",
    "FLAVOR": "在许多补品中都能用上的好东西。",
    "DESCRIPTIONS": [
      "你不会再被 #y虚弱 。"
    ]
  },
  "Girya": {
    "NAME": "壶铃",
    "FLAVOR": "这个壶铃重到难以想象，用这个锻炼一定能变得更强。",
    "DESCRIPTIONS": [
      "你现在能在休息处获得 #y力量  。（最多3次）"
    ]
  },
  "Golden Idol": {
    "NAME": "金神像",
    "FLAVOR": "用纯金制成，只是拿在手里就让你觉得自己有钱了。",
    "DESCRIPTIONS": [
      "敌人掉落的 #y金币 增加 #b25% 。"
    ]
  },
  "Gremlin Horn": {
    "NAME": "地精之角",
    "FLAVOR": "“地精大块头到死都能一直长得更大，真是厉害。”——兰伟德",
    "DESCRIPTIONS": [
      "每当有一名敌人死亡，获得 ",
      "[R] 并抽 #b1 张牌。",
      "[G] 并抽 #b1 张牌。",
      "[B] 并抽 #b1 张牌。"
    ]
  },
  "Happy Flower": {
    "NAME": "开心小花",
    "FLAVOR": "这朵一直面带笑容的花是贵族间流行的小礼物。",
    "DESCRIPTIONS": [
      "每 #b",
      " 个回合，获得 [R] 。",
      " 个回合，获得 [G] 。",
      " 个回合，获得 [B] 。"
    ]
  },
  "Ice Cream": {
    "NAME": "冰淇淋",
    "FLAVOR": "“好吃！”",
    "DESCRIPTIONS": [
      "多余的能量可以留到下一回合。"
    ]
  },
  "Inserter": {
    "NAME": "机械臂",
    "FLAVOR": "抓取。放置。堆叠。重复。",
    "DESCRIPTIONS": [
      "每 #b2 回合，获得 #b1 个充能球栏位。"
    ]
  },
  "Juzu Bracelet": {
    "NAME": "佛珠手链",
    "FLAVOR": "抵御未知危险的护身道具。",
    "DESCRIPTIONS": [
      "你在 #y? 房间中不会再遭遇常规战斗。"
    ]
  },
  "Kunai": {
    "NAME": "苦无",
    "FLAVOR": "受到刺客喜爱的远距离利刃。",
    "DESCRIPTIONS": [
      "你每在同一回合内打出 #b",
      " 张 #y攻击牌 ，获得 #b",
      " 点 #y敏捷 。"
    ]
  },
  "Lantern": {
    "NAME": "灯笼",
    "FLAVOR": "一盏诡异的灯笼，只为提灯者照明。",
    "DESCRIPTIONS": [
      "在每场战斗的第一回合获得 ",
      "[R] ",
      "[G] ",
      "[B] ",
      "。"
    ]
  },
  "Lee's Waffle": {
    "NAME": "李家华夫饼",
    "FLAVOR": "“全高塔你能找到的最好吃的东西！今天特地为你烤的。”",
    "DESCRIPTIONS": [
      "拾起时，将你的最大生命值提升 #b",
      " 点，并回复所有生命。"
    ]
  },
  "Letter Opener": {
    "NAME": "开信刀",
    "FLAVOR": "锋利到不自然。",
    "DESCRIPTIONS": [
      "你每在同一回合内打出 #b3 张技能牌，对所有敌人造成 #b",
      " 点伤害。"
    ]
  },
  "Living Blade": {
    "NAME": "活刀刃",
    "FLAVOR": "弃用",
    "DESCRIPTIONS": [
      "You can get any number of any card。"
    ]
  },
  "Lizard Tail": {
    "NAME": "蜥蜴尾巴",
    "FLAVOR": "在战斗中可以用来骗过敌人的假尾巴。",
    "DESCRIPTIONS": [
      "当你要被杀死时，免死并回复到最大生命值的 #b50% （仅能起效一次）。"
    ]
  },
  "Magic Flower": {
    "NAME": "魔法花",
    "FLAVOR": "被认为是早已绝种的一朵花，竟被完美地保存了下来。",
    "DESCRIPTIONS": [
      "战斗中的回复效果提升 #b50% 。"
    ]
  },
  "Mango": {
    "NAME": "芒果",
    "FLAVOR": "在众多被遗忘的水果中最令人垂涎的一种。被完美地保存了下来，没有任何受到高塔荒疫影响的迹象。",
    "DESCRIPTIONS": [
      "拾起时，将你的最大生命值提升 #b"
    ]
  },
  "Mark of Pain": {
    "NAME": "痛楚印记",
    "FLAVOR": "北方部落中使用这个工具来给那些在战斗中掌握痛楚的战士们打上烙印。",
    "DESCRIPTIONS": [
      "每回合开始获得 [R] 。在战斗开始时，将 #b2 张 #r伤口 放入你的抽牌堆。"
    ]
  },
  "Matryoshka": {
    "NAME": "套娃",
    "FLAVOR": "一套环环相套的娃娃，上面的图案是一只白眼蓝羽毛的鸟，你不知道这是只什么鸟。",
    "DESCRIPTIONS": [
      "你接下来打开的 #b2 个宝箱内会有 #b2 件 #y遗物 。 （Boss宝箱除外）",
      "你接下来打开的 #b1 个宝箱内会有 #b2 件 #y遗物 。 （Boss宝箱除外）",
      "这件遗物的效果已经被用完。"
    ]
  },
  "Meat on the Bone": {
    "NAME": "带骨肉",
    "FLAVOR": "这块肉会不断恢复，似乎永远也不会彻底吃光。",
    "DESCRIPTIONS": [
      "如果你在战斗结束时生命值等于或低于 #b50% ，回复 #b",
      " 点生命。"
    ]
  },
  "Medical Kit": {
    "NAME": "医药箱",
    "FLAVOR": "“什么都有！治痒痒、治烧伤、治中毒，应有尽有！”",
    "DESCRIPTIONS": [
      "可以打出原本 不能被打出 的 #y状态牌 。 打出 #y状态牌 会将其 #y消耗 。"
    ]
  },
  "Membership Card": {
    "NAME": "会员卡",
    "FLAVOR": "“会员资格！只有本店最尊贵的客人，才有机会获得哦！”",
    "DESCRIPTIONS": [
      "在之后的阶段中，商店出现频率增加 #b50% 。 #y额外奖励 ： 所有商品打折 #b50% ！"
    ]
  },
  "Mercury Hourglass": {
    "NAME": "水银沙漏",
    "FLAVOR": "一个附加魔力的沙漏，一直都在不断滴下水银。",
    "DESCRIPTIONS": [
      "在你的回合开始时，对所有敌人造成 #b",
      " 点伤害。"
    ]
  },
  "Molten Egg": {
    "NAME": "熔火之蛋",
    "FLAVOR": "凤凰的蛋，可以看到有岩浆在滋滋发热，红得发烫。",
    "DESCRIPTIONS": [
      "拾起时，选择一张 #y攻击牌 将其 #y升级 。",
      "选择一张牌"
    ]
  },
  "Molten Egg 2": {
    "NAME": "熔火之蛋",
    "FLAVOR": "凤凰的蛋，可以看到有岩浆在滋滋发热，红得发烫。",
    "DESCRIPTIONS": [
      "每当你获得 #y攻击牌 时，将其 #y升级 。"
    ]
  },
  "Mummified Hand": {
    "NAME": "干瘪之手",
    "FLAVOR": "这只手经常都在抽动，尤其是在你心跳很快的时候。",
    "DESCRIPTIONS": [
      "你每打出一张 #y能力牌 ，手牌中就有一张随机牌在这个回合耗能变为 #b0 。"
    ]
  },
  "Necronomicon": {
    "NAME": "死灵之书",
    "FLAVOR": "只有傻瓜才会想要去掌控这种邪恶的力量。你每晚的梦境中都充斥着这本书将你的心智逐渐吞噬的噩梦。",
    "DESCRIPTIONS": [
      "你每回合打出的第一张耗能大于等于 #b",
      " 的  #y攻击牌 将被打出两次。当你拾起这件遗物时，被 #r诅咒 。",
      " 的  #y攻击牌 将被打出两次。"
    ]
  },
  "NeowsBlessing": {
    "NAME": "涅奥的悲恸",
    "FLAVOR": "涅奥赐予你的祝福，有着悲恸之力。",
    "DESCRIPTIONS": [
      "接下来 #b3 场战斗中的敌人将只有 #b1 点生命。",
      "这个祝福已经耗尽。"
    ]
  },
  "Nilry's Codex": {
    "NAME": "尼利的宝典",
    "FLAVOR": "由臭名昭著的游戏大师本人编制，据说能拓宽人的心智。",
    "DESCRIPTIONS": [
      "在每回合结束时，你可以从 #b3 张随机牌中选择 #b1 张，随机洗入你的抽牌堆。"
    ]
  },
  "Ninja Scroll": {
    "NAME": "忍术卷轴",
    "FLAVOR": "暗杀秘术尽在其中。",
    "DESCRIPTIONS": [
      "每场战斗开始时，手牌中增加 #b",
      " 张 #y小刀 。"
    ]
  },
  "Nloth's Gift": {
    "NAME": "恩洛斯的礼物",
    "FLAVOR": "恩洛斯给你的奇怪礼物，每次你试着拆开包装时，都会从里面找到另一个相同大小且包装完好的盒子。",
    "DESCRIPTIONS": [
      "使你在怪物奖励中遇见稀有牌的几率变为 #b三倍 。"
    ]
  },
  "Nuclear Battery": {
    "NAME": "核能电池",
    "FLAVOR": "哇噢……",
    "DESCRIPTIONS": [
      "在每场战斗开始时， #y生成 #b1 个 #y等离子 充能球。"
    ]
  },
  "Nullstone Periapt": {
    "NAME": "Nullstone Periapt",
    "FLAVOR": "弃用",
    "DESCRIPTIONS": [
      "Negate the next #yDebuff you receive from an enemy. NL Recharges in #b10 turns。"
    ]
  },
  "Odd Mushroom": {
    "NAME": "奇怪蘑菇",
    "FLAVOR": "“吃了寄生毛菇之后，我觉得自己更高大了，也更……不容易受伤了。”——兰伟德 ",
    "DESCRIPTIONS": [
      "当你有 #y易伤 状态时，受到的额外伤害从 #b50% 下降为 #b25% 。"
    ]
  },
  "Oddly Smooth Stone": {
    "NAME": "意外光滑的石头",
    "FLAVOR": "你从没有见过这么光滑完好的东西，这一定是出自先古之民的手艺。",
    "DESCRIPTIONS": [
      "在每场战斗开始时，获得 #b",
      " 点 #y敏捷 。"
    ]
  },
  "Old Coin": {
    "NAME": "古钱币",
    "FLAVOR": "因为其历史价值和稀有金属成分而被商人出以高价的独特钱币。",
    "DESCRIPTIONS": [
      "拾起时，获得 #b300 #y金币 。"
    ]
  },
  "Omamori": {
    "NAME": "御守",
    "FLAVOR": "常见的用来抵御邪灵的护身符，这个护符里似乎有一股神圣的能量。",
    "DESCRIPTIONS": [
      "抵消你下 #b2 次获得的 #r诅咒 。",
      "抵消你下一次获得的 #r诅咒 。",
      "这件遗物已经耗尽。"
    ]
  },
  "Orichalcum": {
    "NAME": "奥利哈钢",
    "FLAVOR": "一块出处不明、带着些绿色的金属。似乎完全不会毁坏。",
    "DESCRIPTIONS": [
      "如果你在回合结束时没有任何 #y格挡 ，获得 #b",
      " 点 #y格挡 。"
    ]
  },
  "Ornamental Fan": {
    "NAME": "精致折扇",
    "FLAVOR": "这把折扇似乎会在洒到血时自动伸展并且变硬。",
    "DESCRIPTIONS": [
      "你每在同一回合内打出 #b3 张 #y攻击牌 ，就获得 #b",
      " 点 #y格挡 。"
    ]
  },
  "Orrery": {
    "NAME": "星系仪",
    "FLAVOR": "“一旦你理解了宇宙……”——佐罗斯",
    "DESCRIPTIONS": [
      "选择 #b5 张牌加入你的牌组。",
      "知识！"
    ]
  },
  "Pandora's Box": {
    "NAME": "潘多拉的魔盒",
    "FLAVOR": "你觉得打开这个盒子会很不吉利。",
    "DESCRIPTIONS": [
      "#b变化 所有“打击”和“防御”牌。",
      "潘多拉的魔盒已经打开了……"
    ]
  },
  "Pantograph": {
    "NAME": "缩放仪",
    "FLAVOR": "“坚实的地基从不是出自偶然，规划工具是重中之重。”——建筑师",
    "DESCRIPTIONS": [
      "在Boss战开始时，回复 #b",
      " 点生命。"
    ]
  },
  "Paper Crane": {
    "NAME": "纸鹤",
    "FLAVOR": "某种过去时代生物的折纸。",
    "DESCRIPTIONS": [
      "有 #y虚弱 状态的敌人造成的伤害降低 #b40% 而非 #b25% 。"
    ]
  },
  "Paper Frog": {
    "NAME": "纸蛙",
    "FLAVOR": "这张纸似乎会不断自己翻折，变成某种小动物的形状。",
    "DESCRIPTIONS": [
      "有 #y易伤 状态的敌人受到的伤害增加 #b75% 而非 #b50%。"
    ]
  },
  "Peace Pipe": {
    "NAME": "宁静烟斗",
    "FLAVOR": "放空心智，洁净灵魂。",
    "DESCRIPTIONS": [
      "现在你可以在休息处移除你牌组中的牌。"
    ]
  },
  "Pear": {
    "NAME": "梨子",
    "FLAVOR": "在高塔荒疫发生之前十分常见的水果。",
    "DESCRIPTIONS": [
      "拾起时，将你的最大生命值提升 #b"
    ]
  },
  "Pen Nib": {
    "NAME": "钢笔尖",
    "FLAVOR": "拿着这支笔尖时，你可以看见所有被笔尖前主人杀死过的人。真是血腥的历史。",
    "DESCRIPTIONS": [
      "你每打出的第 #b10 张 #y攻击牌 将会造成双倍伤害。"
    ]
  },
  "Philosopher's Stone": {
    "NAME": "贤者之石",
    "FLAVOR": "这块石头中散发出纯粹的能量，所有周围的人与物都会因此而变强。",
    "DESCRIPTIONS": [
      " 所有敌人初始拥有 #b2 点 #y力量 。",
      "在每回合开始时获得 [R] 。",
      "在每回合开始时获得 [G] 。",
      "在每回合开始时获得 [B] 。"
    ]
  },
  "Potion Belt": {
    "NAME": "药水腰带",
    "FLAVOR": "穿上这条腰带，我就能携带更多药水！",
    "DESCRIPTIONS": [
      "拾起时，获得 #b2 个药水栏位。"
    ]
  },
  "Prayer Wheel": {
    "NAME": "转经轮",
    "FLAVOR": "经轮一直转动，永远不停。",
    "DESCRIPTIONS": [
      "普通敌人多掉落一次卡牌奖励。"
    ]
  },
  "Question Card": {
    "NAME": "问号牌",
    "FLAVOR": "“选择多，则不受其乱。”——忽必烈大帝",
    "DESCRIPTIONS": [
      "在选奖励牌时，可供选择的牌数增加 #b1 张。（拾起时同一窗口中的奖励牌不受影响）"
    ]
  },
  "Red Circlet": {
    "NAME": "红头环",
    "FLAVOR": "你居然拿光了所有遗物。厉害！",
    "DESCRIPTIONS": [
      "看起来非常漂亮。"
    ]
  },
  "Red Mask": {
    "NAME": "红面具",
    "FLAVOR": "这副看起来十分帅气的面具属于红面具强盗团的头子，这么说来，现在你应该是他们的老大了？",
    "DESCRIPTIONS": [
      "在每场战斗开始时，给予所有敌人 #b",
      " 层 #y虚弱 。"
    ]
  },
  "Red Skull": {
    "NAME": "红头骨",
    "FLAVOR": "一个用装饰性颜料涂红的小小头骨。",
    "DESCRIPTIONS": [
      "当你的生命值等于或低于 #b50% 时， 你获得额外 #b",
      " 点 #y力量 。"
    ]
  },
  "Regal Pillow": {
    "NAME": "皇家枕头",
    "FLAVOR": "这下能好好睡一觉了。",
    "DESCRIPTIONS": [
      "在 #y休息 时额外回复 #b",
      " 点生命。"
    ]
  },
  "Ring of the Serpent": {
    "NAME": "长蛇戒指",
    "DESCRIPTIONS": [
      "替换 #g蛇之戒指 。",
      "在你的每个回合开始时，额外抽 #b1 张牌。"
    ],
    "FLAVOR": "你的戒指改变了形态，焕然一新。"
  },
  "Ring of the Snake": {
    "NAME": "蛇之戒指",
    "FLAVOR": "用蛇的化石制成的戒指，优秀女猎手的象征。",
    "DESCRIPTIONS": [
      "在每场战斗开始时，额外抽 #b",
      " 张牌。"
    ]
  },
  "Runic Capacitor": {
    "NAME": "符文电容器",
    "FLAVOR": "多多益善。",
    "DESCRIPTIONS": [
      "每场战斗开始时，获得 #b3 个额外充能球栏位。"
    ]
  },
  "Runic Cube": {
    "NAME": "符文立方体",
    "FLAVOR": "上面的符文无法辨识。",
    "DESCRIPTIONS": [
      "每当你失去生命时，抽 #b",
      " 张牌。",
      ""
    ]
  },
  "Runic Dome": {
    "NAME": "符文圆顶",
    "FLAVOR": "上面的符文无法辨识。",
    "DESCRIPTIONS": [
      "。你无法再看见敌人的 #b意图 。",
      "在每回合开始时获得 [R] ",
      "在每回合开始时获得 [G] ",
      "在每回合开始时获得 [B] "
    ]
  },
  "Runic Pyramid": {
    "NAME": "符文金字塔",
    "FLAVOR": "上面的符文无法辨识。",
    "DESCRIPTIONS": [
      "你在回合结束时不再自动丢弃所有手牌。",
      ""
    ]
  },
  "Self Forming Clay": {
    "NAME": "自成型黏土",
    "FLAVOR": "“真是有意思！这东西看起来可以按照我的想法自己成型！读心的黏土吗？”——兰伟德",
    "DESCRIPTIONS": [
      "每当你在战斗中失去生命，就在下回合获得 #b",
      " 点 #y格挡 。"
    ]
  },
  "Shovel": {
    "NAME": "铲子",
    "FLAVOR": "高塔中有着无数过去文明遗留下的遗物和强大的冒险者们遗失的宝物，现在你可以把它们挖出来了！",
    "DESCRIPTIONS": [
      "现在你可以在休息处 #y挖掘 遗物。"
    ]
  },
  "Shuriken": {
    "NAME": "手里剑",
    "FLAVOR": "轻型的投掷武器，尤其推荐对着眼睛扔。",
    "DESCRIPTIONS": [
      "你每在同一回合内打出 #b",
      " 张 #y攻击牌 ，获得 #b",
      " 点 #y力量 。"
    ]
  },
  "Singing Bowl": {
    "NAME": "颂钵",
    "FLAVOR": "这件被使用过无数次的法器在被敲打时会发出不绝于耳的悠扬旋律，也被称为“唱歌碗”。",
    "DESCRIPTIONS": [
      "可以将卡牌奖励转变为 #b+2 最大生命值。"
    ]
  },
  "Smiling Mask": {
    "NAME": "微笑面具",
    "FLAVOR": "商人戴着的面具，看来他有很多备用的……",
    "DESCRIPTIONS": [
      "商人的卡牌移除服务现在价格永远是 #b",
      "  #y金币 。"
    ]
  },
  "Snake Skull": {
    "NAME": "异蛇头骨",
    "FLAVOR": "保存完好的异蛇头骨，十分离奇地非常干净和光滑，任何灰尘和污垢都无法沾上它，这是为什么呢。",
    "DESCRIPTIONS": [
      "每当你给予敌人 #y中毒 状态时，额外给予 #b",
      " 层 #y中毒 。"
    ]
  },
  "Snecko Eye": {
    "NAME": "异蛇之眼",
    "FLAVOR": "一条死去异蛇的眼珠，比你想象中的要大上不少。",
    "DESCRIPTIONS": [
      "每回合多抽 #b2 张牌。每场战斗开始时获得 #y混乱 效果。"
    ]
  },
  "Sozu": {
    "NAME": "添水",
    "FLAVOR": "你注意到所有带魔力的液体在接近这件遗物时都会失去效力。",
    "DESCRIPTIONS": [
      " 你无法再获得药水。 ",
      "在每回合开始时获得 [R] 。",
      "在每回合开始时获得 [G] 。",
      "在每回合开始时获得 [B] 。"
    ]
  },
  "Spirit Poop": {
    "NAME": "精灵便便",
    "FLAVOR": "你向精灵献上的祭品被烧焦后的遗留物。",
    "DESCRIPTIONS": [
      "不管怎么看都很不舒服。"
    ]
  },
  "Strange Spoon": {
    "NAME": "奇怪的勺子",
    "FLAVOR": "如果你盯着这把勺子看，它似乎就会在你眼前弯曲变形。",
    "DESCRIPTIONS": [
      "应该 #y消耗 的牌在被打出时会有 #b50% 几率只被丢弃。"
    ]
  },
  "Strawberry": {
    "NAME": "草莓",
    "FLAVOR": "“太好吃了！荒疫之后就没见过这东西了啊。”——兰伟德",
    "DESCRIPTIONS": [
      "拾起时，将你的最大生命值提升 #b"
    ]
  },
  "Sundial": {
    "NAME": "日晷",
    "FLAVOR": "“古代人类愚昧地执着于时间，他们抬头望向天空，希望能得到永恒的引导。”——佐罗斯",
    "DESCRIPTIONS": [
      "你每洗牌 #b",
      " 次，获得 [R] [R] 。",
      " 次，获得 [G] [G] 。",
      " 次，获得 [B] [B] 。"
    ]
  },
  "Symbiotic Virus": {
    "NAME": "共生病毒",
    "FLAVOR": "小小的麻烦 ，却可以带来大大的益处……",
    "DESCRIPTIONS": [
      "在每场战斗开始时， #y生成 #b1 个 #y黑暗 充能球。"
    ]
  },
  "Test 1": {
    "NAME": "测试遗物 1",
    "FLAVOR": "Beta版的测试遗物。如果你喜欢它，请告诉开发组。",
    "DESCRIPTIONS": [
      "当你使用药水时，获得 ",
      " [R] 。",
      " [G] 。",
      " [B] 。"
    ]
  },
  "Test 2": {
    "NAME": "测试遗物 2",
    "FLAVOR": "Beta版的测试遗物。如果你喜欢它，请告诉开发组。",
    "DESCRIPTIONS": [
      "现在观看 #y弃牌堆 时，卡牌将按顺序排列。"
    ]
  },
  "Test 3": {
    "NAME": "测试遗物 3",
    "FLAVOR": "Beta版的测试遗物。如果你喜欢它，请告诉开发组。",
    "DESCRIPTIONS": [
      "拾起时， #y升级 所有 #y防御 牌。"
    ]
  },
  "Test 4": {
    "NAME": "测试遗物 4",
    "FLAVOR": "Beta版的测试遗物。如果你喜欢它，请告诉开发组。",
    "DESCRIPTIONS": [
      "在战斗开始时，将所有 #y打击 牌的耗能变为 #b0。"
    ]
  },
  "Test 5": {
    "NAME": "测试遗物 5",
    "FLAVOR": "Beta版的测试遗物。如果你喜欢它，请告诉开发组。",
    "DESCRIPTIONS": [
      "拾起时，随机 #y升级 #b",
      " 张 #y技能牌 。"
    ]
  },
  "Test 6": {
    "NAME": "测试遗物 6",
    "FLAVOR": "Beta版的测试遗物。如果你喜欢它，请告诉开发组。",
    "DESCRIPTIONS": [
      "在每回合结束时，你获得额外 #y格挡 。每 #b",
      " 点 #y格挡 需要你拥有 #b",
      " #y金币 。"
    ]
  },
  "Test 7": {
    "NAME": "测试遗物 7",
    "FLAVOR": "Beta版的测试遗物。如果你喜欢它，请告诉开发组。",
    "DESCRIPTIONS": [
      " #y精英 敌人在被打败时会掉落 #b2 件 #y遗物 。"
    ]
  },
  "Test 8": {
    "NAME": "测试遗物 8",
    "FLAVOR": "Beta版的测试遗物。如果你喜欢它，请告诉开发组。",
    "DESCRIPTIONS": [
      "每回合多抽 #b2 张牌。每场战斗开始时获得 #y混乱 效果。"
    ]
  },
  "The Courier": {
    "NAME": "送货员",
    "FLAVOR": "这是商人的宠物！",
    "DESCRIPTIONS": [
      "商人的卡牌、遗物和药水不再会卖光，并且所有商品打折 #b20% 。"
    ]
  },
  "The Specimen": {
    "NAME": "生物样本",
    "FLAVOR": "“有意思！我发现了一个有着惊人毒性的变异生物，先采集份样本以后再仔细研究吧。”——兰伟德",
    "DESCRIPTIONS": [
      "每当有敌人死去时，将其身上的 #y中毒 层数移到一名随机敌人身上。"
    ]
  },
  "Thread and Needle": {
    "NAME": "针线",
    "FLAVOR": "将这些魔法线缠绕在你的周围时，你觉得自己变得更坚硬了。",
    "DESCRIPTIONS": [
      "在每场战斗开始时，获得 #b",
      " 层 #y多层护甲 。"
    ]
  },
  "Tingsha": {
    "NAME": "铜钹",
    "FLAVOR": "这件乐器发出的响声似乎能回荡到让人耳朵发痛。",
    "DESCRIPTIONS": [
      "你每在你的回合丢弃一张牌，就对一名随机敌人造成 #b",
      " 点伤害。"
    ]
  },
  "Tiny Chest": {
    "NAME": "小宝箱",
    "FLAVOR": "“作为原型而言相当不错。”——建筑师",
    "DESCRIPTIONS": [
      "获得 #b",
      "  #y金币 。 你在 ? 房间找到财宝的几率增加 #b10% 。",
      "你在 ? 房间找到财宝的几率增加 #b10% 。"
    ]
  },
  "Tiny House": {
    "NAME": "小屋子",
    "FLAVOR": "“一项近乎完美的微缩化工程。这是我至今最优秀的作品，但仍然远远不够。”——建筑师",
    "DESCRIPTIONS": [
      "拾起时，获得 #b1 瓶药水。 NL 获得 #b",
      "  #y金币 。 NL 将你的最大生命值提升 #b",
      " 。 NL 获得 #b1 张牌。 NL 随机升级 #b1 张牌。",
      "小小的屋子！"
    ]
  },
  "Toolbox": {
    "NAME": "工具箱",
    "FLAVOR": "不管面对什么工作，都能找到相应的工具。",
    "DESCRIPTIONS": [
      "在每场战斗开始时，增加一张随机无色牌到你的手牌。"
    ]
  },
  "Torii": {
    "NAME": "鸟居",
    "FLAVOR": "你拿着这个小小的鸟居，感觉心中有一股宁静与安全的感觉。",
    "DESCRIPTIONS": [
      "每当你受到小于等于 #b",
      " 点的未被格挡 #y攻击 伤害时，将伤害降低为 #b1。"
    ]
  },
  "Tough Bandages": {
    "NAME": "结实绷带",
    "FLAVOR": "失去给人带来力量。",
    "DESCRIPTIONS": [
      "你每在你的回合丢弃一张牌，就获得 #b",
      " 点 #y格挡 。"
    ]
  },
  "Toxic Egg": {
    "NAME": "毒素之蛋",
    "FLAVOR": "“真是了不起的发现！这似乎是某种魔法生物已经不起作用了的蛋，究竟是谁或什么制造了这东西呢？”——兰伟德",
    "DESCRIPTIONS": [
      "拾起时，选择一张 #y技能牌 并将其 #y升级 。",
      "选择一张牌 "
    ]
  },
  "Toxic Egg 2": {
    "NAME": "毒素之蛋",
    "FLAVOR": "“真是了不起的发现！这似乎是某种魔法生物已经不起作用了的蛋，究竟是谁或什么制造了这东西呢？”——兰伟德",
    "DESCRIPTIONS": [
      "每当你获得 #y技能牌 时，将其 #y升级 。"
    ]
  },
  "Toy Ornithopter": {
    "NAME": "玩具扑翼飞机",
    "FLAVOR": "“这个小玩具最适合陪伴孤独一人的冒险者啦！”",
    "DESCRIPTIONS": [
      "你每使用一瓶药水，回复 #b",
      " 点生命。"
    ]
  },
  "Turnip": {
    "NAME": "萝卜",
    "FLAVOR": "与生姜搭配尤为适合。",
    "DESCRIPTIONS": [
      "你不会再被 #y脆弱 。"
    ]
  },
  "Unceasing Top": {
    "NAME": "不休陀螺",
    "FLAVOR": "这个陀螺始终轻松地旋转着，让你觉得自己仿佛是在梦中。",
    "DESCRIPTIONS": [
      "在你的回合，当你没有手牌时，抽一张牌。"
    ]
  },
  "Vajra": {
    "NAME": "金刚杵",
    "FLAVOR": "一件交给在战斗中展示了荣耀的战士们的装饰性遗物。",
    "DESCRIPTIONS": [
      "在每场战斗开始时，获得 #b",
      " 点 #y力量 。"
    ]
  },
  "Velvet Choker": {
    "NAME": "天鹅绒颈圈",
    "FLAVOR": "“力量巨大，但过于局限。”——忽必烈大帝",
    "DESCRIPTIONS": [
      "你每回合不能打出超过 #b",
      " 张牌。",
      "在每回合开始时获得 [R] 。",
      "在每回合开始时获得 [G] 。",
      "在每回合开始时获得 [B] 。",
      "我只能打出最多 NL #r"
    ]
  },
  "War Paint": {
    "NAME": "战纹涂料",
    "FLAVOR": "在过去，铁甲军团的士兵们会在战斗前使用带有魔力的涂料来绘制保护性的战纹。",
    "DESCRIPTIONS": [
      "拾起时，随机 #y升级 #b",
      " 张 #y技能牌 。"
    ]
  },
  "Whetstone": {
    "NAME": "磨刀石",
    "FLAVOR": "“肉体永远无法打败钢铁。”——忽必烈大帝",
    "DESCRIPTIONS": [
      "拾起时，随机 #y升级 #b",
      " 张 #y攻击牌 。"
    ]
  },
  "White Beast Statue": {
    "NAME": "白兽雕像",
    "FLAVOR": "一个小小的白色雕像，这种动物你从来没有见过。",
    "DESCRIPTIONS": [
      "战斗结束后必定掉落药水。"
    ]
  },
  "Mark of the Bloom": {
    "NAME": "绽放印记",
    "FLAVOR": "在高塔的深处，思维与现实成为了一体。",
    "DESCRIPTIONS": [
      "你无法再回复生命。"
    ]
  },
  "Busted Crown": {
    "NAME": "破碎金冠",
    "FLAVOR": "第一勇士的金冠……或者只是一个拙劣的仿制品？",
    "DESCRIPTIONS": [
      "在卡牌奖励画面，可供选择的牌数减少 #b2 张。",
      "在每回合开始时获得 [R] 。",
      "在每回合开始时获得 [G] 。",
      "在每回合开始时获得 [B] 。"
    ]
  },
  "Empty Cage": {
    "NAME": "空鸟笼",
    "FLAVOR": "“将崇拜之物关进笼子，这是多么奇异的行为啊。”——兰伟德",
    "DESCRIPTIONS": [
      "拾起时，选择移除牌组中的 #b2 张牌。",
      "选择2张牌移除。"
    ]
  },
  "Incense Burner": {
    "NAME": "香炉",
    "FLAVOR": "香炉中的烟让拥有者获得被焚烧者的灵力。",
    "DESCRIPTIONS": [
      "每 #b6 回合，获得 #b1 层 #y无实体 。"
    ]
  },
  "Fusion Hammer": {
    "NAME": "融合之锤",
    "FLAVOR": "一旦握住，就永远无法放下。",
    "DESCRIPTIONS": [
      "。 你无法再在休息处锻造升级卡牌。",
      "在每回合开始时获得 [R] ",
      "在每回合开始时获得 [G] ",
      "在每回合开始时获得 [B] "
    ]
  },
  "Coffee Dripper": {
    "NAME": "咖啡滤杯",
    "FLAVOR": "“好的，请再来一杯。继续工作，继续工作！”——建筑师",
    "DESCRIPTIONS": [
      "。 你无法再在休息处 #y休息 。",
      "在每回合开始时获得 [R] ",
      "在每回合开始时获得 [G] ",
      "在每回合开始时获得 [B] "
    ]
  },
  "SsserpentHead": {
    "NAME": "蛇的头",
    "FLAVOR": "最幸福的人生当然就是什么东西都能买得起的土豪生活了！",
    "DESCRIPTIONS": [
      "每次进入？房间时获得 #b",
      " #y金币 。"
    ]
  },
  "NlothsMask": {
    "NAME": "恩洛斯的饥饿的脸",
    "FLAVOR": "你觉得好饿。",
    "DESCRIPTIONS": [
      "你打开的下一个非Boss宝箱将是空的。",
      ""
    ]
  },
  "FaceOfCleric": {
    "NAME": "牧师的脸",
    "FLAVOR": "人人都爱牧师。",
    "DESCRIPTIONS": [
      "每场战斗后你的最大生命值增加 #b1 。"
    ]
  },
  "CultistMask": {
    "NAME": "邪教徒头套",
    "FLAVOR": "自己人！自己人！",
    "DESCRIPTIONS": [
      "你觉得自己有开腔的欲望。",
      "@咔！@ NL @咔咔！@"
    ]
  },
  "GremlinMask": {
    "NAME": "地精容貌",
    "FLAVOR": "呜哇，好想逃跑。",
    "DESCRIPTIONS": [
      "在每场战斗开始时，你拥有 #b1 层 #y虚弱 。"
    ]
  },
  "TheAbacus": {
    "NAME": "算盘",
    "FLAVOR": "“一……二……三……”",
    "DESCRIPTIONS": [
      "你每次将抽牌堆洗牌时，获得 #b6 点 #y格挡 。"
    ]
  },
  "DollysMirror": {
    "NAME": "多利之镜",
    "FLAVOR": "“照出来我的样子怪怪的。”",
    "DESCRIPTIONS": [
      "拾起时，从你的牌组中选择一张牌进行复制。",
      "选择1张牌复制。"
    ]
  },
  "ClockworkSouvenir": {
    "NAME": "齿轮工艺品",
    "FLAVOR": "“你看里面齿轮这么多，是不是很精巧。”",
    "DESCRIPTIONS": [
      "每场战斗开始时，获得 #b1 层 #y人工制品 。"
    ]
  },
  "MealTicket": {
    "NAME": "餐券",
    "FLAVOR": "“这里的肉丸子可是有名的！以后每次来都可以尝尝哦！”",
    "DESCRIPTIONS": [
      "每当你进入商店房间时，回复 #b7 点生命。"
    ]
  },
  "TwistedFunnel": {
    "NAME": "扭曲漏斗",
    "FLAVOR": "“个人建议不要用这个来喝东西。”",
    "DESCRIPTIONS": [
      "在每场战斗开始时，给予所有敌人 #b4 层 #y中毒 。"
    ]
  },
  "HandDrill": {
    "NAME": "手钻",
    "FLAVOR": "“螺旋超危险的啊。”",
    "DESCRIPTIONS": [
      "每当你突破敌人的 #y格挡 时，给予其 #b2 层 #y易伤 。"
    ]
  },
  "HoveringKite": {
    "NAME": "悬浮风筝",
    "FLAVOR": "风筝在战斗中飘浮在你的身旁，不知是何种神秘的力量让它能浮在空中。",
    "DESCRIPTIONS": [
      "在每回合开始时获得 [G] ，并丢弃 #b2 张牌。"
    ]
  },
  "Sling": {
    "NAME": "勇气投石索",
    "FLAVOR": "“对格外强大的对手非常好用的工具。”",
    "DESCRIPTIONS": [
      "在与精英敌人战斗时，获得 #b",
      " 点 #y力量 。"
    ]
  },
  "FrozenCore": {
    "NAME": "冻结核心",
    "FLAVOR": "某种脉动的冰冷能量充满了你核心中的破损处。",
    "DESCRIPTIONS": [
      "替换 #r破损核心 。 如果你在你的回合结束时还有空余的充能球栏位， #y生成 #b1 个 #y冰霜 充能球。"
    ]
  },
  "OrangePellets": {
    "NAME": "橙色药丸",
    "FLAVOR": "“用塔里各处真菌做出来的药，包治百病！”",
    "DESCRIPTIONS": [
      "你每在同一回合内打出 #y能力牌 、 #y攻击牌 和 #y技能牌 各一张，移除你身上的所有负面效果。"
    ]
  },
  "WristBlade": {
    "NAME": "袖剑",
    "FLAVOR": "实用的暗杀工具。",
    "DESCRIPTIONS": [
      "费用为0的 #y攻击牌 额外造成 #b3 点伤害。"
    ]
  },
  "StoneCalendar": {
    "NAME": "历石",
    "FLAVOR": "在高塔中几乎感觉不到时间的流逝。",
    "DESCRIPTIONS": [
      "在第 #b",
      " 回合结束时，对所有敌人造成 #b",
      " 点伤害。"
    ]
  },
  "Nunchaku": {
    "NAME": "双节棍",
    "FLAVOR": "优良的练武器具，能改善使用者的姿势、提升灵活度。",
    "DESCRIPTIONS": [
      "你每打出 #b",
      " 张 #y攻击牌 ，获得 [R] 。",
      " 张 #y攻击牌 ，获得 [G] 。",
      " 张 #y攻击牌 ，获得 [B] 。"
    ]
  },
  "MawBank": {
    "NAME": "巨口储蓄罐",
    "FLAVOR": "尽管巨口袭击频繁发生，这个造型的储蓄罐却意外相当流行。",
    "DESCRIPTIONS": [
      "每攀爬一层楼层获得 #b",
      " #y金币 。 一旦在商店中花费 #y金币 就会失效。",
      "This relic has been used up."
    ]
  },
  "MutagenicStrength": {
    "NAME": "突变之力",
    "FLAVOR": "“效果似乎稍纵即逝，只在危险时才会触发。”——佚名",
    "DESCRIPTIONS": [
      "在每场战斗开始时获得 #b",
      " 点 #y力量 ，在你的回合结束时失去相应力量。"
    ]
  },
  "Brimstone": {
    "NAME": "硫磺",
    "FLAVOR": "散发出地狱般的高热。",
    "DESCRIPTIONS": [
      "在你的每个回合开始时，所有参战者获得 #b",
      " 点 #y力量 。"
    ]
  },
  "Pocketwatch": {
    "NAME": "怀表",
    "FLAVOR": "指针似乎永远卡在3点的位置。",
    "DESCRIPTIONS": [
      "若你在某个回合打出的牌少于等于 #b3 张，则在你的下个回合开始时额外抽 #b3 张牌。"
    ]
  },
  "PreservedInsect": {
    "NAME": "昆虫标本",
    "FLAVOR": "这只昆虫似乎会对尤其巨大的敌人们散发出虚弱的光环。",
    "DESCRIPTIONS": [
      "精英房间的敌人生命减少 #b",
      "% 。"
    ]
  },
  "FossilizedHelix": {
    "NAME": "螺类化石",
    "FLAVOR": "似乎坚不可摧，你很好奇究竟是何种生物曾拥有这样的部分。",
    "DESCRIPTIONS": [
      "阻止你在每场战斗中第一次受到的生命值损伤。"
    ]
  },
  "PrismaticShard": {
    "NAME": "棱镜碎片",
    "FLAVOR": "通过碎片，你能以全新的视角观察这个世界。",
    "DESCRIPTIONS": [
      "战斗奖励掉落的卡牌现在会包括无色牌和其他颜色的牌。"
    ]
  },
  "WarpedTongs": {
    "NAME": "弯曲铁钳",
    "FLAVOR": "这对被偷来的诅咒铁钳上散发着强烈的怨念，它似乎十分想要回到原本的地方。",
    "DESCRIPTIONS": [
      "在你的每个回合开始时，随机 #y升级 一张你的手牌（只影响本场战斗）。"
    ]
  },
  "WingedGreaves": {
    "NAME": "羽翼之靴",
    "FLAVOR": "很帅气。",
    "DESCRIPTIONS": [
      "你在选择下一层的房间时有3次机会可以无视当前的路线。"
    ]
  }
}