{
  "AbandonRunButton": {
    "TEXT": [
      "放弃这局游戏"
    ]
  },
  "AbstractCard": {
    "TEXT": [
      "锁定",
      "未知"
    ]
  },
  "AbstractChest": {
    "TEXT": [
      "前进"
    ]
  },
  "AbstractCreature": {
    "TEXT": [
      "死亡",
      "格挡",
      "最大生命+",
      "击晕！",
      "打断！",
      "遗物"
    ]
  },
  "AbstractDungeon": {
    "TEXT": [
      "前进",
      "荒疫："
    ]
  },
  "AbstractMonster": {
    "TEXT": [
      "攻势",
      "这名敌人将要 NL #y攻击 造成 #b",
      " 点伤害 #b",
      " 次。",
      "这名敌人将要 NL #y攻击 造成 #b",
      " 点伤害。",
      "攻势",
      "这名敌人将要进行 #y强化 并 #y攻击 造成 #b",
      " 次。",
      "这名敌人将要进行 #y强化 并 #y攻击 造成 #b",
      "策略",
      "这名敌人将要对你施加 #y负面效果 并 #y攻击 造成 #b",
      "这名敌人将要格挡并 #y攻击 造成 #b",
      "守势",
      "胆小",
      "魔法",
      "熟睡",
      "击晕",
      "不明",
      "这名敌人将要进行 #y强化 。",
      "这名敌人将要对你施加一种 #y负面效果 。",
      "这名敌人将要对你施加一种强大的 #y负面效果 。",
      "这名敌人将要在这个回合进行 #y格挡 。",
      "这名敌人将要进行 #y格挡 并对你施加一种 #y负面效果 。",
      "这名敌人将要进行 #y格挡 并进行 #y强化 。",
      "这名敌人将要 #y逃跑 ",
      "这名敌人将要在这个回合使用神秘的 #y魔法 。",
      "这名敌人正在睡觉。",
      "这名敌人在这个回合被 #y击晕 了。",
      "这名敌人的意图 #y不明 （但不是攻击）。",
      "格挡"
    ]
  },
  "AbstractPlayer": {
    "TEXT": [
      "格挡",
      "铁甲战士",
      "静默猎手",
      "故障机器人"
    ]
  },
  "AbstractPotion": {
    "TEXT": [
      "我不能携带 NL 更多 #b药水 了。"
    ]
  },
  "AbstractRoom": {
    "TEXT": [
      "被打劫了……",
      "逃跑了……"
    ]
  },
  "AnyCardFromDeckToHandAction": {
    "TEXT": [
      "选择一张牌放入你的手牌。",
      "选择牌放入你的手牌。"
    ]
  },
  "ApplyPowerAction": {
    "TEXT": [
      "抵消",
      "免疫",
      "无效",
      " 下降"
    ]
  },
  "ArmamentsAction": {
    "TEXT": [
      "升级"
    ]
  },
  "AscensionModeDescriptions": {
    "TEXT": [
      "1. 精英敌人出现更加频繁。",
      "2. 普通敌人造成更多伤害。",
      "3. 精英敌人造成更多伤害。",
      "4. Boss敌人造成更多伤害。",
      "5. Boss战后生命恢复减少。",
      "6. 开始游戏时受到伤害。",
      "7. 普通敌人拥有更多生命。",
      "8. 精英敌人拥有更多生命。",
      "9. Boss敌人拥有更多生命。",
      "10. 初始拥有诅咒。",
      "11. 药水栏位变少。",
      "12. 升级过的牌出现频率下降。",
      "13. Boss变穷。",
      "14. 最大生命值下降。",
      "15. 部分事件变得更加不利。",
      "16. 商店要价更高。",
      "17. 普通敌人的行动与能力变强。",
      "18. 精英敌人的行动与能力变强。",
      "19. Boss敌人的行动与能力变强。",
      "（最大等级） 双重Boss。"
    ]
  },
  "AscensionTextEffect": {
    "TEXT": [
      "进阶模式等级 ",
      " 解锁！"
    ]
  },
  "AttackFromDeckToHandAction": {
    "TEXT": [
      "选择一张攻击牌放入你的手牌。"
    ]
  },
  "BattleStartEffect": {
    "TEXT": [
      "战斗开始",
      "玩家回合",
      "敌方回合",
      " 回合"
    ]
  },
  "BossChest": {
    "TEXT": [
      "前进"
    ]
  },
  "BossRelicSelectScreen": {
    "TEXT": [
      "确认",
      "确认你的选择",
      "选择一样遗物",
      "跳过",
      "现在投票： ",
      "秒后结束。",
      "选择一项荒疫"
    ]
  },
  "CacheAction": {
    "TEXT": [
      "选择一张牌放到你抽牌堆的顶端。",
      "选择将牌放到你抽牌堆的顶端。"
    ]
  },
  "CampfireSleepEffect": {
    "TEXT": [
      "梦见了什么？"
    ]
  },
  "CampfireSmithEffect": {
    "TEXT": [
      "选择一张牌 升级 。"
    ]
  },
  "CampfireTokeEffect": {
    "TEXT": [
      "选择一张牌 移除 。"
    ]
  },
  "CampfireUI": {
    "TEXT": [
      "该做什么呢？",
      "嗯……",
      "我该怎么做？",
      "该休息一下了",
      "有不少选择啊……",
      "我该休息一下",
      "好累……"
    ]
  },
  "Cancel Button": {
    "TEXT": [
      "删除存档"
    ]
  },
  "CardLibSortHeader": {
    "TEXT": [
      "稀有度",
      "类型",
      "A-Z",
      "耗能",
      "定位："
    ]
  },
  "CardLibraryScreen": {
    "TEXT": [
      "返回",
      "红色",
      "绿色",
      "蓝色",
      "无色",
      "诅咒",
      "状态",
      "看升级版"
    ]
  },
  "CardRewardScreen": {
    "TEXT": [
      "跳过",
      "选一张牌",
      "+2 最大生命",
      "现在投票： ",
      "秒后结束。",
      "看升级版"
    ]
  },
  "CharacterOption": {
    "TEXT": [
      "锁定",
      "这名角色需要打过一局游戏才能解锁。",
      "这名角色在抢先体验阶段还没有做完。",
      "这名角色需要用静默猎手打过一局游戏才能解锁。",
      "生命：",
      "金币：",
      " 组解锁内容还等待着你去解锁",
      "未知",
      "？？？",
      " 到下组解锁的分数"
    ]
  },
  "CharacterSelectScreen": {
    "TEXT": [
      "选择你的角色",
      "启程",
      "铁甲战士",
      "静默猎手",
      "故障机器人",
      "返回",
      "进阶",
      "等级 ",
      "进阶模式",
      "随着胜利次数增多，难度也会进一步提升……（不会影响连胜）",
      "种子编号 ",
      "随机种子",
      "每一局游戏的随机性取决于初始时的种子编号。",
      "设定种子"
    ]
  },
  "ChooseOneScreen": {
    "TEXT": [
      "选择一样"
    ]
  },
  "CombatRewardScreen": {
    "TEXT": [
      "前进",
      "跳过卡牌",
      "跳过金币",
      "跳过药水",
      "跳过遗物",
      "跳过奖励",
      "关闭",
      "财宝！",
      "里面有什么？",
      "太好了！",
      "好东西！",
      "好好搜刮！",
      "小提示："
    ]
  },
  "Confirm Button": {
    "TEXT": [
      "确认"
    ]
  },
  "ConfirmPopup": {
    "TEXT": [
      "返回",
      "删除存档",
      "是",
      "否"
    ]
  },
  "CopyAction": {
    "TEXT": [
      "复制"
    ]
  },
  "CreditsScreen": {
    "TEXT": [
      "再次点击退出",
      "退出"
    ]
  },
  "DailyScreen": {
    "TEXT": [
      "每日挑战",
      "正在连接时间服务器……",
      "#y注意： 你已经完成今天的每日挑战。 NL 你可以重复进行挑战，但分数不会上传。",
      "返回",
      "启程",
      "今日角色： ",
      "yyyy/MM/dd HH:mm:ss",
      "剩余时间： ",
      "#y到达的层数： NL  ",
      " NL NL  #y牌组： NL ",
      " NL NL  #y遗物： NL  ",
      " NL 今日挑战： NL  #y职业： NL  ",
      " NL  #y今日特效： ",
      "每日特效： ",
      "排行榜",
      "*每日挑战中无法解锁成就。",
      "  [离线模式]"
    ]
  },
  "DeathScreen": {
    "TEXT": [
      "继续",
      "胜利？",
      "攀爬的楼层",
      "打败的Boss",
      "游戏时间",
      "游戏时间",
      "分数",
      "功亏一篑",
      "死亡……",
      "败北",
      "失败！",
      "坏灭",
      "惨败",
      "消灭",
      "你死了！",
      "多么熟悉的感觉。",
      "小睡一下吧。",
      "种瓜得瓜，种豆得豆。",
      "走错了路。",
      "我的准备不足。",
      "明天我会再次挑战。",
      "看来需要一张新地图了。",
      "大意了。",
      "怎么可能！",
      "难道我就到此为止了吗？",
      "呵，这运气……",
      "怎么能在这里……",
      "还没到最上层……",
      "高塔又吞噬了一条生命……",
      "你的意识消散了……",
      "失败",
      "接受",
      "接受",
      "重试",
      "主菜单",
      "前进",
      "解锁",
      "主菜单",
      "重试",
      "前进",
      "解锁",
      "剩余解锁：",
      "剩余解锁：",
      "杀死的敌人",
      "杀死的精英",
      "剩余的金币",
      "生命值奖励"
    ],
    "EXTRA_TEXT": [
      "塔底 所杀精英 ",
      "城市 所杀精英 ",
      "深处 所杀精英 ",
      "极速",
      "光速",
      "独一无二",
      "遗物收藏家",
      "一副炸弹",
      "平民",
      "卡牌收藏者",
      "百科全书",
      "饱餐",
      "饕餮",
      "诅咒！",
      "不死于敌手",
      "",
      "完胜",
      "全面完胜",
      "虐杀",
      "连续技",
      ""
    ]
  },
  "DeathScreenUi": {
    "TEXT": [
      "进阶模式等级 ",
      " 解锁！"
    ]
  },
  "Dig Option": {
    "TEXT": [
      "挖掘",
      "挖出一件随机遗物。"
    ]
  },
  "DiscardAction": {
    "TEXT": [
      "丢弃"
    ]
  },
  "DiscardPilePanel": {
    "TEXT": [
      "我的弃牌堆是 #r空的 。"
    ]
  },
  "DiscardPileToHandAction": {
    "TEXT": [
      "选择一张牌放入你的手牌。"
    ]
  },
  "DiscardPileToTopOfDeckAction": {
    "TEXT": [
      "选择一张牌放到你抽牌堆的顶端。"
    ]
  },
  "DiscardPileViewScreen": {
    "TEXT": [
      "当抽牌堆被抽空时，这里的牌将会被洗牌并重新放入抽牌堆。",
      "返回",
      "弃牌堆"
    ]
  },
  "DrawPilePanel": {
    "TEXT": [
      "我的抽牌堆是 #r空的 。"
    ]
  },
  "DrawPileViewScreen": {
    "TEXT": [
      "每回合开始时将从这里抽牌。",
      "（这里显示的卡牌按照稀有度排列）",
      "返回",
      "抽牌堆"
    ]
  },
  "DualWieldAction": {
    "TEXT": [
      "复制"
    ]
  },
  "DungeonMapScreen": {
    "TEXT": [
      "选择开始的房间",
      "返回"
    ]
  },
  "DungeonTransitionScreen": {
    "TEXT": [
      "教程",
      "你是否想在游玩时观看一些游戏的提示？",
      "第一阶段",
      "入口",
      "第二阶段",
      "城市",
      "第三阶段",
      "深处",
      "第？阶段",
      "？？？",
      "点击任意地方继续"
    ]
  },
  "EarlyAccessPopup": {
    "TEXT": [
      "什么是抢先体验？",
      "什么是公开Beta测试？",
      "Slay the Spire 目前正在积极开发中！许多内容、卡牌和敌人仍将有所改变。如果你遇到问题或有任何反馈，请在我们的 #bSteam #b讨论区 告诉我们。 NL 好了，看了这么多字，你该爬塔了！ NL （目前的中文版是热心网友提供的社区汉化，对于汉化的bug和反馈也可以在贴吧发帖，我会时不时收集反馈）——热心网友谜之声",
      "Slay the Spire 目前正在积极开发中！更何况你还在玩Beta版的内容。请告诉我们你遇到的任何问题，但如果遇到未来内容的临时图片请不用太惊讶。 NL 好了，看了这么多字，你该爬塔了！ NL （由于beta版更新较快，有时会出现汉化进度跟不上或出现新bug的情况，敬请见谅。）——热心网友谜之声",
      "点击任意地方开始 ",
      "继续"
    ]
  },
  "End Turn Button": {
    "TEXT": [
      "结束回合",
      "敌方回合"
    ]
  },
  "ExhaustAction": {
    "TEXT": [
      "消耗"
    ]
  },
  "ExhaustViewScreen": {
    "TEXT": [
      "在这场战斗中被 消耗 的牌。",
      "返回"
    ]
  },
  "ExhumeAction": {
    "TEXT": [
      "选择一张牌放回你的手牌"
    ]
  },
  "ExitGameButton": {
    "TEXT": [
      "退出游戏"
    ]
  },
  "Exordium": {
    "TEXT": [
      "塔底"
    ]
  },
  "GamblingChipAction": {
    "TEXT": [
      "替换（赌博筹码）",
      "替换"
    ]
  },
  "GameSavedEffect": {
    "TEXT": [
      "#y~游戏已保存~"
    ]
  },
  "GridCardSelectScreen": {
    "TEXT": [
      "确认",
      "取消",
      "确认你的选择",
      "离开"
    ]
  },
  "HandCardSelectScreen": {
    "TEXT": [
      "确认将牌 ",
      "确认将牌 ",
      "选择 ",
      " 张牌来",
      "选择任意张牌来",
      "选择一张牌来"
    ]
  },
  "HiddenChamberAction": {
    "TEXT": [
      "复制"
    ]
  },
  "ImmolateAction": {
    "TEXT": [
      "消耗"
    ]
  },
  "InputKeyNames": {
    "TEXT_DICT": {
      "Escape": "ESC",
      "Forward Delete": "Delete",
      "Delete": "Backspace（退格键）"
    }
  },
  "InputSettingsScreen": {
    "TEXT": [
      "操作设置",
      "游戏设置",
      "返回",
      "指令",
      "键盘",
      "控制器（目前还没有做好）",
      "重置为默认",
      "确认选牌",
      "取消/退出",
      "地图",
      "查看牌组",
      "抽牌堆",
      "弃牌堆",
      "消耗堆",
      "结束回合",
      "左",
      "右",
      "选择牌 #1",
      "选择牌 #2",
      "选择牌 #3",
      "选择牌 #4",
      "选择牌 #5",
      "选择牌 #6",
      "选择牌 #7",
      "选择牌 #8",
      "选择牌 #9",
      "选择牌 #10",
      "取消选择牌",
      "选择*",
      "取消*",
      "顶部状态栏*",
      "继续/结束回合*",
      "上一标签页 / 牌组*",
      "下一标签页 / 消耗堆*",
      "地图*",
      "设置*",
      "抽牌堆*",
      "弃牌堆*",
      "上*",
      "下*",
      "左*",
      "右*",
      "上（备用）*",
      "下（备用）*",
      "左（备用）*",
      "右（备用）*",
      "上",
      "下",
      "已启用控制器"
    ]
  },
  "LanguageDropdown": {
    "TEXT": [
      "巴西葡萄牙语",
      "简体中文",
      "繁体中文",
      "英语",
      "法语",
      "德语",
      "意大利语",
      "日语",
      "韩语",
      "波兰语",
      "俄语",
      "西班牙语",
      "希伯来语",
      "土耳其语",
      "瑞典语",
      "挪威语",
      "泰语",
      "塞尔维亚语（西里尔字母）",
      "乌克兰语",
      "越南语",
      "匈牙利语",
      "塞尔维亚语（拉丁字母）",
      "加泰罗尼亚语",
      "希腊语",
      "印度尼西亚语",
      "世界语"
    ]
  },
  "LeaderboardFilters": {
    "TEXT": [
      "铁甲战士",
      "静默猎手",
      "故障机器人",
      "过去20局游戏的平均层数",
      "过去20局游戏的平均分数",
      "最多连胜",
      "最快胜利",
      "最高分",
      "Option 6. DO NOT TRANSLATE",
      "好友",
      "全球"
    ]
  },
  "LeaderboardsScreen": {
    "TEXT": [
      "返回",
      "过滤",
      "角色",
      "地区",
      "类别",
      "看我的分数",
      "排名",
      "名字",
      "分数",
      "正在获取数据……",
      "排行榜（注：将每周清空重置）",
      "没有连接到Steam",
      "还没有分数 \n 还不去爬个塔先！"
    ]
  },
  "Legend": {
    "TEXT": [
      "不明",
      "???",
      "一个情况不明的房间。 NL NL 你可能在这里遇见怪物、财宝、商店，或是完全不同的东西。",
      "商人",
      "商店",
      "一位神秘的商人在这些房间里售卖他的货物。 NL NL 赚到的 #y金币 就花在这里吧！",
      "财宝",
      "财宝房间",
      "可以在这些房间里找到 #y遗物 和 #y金币 。",
      "休息",
      "休息处",
      "在这些房间停留，就可以 #g回复 一些生命，或是 #y升级 一张牌。",
      "敌人",
      "敌人",
      "这些房间里有敌人。",
      "精英",
      "精英",
      "这些房间里有强大的敌人。 NL NL 打败他们可以得到一件遗物。",
      "图例"
    ]
  },
  "Lift Option": {
    "TEXT": [
      "举重",
      "在战斗开始时获得+1力量。（最多+3）"
    ]
  },
  "MainMenuScreen": {
    "TEXT": [
      "#y版本号： ",
      "启程",
      "返回",
      "点击编辑",
      "编辑"
    ]
  },
  "MasterDeckViewScreen": {
    "TEXT": [
      "这些牌将会出现在每一场战斗中。",
      "返回"
    ]
  },
  "MenuButton": {
    "TEXT": [
      "",
      "开始游戏",
      "",
      "",
      "继续",
      "",
      "统计内容",
      "",
      "退出",
      "补丁内容清单",
      "放弃当前游戏",
      "",
      "设定",
      "",
      "百科大全"
    ]
  },
  "MenuPanels": {
    "TEXT": [
      "标准模式",
      "",
      "启程去屠戮这座高塔。",
      "每日挑战",
      "",
      "每天会有一次全新的挑战。\n\n和其他玩家一起比拼最高分吧！",
      "进阶模式",
      "",
      "每一次胜利都会让高塔变得更加强大。\n\n真金不怕火炼，在这里测试你的极限。",
      "卡牌总览",
      "",
      "查看你在高塔中遇见过的所有卡牌。",
      "遗物收集",
      "",
      "检阅你在游戏中获取过的各种遗物与物件。",
      "魔物图鉴",
      "",
      "这个功能还没做好。",
      "角色数据",
      "",
      "可以在这里看到每名角色的进度和相关数据。",
      "排行榜",
      "",
      "在这里观看你的分数，和好友与其他玩家比较一番。",
      "历史记录",
      "",
      "查看你此前各局游戏的概要。",
      "游戏设定",
      "",
      "改变游戏的分辨率和其他各种设定。",
      "操作设置",
      "",
      "更改操作方式和快捷键。",
      "制作名单",
      "",
      "来看一看所有为游戏作出贡献的人们！",
      "未知",
      "进行一局每日挑战游戏来解锁这一模式。",
      "这个功能还没做好。",
      "自定模式",
      "可以自行制定需要的特效和各种选项，充分体验游戏乐趣的模式。"
    ]
  },
  "MerchantImageTextNotInGame": {
    "TEXT": [
      "卡牌移除服务",
      "特价",
      "非卖品",
      "卖光了",
      "哦不！"
    ]
  },
  "OpeningAction": {
    "TEXT": [
      "这个敌人的意图不是攻击！"
    ]
  },
  "OptionsPanel": {
    "TEXT": [
      "",
      "游戏设置",
      "画面",
      "分辨率： NL 最大帧数：",
      "全屏模式 NL 无边框全屏（推荐） NL 屏幕震动",
      "声音",
      "主音量 NL 音乐音量 NL 音效音量",
      "背景音效 NL  在背景运行时静音",
      "偏好",
      "用金色数字显示伤害的总和。 NL 用蓝色数字显示被格挡伤害的总和。 NL 在只选择一张牌时，不需要确认。",
      "加速模式",
      "",
      "杂项",
      "语言：",
      "上传游戏数据 #b(?)",
      "退出游戏",
      "保存并退出",
      "NL NL 垂直同步",
      "测试玩家绘制画风模式",
      "显示快速选牌按键",
      "操作设置"
    ]
  },
  "PatchNotesScreen": {
    "TEXT": [
      "返回",
      "#y补丁内容清单",
      " NL （临时：用方向键来查看更早的清单）"
    ]
  },
  "PotionPopUp": {
    "TEXT": [
      "投掷",
      "饮用",
      "丢弃",
      "我不能使用药水！",
      "我不能在战斗中这样做！"
    ]
  },
  "PowerExpireTextEffect": {
    "TEXT": [
      "效果结束"
    ]
  },
  "Proceed Button": {
    "TEXT": [
      "前进"
    ]
  },
  "PutOnDeckAction": {
    "TEXT": [
      "放到你抽牌堆的顶端"
    ]
  },
  "RecycleAction": {
    "TEXT": [
      "消耗"
    ]
  },
  "RelicViewScreen": {
    "TEXT": [
      "返回",
      "初始：",
      "角色初始携带的遗物。",
      "普通：",
      "很容易找到的弱小遗物。",
      "罕见：",
      "比普通遗物更强大也更少见的遗物。",
      "稀有：",
      "极为少见的独特且强大的遗物。",
      "Boss：",
      "只在Boss宝箱中出现的遗物。",
      "事件：",
      "只能通过事件获得的遗物。",
      "商店：",
      "只能从商人处购买到的遗物。"
    ]
  },
  "RenamePanel": {
    "TEXT": [
      "<无名>",
      "输入你的名字",
      "确认",
      "取消"
    ]
  },
  "ReprieveAction": {
    "TEXT": [
      "这名敌人的意图是攻击！"
    ]
  },
  "ReprogramAction": {
    "TEXT": [
      "丢弃"
    ]
  },
  "Rest Option": {
    "TEXT": [
      "休息",
      "回复你最大生命的20%(",
      "生命来自",
      "回复你最大生命的30%("
    ]
  },
  "RestartForChangesEffect": {
    "TEXT": [
      "您需要重启游戏来让显示设定上的变化起效。"
    ]
  },
  "RetainCardsAction": {
    "TEXT": [
      "保留"
    ]
  },
  "RewardItem": {
    "TEXT": [
      " （被盗的）金币",
      " 金币",
      "将一张卡牌加入你的牌组中",
      "",
      "选择一张牌"
    ]
  },
  "RunHistoryPathNodes": {
    "TEXT": [
      "问号",
      "敌人",
      "精英",
      "事件",
      "Boss",
      "财宝",
      "Boss财宝",
      "休息处",
      "商人",
      "问号（敌人）",
      "问号（商人）",
      "问号（财宝）",
      "%1$s层 - %2$s",
      "第%s层",
      "#r%s 伤害",
      "#r%s 回合",
      "#r%s #r/ #r%s #r生命",
      "#y%s #y金币",
      "拾取：",
      "略过：",
      "情报缺失",
      "+2 最大生命",
      "[C] ",
      "[T] ",
      "[P] ",
      "[S] ",
      "#b休息",
      "#b升级 %s",
      "#b移除 %s",
      "#b挖掘",
      "#b举重 %s/%s",
      "#y购买："
    ]
  },
  "RunHistoryScreen": {
    "TEXT": [
      "铁甲战士",
      "静默猎手",
      "故障机器人",
      "返回",
      "没有找到历史记录。 NL 还不去爬个塔先！",
      "进阶等级： ",
      "在 %1$d 层 死于 %2$s",
      "在 %d 放弃",
      "胜利！",
      "牌组",
      "遗物",
      " 初始",
      " 普通",
      " 罕见",
      " 稀有",
      " 特殊",
      " 诅咒",
      " Boss",
      " 商店",
      " 未知",
      "%1$d%2$s",
      "%1$s (%2$d)：",
      "分数： %d",
      "所有角色",
      "胜利与失败",
      "胜利",
      "失败",
      "每日挑战",
      "任意模式",
      "仅普通模式",
      "仅进阶模式",
      "仅每日挑战模式",
      "种子编号： %s",
      "自定种子编号： %s"
    ]
  },
  "SeedPanel": {
    "TEXT": [
      "0000000000",
      "输入新种子",
      "确认",
      "取消",
      "*设定种子的局数无法获得成就，分数也不会传到排行榜。"
    ]
  },
  "SettingsScreen": {
    "TEXT": [
      "你确定吗？",
      "你的进度会自动保存。",
      "放弃游戏会视为一次失败。",
      "警告：\n进度*没有*保存。\n\n请前进到下一层的房间来保存这一局游戏。",
      "返回",
      "日常进度*没有*保存。"
    ]
  },
  "SetupAction": {
    "TEXT": [
      "放到你抽牌堆的顶端。"
    ]
  },
  "ShopRoom": {
    "TEXT": [
      "跳过商人"
    ]
  },
  "SingleCardViewPopup": {
    "TEXT": [
      "攻击",
      "技能",
      "能力",
      "诅咒",
      "锁定",
      "未知",
      "看升级版",
      "状态",
      "弹药",
      "我只能在我自己的回合出牌。",
      "我被 #r缠身 了！ NL 不能打出攻击牌。",
      "没有足够 #r能量 。",
      "没有足够 #r蓄能 。",
      "我不能打出 NL 这张牌。"
    ]
  },
  "SingleViewRelicPopup": {
    "TEXT": [
      "Boss",
      "普通",
      "弃用",
      "稀有",
      "商店",
      "事件",
      "初始",
      "罕见",
      "锁定",
      "未知",
      " 遗物",
      "这个遗物还没有解锁。",
      "这个遗物你还没有见过。"
    ]
  },
  "SkillFromDeckToHandAction": {
    "TEXT": [
      "选择一张技能牌放入你的手牌"
    ]
  },
  "Smith Option": {
    "TEXT": [
      "锻造",
      "升级你牌组中的一张牌。",
      "没有可以升级的牌。"
    ]
  },
  "StorePotion": {
    "TEXT": [
      "你没有空间存放"
    ]
  },
  "TheBeyond": {
    "TEXT": [
      "深处"
    ]
  },
  "TheCity": {
    "TEXT": [
      "城市"
    ]
  },
  "TipHelper": {
    "TEXT": [
      "能量"
    ]
  },
  "Toke Option": {
    "TEXT": [
      "抽烟",
      "从牌组中移除一张牌。"
    ]
  },
  "TopPanel": {
    "TEXT": [
      "层",
      " - 进阶模式 ",
      " （最大等级）"
    ]
  },
  "TreasureRoom": {
    "TEXT": [
      "跳过宝箱"
    ]
  },
  "TreasureRoomBoss": {
    "TEXT": [
      "跳过宝箱"
    ]
  },
  "TwitchVoter": {
    "TEXT": [
      "现在投票： "
    ]
  },
  "Unlock Confirm Button": {
    "TEXT": [
      "继续"
    ]
  },
  "UnlockCharacterScreen": {
    "TEXT": [
      "解锁卡牌！",
      "",
      "解锁遗物！",
      "新角色",
      "注：解锁的牌会在将来的游戏中出现。",
      "注：解锁的遗物会在将来的游戏中出现。"
    ]
  },
  "UnlockScreen": {
    "TEXT": [
      "解锁卡牌！",
      "解锁遗物！",
      "新角色",
      "注：解锁的牌会在将来的游戏中出现。",
      "注：解锁的遗物会在将来的游戏中出现。"
    ]
  },
  "UnlockTextEffect": {
    "TEXT": [
      "新解锁！"
    ]
  },
  "AscensionUnlockEffect": {
    "TEXT": [
      "解锁进阶模式！"
    ]
  },
  "CustomModeScreen": {
    "TEXT": [
      "自定模式",
      "无法获得成就和排行。",
      "角色",
      "进阶",
      "等级 ",
      "进阶模式",
      "特效",
      "种子",
      "设定种子"
    ]
  },
  "ForethoughtAction": {
    "TEXT": [
      "放到你抽牌堆的底端。"
    ]
  },
  "GainGoldTextEffect": {
    "TEXT": [
      " 金币"
    ]
  },
  "SaveSlot": {
    "TEXT": [
      "游戏时间 ",
      "空存档"
    ]
  },
  "DeletePopup": {
    "TEXT": [
      "是否删除这个存档？",
      "是",
      "否",
      "警告：这一操作无法逆转。"
    ]
  },
  "SaveSlotScreen": {
    "TEXT": [
      "选择一个存档栏位",
      "改名",
      "删除此存档"
    ]
  },
  "RunHistoryMonsterNames": {
    "TEXT": [
      "一群地精",
      "大史莱姆",
      "塔底恶徒",
      "塔底野生生物",
      "一群史莱姆",
      "小史莱姆",
      "城市劫匪",
      "三异鸟",
      "四异鸟",
      "三邪教徒",
      "被拣选的信众",
      "哨卫与圆球守护者",
      "百夫长与神秘术士",
      "寄生怪与真菌兽",
      "红面具歹徒",
      "竞技场大块头",
      "竞技场奴隶贩子",
      "三机器",
      "大颚虫群",
      "四机器",
      "圆球守护者与机器们",
      "双圆球行者",
      "甜圈与八体",
      "三哨卫",
      "被拣选者与邪教徒",
      "（已停用）烈焰蛮汉",
      "（已停用）奴隶贩子与寄生怪",
      "（已停用）异蛇与神秘术士"
    ]
  }
}