{
  "AbandonRunButton": {
    "TEXT": [
      "放棄這局遊戲"
    ]
  },
  "AbstractCard": {
    "TEXT": [
      "鎖定",
      "未知"
    ]
  },
  "AbstractChest": {
    "TEXT": [
      "前進"
    ]
  },
  "AbstractCreature": {
    "TEXT": [
      "死亡",
      "格擋",
      "最大生命+",
      "擊暈！",
      "打斷！",
      "遺物"
    ]
  },
  "AbstractDungeon": {
    "TEXT": [
      "前進",
      "荒疫："
    ]
  },
  "AbstractMonster": {
    "TEXT": [
      "攻勢",
      "這名敵人將要 NL #y攻擊 造成 #b",
      " 點傷害 #b",
      " 次",
      "這名敵人將要 NL #y攻擊 造成 #b",
      " 點傷害",
      "攻勢",
      "這名敵人將要進行 #y強化 並 #y攻擊 造成 #b",
      " 次",
      "這名敵人將要進行 #y強化 並 #y攻擊 造成 #b",
      "策略",
      "這名敵人將要對你施加 #y負面效果 並 #y攻擊 造成 #b",
      "這名敵人將要格擋並 #y攻擊 造成 #b",
      "守勢",
      "膽小",
      "魔法",
      "熟睡",
      "擊暈",
      "不明",
      "這名敵人將要進行 #y強化",
      "這名敵人將要對你施加一種 #y負面效果",
      "這名敵人將要對你施加一種強大的 #y負面效果",
      "這名敵人將要在這個回合進行 #y格擋",
      "這名敵人將要進行 #y格擋 並對你施加一種 #y負面效果",
      "這名敵人將要進行 #y格擋 並進行 #y強化",
      "這名敵人將要 #y逃跑 ",
      "這名敵人將要在這個回合使用神秘的 #y魔法",
      "這名敵人正在睡覺",
      "這名敵人在這個回合被 #y擊暈 了",
      "這名敵人的意圖 #y不明 （但不是攻擊）",
      "格擋"
    ]
  },
  "AbstractPlayer": {
    "TEXT": [
      "格擋",
      "鐵衛士",
      "寂靜獵手",
      "故障機器人"
    ]
  },
  "AbstractPotion": {
    "TEXT": [
      "我不能攜帶 NL 更多 #b藥水 了"
    ]
  },
  "AbstractRoom": {
    "TEXT": [
      "被搶劫了……",
      "逃跑了……"
    ]
  },
  "AnyCardFromDeckToHandAction": {
    "TEXT": [
      "選擇1張牌放入手牌",
      "選擇牌放入手牌"
    ]
  },
  "ApplyPowerAction": {
    "TEXT": [
      "抵消",
      "免疫",
      "無效",
      " 下降"
    ]
  },
  "ArmamentsAction": {
    "TEXT": [
      "升級"
    ]
  },
  "AscensionModeDescriptions": {
    "TEXT": [
      "1. 精英出現更加頻繁",
      "2. 普通敵人造成更多傷害",
      "3. 精英敵人造成更多傷害",
      "4. 首領造成更多傷害",
      "5. 首領戰後生命恢復減少",
      "6. 開始遊戲時受到傷害",
      "7. 普通敵人擁有更多生命",
      "8. 精英敵人擁有更多生命",
      "9. 首領擁有更多生命",
      "10. 初始擁有詛咒",
      "11. 藥水欄位變少",
      "12. 升級過的牌出現頻率下降",
      "13. 首領變窮",
      "14. 最大生命值下降",
      "15. 部分事件變得更加不利",
      "16. 商店要價更高",
      "17. 普通敵人的行動與能力變強",
      "18. 精英敵人的行動與能力變強",
      "19. 首領的行動與能力變強",
      "（最大等級） 雙重Boss"
    ]
  },
  "AscensionTextEffect": {
    "TEXT": [
      "進階模式等級 ",
      " 解鎖！"
    ]
  },
  "AttackFromDeckToHandAction": {
    "TEXT": [
      "選擇1張攻擊牌放入手牌"
    ]
  },
  "BattleStartEffect": {
    "TEXT": [
      "戰鬥開始",
      "玩家回合",
      "敵方回合",
      " 回合"
    ]
  },
  "BossChest": {
    "TEXT": [
      "前進"
    ]
  },
  "BossRelicSelectScreen": {
    "TEXT": [
      "確認",
      "確認你的選擇",
      "選擇一件遺物",
      "跳過",
      "現在投票： ",
      "秒後結束",
      "選擇一項荒疫"
    ]
  },
  "CacheAction": {
    "TEXT": [
      "選擇1張牌放到你抽牌堆的頂端",
      "選擇將牌放到你抽牌堆的頂端"
    ]
  },
  "CampfireSleepEffect": {
    "TEXT": [
      "夢見了什麼？"
    ]
  },
  "CampfireSmithEffect": {
    "TEXT": [
      "選擇1張牌升級"
    ]
  },
  "CampfireTokeEffect": {
    "TEXT": [
      "選擇1張牌移除"
    ]
  },
  "CampfireUI": {
    "TEXT": [
      "該做什麼呢？",
      "嗯……",
      "我該怎麼做？",
      "該休息一下了",
      "有不少選擇啊……",
      "我該休息一下",
      "好累……"
    ]
  },
  "Cancel Button": {
    "TEXT": [
      "刪除存檔"
    ]
  },
  "CardLibSortHeader": {
    "TEXT": [
      "稀有度",
      "類型",
      "A-Z",
      "耗能",
      "定位："
    ]
  },
  "CardLibraryScreen": {
    "TEXT": [
      "返回",
      "紅色",
      "綠色",
      "藍色",
      "無色",
      "詛咒",
      "狀態",
      "看升級版卡牌"
    ]
  },
  "CardRewardScreen": {
    "TEXT": [
      "跳過",
      "選1張牌",
      "+2 最大生命",
      "現在投票： ",
      "秒後結束",
      "看升級版卡牌"
    ]
  },
  "CharacterOption": {
    "TEXT": [
      "鎖定",
      "這名角色需要打過一局遊戲才能解鎖",
      "這名角色在搶先體驗階段還沒有做完",
      "這名角色需要用寂靜獵手打過一局遊戲才能解鎖",
      "生命：",
      "金幣：",
      " 組解鎖內容還等待著你去解鎖",
      "未知",
      "？？？",
      " 到下組解鎖內容的分數"
    ]
  },
  "CharacterSelectScreen": {
    "TEXT": [
      "選擇你的角色",
      "啟程",
      "鐵衛士",
      "寂靜獵手",
      "故障機器人",
      "返回",
      "進階",
      "等級 ",
      "進階模式",
      "隨著勝利次數增多，難度也會進一步提升……（不會影響連勝）",
      "種子碼",
      "隨機種子碼",
      "每一局遊戲的隨機性取決於初始時的種子碼",
      "設定種子碼"
    ]
  },
  "ChooseOneScreen": {
    "TEXT": [
      "選擇一樣"
    ]
  },
  "CombatRewardScreen": {
    "TEXT": [
      "前進",
      "跳過卡牌",
      "跳過金幣",
      "跳過藥水",
      "跳過遺物",
      "跳過獎勵",
      "關閉",
      "財寶！",
      "裡面有什麼？",
      "太好了！",
      "好東西！",
      "好好搜刮！",
      "小提示："
    ]
  },
  "Confirm Button": {
    "TEXT": [
      "確認"
    ]
  },
  "ConfirmPopup": {
    "TEXT": [
      "返回",
      "刪除存檔",
      "是",
      "否"
    ]
  },
  "CopyAction": {
    "TEXT": [
      "複製"
    ]
  },
  "CreditsScreen": {
    "TEXT": [
      "再次點擊退出",
      "退出"
    ]
  },
  "DailyScreen": {
    "TEXT": [
      "每日挑戰",
      "正在連線時間伺服器……",
      "#y注意： 你已經完成今天的每日挑戰。 NL 重複挑戰不會更新已上傳的分數",
      "返回",
      "啟程",
      "今日角色： ",
      "yyyy/MM/dd HH:mm:ss",
      "剩餘時間： ",
      "#y到達的層數： NL  ",
      " NL NL  #y牌組： NL ",
      " NL NL  #y遺物： NL  ",
      " NL 今日挑戰： NL  #y職業： NL  ",
      " NL  #y今日特效： ",
      "每日特效： ",
      "排行榜",
      "*每日挑戰中無法解鎖成就",
      "  [離線模式]"
    ]
  },
  "DeathScreen": {
    "TEXT": [
      "繼續",
      "勝利？",
      "攀爬的樓層",
      "打敗的首領數量",
      "遊戲時間",
      "遊戲時間",
      "分數",
      "功虧一簣",
      "死亡……",
      "敗北",
      "失敗！",
      "壞滅",
      "慘敗",
      "消滅",
      "你死了！",
      "多麼熟悉的感覺",
      "小睡一下吧",
      "種瓜得瓜，種豆得豆",
      "走錯了路",
      "我的準備不足",
      "明天我會再次挑戰",
      "看來需要1張新地圖了",
      "大意了",
      "怎麼可能！",
      "難道我就到此為止了嗎？",
      "呵，這運氣……",
      "怎麼能在這裡……",
      "還沒到最上層……",
      "高塔又吞噬了一條生命……",
      "你的意識消散了……",
      "失敗",
      "接受",
      "接受",
      "重試",
      "主選單",
      "前進",
      "解鎖",
      "主選單",
      "重試",
      "前進",
      "解鎖",
      "剩餘解鎖：",
      "剩餘解鎖：",
      "殺死的敵人",
      "殺死的精英",
      "剩餘的金幣",
      "生命值獎勵"
    ],
    "EXTRA_TEXT": [
      "塔底 所殺精英 ",
      "城市 所殺精英 ",
      "深處 所殺精英 ",
      "高速",
      "光速",
      "獨一無二",
      "遺物收藏家",
      "一副炸彈",
      "平淡是真",
      "圖書管理員",
      "百科全書",
      "飽餐",
      "饕餮",
      "詛咒！",
      "不死於敵手",
      "",
      "完勝",
      "全面完勝",
      "虐殺",
      "連續技",
      ""
    ]
  },
  "DeathScreenUi": {
    "TEXT": [
      "進階模式等級 ",
      " 解鎖！"
    ]
  },
  "Dig Option": {
    "TEXT": [
      "挖掘",
      "挖出一件隨機遺物"
    ]
  },
  "DiscardAction": {
    "TEXT": [
      "丟棄"
    ]
  },
  "DiscardPilePanel": {
    "TEXT": [
      "我的棄牌堆是 #r空的"
    ]
  },
  "DiscardPileToHandAction": {
    "TEXT": [
      "選擇1張牌放入手牌"
    ]
  },
  "DiscardPileToTopOfDeckAction": {
    "TEXT": [
      "選擇1張牌放到你抽牌堆的頂端"
    ]
  },
  "DiscardPileViewScreen": {
    "TEXT": [
      "當抽牌堆被抽空時，這裡的牌將會被洗牌並重新放入抽牌堆",
      "返回",
      "棄牌堆"
    ]
  },
  "DrawPilePanel": {
    "TEXT": [
      "我的抽牌堆是 #r空的"
    ]
  },
  "DrawPileViewScreen": {
    "TEXT": [
      "每回合開始時將從這裡抽牌",
      "（這裡顯示的卡牌按照稀有度排列）",
      "返回",
      "抽牌堆"
    ]
  },
  "DualWieldAction": {
    "TEXT": [
      "複製"
    ]
  },
  "DungeonMapScreen": {
    "TEXT": [
      "選擇開始的房間",
      "返回"
    ]
  },
  "DungeonTransitionScreen": {
    "TEXT": [
      "教學",
      "你是否想在遊玩時觀看一些遊戲的提示？",
      "第一階段",
      "入口",
      "第二階段",
      "城市",
      "第三階段",
      "深處",
      "第？階段",
      "？？？",
      "點擊任意一處繼續"
    ]
  },
  "EarlyAccessPopup": {
    "TEXT": [
      "什麼是搶先體驗？",
      "什麼是公開Beta測試？",
      "Slay the Spire 目前正在積極開發中！許多內容、卡牌和敵人仍將有所改變。如果你遇到問題或有任何建議，請在我們的 #bSteam #b討論區 告訴我們。 NL 好了，看了這麼多字，你該爬塔了！ NL （目前的中文版是熱心網友提供的社群中文化，對於中文化的bug和意見回饋也可以在discord中的chinese-traditional頻道反應）",
      "Slay the Spire 目前正在積極開發中！更何況你還在玩Beta版的內容。請告訴我們你遇到的任何問題，但如果遇到未來內容的臨時圖片請不用太驚訝。 NL 好了，看了這麼多字，你該爬塔了！ NL （目前的中文版是熱心網友提供的社群中文化，對於中文化的bug和意見回饋也可以在discord中的chinese-traditional頻道反應）",
      "點擊任意一處繼續 ",
      "繼續"
    ]
  },
  "End Turn Button": {
    "TEXT": [
      "結束回合",
      "敵方回合"
    ]
  },
  "ExhaustAction": {
    "TEXT": [
      "消耗"
    ]
  },
  "ExhaustViewScreen": {
    "TEXT": [
      "在這場戰鬥中被 消耗 的牌",
      "返回"
    ]
  },
  "ExhumeAction": {
    "TEXT": [
      "選擇1張牌放回手牌"
    ]
  },
  "ExitGameButton": {
    "TEXT": [
      "退出遊戲"
    ]
  },
  "Exordium": {
    "TEXT": [
      "塔底"
    ]
  },
  "GamblingChipAction": {
    "TEXT": [
      "替換（賭博籌碼）",
      "替換"
    ]
  },
  "GameSavedEffect": {
    "TEXT": [
      "#y~遊戲已保存~"
    ]
  },
  "GridCardSelectScreen": {
    "TEXT": [
      "確認",
      "取消",
      "確認你的選擇",
      "離開"
    ]
  },
  "HandCardSelectScreen": {
    "TEXT": [
      "確認將牌 ",
      "確認將牌 ",
      "選擇 ",
      " 張牌來",
      "選擇任意張牌來",
      "選擇1張牌來"
    ]
  },
  "HiddenChamberAction": {
    "TEXT": [
      "複製"
    ]
  },
  "ImmolateAction": {
    "TEXT": [
      "消耗"
    ]
  },
  "InputKeyNames": {
    "TEXT_DICT": {
      "Escape": "ESC",
      "Forward Delete": "Delete",
      "Delete": "Backspace（倒退鍵）"
    }
  },
  "InputSettingsScreen": {
    "TEXT": [
      "操作設定",
      "遊戲選項",
      "返回",
      "指令",
      "鍵盤",
      "控制器（目前還沒有做好）",
      "重置為預設值",
      "確認選牌",
      "取消/退出",
      "地圖",
      "查看牌組",
      "抽牌堆",
      "棄牌堆",
      "消耗堆",
      "結束回合",
      "左",
      "右",
      "選擇牌 #1",
      "選擇牌 #2",
      "選擇牌 #3",
      "選擇牌 #4",
      "選擇牌 #5",
      "選擇牌 #6",
      "選擇牌 #7",
      "選擇牌 #8",
      "選擇牌 #9",
      "選擇牌 #10",
      "取消選擇牌",
      "選擇*",
      "取消*",
      "頂部狀態列*",
      "繼續/結束回合*",
      "上一標籤頁 / 牌組*",
      "下一標籤頁 / 消耗堆*",
      "地圖*",
      "設置*",
      "抽牌堆*",
      "棄牌堆*",
      "上*",
      "下*",
      "左*",
      "右*",
      "上（備用）*",
      "下（備用）*",
      "左（備用）*",
      "右（備用）*",
      "上",
      "下",
      "已啟用控制器"
    ]
  },
  "LanguageDropdown": {
    "TEXT": [
      "Português-Br",
      "简体中文",
      "正體中文",
      "English",
      "Français",
      "Deutsch",
      "Italiano",
      "日本語",
      "한국어",
      "Polski",
      "Russian",
      "Español",
      "Hebrew",
      "Türkçe",
      "Swedish",
      "Norwegian",
      "Thai",
      "Serbian (Cyrillic)",
      "Українська",
      "Vietnamese",
      "Hungarian",
      "Serbian (Latin)",
      "Catalan",
      "Ελληνικά",
      "bahasa Indonesia",
      "Esperanto"
    ]
  },
  "LeaderboardFilters": {
    "TEXT": [
      "鐵衛士",
      "寂靜獵手",
      "故障機器人",
      "過去20局遊戲的平均層數",
      "過去20局遊戲的平均分數",
      "最多連勝",
      "最快勝利",
      "最高分",
      "Option 6. DO NOT TRANSLATE",
      "好友",
      "全球"
    ]
  },
  "LeaderboardsScreen": {
    "TEXT": [
      "返回",
      "篩選",
      "角色",
      "範圍",
      "類別",
      "看我的分數",
      "排名",
      "名字",
      "分數",
      "正在獲取資料……",
      "排行榜（注：將每週清空重置）",
      "沒有連接到Steam",
      "還沒有分數 \n 還不去爬個塔先！"
    ]
  },
  "Legend": {
    "TEXT": [
      "不明",
      "???",
      "一個情況不明的房間 NL NL 你可能在這裡遇見怪物、財寶、商店，或是完全不同的東西",
      "商人",
      "商店",
      "一位神秘的商人在這些房間裡售賣他的貨物 NL NL 賺到的 #y金幣 就花在這裡吧！",
      "財寶",
      "財寶房間",
      "可以在這些房間裡找到 #y遺物 和 #y金幣",
      "休息",
      "休息處",
      "在這些房間停留，就可以 #g回復 一些生命，或是 #y升級 1張牌",
      "敵人",
      "敵人",
      "這些房間裡有敵人",
      "精英",
      "精英",
      "這些房間裡有強大的敵人 NL NL 打敗他們可以得到一件遺物",
      "圖例"
    ]
  },
  "Lift Option": {
    "TEXT": [
      "舉重",
      "在戰鬥開始時獲得+1力量（最多+3）"
    ]
  },
  "MainMenuScreen": {
    "TEXT": [
      "#y遊戲版本： ",
      "啟程",
      "返回",
      "點擊編輯",
      "編輯"
    ]
  },
  "MasterDeckViewScreen": {
    "TEXT": [
      "這些牌將會出現在每一場戰鬥中",
      "返回"
    ]
  },
  "MenuButton": {
    "TEXT": [
      "",
      "開始遊戲",
      "",
      "",
      "繼續",
      "",
      "統計內容",
      "",
      "退出",
      "更新內容清單",
      "放棄當前遊戲",
      "",
      "設定",
      "",
      "百科大全"
    ]
  },
  "MenuPanels": {
    "TEXT": [
      "標準模式",
      "",
      "啟程去屠戮這座高塔",
      "每日挑戰",
      "",
      "每天一次全新的挑戰\n\n跟其他玩家一起比拼最高分吧！",
      "進階模式",
      "",
      "每一次勝利都會讓高塔變得更加強大\n\n真金不怕火煉，在這裡測試你的極限",
      "卡牌總覽",
      "",
      "查看你在高塔中遇見過的所有卡牌",
      "遺物收集",
      "",
      "檢閱你在遊戲中獲取過的各種遺物與物件",
      "魔物圖鑒",
      "",
      "這個功能還沒做好",
      "角色數據",
      "",
      "可以在這裡看到每名角色的進度和相關資料",
      "排行榜",
      "",
      "在這裡觀看你的分數，和好友與其他玩家比較一番",
      "歷史記錄",
      "",
      "查看你此前各局遊戲的概要",
      "遊戲選項",
      "",
      "改變遊戲的解析度和其他各種設定",
      "操作設定",
      "",
      "更改操作方式和快速鍵",
      "製作名單",
      "",
      "來看一看所有為遊戲作出貢獻的人們！",
      "未知",
      "進行一局每日挑戰遊戲來解鎖這一模式",
      "這個功能還沒做好",
      "自訂模式",
      "可以自訂需要的特效和各種選項，充分體驗遊戲樂趣的模式"
    ]
  },
  "MerchantImageTextNotInGame": {
    "TEXT": [
      "卡牌移除服務",
      "特價",
      "非賣品",
      "賣光了",
      "哦不！"
    ]
  },
  "OpeningAction": {
    "TEXT": [
      "這個敵人的意圖不是攻擊！"
    ]
  },
  "OptionsPanel": {
    "TEXT": [
      "",
      "遊戲選項",
      "畫面",
      "解析度： NL 最大幀數：",
      "全螢幕模式 NL 無邊框全螢幕（推薦） NL 螢幕震動",
      "聲音",
      "主音量 NL 音樂音量 NL 音效音量",
      "背景音效 NL 於背景執行時靜音",
      "戰鬥設定",
      "用金色數字顯示傷害的總和 NL 用藍色數字顯示被格擋傷害的總和 NL 在只選擇1張牌時，不需要確認",
      "加速模式",
      "",
      "雜項",
      "語言：",
      "上傳遊戲資料 #b(?)",
      "退出遊戲",
      "保存並退出",
      "NL NL 垂直同步",
      "測試玩家繪製畫風模式",
      "顯示快速選牌按鍵",
      "操作設定"
    ]
  },
  "PatchNotesScreen": {
    "TEXT": [
      "返回",
      "#y更新內容清單",
      " NL （臨時：用方向鍵來查看更早的清單）"
    ]
  },
  "PotionPopUp": {
    "TEXT": [
      "投擲",
      "飲用",
      "丟棄",
      "我不能使用藥水！",
      "我不能在戰鬥中這樣做！"
    ]
  },
  "PowerExpireTextEffect": {
    "TEXT": [
      "效果結束"
    ]
  },
  "Proceed Button": {
    "TEXT": [
      "前進"
    ]
  },
  "PutOnDeckAction": {
    "TEXT": [
      "放到你抽牌堆的頂端"
    ]
  },
  "RecycleAction": {
    "TEXT": [
      "消耗"
    ]
  },
  "RelicViewScreen": {
    "TEXT": [
      "返回",
      "初始：",
      "你醒來時便攜帶在身上的物品..也不知道是哪來的",
      "一般：",
      "較容易能在高塔內或是怪物與其他冒險者身上奪得",
      "罕見：",
      "強大也更少見的物品，一些經驗老道的怪物身上會攜帶，也許你也能在高塔中找到？",
      "稀有：",
      "這些物品通常具有特殊的效果，但也有其使用代價...",
      "首領：",
      "只在首領寶箱中出現的寶物",
      "事件：",
      "也許誤闖一處秘境你能夠找到它..你確定能活著拿走嗎",
      "商店：",
      "某個奇怪的商人會販售...."
    ]
  },
  "RenamePanel": {
    "TEXT": [
      "<無名>",
      "輸入你的名字",
      "確認",
      "取消"
    ]
  },
  "ReprieveAction": {
    "TEXT": [
      "這名敵人的意圖是攻擊！"
    ]
  },
  "ReprogramAction": {
    "TEXT": [
      "丟棄"
    ]
  },
  "Rest Option": {
    "TEXT": [
      "休息",
      "回復你最大生命的20%(",
      "生命來自",
      "回復你最大生命的30%("
    ]
  },
  "RestartForChangesEffect": {
    "TEXT": [
      "您需要重啟遊戲來讓顯示設定上的變化生效"
    ]
  },
  "RetainCardsAction": {
    "TEXT": [
      "保留"
    ]
  },
  "RewardItem": {
    "TEXT": [
      " （被盜走的）金幣",
      " 金幣",
      "將1張卡牌加入牌組中",
      "",
      "選擇1張牌"
    ]
  },
  "RunHistoryPathNodes": {
    "TEXT": [
      "問號",
      "敵人",
      "精英",
      "事件",
      "首領",
      "財寶",
      "首領財寶",
      "休息處",
      "商人",
      "問號（敵人）",
      "問號（商人）",
      "問號（財寶）",
      "%1$s層 - %2$s",
      "第%s層",
      "#r%s 傷害",
      "#r%s 回合",
      "#r%s #r/ #r%s #r生命",
      "#y%s #y金幣",
      "拾取：",
      "略過：",
      "情報缺失",
      "+2 最大生命",
      "[C] ",
      "[T] ",
      "[P] ",
      "[S] ",
      "#b休息",
      "#b升級 %s",
      "#b移除 %s",
      "#b挖掘",
      "#b舉重 %s/%s",
      "#y購買："
    ]
  },
  "RunHistoryScreen": {
    "TEXT": [
      "鐵衛士",
      "寂靜獵手",
      "故障機器人",
      "返回",
      "沒有找到歷史記錄。 NL 還不去爬個塔先！",
      "進階等級： ",
      "在 %1$d 層 死於 %2$s",
      "在 %d 層 放棄",
      "勝利！",
      "牌組",
      "遺物",
      "初始",
      "普通",
      "罕見",
      "稀有",
      "特殊",
      "詛咒",
      "首領",
      "商店",
      "未知",
      "%1$d%2$s",
      "%1$s (%2$d)：",
      "分數： %d",
      "所有角色",
      "勝利與失敗",
      "勝利",
      "失敗",
      "每日挑戰",
      "任意模式",
      "僅普通模式",
      "僅進階模式",
      "僅每日挑戰模式",
      "種子碼： %s",
      "自訂種子碼： %s"
    ]
  },
  "SeedPanel": {
    "TEXT": [
      "0000000000",
      "輸入一個新的種子碼",
      "確定",
      "取消",
      "*自訂種子碼的局數無法獲得成就，分數也不會傳到排行榜"
    ]
  },
  "SettingsScreen": {
    "TEXT": [
      "你確定嗎？",
      "你的進度會自動保存",
      "放棄遊戲會視為一次失敗",
      "警告：\n進度*沒有*保存\n\n請前進到下一層的房間來保存這一局遊戲",
      "返回",
      "日常進度*沒有*保存"
    ]
  },
  "SetupAction": {
    "TEXT": [
      "放到你抽牌堆的頂端"
    ]
  },
  "ShopRoom": {
    "TEXT": [
      "跳過商人"
    ]
  },
  "SingleCardViewPopup": {
    "TEXT": [
      "攻擊",
      "技能",
      "能力",
      "詛咒",
      "鎖定",
      "未知",
      "看升級版本卡牌",
      "狀態",
      "彈藥",
      "我只能在我自己的回合出牌",
      "我被 #r纏身 了！ NL 不能打出攻擊牌",
      "沒有足夠 #r能量",
      "沒有足夠 #r蓄能",
      "我不能打出 NL 這張牌"
    ]
  },
  "SingleViewRelicPopup": {
    "TEXT": [
      "首領",
      "一般",
      "棄用",
      "稀有",
      "商店",
      "事件",
      "初始",
      "罕見",
      "鎖定",
      "未知",
      " 遺物",
      "這件遺物還沒有解鎖",
      "這件遺物還沒有見過"
    ]
  },
  "SkillFromDeckToHandAction": {
    "TEXT": [
      "選擇1張技能牌放入手牌"
    ]
  },
  "Smith Option": {
    "TEXT": [
      "鍛造",
      "升級你牌組中的1張牌",
      "沒有可以升級的牌"
    ]
  },
  "StorePotion": {
    "TEXT": [
      "你的空間不夠了"
    ]
  },
  "TheBeyond": {
    "TEXT": [
      "深處"
    ]
  },
  "TheCity": {
    "TEXT": [
      "城市"
    ]
  },
  "TipHelper": {
    "TEXT": [
      "能量"
    ]
  },
  "Toke Option": {
    "TEXT": [
      "抽煙",
      "從牌組中移除1張牌"
    ]
  },
  "TopPanel": {
    "TEXT": [
      "層",
      " - 進階模式 ",
      " （最大等級）"
    ]
  },
  "TreasureRoom": {
    "TEXT": [
      "跳過寶箱"
    ]
  },
  "TreasureRoomBoss": {
    "TEXT": [
      "跳過寶箱"
    ]
  },
  "TwitchVoter": {
    "TEXT": [
      "現在投票： "
    ]
  },
  "Unlock Confirm Button": {
    "TEXT": [
      "繼續"
    ]
  },
  "UnlockCharacterScreen": {
    "TEXT": [
      "解鎖卡牌！",
      "",
      "解鎖遺物！",
      "新角色",
      "註：解鎖的卡牌會在接下來的遊戲中出現",
      "註：解鎖的遺物會在接下來的遊戲中出現"
    ]
  },
  "UnlockScreen": {
    "TEXT": [
      "解鎖卡牌！",
      "解鎖遺物！",
      "新角色",
      "註：解鎖的卡牌會在接下來的遊戲中出現",
      "註：解鎖的遺物會在接下來的遊戲中出現"
    ]
  },
  "UnlockTextEffect": {
    "TEXT": [
      "新解鎖！"
    ]
  },
  "AscensionUnlockEffect": {
    "TEXT": [
      "解鎖進階模式！"
    ]
  },
  "CustomModeScreen": {
    "TEXT": [
      "自訂模式",
      "無法獲得成就和排行",
      "角色",
      "進階",
      "等級 ",
      "進階模式",
      "特效",
      "種子碼",
      "設定種子碼"
    ]
  },
  "ForethoughtAction": {
    "TEXT": [
      "放到抽牌堆底部"
    ]
  },
  "GainGoldTextEffect": {
    "TEXT": [
      " 金幣"
    ]
  },
  "SaveSlot": {
    "TEXT": [
      "遊戲時間 ",
      "空欄位"
    ]
  },
  "DeletePopup": {
    "TEXT": [
      "是否刪除這個存檔？",
      "是",
      "否",
      "警告：這項操作無法還原"
    ]
  },
  "SaveSlotScreen": {
    "TEXT": [
      "選擇一個存檔欄位",
      "重新命名",
      "刪除這個存檔"
    ]
  },
  "RunHistoryMonsterNames": {
    "TEXT": [
      "一群地精",
      "大史萊姆",
      "塔底惡徒",
      "塔底野生生物",
      "一群史萊姆",
      "小史萊姆",
      "城市劫匪",
      "三異鳥",
      "四異鳥",
      "三邪教徒",
      "被揀選的信眾",
      "哨衛與圓球守護者",
      "百夫長與神秘術士",
      "寄生怪與真菌獸",
      "紅面具歹徒",
      "競技場大塊頭",
      "競技場奴隸販子",
      "三機器",
      "大顎蟲群",
      "四機器",
      "圓球守護者與機器們",
      "雙圓球行者",
      "甜圈與八體",
      "三哨衛",
      "被揀選者與邪教徒",
      "（已停用）烈焰蠻漢",
      "（已停用）奴隸販子與寄生怪",
      "（已停用）異蛇與神秘術士"
    ]
  }
}