{
  "ANIMATION": {
    "HEADER": "角色動畫",
    "NAMES": [
      "Julio Duque Montero",
      "Jon Sandler"
    ]
  },
  "DEV": {
    "HEADER": "開發與設計",
    "NAMES": [
      "Anthony Giovannetti",
      "Casey Yano"
    ]
  },
  "ILLUSTRATION": {
    "HEADER": "推廣與背景美術",
    "NAMES": [
      "Bruce Brenneise"
    ]
  },
  "LOC_ADDITIONAL": {
    "HEADER": "追加翻譯",
    "NAMES": [
      "MoGi Group"
    ]
  },
  "LOC_CAT": {
    "HEADER": "當地語系化：加泰隆尼亞語",
    "NAMES": []
  },
  "LOC_DEU": {
    "HEADER": "當地語系化：德語",
    "NAMES": [
      "Joshua \"Joshipon\" Wiegand",
      "Dustin \"Skrelpoid\" Kristen",
      "Jonas Trodler",
      "Hongkong Koma",
      "Moly",
      "koykoy13",
      "Magnus Upmann"
    ]
  },
  "LOC_FRA": {
    "HEADER": "當地語系化：法語",
    "NAMES": [
      "Xavier \"Blagatt\" Dupont",
      "Malik \"Devexia\" Leonarski",
      "Thomas \"Elgerine\" Ferry",
      "Vincent \"Hénip\" Bartoux",
      "Alexandre \"Judgy\" Gaubert",
      "Vincent \"MissingNoShiny\" Larcin",
      "Julien \"RoPeTTe\" Ropero",
      "Hugo \"Tagadda\" Vurpillot",
      "Corentin \"Tchus\" Monfort",
      "Nicky \"Qazahar\" Dehout",
      "Zachary \"WyvernZed\" Janisse"
    ]
  },
  "LOC_ITA": {
    "HEADER": "當地語系化：義大利語",
    "NAMES": [
      "Hob",
      "Mero Marco",
      "Luigi Squarzina"
    ]
  },
  "LOC_JPN": {
    "HEADER": "當地語系化：日語",
    "NAMES": [
      "Grezzz"
    ]
  },
  "LOC_KOR": {
    "HEADER": "當地語系化：韓語",
    "NAMES": [
      "Translation Manager:",
      "Eteriny",
      "Translation:",
      "Simcoding",
      "DesFrog",
      "Fissh",
      "insight",
      "K4lium",
      "hina",
      "Steam Page Translation:",
      "GyeRyak"
    ]
  },
  "LOC_NOR": {
    "HEADER": "當地語系化：挪威語",
    "NAMES": [
      "Eystein Jarp"
    ]
  },
  "LOC_POL": {
    "HEADER": "當地語系化：波蘭語",
    "NAMES": [
      "Translation and Coordination:",
      "Stanis³aw \"ST4H\" Borkowski",
      "Oskar \"volf3n\" Nowak",
      "Additional Translations:",
      "Adrian \"xeros\" Rolka",
      "Proofreading:",
      "Oskar \"volf3n\" Nowak",
      "Suggestions and Feedback:",
      "Kasper \"Awokado\" Beræ",
      "Pawe³ \"BASTIL\" Kaleta",
      "Grzegorz \"GregPL\" Bogus³awski",
      "Erwin \"mateusz3010\" Matys",
      "Mettie",
      "Rafa³ \"SponTon83\" Szyszko"
    ]
  },
  "LOC_PTB": {
    "HEADER": "當地語系化：巴西葡萄牙語",
    "NAMES": [
      "Guilherme \"GPerego\" Perego",
      "Gustavo \"KomKlave\" Duarte",
      "José \"Maneimax\" Vasconcelos",
      "Leonardo \"Iikat\" Takii",
      "Nathan \"NoxShadow\" Cervieri",
      "Paulo \"SilverTape\" Hauck"
    ]
  },
  "LOC_RUS": {
    "HEADER": "當地語系化：俄羅斯語",
    "NAMES": [
      "Translation:",
      "Ivan \"Ingrett\" Khoroshunenko",
      "Vladislav \"Vlad-00003\" Bolshakov",
      "Dmitry \"Regallion\" Zhiryakov",
      "Suggestions and Feedback:",
      "Mikhail \"Outmind\" Dyuzhev",
      "Bohdan \"DarkRosse\" Kalytiuk",
      "Sergey \"lol10801lol\" K.",
      "Ascimator",
      "Kateryna \"Meds\" Belimenko-Bolger",
      "Alexey \"Surrealistic Ganerson\" Popov",
      "Alexandr \"LiaNdrY\" Mazistov",
      "Shop Asset Translation:",
      "Urist McFerrum"
    ]
  },
  "LOC_SRB": {
    "HEADER": "當地語系化：塞爾維亞語",
    "NAMES": [
      "Nikola \"hauzer\" Vukosavljevic"
    ]
  },
  "LOC_TUR": {
    "HEADER": "當地語系化：土耳其語",
    "NAMES": [
      "Erdem Gürbüz"
    ]
  },
  "LOC_UKR": {
    "HEADER": "當地語系化：烏克蘭語",
    "NAMES": [
      "Vladyslav \"DarkXylese\" Kashtelyanov",
      "Vasyl \"RDSk\" Mykhaliuk"
    ]
  },
  "LOC_ZHS": {
    "HEADER": "當地語系化：簡體中文",
    "NAMES": [
      "謎之聲（Sound of Mystery）"
    ]
  },
  "LOC_ZHT": {
    "HEADER": "當地語系化：繁體中文",
    "NAMES": [
      "教授",
      "bowans",
      "Angryfox"
    ]
  },
  "OPS": {
    "HEADER": "營運與企劃",
    "NAMES": [
      "Danielle Jenkins",
      "Jake Rabinowitz"
    ]
  },
  "PORTRAITS": {
    "HEADER": "牌面與事件美術",
    "NAMES": [
      "Anailis Dorta"
    ]
  },
  "SOUND": {
    "HEADER": "音樂與音效",
    "NAMES": [
      "Clark Aboud"
    ]
  },
  "SPECIAL": {
    "HEADER": "特別鳴謝",
    "NAMES": [
      "Harry Rabinowitz",
      "Kevin \"Billy\" Matheson",
      "Anthony Roybal",
      "Lee Beckman",
      "Sam Welch",
      "feedbackbot",
      "Evan Howell",
      "Justin Myhres",
      "robojumper"
    ]
  },
  "TEST": {
    "HEADER": "測試玩家",
    "NAMES": [
      "Agari",
      "Daria Anderson",
      "Zac Bauermeister",
      "Nick Becker",
      "Esther Beckman",
      "Leo Chen",
      "Brian Chau",
      "Dan D'Argenio",
      "David Delorenzo",
      "Tim Erskine",
      "Benjamin Finkel",
      "Rajiv Giridharagopal",
      "Wyatt Grodzins",
      "Ren Howell",
      "Kyle James",
      "Ryan Mathisen",
      "Anthony McMillian",
      "Brad Meine",
      "Jacob Morris",
      "Alex Rockwell",
      "Greg Scheopner",
      "John \"Slide20xl\" Smith",
      "Aaron Taggart",
      "Alexander Toy",
      "Merijn van der Vliet",
      "David Von Derau",
      "Conor Watson",
      "David \"divadus\" Withington"
    ]
  },
  "THANKS_MSG": {
    "HEADER": "……以及──感謝您的遊玩！",
    "NAMES": []
  },
  "VOICE": {
    "HEADER": "配音",
    "NAMES": [
      "Tamara Ryan",
      "Michael Schwalbe"
    ]
  },
  "LOC_GRE": {
    "HEADER": "當地語系化：希臘語",
    "NAMES": [
      "Kotsos \"Iglor\" Diamond"
    ]
  },
  "LOC_IND": {
    "HEADER": "當地語系化：印尼語",
    "NAMES": [
      "Aditya \"RiSQ.\" Arifin",
      "Daryan \"Samus\" Ramadhany",
      "Haveiszal \"Szaal\" Faroqie"
    ]
  },
  "LOC_SPA": {
    "HEADER": "當地語系化：西班牙語",
    "NAMES": [
      "Translation and Coordination:",
      "Pedro Luis \"PerikiyoXD\" Valadés Viera",
      "Translation:",
      "Xavier \"xabad98\" Abad Salinas",
      "Sergio \"Skiddome\" Malagón",
      "Juanjo \"ajuanjojjj\" Martinez",
      "Grammar and Cleanup:",
      "Joaquín \"Pip1n\" López",
      "Joaquín \"Pip1n\" López"
    ]
  },
  "LOC_EPO": {
    "HEADER": "當地語系化：世界語",
    "NAMES": [
      "Vincent \"Babelismoj\" Oostelbos"
    ]
  }
}