{
  "A Thousand Cuts": {
    "NAME": "凌迟",
    "DESCRIPTION": "你每打出一张牌，就对所有敌人造成 !M! 点伤害。"
  },
  "Accuracy": {
    "NAME": "精准",
    "DESCRIPTION": " 小刀 造成的伤害增加 !M! 。"
  },
  "Acrobatics": {
    "NAME": "杂技",
    "DESCRIPTION": "抽 !M! 张牌。 NL 丢弃 1 张牌。"
  },
  "Adrenaline": {
    "NAME": "肾上腺素",
    "DESCRIPTION": "获得 [G] 。 NL 抽2张牌。 NL 消耗 。",
    "UPGRADE_DESCRIPTION": "获得 [G] [G] 。 NL NL 抽2张牌。 NL 消耗 。"
  },
  "After Image": {
    "NAME": "余像",
    "DESCRIPTION": "你每打出一张牌，都获得1点 格挡 。",
    "UPGRADE_DESCRIPTION": " 固有 。 NL 你每打出一张牌，都获得1点 格挡 。"
  },
  "Aggregate": {
    "NAME": "汇集",
    "DESCRIPTION": "你的抽牌堆中每有 !M! 张牌，获得一点 [B] 。"
  },
  "All For One": {
    "NAME": "万物一心",
    "DESCRIPTION": "造成 !D! 点伤害。 将弃牌堆中所有0耗能的牌放入你的手牌。"
  },
  "All Out Attack": {
    "NAME": "全力攻击",
    "DESCRIPTION": "对所有敌人造成 !D! 点伤害。 NL 丢弃一张随机手牌。"
  },
  "Allocate": {
    "NAME": "分配",
    "DESCRIPTION": "获得 !M! 点 集中 。 NL 失去1点 力量 。 NL 失去1点 敏捷 。"
  },
  "Amplify": {
    "NAME": "增幅",
    "DESCRIPTION": "在这个回合，你的下一张 能力牌 会打出两次。",
    "UPGRADE_DESCRIPTION": "在这个回合，你的下 !M! 张 能力牌 会打出两次。"
  },
  "Anger": {
    "NAME": "愤怒",
    "DESCRIPTION": "造成 !D! 点伤害。 NL 在弃牌堆放入一张此牌的复制品。"
  },
  "Apotheosis": {
    "NAME": "神化",
    "DESCRIPTION": "在本场战斗中 升级 你的所有牌。 NL 消耗 。"
  },
  "Armaments": {
    "NAME": "武装",
    "DESCRIPTION": "获得 !B! 点 格挡 。 NL 在本场战斗中 升级 手牌中的一张牌。",
    "UPGRADE_DESCRIPTION": "获得 !B! 点 格挡 。 NL 在本场战斗中 升级 手牌中的所有牌。"
  },
  "AscendersBane": {
    "NAME": "进阶之灾",
    "DESCRIPTION": "不能被打出 。 NL 虚无 。 NL 不能从牌组中移除。"
  },
  "Auto Shields": {
    "NAME": "自动护盾",
    "DESCRIPTION": "如果你没有格挡，获得 !B! 点 格挡 。"
  },
  "Axe Kick": {
    "NAME": "下压踢",
    "DESCRIPTION": "造成 !D! 点伤害。 NL 激发 你最右侧的充能球。"
  },
  "Backflip": {
    "NAME": "后空翻",
    "DESCRIPTION": "获得 !B! 点 格挡 。 NL 抽2张牌。"
  },
  "Backstab": {
    "NAME": "背刺",
    "DESCRIPTION": "造成 !D! 点伤害。 NL 固有 。 NL 消耗 。"
  },
  "Ball Lightning": {
    "NAME": "球状闪电",
    "DESCRIPTION": "造成 !D! 点伤害。 生成 !M! 个 闪电 充能球。"
  },
  "Bandage Up": {
    "NAME": "包扎",
    "DESCRIPTION": "回复 !M! 生命。 NL 消耗 。"
  },
  "Bane": {
    "NAME": "灾祸",
    "DESCRIPTION": "造成 !D! 点伤害。 NL 如果敌人有 中毒  状态 ，则再次造成 !D! 点伤害。"
  },
  "Barrage": {
    "NAME": "弹幕齐射",
    "DESCRIPTION": "你每拥有一个充能球，造成 !D! 点伤害。"
  },
  "Barricade": {
    "NAME": "壁垒",
    "DESCRIPTION": " 格挡 不再在你的回合开始时消失。"
  },
  "Bash": {
    "NAME": "痛击",
    "DESCRIPTION": "造成 !D! 点伤害。 NL 给予 !M! 层 易伤 。"
  },
  "Battle Trance": {
    "NAME": "战斗专注",
    "DESCRIPTION": "抽 !M! 张牌。 NL 你在这个回合内不能再抽任何牌。"
  },
  "Beam Cell": {
    "NAME": "光束射线",
    "DESCRIPTION": "造成 !D! 点伤害，给予 !M! 层 易伤 。"
  },
  "Berserk": {
    "NAME": "狂暴",
    "DESCRIPTION": "获得 !M! 层 易伤 。 NL 每回合开始时获得 [R] 。"
  },
  "Biased Cognition": {
    "NAME": "偏差认知",
    "DESCRIPTION": "获得 !M! 点 集中。 NL 在每回合开始时，失去 1 点 集中 。"
  },
  "Bite": {
    "NAME": "噬咬",
    "DESCRIPTION": "造成 !D! 点伤害。 NL 回复 !M! 点生命。"
  },
  "Blade Dance": {
    "NAME": "刀刃之舞",
    "DESCRIPTION": "增加 !M! 张 小刀 到你的手牌。"
  },
  "Blaster": {
    "NAME": "爆破射线",
    "DESCRIPTION": "对所有敌人造成 !D! 点伤害。 NL 每拥有一个 充能球，获得 [B] 。 NL 消耗 。"
  },
  "Blind": {
    "NAME": "致盲",
    "DESCRIPTION": "给予 !M! 层 虚弱 。",
    "UPGRADE_DESCRIPTION": "给予所有敌人 !M! 层 虚弱 。"
  },
  "Blizzard": {
    "NAME": "暴雪",
    "DESCRIPTION": "对所有敌人造成你在本场战斗中 生成 过的 冰霜 充能球总数 !M! 倍的伤害。",
    "UPGRADE_DESCRIPTION": "",
    "EXTENDED_DESCRIPTION": [
      " NL （造成 !D! 点伤害。）",
      ""
    ]
  },
  "Blood for Blood": {
    "NAME": "以血还血",
    "DESCRIPTION": "你每在战斗中失去生命一次，这张牌的耗能就减少1 [R] 。 NL 造成 !D! 点伤害。"
  },
  "Bloodletting": {
    "NAME": "放血",
    "DESCRIPTION": "获得 [R] 。 NL 失去 3 点生命。",
    "UPGRADE_DESCRIPTION": "获得 [R] [R] 。 NL 失去 3 点生命。"
  },
  "Bludgeon": {
    "NAME": "重锤",
    "DESCRIPTION": "造成 !D! 点伤害。"
  },
  "Blur": {
    "NAME": "残影",
    "DESCRIPTION": "获得 !B! 点 格挡 。 NL 你的下一回合开始时 格挡 不会消失。"
  },
  "Body Slam": {
    "NAME": "全身撞击",
    "DESCRIPTION": "造成你当前 格挡 值的伤害。",
    "UPGRADE_DESCRIPTION": " NL （造成 !D! 点伤害。）"
  },
  "BootSequence": {
    "NAME": "启动流程",
    "DESCRIPTION": "获得 !B! 点 格挡 。 NL 固有 。 NL 消耗 。"
  },
  "Bouncing Flask": {
    "NAME": "弹跳药瓶",
    "DESCRIPTION": "随机给予敌人3层 中毒  !M! 次。"
  },
  "Brutality": {
    "NAME": "残暴",
    "DESCRIPTION": "在你的回合开始时，你失去1点生命，抽1张牌。",
    "UPGRADE_DESCRIPTION": " 固有 。 NL 在你的回合开始时，你失去1点生命，抽1张牌。"
  },
  "Buffer": {
    "NAME": "缓冲",
    "DESCRIPTION": "阻止下一次你受到的生命值损伤。",
    "UPGRADE_DESCRIPTION": "阻止下 !M! 次你受到的生命值损伤。"
  },
  "Bullet Time": {
    "NAME": "子弹时间",
    "DESCRIPTION": "你在本回合内不能再抽牌。你手牌中的所有牌在本回合的耗能变为0点。"
  },
  "Burn": {
    "NAME": "灼伤",
    "DESCRIPTION": " 不能被打出 。 NL 在你的回合结束时，你受到2点伤害。",
    "UPGRADE_DESCRIPTION": " 不能被打出 。 NL 在你的回合结束时，你受到4点伤害。"
  },
  "Burning Pact": {
    "NAME": "燃烧契约",
    "DESCRIPTION": " 消耗 1张牌。 NL 抽 !M! 张牌。"
  },
  "Burst": {
    "NAME": "爆发",
    "DESCRIPTION": "在这个回合，你打出的下一张技能牌会打出两次。",
    "UPGRADE_DESCRIPTION": "在这个回合，你打出的下 !M! 张技能牌会打出两次。"
  },
  "Calculated Gamble": {
    "NAME": "计算下注",
    "DESCRIPTION": "丢弃所有手牌。 NL 然后抽相同数量张牌。 NL 消耗 。",
    "UPGRADE_DESCRIPTION": "丢弃所有手牌。 NL 然后抽相同数量张牌。"
  },
  "Caltrops": {
    "NAME": "铁蒺藜",
    "DESCRIPTION": "每当你被攻击时，对攻击者造成 !M! 点伤害。"
  },
  "Capacitor": {
    "NAME": "扩容",
    "DESCRIPTION": "获得 !M! 个充能球栏位。",
    "UPGRADE_DESCRIPTION": "获得 !M! 个充能球栏位。"
  },
  "Carnage": {
    "NAME": "残杀",
    "DESCRIPTION": " 虚无 。 NL 造成 !D! 点伤害。"
  },
  "Catalyst": {
    "NAME": "催化剂",
    "DESCRIPTION": "将一名敌人的 中毒 层数翻倍。 NL 消耗 。",
    "UPGRADE_DESCRIPTION": "将一名敌人的 中毒 层数变为三倍。 NL 消耗 。"
  },
  "Chaos": {
    "NAME": "混沌",
    "DESCRIPTION": " 生成 !M! 个随机充能球。",
    "UPGRADE_DESCRIPTION": " 生成 !M! 个随机充能球。"
  },
  "Chill": {
    "NAME": "冰寒",
    "DESCRIPTION": "当前每有一名敌人，生成 !M! 个 冰霜 充能球。 NL 消耗 。",
    "UPGRADE_DESCRIPTION": "固有 。 NL 当前每有一名敌人，生成 !M! 个 冰霜 充能球。 NL 消耗 。"
  },
  "Choke": {
    "NAME": "勒脖",
    "DESCRIPTION": "造成 !D! 点伤害。 NL 你在这个回合内每打出一张牌，该名敌人都会失去 !M! 点生命。"
  },
  "Clash": {
    "NAME": "交锋",
    "DESCRIPTION": "只有在手牌每一张牌都是攻击牌时才能被打出。 NL 造成 !D! 点伤害。",
    "EXTENDED_DESCRIPTION": [
      "我的手牌中还有非攻击牌。"
    ]
  },
  "Cleave": {
    "NAME": "顺劈斩",
    "DESCRIPTION": "对所有敌人造成 !D! 点伤害。"
  },
  "Cloak And Dagger": {
    "NAME": "斗篷与匕首",
    "DESCRIPTION": "获得 !B! 点 格挡 。 NL 增加 !M! 张 小刀 到你的手牌。",
    "UPGRADE_DESCRIPTION": "获得 !B! 点 格挡 。 NL 增加 !M! 张 小刀 到你的手牌。"
  },
  "Clothesline": {
    "NAME": "金刚臂",
    "DESCRIPTION": "造成 !D! 点伤害。 NL 给予 !M! 层 虚弱 。"
  },
  "Clumsy": {
    "NAME": "笨拙",
    "DESCRIPTION": " 不能被打出 。 NL 虚无 。"
  },
  "Cold Snap": {
    "NAME": "寒流",
    "DESCRIPTION": "造成 !D! 点伤害。 生成 !M! 个 冰霜 充能球。"
  },
  "Combust": {
    "NAME": "自燃",
    "DESCRIPTION": "在你的回合结束时，你失去1点生命，对所有敌人造成 !M! 点伤害。"
  },
  "Concentrate": {
    "NAME": "全神贯注",
    "DESCRIPTION": "丢弃 !M! 张牌。 NL 获得 [G] [G] 。"
  },
  "Conserve Battery": {
    "NAME": "充电",
    "DESCRIPTION": "获得 !B! 点 格挡 。 NL 在下一回合获得 [B] 。"
  },
  "Consume": {
    "NAME": "耗尽",
    "DESCRIPTION": "获得 !M! 点 集中 。 NL 失去 1 个充能球栏位。"
  },
  "Coolheaded": {
    "NAME": "冷静头脑",
    "DESCRIPTION": "生成 1 个 冰霜 充能球。 NL 抽 !M! 张牌。",
    "UPGRADE_DESCRIPTION": "生成 1 个 冰霜 充能球。 NL 抽 !M! 张牌。"
  },
  "Corpse Explosion": {
    "NAME": "尸爆术",
    "DESCRIPTION": "给予 !M! 层 中毒 。 NL 当这名敌人死亡时，对所有敌人造成等于其最大生命值的伤害。",
    "UPGRADE_DESCRIPTION": "deprecated",
    "EXTENDED_DESCRIPTION": [
      "deprecated"
    ]
  },
  "Corruption": {
    "NAME": "腐化",
    "DESCRIPTION": "所有技能牌耗能变为0。 NL 所有技能牌在被打出时被 消耗 。"
  },
  "Creative AI": {
    "NAME": "创造性AI",
    "DESCRIPTION": "在每回合开始时，增加一张随机 能力 牌到你的手牌。"
  },
  "Crippling Poison": {
    "NAME": "致残毒云",
    "DESCRIPTION": "给予所有敌人 !M! 层 中毒 和2层 虚弱 。 NL 消耗 。"
  },
  "Dagger Spray": {
    "NAME": "匕首雨",
    "DESCRIPTION": "对所有敌人造成 !D! 点伤害两次。"
  },
  "Dagger Throw": {
    "NAME": "投掷匕首",
    "DESCRIPTION": "造成 !D! 点伤害。 NL 抽一张牌。 NL 丢弃一张牌。"
  },
  "Dark Embrace": {
    "NAME": "黑暗之拥",
    "DESCRIPTION": "每当有一张牌被 消耗 时， NL 抽1张牌。"
  },
  "Dark Shackles": {
    "NAME": "黑暗镣铐",
    "DESCRIPTION": "让一名敌人在本回合内失去 !M! 点 力量 。 NL 消耗 。"
  },
  "Darkness": {
    "NAME": "漆黑",
    "DESCRIPTION": "生成 !M! 个 黑暗 充能球。",
    "UPGRADE_DESCRIPTION": "生成 !M! 个 黑暗 充能球。 NL 使用所有 黑暗 充能球 的被动能力。"
  },
  "Dash": {
    "NAME": "冲刺",
    "DESCRIPTION": "获得 !B! 点 格挡 。 NL 造成 !D! 点伤害。"
  },
  "Dazed": {
    "NAME": "晕眩",
    "DESCRIPTION": " 不能被打出 。 NL 虚无 。"
  },
  "Deadly Poison": {
    "NAME": "致命毒药",
    "DESCRIPTION": "给予 !M! 层 中毒 。"
  },
  "Decay": {
    "NAME": "腐朽",
    "DESCRIPTION": " 不能被打出 。 NL 在你的回合结束时，受到2点伤害。"
  },
  "Deep Breath": {
    "NAME": "深呼吸",
    "DESCRIPTION": "将你的弃牌堆洗牌后放入你的抽牌堆。 NL 抽 !M! 张牌。",
    "UPGRADE_DESCRIPTION": "将你的弃牌堆洗牌后放入你的抽牌堆。 NL 抽 !M! 张牌。"
  },
  "Defend_B": {
    "NAME": "防御",
    "DESCRIPTION": "获得 !B! 点 格挡 。"
  },
  "Defend_G": {
    "NAME": "防御",
    "DESCRIPTION": "获得 !B! 点 格挡 。"
  },
  "Defend_R": {
    "NAME": "防御",
    "DESCRIPTION": "获得 !B! 点 格挡 。"
  },
  "Deflect": {
    "NAME": "偏折",
    "DESCRIPTION": "获得 !B! 点 格挡 。"
  },
  "Defragment": {
    "NAME": "碎片整理",
    "DESCRIPTION": "获得 !M! 点 集中 。"
  },
  "Demon Form": {
    "NAME": "恶魔形态",
    "DESCRIPTION": "在每回合开始时获得 !M! 点 力量 。"
  },
  "Die Die Die": {
    "NAME": "死吧死吧死吧",
    "DESCRIPTION": "对所有敌人造成 !D! 点伤害。 NL 消耗 。"
  },
  "Disarm": {
    "NAME": "缴械",
    "DESCRIPTION": "使敌人失去 !M! 点 力量 。 NL 消耗 。"
  },
  "Distraction": {
    "NAME": "声东击西",
    "DESCRIPTION": "增加一张随机技能牌到你的手牌。 NL 这张牌在本回合耗能变为0。 NL 消耗 。"
  },
  "Dodge and Roll": {
    "NAME": "闪躲翻滚",
    "DESCRIPTION": "获得 !B! 点 格挡 。 NL 在下一回合获得 !B! 点 格挡 。"
  },
  "Doom and Gloom": {
    "NAME": "愁云惨淡",
    "DESCRIPTION": "对所有敌人造成 !D! 点伤害。 NL 生成 !M! 个 黑暗 充能球。"
  },
  "Doppelganger": {
    "NAME": "双重存在",
    "DESCRIPTION": "下一回合，抽X张牌，获得X [G] 。 NL 消耗 。",
    "UPGRADE_DESCRIPTION": "下一回合，抽X+1张牌，获得X+1 [G] 。 NL 消耗 。"
  },
  "Double Energy": {
    "NAME": "双倍能量",
    "DESCRIPTION": "将你的 能量 翻倍。 NL 消耗 。",
    "UPGRADE_DESCRIPTION": "将你的 能量 翻倍。"
  },
  "Double Tap": {
    "NAME": "双发",
    "DESCRIPTION": "在这个回合，你打出的下一张攻击牌会打出两次。",
    "UPGRADE_DESCRIPTION": "在这个回合，你打出的下 !M! 张攻击牌会打出两次。"
  },
  "Doubt": {
    "NAME": "疑虑",
    "DESCRIPTION": " 不能被打出 。 NL 在你的回合结束时，获得1层 虚弱 。"
  },
  "Dramatic Entrance": {
    "NAME": "闪亮登场",
    "DESCRIPTION": " 固有 。 NL 对所有敌人造成 !D! 点伤害。 NL 消耗 。"
  },
  "Dropkick": {
    "NAME": "飞身踢",
    "DESCRIPTION": "造成 !D! 点伤害。 NL 如果敌人有 易伤  状态 ， NL 获得 [R] 并且 NL 抽1张牌。"
  },
  "Dual Wield": {
    "NAME": "双持",
    "DESCRIPTION": "将你手牌中的一张 攻击 或 能力 牌复制一张。",
    "UPGRADE_DESCRIPTION": "将你手牌中的一张 攻击 或 能力 牌复制两张。"
  },
  "Dualcast": {
    "NAME": "双重释放",
    "DESCRIPTION": "激发 你最右侧的充能球2次。"
  },
  "Echo Form": {
    "NAME": "回响形态",
    "DESCRIPTION": "你每回合打出的第一张牌会打出两次。 NL 虚无 。",
    "UPGRADE_DESCRIPTION": "你每回合打出的第一张牌会打出两次。"
  },
  "Electrodynamics": {
    "NAME": "电动力学",
    "DESCRIPTION": "闪电 充能球现在会击中所有敌人。 NL 生成 !M! 个 闪电 充能球。",
    "UPGRADE_DESCRIPTION": ""
  },
  "Endless Agony": {
    "NAME": "无尽苦痛",
    "DESCRIPTION": "每当你抽到这张牌，都增加一张其复制品到你的手牌。 NL 造成 !D! 点伤害。 NL 消耗 。"
  },
  "Energy Pulse": {
    "NAME": "能量波动",
    "DESCRIPTION": "获得你当前 能量 的 格挡 值。",
    "UPGRADE_DESCRIPTION": "获得你当前 能量 两倍的 格挡 值。"
  },
  "Enlightenment": {
    "NAME": "开悟",
    "DESCRIPTION": "在这个回合，你当前手牌中所有牌的耗能降低到1。",
    "UPGRADE_DESCRIPTION": "在本场战斗，你当前手牌中所有牌的耗能降低到1。"
  },
  "Entrench": {
    "NAME": "巩固",
    "DESCRIPTION": "将你当前的 格挡 翻倍。",
    "UPGRADE_DESCRIPTION": "将你当前的 格挡 翻倍。"
  },
  "Envenom": {
    "NAME": "涂毒",
    "DESCRIPTION": "每有一次攻击造成未被格挡的伤害，就给予1层 中毒 。"
  },
  "Escape Plan": {
    "NAME": "逃脱计划",
    "DESCRIPTION": "抽1张牌。 NL 如果抽到的是技能牌，获得 !B! 点 格挡 。"
  },
  "Eviscerate": {
    "NAME": "内脏切除",
    "DESCRIPTION": "你在这个回合内每丢弃一张牌，耗能就减少1 [G] 。 NL 造成 !D! 点伤害三次。"
  },
  "Evolve": {
    "NAME": "进化",
    "DESCRIPTION": "每当你抽到一张 状态 牌时，抽 !M! 张牌。",
    "UPGRADE_DESCRIPTION": "每当你抽到一张 状态 牌时，抽 !M! 张牌。"
  },
  "Exhume": {
    "NAME": "发掘",
    "DESCRIPTION": "选择一张已 消耗 的牌，将其放入你的手牌。 NL 消耗 。"
  },
  "Expertise": {
    "NAME": "独门技术",
    "DESCRIPTION": "抽牌直到你的手牌有 !M! 张牌。"
  },
  "FTL": {
    "NAME": "超越光速",
    "DESCRIPTION": "造成 !D! 点伤害。 如果你在这回合打出的牌数少于 !M! 张，抽一张牌。",
    "EXTENDED_DESCRIPTION": [
      " NL （已打出",
      " 张牌。）",
      " 张牌。）"
    ]
  },
  "Feed": {
    "NAME": "狂宴",
    "DESCRIPTION": "造成 !D! 点伤害。 NL 如果这张牌杀死一名不是“爪牙”的敌人，则永久获得 !M! 点最大生命。 消耗 。"
  },
  "Feel No Pain": {
    "NAME": "无惧疼痛",
    "DESCRIPTION": "每当有一张牌被 消耗 ， NL 获得 !M! 点 格挡 。"
  },
  "Fiend Fire": {
    "NAME": "恶魔之焰",
    "DESCRIPTION": " 消耗 所有手牌。 NL 每张被 消耗 的牌造成 !D! 点伤害。 NL 消耗 。"
  },
  "Finesse": {
    "NAME": "妙计",
    "DESCRIPTION": "获得 !B! 点 格挡 。 NL 抽1张牌。"
  },
  "Finisher": {
    "NAME": "终结技",
    "DESCRIPTION": "你在这个回合内每打出过一张攻击牌，就造成一次 !D! 点伤害。",
    "EXTENDED_DESCRIPTION": [
      " NL （你本回合打出过",
      " 张攻击牌。）",
      " 张攻击牌。）"
    ]
  },
  "Fire Breathing": {
    "NAME": "火焰吐息",
    "DESCRIPTION": "在你的回合结束时，你这一回合内每出过一张攻击牌，就对所有敌人造成1点伤害。"
  },
  "Fission": {
    "NAME": "裂变",
    "DESCRIPTION": "移除所有 充能球 ，每移除一个充能球获得 [B] 并抽 !M! 张牌 。 NL 消耗 。",
    "UPGRADE_DESCRIPTION": "激发 所有 充能球 ，每激发一个充能球获得 [B] 并抽 !M! 张牌 。 NL 消耗 。"
  },
  "Flame Barrier": {
    "NAME": "火焰屏障",
    "DESCRIPTION": "获得 !B! 点 格挡 。 NL 你在这个回合每受到一次攻击，都对攻击者造成 !M! 点伤害。"
  },
  "Flash of Steel": {
    "NAME": "亮剑",
    "DESCRIPTION": "造成 !D! 点伤害。 NL 抽1张牌。"
  },
  "Flechettes": {
    "NAME": "飞镖",
    "DESCRIPTION": "手牌中每有一张技能牌，造成 !D! 点伤害。",
    "EXTENDED_DESCRIPTION": [
      " NL （你有",
      " 张技能牌。）",
      " 张技能牌。）"
    ]
  },
  "Flex": {
    "NAME": "活动肌肉",
    "DESCRIPTION": "获得 !M! 点 力量 。 NL 你的回合结束时，失去 !M! 点 力量 。"
  },
  "Flux Capacitor": {
    "NAME": "通量电容器",
    "DESCRIPTION": "将所有充能球替换为 等离子 充能球。 NL 消耗 。"
  },
  "Flying Knee": {
    "NAME": "飞膝",
    "DESCRIPTION": "造成 !D! 点伤害。 NL 在下一回合获得 [G] 。"
  },
  "Footwork": {
    "NAME": "灵动步法",
    "DESCRIPTION": "获得 !M! 点 敏捷 。"
  },
  "Force Field": {
    "NAME": "力场",
    "DESCRIPTION": "你在本场战斗中每打出一张能力牌，耗能就减少1 [B] 。 NL 获得 !B! 点 格挡 。"
  },
  "Fusion": {
    "NAME": "聚变",
    "DESCRIPTION": "生成 !M! 个 等离子 充能球。"
  },
  "Gash": {
    "NAME": "爪击",
    "DESCRIPTION": "造成 !D! 点伤害。 NL 在本场战斗中所有 爪击 牌的伤害增加 !M! 。"
  },
  "Genetic Algorithm": {
    "NAME": "遗传算法",
    "DESCRIPTION": "获得 !B! 点 格挡 。 每打出一次，这张牌在本局游戏中的格挡值永久性增加 !M! 。 NL 消耗 。"
  },
  "Ghostly": {
    "NAME": "灵体",
    "DESCRIPTION": "获得1层 无实体 。 NL 消耗 。 NL 虚无 。",
    "UPGRADE_DESCRIPTION": "获得1层 无实体 。 NL 消耗 。 "
  },
  "Ghostly Armor": {
    "NAME": "幽灵铠甲",
    "DESCRIPTION": " 虚无 。 NL 获得 !B! 点 格挡 。"
  },
  "Glacier": {
    "NAME": "冰川",
    "DESCRIPTION": "获得 !B! 点 格挡 。 NL 生成 !M! 个 冰霜 充能球。",
    "UPGRADE_DESCRIPTION": "获得 !B! 点 格挡 。 NL 生成 !M! 个 冰霜 充能球。"
  },
  "Glass Knife": {
    "NAME": "玻璃刀刃",
    "DESCRIPTION": "造成 !D! 点伤害两次。 这张牌每被打出一次，在本场战斗中其基础伤害减少2。"
  },
  "Go for the Eyes": {
    "NAME": "眼部攻击",
    "DESCRIPTION": "造成 !D! 点伤害。 如果目标敌人的意图是攻击，则给予其 !M! 层 虚弱 。"
  },
  "Good Instincts": {
    "NAME": "优秀直觉",
    "DESCRIPTION": "获得 !B! 点 格挡 。"
  },
  "Grand Finale": {
    "NAME": "华丽收场",
    "DESCRIPTION": "只有当抽牌堆中没有牌时才能打出。 NL 对所有敌人造成 !D! 点伤害。",
    "UPGRADE_DESCRIPTION": "我的抽牌堆必须是 #r空的。 "
  },
  "Havoc": {
    "NAME": "破灭",
    "DESCRIPTION": "打出抽牌堆顶部的牌，将其 消耗 。"
  },
  "Headbutt": {
    "NAME": "头槌",
    "DESCRIPTION": "造成 !D! 点伤害。 NL 将弃牌堆中的一张牌放到抽牌堆的顶部。"
  },
  "Heatsinks": {
    "NAME": "散热片",
    "DESCRIPTION": "你每打出一张能力牌，抽 !M! 张牌。",
    "UPGRADE_DESCRIPTION": "你每打出一张能力牌，抽 !M! 张牌。"
  },
  "Heavy Blade": {
    "NAME": "重刃",
    "DESCRIPTION": "造成 !D! 点伤害。 NL 力量 在 重刃 上发挥 !M! 倍效果。",
    "UPGRADE_DESCRIPTION": "造成 !D! 点伤害。 NL 力量 在 重刃 上发挥 !M! 倍效果。"
  },
  "Heel Hook": {
    "NAME": "足跟勾",
    "DESCRIPTION": "造成 !D! 点伤害。 NL 如果敌人有 虚弱  状态 ， NL 获得 [G] 并且 NL 抽1张牌。"
  },
  "Hello World": {
    "NAME": "你好，世界",
    "DESCRIPTION": "在你的回合开始时，增加一张随机普通牌到你的手牌。",
    "UPGRADE_DESCRIPTION": "固有 。 NL 在你的回合开始时，增加一张随机普通牌到你的手牌。"
  },
  "Hemokinesis": {
    "NAME": "御血术",
    "DESCRIPTION": "失去 !M! 点生命。 NL 造成 !D! 点伤害。"
  },
  "Hide": {
    "NAME": "躲藏",
    "DESCRIPTION": "You cannot lose HP until the start of your next turn. NL 消耗 。"
  },
  "Hologram": {
    "NAME": "全息影像",
    "DESCRIPTION": "获得 !B! 点 格挡 。 NL 将弃牌堆中的一张牌放入你的手牌。 NL 消耗 。",
    "UPGRADE_DESCRIPTION": "获得 !B! 点 格挡 。 NL 将弃牌堆中的一张牌放入你的手牌。"
  },
  "Hyperbeam": {
    "NAME": "超能光束",
    "DESCRIPTION": "对所有敌人造成 !D! 点伤害。 NL 失去 !M! 点 集中 。"
  },
  "Immolate": {
    "NAME": "燔祭",
    "DESCRIPTION": "对所有敌人造成 !D! 点伤害。 NL  将一张 灼伤 放入你的弃牌堆中。"
  },
  "Impervious": {
    "NAME": "岿然不动",
    "DESCRIPTION": "获得 !B! 点 格挡 。 NL 消耗 。"
  },
  "Infernal Blade": {
    "NAME": "地狱之刃",
    "DESCRIPTION": "增加一张随机攻击牌到你的手牌。 NL 这张牌在本回合耗能变为0。 NL 消耗 。"
  },
  "Infinite Blades": {
    "NAME": "无限刀刃",
    "DESCRIPTION": "在你的回合开始时，增加一张 小刀 到你的手牌。",
    "UPGRADE_DESCRIPTION": " 固有 。 NL 在你的回合开始时，增加一张 小刀 到你的手牌。"
  },
  "Inflame": {
    "NAME": "燃烧",
    "DESCRIPTION": "获得 !M! 点 力量 。"
  },
  "Injury": {
    "NAME": "受伤",
    "DESCRIPTION": " 不能被打出 。"
  },
  "Intimidate": {
    "NAME": "威吓",
    "DESCRIPTION": "给予所有敌人 !M! 层 虚弱 。 NL 消耗 。"
  },
  "Iron Wave": {
    "NAME": "铁斩波",
    "DESCRIPTION": "获得 !B! 点 格挡 。 NL 造成 !D! 点伤害。"
  },
  "J.A.X.": {
    "NAME": "J.A.X.",
    "DESCRIPTION": "失去 3 点生命。 NL 获得 !M! 点 力量 。"
  },
  "Jack Of All Trades": {
    "NAME": "花样百出",
    "DESCRIPTION": "增加 !M! 张随机无色牌到你的手牌。 NL 消耗 。",
    "UPGRADE_DESCRIPTION": "增加 !M! 张随机无色牌到你的手牌。 NL 消耗 。"
  },
  "Juggernaut": {
    "NAME": "势不可当",
    "DESCRIPTION": "每当你获得 格挡 时，对随机一名敌人造成 !M! 点伤害。"
  },
  "Leap": {
    "NAME": "飞跃",
    "DESCRIPTION": "获得 !B! 点 格挡 。"
  },
  "Leg Sweep": {
    "NAME": "扫腿",
    "DESCRIPTION": "给予 !M! 层 虚弱 . NL 获得 !B! 点 格挡 。"
  },
  "Limit Break": {
    "NAME": "突破极限",
    "DESCRIPTION": "将你的 力量 翻倍。 NL 消耗 。",
    "UPGRADE_DESCRIPTION": "将你的 力量 翻倍。"
  },
  "Lockon": {
    "NAME": "瞄准靶心",
    "DESCRIPTION": "造成 !D! 点伤害。 NL 给予敌人 !M! 回合 跟踪锁定 效果。"
  },
  "Loop": {
    "NAME": "循环",
    "DESCRIPTION": "在你的回合开始时，使用你最右侧的1个充能球的被动能力。",
    "UPGRADE_DESCRIPTION": "在你的回合开始时，使用你最右侧的1个充能球的被动能力 !M! 次。"
  },
  "Machine Learning": {
    "NAME": "机器学习",
    "DESCRIPTION": "在每回合开始时额外抽 !M! 张牌。",
    "UPGRADE_DESCRIPTION": "固有 。 NL 在每回合开始时额外抽 !M! 张牌。"
  },
  "Madness": {
    "NAME": "疯狂",
    "DESCRIPTION": "你手牌中一张随机牌在本场战斗中耗能变为0。 NL 消耗 。"
  },
  "Magnetism": {
    "NAME": "磁力",
    "DESCRIPTION": "在每回合开始时，增加一张随机无色牌到你的手牌。"
  },
  "Malaise": {
    "NAME": "萎靡",
    "DESCRIPTION": "消费所有 [G] 。 NL 敌人失去X点 力量 ，给予X层 虚弱 。 NL 消耗 。",
    "UPGRADE_DESCRIPTION": "消费所有 [G] 。 NL 敌人失去X+1点 力量 ，给予X+1层 虚弱 。 NL 消耗 。"
  },
  "Master of Strategy": {
    "NAME": "战略大师",
    "DESCRIPTION": "抽 !M! 张牌。 NL 消耗 。"
  },
  "Masterful Stab": {
    "NAME": "精巧刺击",
    "DESCRIPTION": "造成 !D! 点伤害。 NL 你每次受到伤害，这张牌的耗能增加1。",
    "UPGRADE_DESCRIPTION": ""
  },
  "Melter": {
    "NAME": "熔化",
    "DESCRIPTION": "去除一名敌人的所有 格挡 值。 NL 造成 !D! 点伤害。"
  },
  "Metallicize": {
    "NAME": "金属化",
    "DESCRIPTION": "在你的回合结束时，获得 !M! 点 格挡 。"
  },
  "Meteor Strike": {
    "NAME": "陨石打击",
    "DESCRIPTION": "造成 !D! 点伤害。 NL 生成 !M! 个 等离子 充能球。"
  },
  "Mind Blast": {
    "NAME": "心灵震慑",
    "DESCRIPTION": " 固有 。 NL 造成你抽牌堆中剩余牌数的伤害。",
    "UPGRADE_DESCRIPTION": "",
    "EXTENDED_DESCRIPTION": [
      " NL （造成 !D! 点伤害。）"
    ]
  },
  "Multi-Cast": {
    "NAME": "多重释放",
    "DESCRIPTION": "激发 你最右侧的充能球X次。",
    "UPGRADE_DESCRIPTION": "激发 你最右侧的充能球X+1次。"
  },
  "Necronomicurse": {
    "NAME": "死灵诅咒",
    "DESCRIPTION": " 不能被打出 。 NL 这个 诅咒 无法逃脱。"
  },
  "Neutralize": {
    "NAME": "中和",
    "DESCRIPTION": "造成 !D! 点伤害。 NL 给予 !M! 层 虚弱 。"
  },
  "Night Terror": {
    "NAME": "夜魇",
    "DESCRIPTION": "选择一张牌， NL 在下一回合，将 !M! 份这张牌的复制品放入你的手牌中。 消耗 。",
    "EXTENDED_DESCRIPTION": [
      "我每回合只能使用 NL ",
      " NL 一次。"
    ]
  },
  "Normality": {
    "NAME": "凡庸",
    "DESCRIPTION": " 不能被打出 。 NL 在手牌中时，你在此回合无法打出3张以上牌。",
    "EXTENDED_DESCRIPTION": [
      "我这回合最多 NL 只能打出 #r3 张牌。",
      "不能被打出 。 NL 在手牌中时，你在此回合无法打出 ",
      " 张以上牌。",
      " 张以上牌。 NL 你本回合已经打出 ",
      " 张牌。",
      " 张牌。"
    ]
  },
  "Noxious Fumes": {
    "NAME": "毒雾",
    "DESCRIPTION": "在你的回合开始时，给予所有敌人 !M! 层 中毒 。"
  },
  "Offering": {
    "NAME": "祭品",
    "DESCRIPTION": "失去 6 点生命。 NL 获得 [R] [R] 。 NL 抽 !M! 张牌。 NL 消耗 。",
    "UPGRADE_DESCRIPTION": "失去 6 点生命。 NL 获得 [R] [R] 。 NL 抽 !M! 张牌。 NL 消耗 。"
  },
  "Outmaneuver": {
    "NAME": "抢占先机",
    "DESCRIPTION": "下一回合 NL 获得 [G] [G] 。",
    "UPGRADE_DESCRIPTION": "下一回合 NL 获得 [G] [G] [G] 。"
  },
  "Pain": {
    "NAME": "疼痛",
    "DESCRIPTION": " 不能被打出 。 NL 当在手牌中时，每打出一张其他牌，失去1生命。"
  },
  "Panacea": {
    "NAME": "万能药",
    "DESCRIPTION": "获得 !M! 层 人工制品 。 NL 消耗 。"
  },
  "Panache": {
    "NAME": "神气制胜",
    "DESCRIPTION": "你每在同个回合内打出5张牌，就对所有敌人造成 !M! 点伤害。"
  },
  "Parasite": {
    "NAME": "寄生",
    "DESCRIPTION": " 不能被打出 。 NL 如果这张牌在你的牌组中被转化或移除，你失去3点最大生命。"
  },
  "Perfected Strike": {
    "NAME": "完美打击",
    "DESCRIPTION": "造成 !D! 点伤害。 NL 你每有一张名字中有 打击 的牌，伤害+2。",
    "UPGRADE_DESCRIPTION": "造成 !D! 点伤害。 NL 你每有一张名字中有 打击 的牌，伤害+3。"
  },
  "Phantasmal Killer": {
    "NAME": "幻影杀手",
    "DESCRIPTION": "在你的下个回合，你所有的攻击伤害翻倍。"
  },
  "PiercingWail": {
    "NAME": "尖啸",
    "DESCRIPTION": "所有敌人失去 !M! 力量 1回合。 NL 消耗 。"
  },
  "Poisoned Stab": {
    "NAME": "带毒刺击",
    "DESCRIPTION": "造成 !D! 点伤害。 NL 给予 !M! 层 中毒 。"
  },
  "Pommel Strike": {
    "NAME": "剑柄打击",
    "DESCRIPTION": "造成 !D! 点伤害。 NL 抽 !M! 张牌。",
    "UPGRADE_DESCRIPTION": "造成 !D! 点伤害。 NL 抽 !M! 张牌。"
  },
  "Power Through": {
    "NAME": "硬撑",
    "DESCRIPTION": "增加2张 伤口 到你的手牌。 NL 获得 !B! 点 格挡 。"
  },
  "Predator": {
    "NAME": "猎杀者",
    "DESCRIPTION": "造成 !D! 点伤害。 NL 在下一回合多抽2张牌。"
  },
  "Prepared": {
    "NAME": "早有准备",
    "DESCRIPTION": "抽 !M! 张牌。 NL 丢弃 !M! 张牌。",
    "UPGRADE_DESCRIPTION": "抽 !M! 张牌。 NL 丢弃 !M! 张牌。"
  },
  "Pummel": {
    "NAME": "连续拳",
    "DESCRIPTION": "造成 !D! 点伤害 !M! 次。 NL 消耗 。",
    "UPGRADE_DESCRIPTION": "造成 !D! 点伤害 !M! 次。 NL 消耗 。"
  },
  "Purity": {
    "NAME": "净化",
    "DESCRIPTION": "从手牌中选择最多 !M! 张牌 消耗 。 NL 消耗 。"
  },
  "Quick Slash": {
    "NAME": "快斩",
    "DESCRIPTION": "造成 !D! 点伤害。 NL 抽 1 张牌。"
  },
  "Rage": {
    "NAME": "狂怒",
    "DESCRIPTION": "打出此牌后，你在这个回合内每打出一张攻击牌，获得 !M! 格挡 。"
  },
  "Rainbow": {
    "NAME": "彩虹",
    "DESCRIPTION": "生成 闪电 、 冰霜 、 黑暗 充能球各一个。 NL 消耗 。",
    "UPGRADE_DESCRIPTION": "生成 闪电 、 冰霜 、 黑暗 充能球各一个。"
  },
  "Rampage": {
    "NAME": "暴走",
    "DESCRIPTION": "造成 !D! 点伤害。 NL 这张牌每被打出一次，在本场战斗中其伤害增加 !M! 。"
  },
  "Reaper": {
    "NAME": "死亡收割",
    "DESCRIPTION": "对所有敌人造成 !D! 点伤害。未被 格挡 的伤害将回复你的生命。 NL 消耗 。"
  },
  "Reboot": {
    "NAME": "重启",
    "DESCRIPTION": "将你所有未消耗的牌重新洗牌放入抽牌堆。 NL 抽 !M! 张牌。 NL 消耗 。"
  },
  "Rebound": {
    "NAME": "弹回",
    "DESCRIPTION": "造成 !D! 点伤害。 NL 你在这个回合打出的下一张牌将会被放置到抽牌堆的顶部。 （只限会移入弃牌堆的牌）"
  },
  "Reckless Charge": {
    "NAME": "无谋冲锋",
    "DESCRIPTION": "造成 !D! 点伤害。 NL  将一张 晕眩 放入你的抽牌堆中。"
  },
  "Recycle": {
    "NAME": "回收",
    "DESCRIPTION": "消耗 一张牌。 NL 获得与其耗能相等的 [B] 。"
  },
  "Redo": {
    "NAME": "递归",
    "DESCRIPTION": "激发 你最右侧的充能球。 NL 然后 生成 一个刚才被 激发 的充能球。"
  },
  "Reflex": {
    "NAME": "本能反应",
    "DESCRIPTION": " 不能被打出 。 NL 如果这张牌从你的手牌中被丢弃，抽 !M! 张牌。",
    "UPGRADE_DESCRIPTION": " 不能被打出 。 NL 如果这张牌从你的手牌中被丢弃，抽 !M! 张牌。",
    "EXTENDED_DESCRIPTION": [
      "这张牌不能被打出。"
    ]
  },
  "Regret": {
    "NAME": "悔恨",
    "DESCRIPTION": " 不能被打出 。 NL 在你的回合结束时，每有一张手牌就失去1点生命。"
  },
  "Reinforced Body": {
    "NAME": "硬化机体",
    "DESCRIPTION": "获得 !B! 点 格挡 X 次。"
  },
  "Reprogram": {
    "NAME": "重编程",
    "DESCRIPTION": "检视你抽牌堆顶部的 !M! 张牌。 你可以选择丢弃其中的任意张。",
    "UPGRADE_DESCRIPTION": "检视你抽牌堆顶部的 !M! 张牌。 你可以选择丢弃其中的任意张。"
  },
  "Riddle With Holes": {
    "NAME": "千穿百刺",
    "DESCRIPTION": "造成 !D! 点伤害5次。"
  },
  "Rip and Tear": {
    "NAME": "狂乱撕扯",
    "DESCRIPTION": "随机对敌人造成 !D! 点伤害 !M! 次。"
  },
  "Rupture": {
    "NAME": "撕裂",
    "DESCRIPTION": "每当你从一张牌中失去生命时，获得1点 力量 。"
  },
  "Sadistic Nature": {
    "NAME": "残虐天性",
    "DESCRIPTION": "每当你对一名敌人造成负面 状态 ，使对方受到 !M! 点伤害。"
  },
  "Scrape": {
    "NAME": "刮削",
    "DESCRIPTION": "造成 !D! 伤害。 NL 抽 !M! 张牌。 NL 丢弃抽到的牌中耗能不为0的牌。"
  },
  "Searing Blow": {
    "NAME": "灼热攻击",
    "DESCRIPTION": "造成 !D! 点伤害。 NL 能被多次 升级 。"
  },
  "Second Wind": {
    "NAME": "重振精神",
    "DESCRIPTION": "消耗 手牌中所有非攻击牌，每张获得 !B! 点 格挡 。"
  },
  "Secret Technique": {
    "NAME": "秘密技法",
    "DESCRIPTION": "从抽牌堆中选择一张技能牌放入你的手牌。 NL 消耗 。",
    "UPGRADE_DESCRIPTION": "从抽牌堆中选择一张技能牌放入你的手牌。",
    "EXTENDED_DESCRIPTION": [
      "我的抽牌堆中 NL 没有技能牌。"
    ]
  },
  "Secret Weapon": {
    "NAME": "秘密武器",
    "DESCRIPTION": "从抽牌堆中选择一张攻击牌放入你的手牌。 NL 消耗 。",
    "UPGRADE_DESCRIPTION": "从抽牌堆中选择一张攻击牌放入你的手牌。",
    "EXTENDED_DESCRIPTION": [
      "我的抽牌堆中 NL 没有攻击牌。"
    ]
  },
  "Seeing Red": {
    "NAME": "盛怒",
    "DESCRIPTION": "获得 [R] [R] 。 NL 消耗 。"
  },
  "Seek": {
    "NAME": "搜寻",
    "DESCRIPTION": "从抽牌堆中选择 !M! 张牌放入你的手牌。 NL 消耗 。",
    "UPGRADE_DESCRIPTION": "从抽牌堆中选择 !M! 张牌放入你的手牌。 NL 消耗 。"
  },
  "Self Repair": {
    "NAME": "自我修复",
    "DESCRIPTION": "在战斗结束时，回复 !M! 点生命。"
  },
  "Sentinel": {
    "NAME": "哨卫",
    "DESCRIPTION": "获得 !B! 点 格挡 。 NL 如果这张牌被 消耗 ， NL 获得 [R] [R] 。",
    "UPGRADE_DESCRIPTION": "获得 !B! 点 格挡 。 NL 如果这张牌被 消耗 ， NL 获得 [R] [R] [R] 。"
  },
  "Setup": {
    "NAME": "部署",
    "DESCRIPTION": "将手牌中的一张牌放到抽牌堆的顶部。 NL 并且在其被打出之前，其耗能变为0。"
  },
  "Sever Soul": {
    "NAME": "断魂斩",
    "DESCRIPTION": " 消耗 手牌中所有非攻击牌。 NL 造成 !D! 点伤害。"
  },
  "Shiv": {
    "NAME": "小刀",
    "DESCRIPTION": "造成 !D! 点伤害。 NL 消耗 。"
  },
  "Shockwave": {
    "NAME": "震荡波",
    "DESCRIPTION": "给予所有敌人 !M! 层 虚弱 和 易伤 。 NL 消耗 。"
  },
  "Shrug It Off": {
    "NAME": "耸肩无视",
    "DESCRIPTION": "获得 !B! 点 格挡 。 NL 抽1张牌。"
  },
  "Skewer": {
    "NAME": "串刺",
    "DESCRIPTION": "消费所有 [G] 。 NL 造成 !D! 点伤害X次。"
  },
  "Skim": {
    "NAME": "快速检索",
    "DESCRIPTION": "抽 !M! 张牌。"
  },
  "Slice": {
    "NAME": "切割",
    "DESCRIPTION": "造成 !D! 点伤害。"
  },
  "Slimed": {
    "NAME": "黏液",
    "DESCRIPTION": "消耗 。"
  },
  "Spot Weakness": {
    "NAME": "观察弱点",
    "DESCRIPTION": "如果一名敌人的意图是攻击，你获得 !M! 点 力量 。"
  },
  "Stack": {
    "NAME": "堆栈",
    "DESCRIPTION": "获得与你当前弃牌堆中牌数相等的 格挡 值。",
    "UPGRADE_DESCRIPTION": "获得你当前弃牌堆中牌数+3的 格挡 值。",
    "EXTENDED_DESCRIPTION": [
      " NL （获得 !B! 点格挡。）"
    ]
  },
  "Static Discharge": {
    "NAME": "静电释放",
    "DESCRIPTION": "每当你受到攻击伤害时， 生成 !M! 个 闪电 充能球。",
    "UPGRADE_DESCRIPTION": "每当你受到攻击伤害时， 生成 !M! 个 闪电 充能球。"
  },
  "Steam": {
    "NAME": "蒸汽护壁",
    "DESCRIPTION": "获得 !B! 点 格挡 。这张牌每被打出一次，它在本场战斗中的基础 格挡 下降1。"
  },
  "Steam Power": {
    "NAME": "超频",
    "DESCRIPTION": "抽 !M! 张牌。 NL  将一张 灼伤 放入你的弃牌堆中。"
  },
  "Storm": {
    "NAME": "雷暴",
    "DESCRIPTION": "你每打出一张能力牌， 生成 1 个 闪电 充能球。",
    "UPGRADE_DESCRIPTION": "固有 。 NL 你每打出一张能力牌，生成 1 个 闪电 充能球。"
  },
  "Storm of Steel": {
    "NAME": "钢铁风暴",
    "DESCRIPTION": "丢弃所有手牌。 NL 每丢弃一张牌，在你的手牌中增加一张 小刀 。",
    "UPGRADE_DESCRIPTION": "丢弃所有手牌。 NL 每丢弃一张牌，在你的手牌中增加一张已 升级 的 小刀 。"
  },
  "Streamline": {
    "NAME": "精简改良",
    "DESCRIPTION": "造成 !D! 点伤害。 NL 这张牌每被打出一次，它在本场战斗中的耗能减少 !M! 。"
  },
  "Strike_B": {
    "NAME": "打击",
    "DESCRIPTION": "造成 !D! 点伤害。"
  },
  "Strike_G": {
    "NAME": "打击",
    "DESCRIPTION": "造成 !D! 点伤害。"
  },
  "Strike_R": {
    "NAME": "打击",
    "DESCRIPTION": "造成 !D! 点伤害。"
  },
  "Sucker Punch": {
    "NAME": "突然一拳",
    "DESCRIPTION": "造成 !D! 点伤害。 NL 给予 !M! 层 虚弱 。"
  },
  "Sunder": {
    "NAME": "分离",
    "DESCRIPTION": "造成 !D! 点伤害。 NL 如果这张牌杀死了敌人，则获得 [B] [B] [B] 。"
  },
  "Survivor": {
    "NAME": "生存者",
    "DESCRIPTION": "获得 !B! 点 格挡 。 NL 丢弃一张牌。"
  },
  "Sweeping Beam": {
    "NAME": "扫荡射线",
    "DESCRIPTION": "对所有敌人造成 !D! 点伤害。 NL 抽 !M! 张牌。"
  },
  "Swift Strike": {
    "NAME": "迅捷打击",
    "DESCRIPTION": "造成 !D! 点伤害。"
  },
  "Sword Boomerang": {
    "NAME": "飞剑回旋镖",
    "DESCRIPTION": "随机对敌人造成 !D! 点伤害 !M! 次。"
  },
  "Tactician": {
    "NAME": "战术大师",
    "DESCRIPTION": " 不能被打出 。 NL 如果这张牌从你的手牌中被丢弃，获得 [G] 。",
    "UPGRADE_DESCRIPTION": " 不能被打出 。 NL 如果这张牌从你的手牌中被丢弃，获得 [G] [G] 。",
    "EXTENDED_DESCRIPTION": [
      "这张牌不能被打出。"
    ]
  },
  "Tempest": {
    "NAME": "暴风雨",
    "DESCRIPTION": "生成 X 个 闪电 充能球。 NL 消耗 。",
    "UPGRADE_DESCRIPTION": "生成 X+1 个 闪电 充能球。 NL 消耗 。"
  },
  "Terror": {
    "NAME": "恐怖",
    "DESCRIPTION": "给予99层 易伤 。 NL 消耗 。"
  },
  "The Bomb": {
    "NAME": "炸弹",
    "DESCRIPTION": "在3回合结束后，对所有敌人造成 !M! 点伤害。"
  },
  "Thinking Ahead": {
    "NAME": "深谋远虑",
    "DESCRIPTION": "抽2张牌，然后将手牌中的一张牌放到你抽牌堆的顶端。 消耗 。",
    "UPGRADE_DESCRIPTION": "抽2张牌，然后将手牌中的一张牌放到你抽牌堆的顶端。"
  },
  "Thunder Strike": {
    "NAME": "雷霆打击",
    "DESCRIPTION": "你在本场战斗中每 生成 过 一个 闪电 充能球，随机造成一次 !D! 点伤害。",
    "EXTENDED_DESCRIPTION": [
      "（共 !M! 次。）"
    ]
  },
  "Thunderclap": {
    "NAME": "闪电霹雳",
    "DESCRIPTION": "对所有敌人造成 !D! 点伤害，给予1层 易伤 。"
  },
  "Tools of the Trade": {
    "NAME": "必备工具",
    "DESCRIPTION": "在你的回合开始时，抽1张牌，丢弃1张牌。"
  },
  "Transmutation": {
    "NAME": "转化",
    "DESCRIPTION": "在你的手牌中加入 X 张随机无色牌。 它们在本回合的耗能变为0。 NL 消耗 。",
    "UPGRADE_DESCRIPTION": "在你的手牌中加入 X 张 升级 过的随机无色牌。 它们在本回合的耗能变为0。 NL 消耗 。"
  },
  "Trip": {
    "NAME": "绊倒",
    "DESCRIPTION": "给予 !M! 层 易伤 。",
    "UPGRADE_DESCRIPTION": "给予所有敌人 !M! 层 易伤 。"
  },
  "True Grit": {
    "NAME": "坚毅",
    "DESCRIPTION": "获得 !B! 点 格挡 。 NL 消耗 一张随机手牌。",
    "UPGRADE_DESCRIPTION": "获得 !B! 点 格挡 。 NL 消耗 一张手牌。"
  },
  "Turbo": {
    "NAME": "内核加速",
    "DESCRIPTION": "获得 [B] [B] 。 NL 将一张 虚空 放入你的弃牌堆中。",
    "UPGRADE_DESCRIPTION": "获得 [B] [B] [B] 。 NL 将一张 虚空 放入你的弃牌堆中。"
  },
  "Twin Strike": {
    "NAME": "双重打击",
    "DESCRIPTION": "造成 !D! 点伤害两次。"
  },
  "Underhanded Strike": {
    "NAME": "隐秘打击",
    "DESCRIPTION": " 造成 !D! 点伤害。 NL 如果你在这回合丢弃过牌，获得 [G] [G] 。",
    "EXTENDED_DESCRIPTION": [
      "这张牌不能被打出。"
    ]
  },
  "Undo": {
    "NAME": "均衡",
    "DESCRIPTION": "获得 !B! 点 格挡 。 NL 在本回合 保留 你的手牌。"
  },
  "Unload": {
    "NAME": "乾坤一掷",
    "DESCRIPTION": "造成 !D! 点伤害。 NL 丢弃所有非攻击牌。"
  },
  "Uppercut": {
    "NAME": "上勾拳",
    "DESCRIPTION": "造成 !D! 点伤害。 NL 给予 !M! 层 虚弱 。 NL 给予 !M! 层 易伤 。"
  },
  "Venomology": {
    "NAME": "炼制药水",
    "DESCRIPTION": "获得一瓶随机药水。 NL 消耗 。"
  },
  "Void": {
    "NAME": "虚空",
    "DESCRIPTION": "不能被打出 。 NL 抽到这张牌时失去1点能量。 NL 虚无 。"
  },
  "Warcry": {
    "NAME": "战吼",
    "DESCRIPTION": "抽 !M! 张牌。 NL 将手牌中的一张牌放到你的抽牌堆顶部。 NL 消耗 。",
    "UPGRADE_DESCRIPTION": "抽 !M! 张牌。 NL 将手牌中的一张牌放到你的抽牌堆顶部。 NL 消耗 。"
  },
  "Well Laid Plans": {
    "NAME": "计划妥当",
    "DESCRIPTION": "在你的回合结束时， 保留 最多 !M! 张牌。",
    "UPGRADE_DESCRIPTION": "在你的回合结束时， 保留 最多 !M! 张牌。"
  },
  "Whirlwind": {
    "NAME": "旋风斩",
    "DESCRIPTION": "消费所有 [R] 。 NL 对所有敌人造成 !D! 点伤害X次。"
  },
  "White Noise": {
    "NAME": "白噪声",
    "DESCRIPTION": "增加一张随机能力牌到你的手牌。 NL 这张牌在本回合耗能变为0。  NL 消耗 。"
  },
  "Wild Strike": {
    "NAME": "狂野打击",
    "DESCRIPTION": "造成 !D! 点伤害。 NL 将一张 伤口 放入你的抽牌堆中。"
  },
  "Wound": {
    "NAME": "伤口",
    "DESCRIPTION": " 不能被打出 。"
  },
  "Wraith Form v2": {
    "NAME": "幽魂形态",
    "DESCRIPTION": "获得 !M! 层 无实体 。 NL 在每回合结束时失去1点 敏捷 。"
  },
  "Writhe": {
    "NAME": "苦恼",
    "DESCRIPTION": " 不能被打出 。 NL 固有 。"
  },
  "Zap": {
    "NAME": "电击",
    "DESCRIPTION": "生成 !M! 个 闪电 充能球。"
  },
  "Core Surge": {
    "NAME": "核心电涌",
    "DESCRIPTION": "造成 !D! 点伤害。 NL 获得 !M! 层 人工制品 。 NL 消耗 。"
  },
  "Compile Driver": {
    "NAME": "编译冲击",
    "DESCRIPTION": "造成 !D! 点伤害。 NL 你每有一种不同的 充能球 ，抽 !M! 张牌。"
  },
  "RitualDagger": {
    "NAME": "仪式匕首",
    "DESCRIPTION": "造成 !D! 点伤害。 如果这张牌杀死敌人，它在本局游戏中的伤害永久性增加 !M! 。 NL 消耗 。"
  },
  "Pride": {
    "NAME": "傲慢",
    "DESCRIPTION": "固有 。NL 消耗 。 NL 你的回合结束时，在抽牌堆顶部加入一张这张牌的复制品。"
  },
  "PanicButton": {
    "NAME": "应急按钮",
    "DESCRIPTION": "获得 !B! 点 格挡 。 你在接下来 !M! 回合内无法再从卡牌中获得格挡。 NL 消耗 。"
  },
  "Chrysalis": {
    "NAME": "结茧",
    "DESCRIPTION": "在你的抽牌堆中加入 !M! 张随机技能牌。 他们在本场战斗中耗能为0。 NL 消耗 。"
  },
  "Metamorphosis": {
    "NAME": "羽化",
    "DESCRIPTION": "在你的抽牌堆中加入 !M! 张随机攻击牌。 他们在本场战斗中耗能为0。 NL 消耗 。"
  },
  "Mayhem": {
    "NAME": "乱战",
    "DESCRIPTION": "在你的回合开始时，打出你抽牌堆顶部的牌。"
  },
  "Shame": {
    "NAME": "羞耻",
    "DESCRIPTION": "不能被打出 。 NL 在你的回合结束时，获得1层 脆弱 。"
  },
  "HandOfGreed": {
    "NAME": "贪婪之手",
    "DESCRIPTION": "造成 !D! 点伤害。 NL 如果这张牌杀死一名不是“爪牙”的敌人，则获得 !M! 金币。"
  },
  "Violence": {
    "NAME": "暴力",
    "DESCRIPTION": "随机将你抽牌堆中 !M! 张攻击牌加入你的手牌。 NL 消耗 。"
  },
  "Impatience": {
    "NAME": "急躁",
    "DESCRIPTION": "如果你的手牌中没有攻击牌，抽 !M! 张牌。"
  },
  "Forethought": {
    "NAME": "预谋",
    "DESCRIPTION": "将手牌中的一张牌放到抽牌堆的底部。 NL 并且这张牌在被打出之前，耗能变为0。",
    "UPGRADE_DESCRIPTION": "将手牌中的任意张牌放到抽牌堆的底部。 NL 并且它们在被打出之前，耗能变为0。"
  },
  "Discovery": {
    "NAME": "发现",
    "DESCRIPTION": "从3张随机牌中选择1张加入你的手牌。这张牌在本回合耗能变为0。 NL 消耗 。",
    "UPGRADE_DESCRIPTION": "从3张随机牌中选择1张加入你的手牌。这张牌在本回合耗能变为0。"
  }
}