{
  "Crowbot": {
    "NAMES": [
      "乌鸦机器人"
    ],
    "TEXT": [
      "滴滴 嘟嘟"
    ]
  },
  "Defect": {
    "NAMES": [
      "故障机器人"
    ],
    "TEXT": [
      "一具产生了自我意识的战斗型机器人。 NL 它装载的远古科技让它可以操控充能球。"
    ]
  },
  "Ironclad": {
    "NAMES": [
      "铁甲战士"
    ],
    "TEXT": [
      "铁甲军团残留下的士兵。 NL 他出卖自己的灵魂，获得了恶魔的力量。"
    ]
  },
  "Merchant": {
    "NAMES": [
      "前进",
      "~欢迎啊！~"
    ],
    "TEXT": [
      "你好啊！ NL 买点什么吧！ NL 买买买！",
      "你的发型很不错哦",
      "看起来你还挺闲？",
      "你是狗党还是猫党？",
      "你看起来很~危险~啊， NL 嘿嘿……",
      "慢慢看…… NL …… NL ……不慢也行",
      "你喜欢这张地毯吗？ NL 可惜这个不卖",
      "要支持我这样的小店啊！",
      "面具就是酷，我也是同党啊！",
      "哼嗯…… NL …唔… NL 啊！",
      "多留会儿，听听音乐啊！",
      "一个人前进太危险了！把你的钱都给我吧！",
      "买点儿啥吧",
      "~哈~  ~欠~",
      "我喜欢金币。",
      "我最喜欢的颜色是蓝色。 NL 你呢？"
    ]
  },
  "Neow Event": {
    "NAMES": [
      "涅奥"
    ],
    "TEXT": [
      "~你好……~ NL ~我是…~ ~涅奥~……~",
      "~你又…~ NL ~来啦……~",
      "~你好……~",
      "~还想~ NL ~再来……？~",
      "~见到~ ~Boss...~ NL ~就能获得我的…~ ~祝福……~",
      "~至少…~ ~也要见到~ NL ~第一个~ ~Boss~ ~吧……~",
      "~我把你~ ~带回来了……~",
      "~选择……~",
      "~实现了……~",
      "~风险……~ NL ~与回报……~",
      "~来试试~ NL ~挑战~ ~吧……~",
      "奖励",
      "~让我们~ ~继续~ ~吧……~",
      "~只会~ ~越来~ ~越难……~",
      "~了不起……~ ~继续……~",
      "诅咒！",
      "杂念！",
      "转化！"
    ],
    "OPTIONS": [
      "[继续]",
      "[对话]",
      "[跳过]",
      "[离开]",
      "选择10张牌加入你的牌组。"
    ]
  },
  "Neow Reward": {
    "NAMES": [],
    "TEXT": [
      "[ #g选择并获得一张牌 ]",
      "[ #g随机获得一张稀有牌 ]",
      "[ #g从牌组中移除一张牌 ]",
      "[ #g升级一张牌 ]",
      "[ #g变化一张牌 ]",
      "[ #g获得 #g3 #g瓶药水 ]",
      "[ #g随机获得一个普通遗物 ]",
      "[ #g最大生命值 #g+",
      "[ #g获得 #g",
      " #g金币 ]",
      "#g去除 #g2 #g张牌 ]",
      "#g获得一个稀有遗物 ]",
      "#g获得一张稀有牌（三选一） ]",
      "#g获得 #g",
      " #g金币 ]",
      "#g变化 #g2 #g张牌 ]",
      "#g最大生命 #g+",
      "[ #r失去 #r",
      " #r最大生命。 ",
      "[ #r失去所有金币。 ",
      "[ #r得到一张诅咒牌。 ",
      "[ #r受到 #r",
      "选一张牌",
      "选择移除一张牌",
      "选择移除两张牌",
      "选择变化一张牌",
      "选择变化两张牌",
      "选择升级一张牌",
      "[ #g接下来 #g3 #g场战斗中的敌人将只有 #g1 #g点生命 ]",
      " #r点伤害。"
    ],
    "UNIQUE_REWARDS": [
      "[ #r失去你的初始遗物， #g获得一件随机Boss遗物。 ]"
    ]
  },
  "Shop Screen": {
    "NAMES": [
      "~欢迎~ NL ~欢迎！~",
      "哎呀呀， NL 这点 #r金币 可不够啊。",
      "嘿兄弟，你没 #r钱 啊！",
      "没钱啦？",
      "你的 #r金币 不够。",
      "这个你买不起。",
      "我这儿不是做慈善的。",
      "~谢~  ~啦~",
      "又一笔买卖…… NL 嚯嚯嚯！ NL 有得 @赚！@ ",
      "@成交！@",
      "概不退换。",
      "祝你顺利啊。",
      "离开",
      "从你的牌组中选择一张牌移除。"
    ],
    "TEXT": [
      "嗨！ NL 买点什么吧！ NL 买买买！",
      "你的发型很不错哦",
      "看起来你还挺闲？",
      "你是狗党还是猫党？",
      "你看起来很 ~危险~ 啊， NL 嘿嘿……",
      "慢慢看…… NL …… NL ……不慢也行",
      "你喜欢这张地毯吗？ NL 可惜这个不卖",
      "要支持我这样的小店啊！",
      "面具就是酷，我也是同党啊！",
      "你有没有看见我的送货员？",
      "多留会儿，听听音乐啊！",
      "一个人前进太危险了！把你的钱都给我吧！",
      "买点儿啥吧",
      "~哈~  ~欠~",
      "我喜欢金币。",
      "我最喜欢的颜色是蓝色。 NL 你呢？"
    ]
  },
  "Silent": {
    "NAMES": [
      "静默猎手"
    ],
    "TEXT": [
      "来自雾霾之地的致命女猎手。 NL 使用匕首和下毒来消灭敌人。"
    ]
  }
}