{
  "AchievementGrid": {
    "NAMES": [
      "Eĉ ne doloris",
      "Pureco",
      "Ataku, mi fajfas",
      "La pakto",
      "Adrenalino",
      "Potenca",
      "Jaksita",
      "Nepenetrebla",
      "Tutbarite",
      "Katalizanto",
      "Pesto",
      "Ninĵo",
      "Infinito",
      "Vi signifas nenion",
      "Perfekta",
      "La Gardisto",
      "La Fantomo",
      "La Ĉefo",
      "La Aŭtomato",
      "La Kolektisto",
      "La Ĉampiono",
      "La Korniko",
      "La Formoj",
      "La Tempomanĝinto",
      "Rubeno",
      "Smeraldo",
      "Kaŝite",
      "Kial relikvojn?",
      "Rapidgrimpanto",
      "Leviĝo 0",
      "Leviĝo 10",
      "Minimumisto",
      "Hoo benjeto!",
      "Safiro",
      "Ofta okazo",
      "Atenta",
      "Neono",
      "Kial energio?",
      "Bonŝanca tago",
      "La Pasemaĵo",
      "Leviĝu 20"
    ],
    "TEXT": [
      "Venku batalon kun 1 restanta vivpoento.",
      "Havu 3 aŭ malpli da kartoj entute en la mano, prenstako kaj forĵetstako.",
      "Venku batalon sen ludi Atakon.",
      "Elĉerpu 20 kartojn en unu sola batalo.",
      "Havu 9 da Energio dum unu sola vico de batalo.",
      "Havu 10 aŭ pli da statbonigoj dum batalo.",
      "Havu 50 aŭ pli da Forto dum batalo.",
      "Havu 99 aŭ pli da Ŝirmo dum batalo.",
      "Havu 999 Ŝirmo dum batalo.",
      "Aldonu 99 aŭ pli da Veneno al unu sola malamiko.",
      "Venku 3 malamikojn per Veneno en unu sola batalo.",
      "Ludu 10 da Pikiloj en unu sola vico.",
      "Ludu 25 da kartoj en unu sola vico.",
      "Venku estron dum vico 1.",
      "Venku estron sen preni damaĝon.",
      "Venkis la Gardiston.",
      "Venkis Heksafantomon.",
      "Venkis la Ŝlimĉefon.",
      "Venkis la Bronzan Aŭtomaton.",
      "Venkis la Kolektiston.",
      "Venkis la Ĉampon.",
      "Venkis la Vekiĝinton.",
      "Venkis Dikon kaj Dekon.",
      "Venkis la Tempomanĝanton.",
      "Venkis la ludon per la Fervestulo.",
      "Venkis la ludon per la Silentulo.",
      "Detaloj por ĉi tiu atingaĵo malkovriĝos je malŝloso.",
      "Venku la ludon kun unu sola relikvo.",
      "Venku la ludon en malpli ol 20 minutoj.",
      "Malŝlosu leviĝan reĝimon.",
      "Finu leviĝonivelon 10",
      "Venku la ludon kun kartaro de 5 kartoj aŭ malpli.",
      "Mortigu Dike per Sinnutrado.",
      "Venku la ludon per la Difektulo.",
      "Venku la ludon kun kartaro sen neoftaj aŭ maloftaj kartoj.",
      "Havu 25 aŭ pli da Atento dum batalo.",
      "Konduktu 9 da Plasmo en unu sola vico.",
      "Ludu 10 aŭ pli da kartoj, kiuj kostas 0, en unu sola vico.",
      "Venku ĉiutagan grimpon.",
      "Venku la Pasemaĵon antaŭ ol ĝi forpasas.",
      "Finu leviĝonivelon 20."
    ]
  },
  "CharStat": {
    "NAMES": [],
    "TEXT": [
      "Totalo de ludotempo: ",
      "Totalo de venkoj: #y",
      "Totalo de mortoj: #y",
      "Totalo de grimpitaj etaĝoj: #y",
      "Totalo de venkitaj estroj: #y",
      "Totalo de venkitaj malamikoj: #y",
      "Totalo de nutritaj kristaloj: #y",
      "Kartoj malkovritaj: #y",
      "Kartoj malŝlositaj: #y",
      "Relikvoj malkovritaj: #y",
      "Relikvoj malŝlositaj: #y",
      "Plej alta etaĝo: #y",
      "Plej alta ĉiutaga: #y",
      "Plej rapida venko: ",
      "Venkis la ",
      ": #gJes NL ",
      ": #rNe NL ",
      "Venkoj: #y",
      "Mortoj: #y",
      "Etaĝoj grimpitaj: #y",
      "Estroj venkitaj: #y",
      "Malamikoj venkitaj: #y",
      "Plej bona sinsekvo de venkoj: #y",
      "Plej alta poentsumo: #y"
    ]
  },
  "StatsScreen": {
    "NAMES": [
      "#yĜeneralaj #ystatistikoj",
      "#yAtingaĵoj",
      "#rLa #rFervestulo",
      "#gLa #gSilentulo",
      "#bLa #bDifektulo"
    ],
    "TEXT": [
      "Revenu"
    ]
  }
}