{
  "ANIMATION": {
    "HEADER": "Animacio de roluloj",
    "NAMES": [
      "Julio Duque Montero",
      "Jon Sandler"
    ]
  },
  "DEV": {
    "HEADER": "Programado & desegnado",
    "NAMES": [
      "Anthony Giovannetti",
      "Casey Yano"
    ]
  },
  "ILLUSTRATION": {
    "HEADER": "Reklama & fona ilustraĵoj",
    "NAMES": [
      "Bruce Brenneise"
    ]
  },
  "LOC_ADDITIONAL": {
    "HEADER": "Kromaj tradukoj",
    "NAMES": [
      "MoGi Group"
    ]
  },
  "LOC_CAT": {
    "HEADER": "Katalunigo",
    "NAMES": []
  },
  "LOC_DEU": {
    "HEADER": "Germanigo",
    "NAMES": [
      "Joshua \"Joshipon\" Wiegand",
      "Dustin \"Skrelpoid\" Kristen",
      "Jonas Trodler",
      "Hongkong Koma",
      "Moly",
      "koykoy13",
      "Magnus Upmann"
    ]
  },
  "LOC_EPO": {
    "HEADER": "Esperantigo",
    "NAMES": [
      "Vincent \"Babelismoj\" Oostelbos"
    ]
  },
  "LOC_FRA": {
    "HEADER": "Francigo",
    "NAMES": [
      "Xavier \"Blagatt\" Dupont",
      "Malik \"Devexia\" Leonarski",
      "Thomas \"Elgerine\" Ferry",
      "Vincent \"Henip\" Bartoŭ",
      "Alexandre \"Judgy\" Gaubert",
      "Vincent \"MissingNoShiny\" Larcin",
      "Nicky \"Qazahar\" Dehout",
      "Julien \"RoPeTTe\" Ropero",
      "Hugo \"Tagadda\" Vurpillot",
      "Corentin \"Tchus\" Monfort",
      "Zachary \"WyvernZed\" Janisse"
    ]
  },
  "LOC_GRE": {
    "HEADER": "Grekigo",
    "NAMES": [
      "Kotsos \"Iglor\" Diamond"
    ]
  },
  "LOC_IND": {
    "HEADER": "Indoneziigo",
    "NAMES": [
      "Aditya \"RiSQ.\" Arifin",
      "Daryan \"Samus\" Ramadhany",
      "Haveiszal \"Szaal\" Faroqie"
    ]
  },
  "LOC_ITA": {
    "HEADER": "Italigo",
    "NAMES": [
      "Hob",
      "Mero Marco",
      "Luigi Squarzina"
    ]
  },
  "LOC_JPN": {
    "HEADER": "Japanigo",
    "NAMES": [
      "Grezzz"
    ]
  },
  "LOC_KOR": {
    "HEADER": "Koreigo",
    "NAMES": [
      "Tradukadministranto:",
      "Eteriny",
      "Tradukado:",
      "Simcoding",
      "DesFrog",
      "Fissh",
      "insight",
      "K4lium",
      "hina",
      "Tradukado de Steam-paĝo:",
      "GyeRyak"
    ]
  },
  "LOC_NOR": {
    "HEADER": "Norvegigo",
    "NAMES": [
      "Eystein Jarp"
    ]
  },
  "LOC_POL": {
    "HEADER": "Poligo",
    "NAMES": [
      "Tradukado kaj kunordigado:",
      "Stanis³aw \"ST4H\" Borkowski",
      "Oskar \"volf3n\" Nowak",
      "Kromaj tradukoj:",
      "Adrian \"xeros\" Rolka",
      "Provlegistoj:",
      "Oskar \"volf3n\" Nowak",
      "Sugestoj kaj rimarkoj:",
      "Kasper \"Awokado\" Beræ",
      "Pawe³ \"BASTIL\" Kaleta",
      "Grzegorz \"GregPL\" Bogus³awski",
      "Erwin \"mateusz3010\" Matys",
      "Mettie",
      "Rafa³ \"SponTon83\" Szyszko"
    ]
  },
  "LOC_PTB": {
    "HEADER": "Brazil-Portugigo",
    "NAMES": [
      "Guilherme \"GPerego\" Perego",
      "Gustavo \"KomKlave\" Duarte",
      "José \"Maneimax\" Vasconcelos",
      "Leonardo \"Iikat\" Takii",
      "Nathan \"NoxShadow\" Cervieri",
      "Paulo \"SilverTape\" Hauck"
    ]
  },
  "LOC_RUS": {
    "HEADER": "Rusigo",
    "NAMES": [
      "Tradukado:",
      "Ivan \"Ingrett\" Khoroshunenko",
      "Tradukado kaj deponejo:",
      "Vladislav \"Vlad-00003\" Bolshakov",
      "Dmitry \"Regallion\" Zhiryakov",
      "Sugestoj kaj rimarkoj:",
      "Mikhail \"Outmind\" Dyuzhev",
      "Bohdan \"DarkRosse\" Kalytiuk",
      "Sergey \"lol10801lol\" K.",
      "Ascimator",
      "Kateryna \"Meds\" Belimenko-Bolger",
      "Alexey \"Surrealistic Ganerson\" Popov",
      "Alexandr \"LiaNdrY\" Mazistov",
      "Tradukado de butikgrafiko:",
      "Urist McFerrum"
    ]
  },
  "LOC_SPA": {
    "HEADER": "Hispanigo",
    "NAMES": [
      "Traduko kaj kunordigado:",
      "Pedro Luis \"PerikiyoXD\" Valadés Viera",
      "Traduko:",
      "Xavier \"xabad98\" Abad Salinas",
      "Sergio \"Skiddome\" Malagón",
      "Juanjo \"ajuanjojjj\" Martinez",
      "Pedro J. \"PJJLegend\" Jiménez",
      "Gramatiko kaj netigo:",
      "Joaquín \"Pip1n\" López"
    ]
  },
  "LOC_SRB": {
    "HEADER": "Serbigo",
    "NAMES": [
      "Nikola \"hauzer\" Vukosavljevic"
    ]
  },
  "LOC_TUR": {
    "HEADER": "Turkigo",
    "NAMES": [
      "Erdem Gürbüz"
    ]
  },
  "LOC_UKR": {
    "HEADER": "Ukrainigo",
    "NAMES": [
      "Vladyslav \"DarkXylese\" Kashtelyanov",
      "Vasyl \"RDSk\" Mykhaliuk"
    ]
  },
  "LOC_ZHS": {
    "HEADER": "Ĉinigo (simpligita)",
    "NAMES": [
      "Sound of Mystery"
    ]
  },
  "LOC_ZHT": {
    "HEADER": "Ĉinigo (tradicia)",
    "NAMES": [
      "professor",
      "bowans",
      "Angryfox"
    ]
  },
  "OPS": {
    "HEADER": "Funkciigado & donitaĵoj",
    "NAMES": [
      "Danielle Jenkins",
      "Jake Rabinowitz"
    ]
  },
  "PORTRAITS": {
    "HEADER": "Kartportretoj & arto de okazaĵoj",
    "NAMES": [
      "Anailis Dorta"
    ]
  },
  "SOUND": {
    "HEADER": "Muziko & sonoj",
    "NAMES": [
      "Clark Aboud"
    ]
  },
  "SPECIAL": {
    "HEADER": "Specialan dankon",
    "NAMES": [
      "Harry Rabinowitz",
      "Kevin \"Billy\" Matheson",
      "Anthony Roybal",
      "Lee Beckman",
      "Sam Welch",
      "feedbackbot",
      "Evan Howell",
      "Justin Myhres",
      "robojumper"
    ]
  },
  "TEST": {
    "HEADER": "Provludistoj",
    "NAMES": [
      "Agari",
      "Daria Anderson",
      "Zac Bauermeister",
      "Nick Becker",
      "Esther Beckman",
      "Leo Chen",
      "Brian Chau",
      "Dan D'Argenio",
      "David Delorenzo",
      "Tim Erskine",
      "Benjamin Finkel",
      "Rajiv Giridharagopal",
      "Wyatt Grodzins",
      "Ren Howell",
      "Kyle James",
      "Ryan Mathisen",
      "Anthony McMillian",
      "Brad Meine",
      "Jacob Morris",
      "Alex Rockwell",
      "Greg Scheopner",
      "John \"Slide20xl\" Smith",
      "Aaron Taggart",
      "Alexander Toy",
      "Merijn van der Vliet",
      "David Von Derau",
      "Conor Watson",
      "David \"divadus\" Withington"
    ]
  },
  "THANKS_MSG": {
    "HEADER": "...kaj dankon al VI pro via ludado!",
    "NAMES": []
  },
  "VOICE": {
    "HEADER": "Voĉaktorado",
    "NAMES": [
      "Tamara Ryan",
      "Michael Schwalbe"
    ]
  }
}