{
  "Game Dictionary": {
    "ARTIFACT": {
      "NAMES": [
        "artefakto",
        "artefakton",
        "artefaktoj",
        "artefaktojn"
      ],
      "DESCRIPTION": "Nuligas la sekvontan malhelpon."
    },
    "BLOCK": {
      "NAMES": [
        "ŝirmo",
        "ŝirmon",
        "ŝirmas",
        "ŝirmis",
        "ŝirmos",
        "ŝirmita",
        "ŝirmite"
      ],
      "DESCRIPTION": "Nuligas damaĝon ĝis la sekvonta vico."
    },
    "BURN": {
      "NAMES": [
        "brulo",
        "brulon",
        "brulas"
      ],
      "DESCRIPTION": "Brulo estas neludebla statkarto, kiu damaĝas vin."
    },
    "CHANNEL": {
      "NAMES": [
        "kondukti",
        "konduktu",
        "konduktita",
        "konduktata",
        "konduktitaj",
        "konduktataj"
      ],
      "DESCRIPTION": "Kondukti sferon metas ĝin en vian unuan malplenan ingon. Se vi ne havas malplenajn ingojn, via unua sfero aŭtomate estas #yelvokita por fari spacon."
    },
    "CONFUSED": {
      "NAMES": [
        "konfuzita"
      ],
      "DESCRIPTION": "Ĉiam kiam vi prenas karton, ĝia kosto hazardiĝas."
    },
    "CURSE": {
      "NAMES": [
        "malbeno"
      ],
      "DESCRIPTION": "Malbenaj kartoj estas negativaj kartoj, kiuj restas en via kartaro."
    },
    "DARK": {
      "NAMES": [
        "mallumo",
        "mallumo+",
        "mallumaj"
      ],
      "DESCRIPTION": "Sfero: plialtigas damaĝvaloron ĉiuvice. Kiam #yelvokite, faras damaĝon al la malamiko, kiu havas malplej da vivo."
    },
    "DAZED": {
      "NAMES": [
        "konsterniĝo"
      ],
      "DESCRIPTION": "Konsterniĝo estas neludebla statkarto."
    },
    "DEXTERITY": {
      "NAMES": [
        "lerteco"
      ],
      "DESCRIPTION": "Lerteco plialtigas ŝirmon, kiun vi gajnas de kartoj."
    },
    "ETHEREAL": {
      "NAMES": [
        "fantoma"
      ],
      "DESCRIPTION": "Se ĉi tiu karto estas en via mano je la fino de via vico, ĝi estas elĉerpita. Elĉerpitaj kartoj estas forigataj de via kartaro ĝis la fino de la batalo."
    },
    "EVOKE": {
      "NAMES": [
        "elvoki",
        "elvokita"
      ],
      "DESCRIPTION": "Konsumu vian plej dekstran sferon kaj uzu ĝian elvokefekton."
    },
    "EXHAUST": {
      "NAMES": [
        "elĉerpi",
        "elĉerpita",
        "elĉerpata",
        "elĉerpu"
      ],
      "DESCRIPTION": "Forigita ĝis la fino de la batalo."
    },
    "FOCUS": {
      "NAMES": [
        "atento"
      ],
      "DESCRIPTION": "Atento plialtigas la efikon de kondukitaj sferoj."
    },
    "FRAIL": {
      "NAMES": [
        "kaduka"
      ],
      "DESCRIPTION": "Dum vi estas kaduka, vi gajnos #b25% malpli da #yŝirmo de kartoj."
    },
    "FROST": {
      "NAMES": [
        "frosto",
        "frosto+"
      ],
      "DESCRIPTION": "Sfero: gajnas #yŝirmon."
    },
    "INNATE": {
      "NAMES": [
        "fundamenta"
      ],
      "DESCRIPTION": "Komencu ĉiun batalon kun ĉi tiu karto en la mano."
    },
    "INTANGIBLE": {
      "NAMES": [
        "nepalpebla"
      ],
      "DESCRIPTION": "Malaltigu ĈIUN damaĝon, kiun vi ricevas, kaj ĈIUN perdon de vivo, al #b1."
    },
    "LIGHTNING": {
      "NAMES": [
        "fulmo",
        "fulmo+"
      ],
      "DESCRIPTION": "Sfero: faras damaĝon al hazardaj malamikoj."
    },
    "LOCKED": {
      "NAMES": [
        "ŝlosita"
      ],
      "DESCRIPTION": "Ĉi tiu karto ankoraŭ ne estas malŝlosita."
    },
    "LOCK_ON": {
      "NAMES": [
        "fikscelo"
      ],
      "DESCRIPTION": "Fikscelitaj celoj ricevas #b50% pli da damaĝo de Sferoj."
    },
    "OPENER": {
      "NAMES": [
        "komenca"
      ],
      "DESCRIPTION": "Komencaj kartoj nur rajtas esti ludataj unuakarte en ĉiu vico."
    },
    "PLASMA": {
      "NAMES": [
        "plasmo",
        "plasmo+"
      ],
      "DESCRIPTION": "Sfero: gajnas energion."
    },
    "POISON": {
      "NAMES": [
        "veneno",
        "venenita"
      ],
      "DESCRIPTION": "Venenita estaĵo perdas vivon je la fino de sia vico. Ĉiuvice, veneno malaltiĝas po #b1."
    },
    "RETAIN": {
      "NAMES": [
        "reteni"
      ],
      "DESCRIPTION": "Retenitaj kartoj ne estas forĵetataj je la fino de via vico."
    },
    "SHIV": {
      "NAMES": [
        "pikilo",
        "pikiloj",
        "pikilon",
        "pikilojn"
      ],
      "DESCRIPTION": "Pikiloj estas atakokartoj, kiuj kostas #b0 kaj elĉerpiĝas."
    },
    "STATUS": {
      "NAMES": [
        "stato",
        "statkarto",
        "statkarton",
        "statkartoj",
        "statkartojn"
      ],
      "DESCRIPTION": "Statkartoj estas forigataj je la fino de la batalo."
    },
    "STRENGTH": {
      "NAMES": [
        "forto"
      ],
      "DESCRIPTION": "Forto aldonas kroman damaĝon al atakoj."
    },
    "STRIKE": {
      "NAMES": [
        "bato",
        "baton",
        "batoj"
      ],
      "DESCRIPTION": "Ajna karto kun la vorto \"Bato\" en sia nomo."
    },
    "TEXT": [
      "Energio estas uzata por ludi kartojn el la mano."
    ],
    "THORNS": {
      "NAMES": [
        "dornoj"
      ],
      "DESCRIPTION": "Ricevante #yatakan damaĝon, refaras damaĝon."
    },
    "TODO": {
      "NAMES": [
        "todo",
        "JUST FOR DEVS, DONT TRANSLATE",
        "JUST FOR DEVS, DONT TRANSLATE",
        "JUST FOR DEVS, DONT TRANSLATE",
        "JUST FOR DEVS, DONT TRANSLATE"
      ],
      "DESCRIPTION": "This card is NOT IMPLEMENTED. Someone should really fix that..."
    },
    "TRANSFORM": {
      "NAMES": [
        "transformi",
        "transformu"
      ],
      "DESCRIPTION": "Transformitaj kartoj iĝas hazarda karto de ajna ofteco."
    },
    "UNKNOWN": {
      "NAMES": [
        "nekonata"
      ],
      "DESCRIPTION": "Ĉi tiu karto ankoraŭ ne estas trovita."
    },
    "UNPLAYABLE": {
      "NAMES": [
        "neludebla"
      ],
      "DESCRIPTION": "Neludeblaj kartoj ne povas esti ludataj el via mano."
    },
    "UPGRADE": {
      "NAMES": [
        "plibonigi",
        "plibonigita"
      ],
      "DESCRIPTION": "Plibonigi kartojn faras ilin pli potencaj. Kartoj povas pliboniĝi nur unufoje."
    },
    "VOID": {
      "NAMES": [
        "vakuo",
        "vakuon",
        "vakuoj"
      ],
      "DESCRIPTION": "Vakuoj estas neludeblaj statkartoj, kiuj konsumas energion, kiam ili estas prenataj."
    },
    "VULNERABLE": {
      "NAMES": [
        "vundebla"
      ],
      "DESCRIPTION": "Vundeblaj estaĵoj prenas #b50% pli da damaĝo de atakoj."
    },
    "WEAK": {
      "NAMES": [
        "malforta",
        "malfortigi",
        "malfortigita",
        "malfortigas"
      ],
      "DESCRIPTION": "Malfortigitaj estaĵoj faras #b25% malpli da damaĝo per atakoj."
    },
    "WOUND": {
      "NAMES": [
        "vundo",
        "vundoj",
        "vundojn"
      ],
      "DESCRIPTION": "Vundoj estas neludeblaj statkartoj."
    }
  }
}