{
  "DEV": {
    "HEADER": "Utvikling & design",
    "NAMES": [
      "Anthony Giovannetti",
      "Casey Yano"
    ]
  },
  "OPS": {
    "HEADER": "Operasjoner & metrikk",
    "NAMES": [
      "Danielle Jenkins",
      "Jake Rabinowitz"
    ]
  },
  "SOUND": {
    "HEADER": "Musikk & lyd",
    "NAMES": [
      "Clark Aboud"
    ]
  },
  "VOICE": {
    "HEADER": "Stemmer",
    "NAMES": [
      "Tamara Ryan",
      "Michael Schwalbe"
    ]
  },
  "PORTRAITS": {
    "HEADER": "Kortportretter & Hendelseskunst",
    "NAMES": [
      "Anailis Dorta"
    ]
  },
  "ANIMATION": {
    "HEADER": "Figuranimasjon",
    "NAMES": [
      "Julio Duque Montero",
      "Jon Sandler"
    ]
  },
  "ILLUSTRATION": {
    "HEADER": "Promotering & Bakgrunnsillustrasjoner",
    "NAMES": [
      "Bruce Brenneise"
    ]
  },
  "LOC_ZHS": {
    "HEADER": "Kinesisk (Simplifisert) Oversettelse",
    "NAMES": [
      "Sound of Mystery"
    ]
  },
  "LOC_ZHT": {
    "HEADER": "Kinesisk (Tradisjonell) Oversettelse",
    "NAMES": [
      "professor",
      "bowans",
      "Angryfox"
    ]
  },
  "LOC_FRA": {
    "HEADER": "Fransk Oversettelse",
    "NAMES": [
      "Xavier \"Blagatt\" Dupont",
      "Malik \"Devexia\" Leonarski",
      "Thomas \"Elgerine\" Ferry",
      "Vincent \"Hénip\" Bartoux",
      "Alexandre \"Judgy\" Gaubert",
      "Vincent \"MissingNoShiny\" Larcin",
      "Julien \"RoPeTTe\" Ropero",
      "Hugo \"Tagadda\" Vurpillot",
      "Corentin \"Tchus\" Monfort",
      "Nicky \"Qazahar\" Dehout",
      "Zachary \"WyvernZed\" Janisse"
    ]
  },
  "LOC_DEU": {
    "HEADER": "Tysk Oversettelse",
    "NAMES": [
      "Joshua \"Joshipon\" Wiegand ",
      "Dustin \"Skrelpoid\" Kristen",
      "Jonas Trodler",
      "Hongkong Koma",
      "Moly",
      "koykoy13",
      "Magnus Upmann"
    ]
  },
  "LOC_ITA": {
    "HEADER": "Italiensk Oversettelse",
    "NAMES": [
      "Hob",
      "Mero Marco",
      "Luigi Squarzina"
    ]
  },
  "LOC_JPN": {
    "HEADER": "Japansk Oversettelse",
    "NAMES": [
      "Grezzz"
    ]
  },
  "LOC_KOR": {
    "HEADER": "Koreansk Oversettelse",
    "NAMES": [
      "Oversettelsessjef:",
      "Eteriny",
      "Oversettelser:",
      "Simcoding",
      "DesFrog",
      "insight",
      "K4lium",
      "hina",
      "Oversettelse av Steam-siden:",
      "GyeRyak",
      "GyeRyak"
    ]
  },
  "LOC_NOR": {
    "HEADER": "Norsk Oversettelse",
    "NAMES": [
      "Eystein Jarp"
    ]
  },
  "LOC_POL": {
    "HEADER": "Polsk Oversettelse",
    "NAMES": [
      "Oversettelse og koordingering:",
      "Stanis³aw \"ST4H\" Borkowski",
      "Oskar \"volf3n\" Nowak",
      "Andre oversettelser:",
      "Adrian \"xeros\" Rolka",
      "Korrekturlesing:",
      "Oskar \"volf3n\" Nowak",
      "Suggestions and Feedback:",
      "Kasper \"Awokado\" Beræ",
      "Pawe³ \"BASTIL\" Kaleta",
      "Grzegorz \"GregPL\" Bogus³awski",
      "Erwin \"mateusz3010\" Matys",
      "Mettie",
      "Rafa³ \"SponTon83\" Szyszko"
    ]
  },
  "LOC_PTB": {
    "HEADER": "Brasiliansk-Portugisisk Oversettelse",
    "NAMES": [
      "Guilherme \"GPerego\" Perego",
      "Gustavo \"KomKlave\" Duarte",
      "José \"Maneimax\" Vasconcelos",
      "Leonardo \"Iikat\" Takii",
      "Nathan \"NoxShadow\" Cervieri",
      "Paulo \"SilverTape\" Hauck"
    ]
  },
  "LOC_RUS": {
    "HEADER": "Russisk Oversettelse",
    "NAMES": [
      "Oversettelse og koordinering:",
      "Ivan \"Ingrett\" Khoroshunenko",
      "Oversettelse og Oppbevaring:",
      "Vladislav \"Vlad-00003\" Bolshakov",
      "Forslag og tilbakemeldinger:",
      "Mikhail \"Outmind\" Dyuzhev",
      "Bohdan \"DarkRosse\" Kalytiuk",
      "Sergey \"lol10801lol\" K.",
      "Ascimator",
      "Kateryna \"Meds\" Belimenko-Bolger",
      "Alexey \"Surrealistic Ganerson\" Popov",
      "Alexandr \"LiaNdrY\" Mazistov",
      "Dmitry \"Regallion\" Zhiryakov",
      "Shop Asset Translation:",
      "Urist McFerrum"
    ]
  },
  "LOC_TUR": {
    "HEADER": "Tyrkisk Oversettelse",
    "NAMES": [
      "Erdem Gürbüz"
    ]
  },
  "LOC_ADDITIONAL": {
    "HEADER": "Andre oversettelser",
    "NAMES": [
      "MoGi Group"
    ]
  },
  "TEST": {
    "HEADER": "Spilltestere",
    "NAMES": [
      "Agari",
      "Daria Anderson",
      "Zac Bauermeister",
      "Nick Becker",
      "Esther Beckman",
      "Leo Chen",
      "Brian Chau",
      "Dan D'Argenio",
      "David Delorenzo",
      "Tim Erskine",
      "Benjamin Finkel",
      "Rajiv Giridharagopal",
      "Wyatt Grodzins",
      "Ren Howell",
      "Kyle James",
      "Ryan Mathisen",
      "Anthony McMillian",
      "Brad Meine",
      "Jacob Morris",
      "Alex Rockwell",
      "Greg Scheopner",
      "John \"Slide20xl\" Smith",
      "Aaron Taggart",
      "Alexander Toy",
      "Merijn van der Vliet",
      "David Von Derau",
      "Conor Watson",
      "David \"divadus\" Withington"
    ]
  },
  "SPECIAL": {
    "HEADER": "Spesiell takk til",
    "NAMES": [
      "Harry Rabinowitz",
      "Kevin \"Billy\" Matheson",
      "Anthony Roybal",
      "Lee Beckman",
      "Sam Welch",
      "feedbackbot",
      "Evan Howell",
      "Justin Myhres",
      "robojumper"
    ]
  },
  "THANKS_MSG": {
    "HEADER": "...og takk til DEG for at du spiller!",
    "NAMES": []
  },
  "LOC_SRB": {
    "HEADER": "Serbian Localization",
    "NAMES": [
      "Nikola \"hauzer\" Vukosavljević"
    ]
  },
  "LOC_UKR": {
    "HEADER": "Ukrainian Localization",
    "NAMES": [
      "Vladyslav \"DarkXylese\" Kashtelyanov",
      "Vasyl \"RDSk\" Mykhaliuk",
      "Corrections and Translation:",
      "Vasyl \"RDSk\" Mykhaliuk",
      "Artem \"Crazytosik\" Zemlianyi"
    ]
  },
  "LOC_CAT": {
    "HEADER": "Catalan Localization",
    "NAMES": []
  },
  "LOC_GRE": {
    "HEADER": "French Localization",
    "NAMES": [
      "Kotsos \"Iglor\" Diamond"
    ]
  },
  "LOC_IND": {
    "HEADER": "Indonesian Localization",
    "NAMES": [
      "Aditya \"RiSQ.\" Arifin",
      "Daryan \"Samus\" Ramadhany",
      "Szaal"
    ]
  },
  "LOC_SPA": {
    "HEADER": "Spanish Localization",
    "NAMES": [
      "Translation and Coordination:",
      "Pedro Luis \"PerikiyoXD\" Valadés Viera",
      "Translation:",
      "xabad98",
      "Skiddome",
      "Juanjo \"ajuanjojjj\" Martinez",
      "Grammar and Cleanup:",
      "Joaquín \"Pip1n\" López",
      "Joaquín \"Pip1n\" López"
    ]
  },
  "LOC_EPO": {
    "HEADER": "Esperanto Localization",
    "NAMES": [
      "Vincent \"Babelismoj\" Oostelbos"
    ]
  }
}