{
  "A Thousand Cuts": {
    "NAME": "Тисяча порізів",
    "DESCRIPTION": "Щоразу, граючи карту, наносить !M! шкоди УСІМ ворогам."
  },
  "Accuracy": {
    "NAME": "Точність",
    "DESCRIPTION": "Запоясники наносять !M! додаткової шкоди."
  },
  "Acrobatics": {
    "NAME": "Акробатика",
    "DESCRIPTION": "Берете !M! карти. NL Усуваєте 1 карту."
  },
  "Adrenaline": {
    "NAME": "Адреналін",
    "DESCRIPTION": "Отримуєте [G]. NL Берете 2 карти. NL Спалюється.",
    "UPGRADE_DESCRIPTION": "Отримуєте [G] [G]. NL Берете 2 карти. NL Спалюється."
  },
  "After Image": {
    "NAME": "Післясвітіння",
    "DESCRIPTION": "Щоразу, граючи карту, отримуєте 1 Броню.",
    "UPGRADE_DESCRIPTION": "Початкова. NL Щоразу, граючи карту, отримуєте 1 Броню."
  },
  "Aggregate": {
    "NAME": "Скупчення",
    "DESCRIPTION": "Отримуєте [B] за кожну !M! карту у доборі."
  },
  "All For One": {
    "NAME": "Всі за одного",
    "DESCRIPTION": "Наносить !D! шкоди. Переміщає усі безкоштовні (0 енергії) карти з відбою у вашу руку."
  },
  "All Out Attack": {
    "NAME": "Напад з усіх сил",
    "DESCRIPTION": "Наносить !D! шкоди УСІМ ворогам. NL Усуваєте випадкову карту."
  },
  "Allocate": {
    "NAME": "Дільба",
    "DESCRIPTION": "Отримуєте !M! Зосередження. NL Втрачаєте 1 Міць. NL Втрачаєте 1 Спритність."
  },
  "Amplify": {
    "NAME": "Употужнення",
    "DESCRIPTION": "Протягом цього руху наступний Талант грається двічі.",
    "UPGRADE_DESCRIPTION": "Протягом цього руху наступні !M! Таланти граються двічі."
  },
  "Anger": {
    "NAME": "Гнів",
    "DESCRIPTION": "Наносить !D! шкоди. NL Додає копію цієї карти у Відбій."
  },
  "Apotheosis": {
    "NAME": "Апофеоз",
    "DESCRIPTION": "Поліпшує УСІ карти до кінця бою. NL Спалюється."
  },
  "Armaments": {
    "NAME": "Озброєння",
    "DESCRIPTION": "Надає !B! Броні. NL Поліпшуєте карту у руці до кінця бою.",
    "UPGRADE_DESCRIPTION": "Надає !B! Броні. NL Поліпшуєте УСІ карти у руці до кінця бою."
  },
  "AscendersBane": {
    "NAME": "Отрута мандрівників",
    "DESCRIPTION": "Пасивна. NL Примарна. NL Не видаляється з колоди."
  },
  "Auto Shields": {
    "NAME": "Авто-щити",
    "DESCRIPTION": "Якщо маєте 0 Броні, отримуєте !B! Броні."
  },
  "Axe Kick": {
    "NAME": "З ноги",
    "DESCRIPTION": "Наносить !D! шкоди. NL Призиває наступну Сферу."
  },
  "Backflip": {
    "NAME": "Сальто",
    "DESCRIPTION": "Надає !B! Броні. NL Берете 2 карти."
  },
  "Backstab": {
    "NAME": "Зрада",
    "DESCRIPTION": "Наносить !D! шкоди. NL Початкова. NL Спалюється."
  },
  "Ball Lightning": {
    "NAME": "Блискуча Сфера",
    "DESCRIPTION": "Наносить !D! шкоди. Спрямовує !M! Громовицю."
  },
  "Bandage Up": {
    "NAME": "Перша допомога",
    "DESCRIPTION": "Зцілює !M! ОЗ. NL Спалюється."
  },
  "Bane": {
    "NAME": "Труїння",
    "DESCRIPTION": "Наносить !D! шкоди. NL Якщо ворог вже отруєний, наносить !D! додаткової шкоди."
  },
  "Barrage": {
    "NAME": "Обстріл",
    "DESCRIPTION": "Наносить !D! шкоди за кожну спрямовану Сферу."
  },
  "Barricade": {
    "NAME": "Барикада",
    "DESCRIPTION": "Броня не знімається на початку вашого руху."
  },
  "Bash": {
    "NAME": "Чухрання",
    "DESCRIPTION": "Наносить !D! шкоди. NL Наносить !M! Уразливості."
  },
  "Battle Trance": {
    "NAME": "Бойовий транс",
    "DESCRIPTION": "Берете !M! карти. NL Ви більше не берете карти до кінця руху."
  },
  "Beam Cell": {
    "NAME": "Сніп",
    "DESCRIPTION": "Наносить !D! шкоди та !M! Уразливості."
  },
  "Berserk": {
    "NAME": "Шаленість",
    "DESCRIPTION": "Отримуєте !M! Уразливості. Надає [R] на початку кожного руху."
  },
  "Biased Cognition": {
    "NAME": "Упередження",
    "DESCRIPTION": "Отримуєте !M! Зосередження. NL Наприкінці кожного руху, втрачаєте 1 Зосередження."
  },
  "Bite": {
    "NAME": "Укус",
    "DESCRIPTION": "Наносить !D! шкоди. NL Зцілює !M! ОЗ."
  },
  "Blade Dance": {
    "NAME": "Гострий Танець",
    "DESCRIPTION": "Додає !M! Запоясника до руки."
  },
  "Blaster": {
    "NAME": "Пістоля",
    "DESCRIPTION": "Наносить !D! шкоди УСІМ ворогам. NL Отримуєте [B] за кожну спрямовану Сферу. NL Спалюється."
  },
  "Blind": {
    "NAME": "Сліпота",
    "DESCRIPTION": "Наносить !M! Слабкості.",
    "UPGRADE_DESCRIPTION": "Наносить !M! Слабкості УСІМ ворогам."
  },
  "Blizzard": {
    "NAME": "Завірюха",
    "DESCRIPTION": "Наносить шкоду у !M! рази більше кількості спрямованих скипенів, за цей бій, УСІМ ворогам.",
    "UPGRADE_DESCRIPTION": "",
    "EXTENDED_DESCRIPTION": [
      " NL (Наносить !D! шкоди.)",
      ""
    ]
  },
  "Blood for Blood": {
    "NAME": "Кров за кров",
    "DESCRIPTION": "Коштує на 1 менше [R] NL за кожну втрату ОЗ у бою. NL Наносить !D! шкоди."
  },
  "Bloodletting": {
    "NAME": "Кровопролиття",
    "DESCRIPTION": "Отримуєте [R]. NL Втрачаєте 3 ОЗ.",
    "UPGRADE_DESCRIPTION": "Отримуєте [R] [R]. NL Втрачаєте 3 ОЗ."
  },
  "Bludgeon": {
    "NAME": "Булава",
    "DESCRIPTION": "Наносить !D! шкоди."
  },
  "Blur": {
    "NAME": "Затуманення",
    "DESCRIPTION": "Надає !B! Броні. NL Броня не знімається на початку вашого наступного руху."
  },
  "Body Slam": {
    "NAME": "Тілогрюк",
    "DESCRIPTION": "Наносить шкоду, рівну поточній Броні.",
    "UPGRADE_DESCRIPTION": " NL (Наносить !D! шкоди.)"
  },
  "BootSequence": {
    "NAME": "Запуск",
    "DESCRIPTION": "Отримуєте !B! Броні. NL Початкова. NL Спалюється."
  },
  "Bouncing Flask": {
    "NAME": "Гопаюча фляжка",
    "DESCRIPTION": "Наносить 3 Отрути випадковому ворогу !M! раз."
  },
  "Brutality": {
    "NAME": "Жорстокість",
    "DESCRIPTION": "На початку вашого руху, втрачаєте 1 ОЗ та берете 1 карту.",
    "UPGRADE_DESCRIPTION": "Початкова. NL На початку вашого руху, втрачаєте 1 ОЗ та берете 1 карту."
  },
  "Buffer": {
    "NAME": "Егіда",
    "DESCRIPTION": "Захищає вас від наступної атаки.",
    "UPGRADE_DESCRIPTION": "Захищає вас від наступних !M! атак."
  },
  "Bullet Time": {
    "NAME": "Уповільнення часу",
    "DESCRIPTION": "Кошт усіх карт в руці зменшено до нуля, однак ви не можете брати карти до кінця руху."
  },
  "Burn": {
    "NAME": "Опік",
    "DESCRIPTION": "Пасивна. NL Наприкінці вашого руху отримуєте 2 шкоди.",
    "UPGRADE_DESCRIPTION": "Пасивна. NL Наприкінці вашого руху отримуєте 4 шкоди."
  },
  "Burning Pact": {
    "NAME": "Палаючий договір",
    "DESCRIPTION": "Спалюєте 1 карту. NL Берете !M! карти."
  },
  "Burst": {
    "NAME": "Порив",
    "DESCRIPTION": "Протягом цього руху наступне Вміння грається двічі.",
    "UPGRADE_DESCRIPTION": "Протягом цього руху наступні !M! Вміння граються двічі."
  },
  "Cache": {
    "NAME": "Cache",
    "DESCRIPTION": "Deprecated."
  },
  "Calculated Gamble": {
    "NAME": "Прорахований ризик",
    "DESCRIPTION": "Усуває усі карти з руки, NL потім берете стільки ж у руку. NL Спалюється.",
    "UPGRADE_DESCRIPTION": "Усуває усі карти з руки, NL потім берете стільки ж у руку."
  },
  "Caltrops": {
    "NAME": "Cпичак",
    "DESCRIPTION": "Щоразу, як вас атакують наносить !M! шкоди тим кривдникам."
  },
  "Capacitor": {
    "NAME": "Конденсатор",
    "DESCRIPTION": "Отримуєте !M! місце для Сфер.",
    "UPGRADE_DESCRIPTION": "Отримуєте !M! місця для Сфер."
  },
  "Carnage": {
    "NAME": "Різанина",
    "DESCRIPTION": "Примарна. NL Наносить !D! шкоди."
  },
  "Catalyst": {
    "NAME": "Фермент",
    "DESCRIPTION": "Подвоює отруту ворога. NL Спалюється.",
    "UPGRADE_DESCRIPTION": "Потроює отруту ворога. NL Спалюється."
  },
  "Channel": {
    "NAME": "Channel",
    "DESCRIPTION": "Deprecated."
  },
  "Chaos": {
    "NAME": "Безлад",
    "DESCRIPTION": "Спрямовує !M! випадкову Сферу.",
    "UPGRADE_DESCRIPTION": "Спрямовує !M! випадкових Сфер."
  },
  "Chill": {
    "NAME": "Дюдя",
    "DESCRIPTION": "Спрямовує !M! Скипені за кожного ворога у бою. NL Спалюється.",
    "UPGRADE_DESCRIPTION": "Початкова. NL Спрямовує !M! Скипені за кожного ворога у бою. NL Спалюється."
  },
  "Choke": {
    "NAME": "Удушення",
    "DESCRIPTION": "Наносить !D! шкоди. NL Щоразу, граючи карту у цьому русі, обраний вами ворог втрачає !M! ОЗ."
  },
  "Chrysalis": {
    "NAME": "Кришталіс",
    "DESCRIPTION": "Додає !M! випадкових Вміннь у ваш добір, які коштують 0 енергії у цьому бої. NL Спалюється."
  },
  "Clash": {
    "NAME": "Колотнеча",
    "DESCRIPTION": "Грається тільки коли усі карти в руці - Атаки. NL Наносить !D! шкоди.",
    "EXTENDED_DESCRIPTION": [
      "У мене є не Атакуючі карти."
    ]
  },
  "Cleave": {
    "NAME": "Січа",
    "DESCRIPTION": "Наносить !D! шкоди УСІМ ворогам."
  },
  "Cloak And Dagger": {
    "NAME": "Плащ і кинджал",
    "DESCRIPTION": "Отримуєте !B! Броні. NL Додаєте !M! Запоясник до руки.",
    "UPGRADE_DESCRIPTION": "Отримуєте !B! Броні. NL Додаєте !M! Запоясника до руки."
  },
  "Clothesline": {
    "NAME": "Збиття",
    "DESCRIPTION": "Наносить !D! шкоди. NL Наносить !M! Слабкості."
  },
  "Clumsy": {
    "NAME": "Незграбність",
    "DESCRIPTION": "Пасивна. NL Примарна."
  },
  "Cold Snap": {
    "NAME": "Холодні обійми",
    "DESCRIPTION": "Наносить !D! шкоди. Спрямовує !M! Скипень."
  },
  "Combust": {
    "NAME": "Згоряння",
    "DESCRIPTION": "Наприкінці вашого руху втрачаєте 1 ОЗ та наносите !M! шкоди УСІМ ворогам."
  },
  "Compile Driver": {
    "NAME": "Збірка драйверів",
    "DESCRIPTION": "Наносить !D! шкоди. NL Берете !M! карт за кожну унікальну, спрямовану Сферу."
  },
  "Concentrate": {
    "NAME": "Збагачування",
    "DESCRIPTION": "Усуваєте !M! карти. NL Отримуєте [G] [G]."
  },
  "Conserve Battery": {
    "NAME": "Підзарядка",
    "DESCRIPTION": "Отримуєте !B! Броні. NL Наступного ходу отримуєте [B]."
  },
  "Consume": {
    "NAME": "Поглинання",
    "DESCRIPTION": "Отримуєте !M! Зосередження. NL Втрачаєте 1 місце для Сфер."
  },
  "Coolheaded": {
    "NAME": "Холоднокровність",
    "DESCRIPTION": "Спрямовує 1 Скипень. NL Берете !M! карту.",
    "UPGRADE_DESCRIPTION": "Спрямовує 1 Скипень. NL Берете !M! карти."
  },
  "Core Surge": {
    "NAME": "Ривок ядра",
    "DESCRIPTION": "Наносить !D! шкоди. NL Отримуєте !M! Артефакт. NL Спалюється."
  },
  "Corpse Explosion": {
    "NAME": "Підрив тіла",
    "DESCRIPTION": "Наносить !D! отрути. Коли цей ворог помирає, наносить шкоду, рівну своєму макс. ОЗ, УСІМ ворогам.",
    "UPGRADE_DESCRIPTION": "-Видалено-",
    "EXTENDED_DESCRIPTION": [
      "-Видалено-."
    ]
  },
  "Corruption": {
    "NAME": "Зіпсування",
    "DESCRIPTION": "Вміння коштують 0. NL Щоразу, граючи Вміння, воно Спалюється."
  },
  "Creative AI": {
    "NAME": "Творчий ШІ",
    "DESCRIPTION": "На початку кожного руху отримуєте випадковий Талант у руку."
  },
  "Crippling Poison": {
    "NAME": "Руйнівна хмара",
    "DESCRIPTION": "Наносить !M! Отрути. NL Наносить !M! Слабкості."
  },
  "Dagger Spray": {
    "NAME": "Шквал кортиків",
    "DESCRIPTION": "Наносить !D! шкоди УСІМ ворогам, двічі."
  },
  "Dagger Throw": {
    "NAME": "Лезокид",
    "DESCRIPTION": "Наносить !D! шкоди. NL Берете 1 карту. NL Усуваєте 1 карту."
  },
  "Dark Embrace": {
    "NAME": "Темні обійми",
    "DESCRIPTION": "Щоразу, коли карта Спалюється, NL берете 1 карту."
  },
  "Dark Shackles": {
    "NAME": "Таємничі кайдани",
    "DESCRIPTION": "Ворог втрачаєте !M! Міці до кінця руху. NL Спалюється."
  },
  "Darkness": {
    "NAME": "Темрява",
    "DESCRIPTION": "Спрямовує !M! Пітьму.",
    "UPGRADE_DESCRIPTION": "Спрямовує !M! Пітьми."
  },
  "Dash": {
    "NAME": "Порив",
    "DESCRIPTION": "Надає !B! Броні. NL Наносить !D! шкоди."
  },
  "Dazed": {
    "NAME": "Приголомшення",
    "DESCRIPTION": "Пасивна. NL Примарна."
  },
  "Deadly Poison": {
    "NAME": "Смертельна отрута",
    "DESCRIPTION": "Наносить !M! отрути."
  },
  "Decay": {
    "NAME": "Занепад",
    "DESCRIPTION": "Пасивна. NL Наприкінці вашого руху отримуєте 2 шкоди."
  },
  "Deep Breath": {
    "NAME": "Глибокий подих",
    "DESCRIPTION": "Тасуєте увесь Відбій у добір. NL Берете !M! карту.",
    "UPGRADE_DESCRIPTION": "Тасуєте увесь Відбій у добір. NL Берете !M! карти."
  },
  "Defend_B": {
    "NAME": "Захист",
    "DESCRIPTION": "Надає !B! Броні."
  },
  "Defend_G": {
    "NAME": "Захист",
    "DESCRIPTION": "Надає !B! Броні."
  },
  "Defend_R": {
    "NAME": "Захист",
    "DESCRIPTION": "Надає !B! Броні."
  },
  "Deflect": {
    "NAME": "Відбиття",
    "DESCRIPTION": "Отримуєте !B! Броні."
  },
  "Defragment": {
    "NAME": "Дефрагментація",
    "DESCRIPTION": "Отримуєте !M! Зосередження."
  },
  "Demon Form": {
    "NAME": "Демонічна форма",
    "DESCRIPTION": "На початку кожного руху отримуєте !M! Міці."
  },
  "Die Die Die": {
    "NAME": "Мри Мри Мри",
    "DESCRIPTION": "Наносить !D! шкоди УСІМ ворогам. NL Спалюється."
  },
  "Disarm": {
    "NAME": "Обеззбороєння",
    "DESCRIPTION": "Ворог втрачає !M! Міці. NL Спалюється."
  },
  "Discovery": {
    "NAME": "Відкриття",
    "DESCRIPTION": "Обираєте 1 з 3 випадкових карт та додаєте у свою руку, вона коштує #b0 у цьому русі. NL Спалюється.",
    "UPGRADE_DESCRIPTION": "Обираєте 1 з 3 випадкових карт та додаєте у свою руку, вона коштує #b0 у цьому русі."
  },
  "Distraction": {
    "NAME": "Відволікання",
    "DESCRIPTION": "Додає випадкове Вміння до руки. NL Воно коштує 0 протягом цього руху. NL Спалюється."
  },
  "Dodge and Roll": {
    "NAME": "Уникання",
    "DESCRIPTION": "Отримуєте !B! Броні. NL Наступного ходу отримуєте !B! Броні."
  },
  "Doom and Gloom": {
    "NAME": "Похмура темрява",
    "DESCRIPTION": "Наносить !D! шкоди УСІМ ворогам. NL Спрямовує !M! Пітьми."
  },
  "Doppelganger": {
    "NAME": "Двійник",
    "DESCRIPTION": "Наступного ходу берете X карт та отримуєте X [G]. NL Спалюється.",
    "UPGRADE_DESCRIPTION": "Наступного ходу берете X+1 карту та отримуєте X+1 [G]. NL Спалюється."
  },
  "Double Energy": {
    "NAME": "Подвійна енергія",
    "DESCRIPTION": "Подвоює вашу енергію. NL Спалюється.",
    "UPGRADE_DESCRIPTION": "Подвоює вашу енергію."
  },
  "Double Tap": {
    "NAME": "Подвійний постріл",
    "DESCRIPTION": "Протягом цього руху наступна Атака грається двічі.",
    "UPGRADE_DESCRIPTION": "Протягом цього руху наступні !M! Атаки граються двічі."
  },
  "Doubt": {
    "NAME": "Вагання",
    "DESCRIPTION": "Пасивна. NL Наприкінці вашого руху отримуєте 1 Слабкість."
  },
  "Dramatic Entrance": {
    "NAME": "Драматичний вхід",
    "DESCRIPTION": "Початкова. NL Наносить !D! шкоди УСІМ ворогам. NL Спалюється."
  },
  "Dropkick": {
    "NAME": "Копняк",
    "DESCRIPTION": "Наносить !D! шкоди. NL Якщо ворог Уразливий, NL Отримуєте [R] та NL берете 1 карту."
  },
  "Dual Wield": {
    "NAME": "Подвійне володіння",
    "DESCRIPTION": "Створює копію Атаки чи Таланту у руці.",
    "UPGRADE_DESCRIPTION": "Створює 2 копії Атаки чи Таланту у руці."
  },
  "Dualcast": {
    "NAME": "Подвійні чари",
    "DESCRIPTION": "Призиваєте наступну Сферу двічі."
  },
  "Echo Form": {
    "NAME": "Відлуння",
    "DESCRIPTION": "Кожного руху, перша зіграна карта грається двічі. NL Примарна.",
    "UPGRADE_DESCRIPTION": "Кожного руху, перша зіграна карта грається двічі."
  },
  "Electrodynamics": {
    "NAME": "Електродинаміка",
    "DESCRIPTION": "Громовиця тепер влучає по ВСІХ ворогах. NL Спрямовує !M! Громовиці",
    "UPGRADE_DESCRIPTION": ""
  },
  "Endless Agony": {
    "NAME": "Нескінченне конання",
    "DESCRIPTION": "Щоразу, як ви берете цю карту, отримуєте ще одну копію до руки. NL Наносить !D! шкоди. NL Спалюється."
  },
  "Energy Pulse": {
    "NAME": "Енергетичний імпульс",
    "DESCRIPTION": "Отримуєте стільки Броні, скільки є у вас Енергії.",
    "UPGRADE_DESCRIPTION": "Отримуєте вдвічі більше Броні, ніж є у вас Енергії."
  },
  "Enlightenment": {
    "NAME": "Просвітлення",
    "DESCRIPTION": "Зменшує вартість карт у руці до 1 до кінця руху.",
    "UPGRADE_DESCRIPTION": "Зменшує вартість карт у руці до 1 до кінця бою."
  },
  "Entrench": {
    "NAME": "Окоп",
    "DESCRIPTION": "Подвоює Броню.",
    "UPGRADE_DESCRIPTION": "Подвоює Броню."
  },
  "Envenom": {
    "NAME": "Отруєння",
    "DESCRIPTION": "Щоразу Ви наносите не блоковану шкоду, додатково наносите 1 Отруту."
  },
  "Escape Plan": {
    "NAME": "План втечі",
    "DESCRIPTION": "Берете 1 карту. NL Якщо це Вміння, отримуєте !B! Броні."
  },
  "Eviscerate": {
    "NAME": "Спустошення",
    "DESCRIPTION": "Коштує на 1 менше [G] NL за кожну скинуту карту у цьому русі. NL Наносить !D! шкоди, тричі."
  },
  "Evolve": {
    "NAME": "Еволюція",
    "DESCRIPTION": "Щоразу, як ви берете Статусну карту, берете !M! карту.",
    "UPGRADE_DESCRIPTION": "Щоразу, як ви берете Статусну карту, берете !M! карти."
  },
  "Exhume": {
    "NAME": "З могили",
    "DESCRIPTION": "Обираєте Спалену карту та кладете собі у руку. NL Спалюється."
  },
  "Expertise": {
    "NAME": "Мудрість",
    "DESCRIPTION": "Берете карти допоки не матимете !M! карт у руці."
  },
  "FTL": {
    "NAME": "Швидше світла",
    "DESCRIPTION": "Наносить !D! шкоди. Якщо ви зіграли менше !M! карт у цьому русі, берете 1 карту.",
    "EXTENDED_DESCRIPTION": [
      " NL (Зіграно ",
      " карту.)",
      " карт.)"
    ]
  },
  "Feed": {
    "NAME": "Годування",
    "DESCRIPTION": "Наносить !D! шкоди. NL Якщо вона вбиває ворога, отримуєте !M! постійного макс ОЗ. Спалюється."
  },
  "Feel No Pain": {
    "NAME": "Без болю",
    "DESCRIPTION": "З кожною спаленою картою NL надає !M! Броні."
  },
  "Fiend Fire": {
    "NAME": "Зложар",
    "DESCRIPTION": "Спалює руку. NL Наносить !D! шкоди за кожну Спалену карту. NL Спалюється."
  },
  "Finesse": {
    "NAME": "Майстерність",
    "DESCRIPTION": "Отримуєте !B! Броні. NL Берете 1 карту."
  },
  "Finisher": {
    "NAME": "Завершальний",
    "DESCRIPTION": "Наносить !D! шкоди за кожну зіграну Атаку протягом цього руху.",
    "EXTENDED_DESCRIPTION": [
      " NL (Ви зіграли ",
      " Атаку.)",
      " Атаки.)"
    ]
  },
  "Fire Breathing": {
    "NAME": "Вогняний подих",
    "DESCRIPTION": "Наприкінці Вашого руху наносить 1 шкоди УСІМ ворогам за кожну зіграну Атаку."
  },
  "Fission": {
    "NAME": "Розчахування",
    "DESCRIPTION": "Призиваєте усі Сфери. Отримуєте по одному додатковому місцю, за кожну призвану Сферу. NL Спалюється.",
    "UPGRADE_DESCRIPTION": "Evoke ALL of your Orbs, gain [B] and draw !M! card for each Orb removed. NL Exhaust."
  },
  "Flame Barrier": {
    "NAME": "Пламяний бар’єр",
    "DESCRIPTION": "Надає !B! Броні. NL Щоразу Вас атакують у цьому русі, наносить !M! шкоди тим кривдникам. "
  },
  "Flash of Steel": {
    "NAME": "Спалах сталі",
    "DESCRIPTION": "Наносить !D! шкоди. NL Берете 1 карту."
  },
  "Flechettes": {
    "NAME": "Флешетти",
    "DESCRIPTION": "Наносить !D! шкоди за кожне Вміння у руці.",
    "EXTENDED_DESCRIPTION": [
      " NL (У Вас ",
      " Вміння).",
      " Вміння)."
    ]
  },
  "Flex": {
    "NAME": "Тіложмака",
    "DESCRIPTION": "Отримуєте !M! Міці. NL Наприкінці Вашого руху, втрачаєте !M! Міці."
  },
  "Flux Capacitor": {
    "NAME": "Тепловий конденсатор",
    "DESCRIPTION": "Замінюєте УСІ спрямовані Сфери, плазмою. NL Спалюється."
  },
  "Flying Knee": {
    "NAME": "Коліном",
    "DESCRIPTION": "Наносить !D! шкоди. NL Наступний хід отримуєте [G]."
  },
  "Footwork": {
    "NAME": "Ного-труд",
    "DESCRIPTION": "Отримуєте !M! Спритності."
  },
  "Force Field": {
    "NAME": "Силове поле",
    "DESCRIPTION": "Коштує на 1 менше [B] за кожен зіграний Талант у цьому бою. NL Отримуєте !B! Броні."
  },
  "Forethought": {
    "NAME": "Задум",
    "DESCRIPTION": "Кладете карту з руки у кінець добору. NL Вона коштуватиме 0 енергії, допоки не буде зіграна.",
    "UPGRADE_DESCRIPTION": "Кладете будь-яку кількість карт з руки у кінець добору. Вони коштуватимуть 0 енергії, допоки не будуть зіграні."
  },
  "Fusion": {
    "NAME": "Злиття",
    "DESCRIPTION": "Спрямовує !M! Плазму."
  },
  "Gash": {
    "NAME": "Кігті",
    "DESCRIPTION": "Наносить !D! шкоди. NL Усі Кігті, наносять !M! додаткові шкоди, у цьому бою."
  },
  "Genetic Algorithm": {
    "NAME": "Генетичний алгоритм",
    "DESCRIPTION": "Отримуєте !B! Броні. До кінця гри, збільшує броню цієї карти на !M!. NL Спалюється."
  },
  "Ghostly": {
    "NAME": "Мара",
    "DESCRIPTION": "Отримуєте 1 Ухиляння. NL Спалюється. NL Примарна.",
    "UPGRADE_DESCRIPTION": "Отримуєте 1 Ухиляння. NL Спалюється."
  },
  "Ghostly Armor": {
    "NAME": "Примарна броня",
    "DESCRIPTION": "Примарна. NL Отримуєте !B! Броні."
  },
  "Glacier": {
    "NAME": "Льодовик",
    "DESCRIPTION": "Отримуєте !B! Броні. NL Спрямовує !M! Скипень.",
    "UPGRADE_DESCRIPTION": "Отримуєте !B! Броні. NL Спрямовує !M! Скипень."
  },
  "Glass Knife": {
    "NAME": "Скляний ніж",
    "DESCRIPTION": "Наносить !D! шкоди двічі. Шкода ножа зменшується на 2, з кожним використанням у цьому бою."
  },
  "Go for the Eyes": {
    "NAME": "Око за око",
    "DESCRIPTION": "Наносить !D! шкоди. Якщо ворог має намір атакувати, наносить !M! Слабкості."
  },
  "Good Instincts": {
    "NAME": "Файні інстинкти",
    "DESCRIPTION": "Отримуєте !B! Броні."
  },
  "Grand Finale": {
    "NAME": "Грандіозний фінал",
    "DESCRIPTION": "Можна грати тільки коли добір пустий. NL Наносить !D! шкоди УСІМ ворогам.",
    "UPGRADE_DESCRIPTION": "У доборі NL є карти."
  },
  "HandOfGreed": {
    "NAME": "Рука жаду",
    "DESCRIPTION": "Наносить !D! шкоди. NL Якщо вб’є не-посіпаку, отримуєте !M! Золота."
  },
  "Havoc": {
    "NAME": "Хаос",
    "DESCRIPTION": "Грає першу карту у доборі та Спалюєте її."
  },
  "Headbutt": {
    "NAME": "Маківкою",
    "DESCRIPTION": "Наносить !D! шкоди. NL Кладете карту з відбою на верх добору."
  },
  "Heatsinks": {
    "NAME": "Радіатор",
    "DESCRIPTION": "Щоразу граючи Талант, берете !M! карту.",
    "UPGRADE_DESCRIPTION": "Щоразу граючи Талант, берете !M! карти."
  },
  "Heavy Blade": {
    "NAME": "Важке лезо",
    "DESCRIPTION": "Наносить !D! шкоди. NL Міць впливає у !M! раз більше до «Важкого леза».",
    "UPGRADE_DESCRIPTION": "Наносить !D! шкоди. NL Міць впливає у !M! рази більше до рази більше до «Важкого леза»."
  },
  "Heel Hook": {
    "NAME": "Джмелики",
    "DESCRIPTION": "Наносить !D! шкоди. NL Якщо ворог послаблений, NL Отримуєте [G] та NL берете 1 карту."
  },
  "Hello World": {
    "NAME": "Привіт, світе",
    "DESCRIPTION": "На початку Вашого руху, додаєте випадкову Звичайну карту у руку.",
    "UPGRADE_DESCRIPTION": "Початкова. NL На початку Вашого руху, додаєте випадкову Звичайну карту у руку."
  },
  "Hemokinesis": {
    "NAME": "Кровокінез",
    "DESCRIPTION": "Втрачаєте !M! ОЗ. NL Наносить !D! шкоди."
  },
  "Hide": {
    "NAME": "Забгати",
    "DESCRIPTION": "Ви не втрачаєте ОЗ до початку наступного руху. NL Спалюється."
  },
  "Hologram": {
    "NAME": "Світлообраз",
    "DESCRIPTION": "Отримуєте !B! Броні. NL Повертаєте карту з відбою у руку. NL Спалюється.",
    "UPGRADE_DESCRIPTION": "Отримуєте !B! Броні. Повертаєте карту з відбою у руку."
  },
  "Hyperbeam": {
    "NAME": "Гіпер-промінь ",
    "DESCRIPTION": "Наносить !D! шкоди УСІМ ворогам. NL Втрачаєте !M! Зосередження."
  },
  "Ice Wall": {
    "NAME": "Льодова стіна",
    "DESCRIPTION": "Deprecated.",
    "UPGRADE_DESCRIPTION": "Deprecated."
  },
  "Immolate": {
    "NAME": "Знесилення",
    "DESCRIPTION": "Наносить !D! шкоди УСІМ ворогам. NL Берете 1 Опік у відбій."
  },
  "Impatience": {
    "NAME": "Нетерпіння",
    "DESCRIPTION": "Якщо у Вашій руці немає Атак, тасуєте !M! карти."
  },
  "Impervious": {
    "NAME": "Непроникний",
    "DESCRIPTION": "Надає !B! Броні. NL Спалюється."
  },
  "Impulse": {
    "NAME": "Імпульс",
    "DESCRIPTION": "Використовуєте пасивний ефект УСІХ спрямованих Сфер. NL Спалюється.",
    "UPGRADE_DESCRIPTION": "Використовуєте пасивний ефект УСІХ спрямованих Сфер."
  },
  "Infernal Blade": {
    "NAME": "Прокляте лезо",
    "DESCRIPTION": "Додає випадкову Атаку до руки. NL Вона коштує 0 протягом цього руху. NL Спалюється."
  },
  "Infinite Blades": {
    "NAME": "Нескінченні леза",
    "DESCRIPTION": "На початку вашого руху, Додає Запоясник до руки.",
    "UPGRADE_DESCRIPTION": "Початкова. NL На початку вашого руху, Додає Запоясник до руки."
  },
  "Inflame": {
    "NAME": "Спалах",
    "DESCRIPTION": "Отримуєте !M! Міці."
  },
  "Injury": {
    "NAME": "Вдар",
    "DESCRIPTION": "Пасивна."
  },
  "Intimidate": {
    "NAME": "Стращання",
    "DESCRIPTION": "Наносить !M! Слабкості УСІМ ворогам. NL Спалюється."
  },
  "Iron Wave": {
    "NAME": "Залізна хвиля",
    "DESCRIPTION": "Отримуєте !B! Броні. NL Наносить !D! шкоди."
  },
  "J.A.X.": {
    "NAME": "М.І.Ч.",
    "DESCRIPTION": "Втрачаєте 3 ОЗ. NL Отримуєте !M! Міці. NL Спалюється."
  },
  "Jack Of All Trades": {
    "NAME": "Майстер на всі руки",
    "DESCRIPTION": "Додає !M! випадкову безбарвну карту до руки. NL Спалюється.",
    "UPGRADE_DESCRIPTION": "Додає !M! випадкових безбарвних карт до руки. NL Спалюється."
  },
  "Juggernaut": {
    "NAME": "Титан",
    "DESCRIPTION": "Щоразу Ви отримуєте Броню, наносить !M! шкоди випадковому ворогу."
  },
  "Leap": {
    "NAME": "Стрибок",
    "DESCRIPTION": "Отримуєте !B! Броні."
  },
  "Leg Sweep": {
    "NAME": "Підніжки",
    "DESCRIPTION": "Наносить !M! Слабкості. NL Отримуєте !B! Броні."
  },
  "Limit Break": {
    "NAME": "Безлім",
    "DESCRIPTION": "Подвоює Міць. NL Спалюється.",
    "UPGRADE_DESCRIPTION": "Подвоює Міць."
  },
  "Lockon": {
    "NAME": "Прицілення",
    "DESCRIPTION": "Наносить !D! шкоди. NL Наступні !M! рухи, Громовиці та Пітьми, вицілюють цього ворога."
  },
  "Loop": {
    "NAME": "Повторення",
    "DESCRIPTION": "На початку Вашого руху, використовуєте пасивну здібність наступною Сфери.",
    "UPGRADE_DESCRIPTION": "На початку Вашого руху, використовуєте пасивну здібність наступної Сфери !M! рази."
  },
  "Machine Learning": {
    "NAME": "Машинне навчання",
    "DESCRIPTION": "Берете !M! додаткову(і) карти на початку кожного руху.",
    "UPGRADE_DESCRIPTION": "Початкова. NL Берете !M! додаткові карти на початку кожного руху."
  },
  "Madness": {
    "NAME": "Божевілля",
    "DESCRIPTION": "Випадкова карта у руці коштує 0 до кінця бою. NL Спалюється."
  },
  "Magnetism": {
    "NAME": "Ваба",
    "DESCRIPTION": "На початку кожного руху, додає випадкову безбарвну карту у руку."
  },
  "Malaise": {
    "NAME": "Слабкість",
    "DESCRIPTION": "Ворог втрачає X Міці. Наносить X Слабкості. NL Спалюється.",
    "UPGRADE_DESCRIPTION": "Ворог втрачає X+1 Міці. Наносить X+1 Слабкості. NL Спалюється."
  },
  "Master of Strategy": {
    "NAME": "Майстер стратегії",
    "DESCRIPTION": "Берете !M! карти. NL Спалюється."
  },
  "Masterful Stab": {
    "NAME": "Вправний штик",
    "DESCRIPTION": "Можна грати тільки коли рука пуста. NL Наносить !D! шкоди.",
    "UPGRADE_DESCRIPTION": "Це має бути моя NL єдина карта."
  },
  "Mayhem": {
    "NAME": "Розгардіяш",
    "DESCRIPTION": "На початку Вашого руху, граєте першу карту з добору."
  },
  "Melter": {
    "NAME": "Розчинник",
    "DESCRIPTION": "Розчиняє усю Броню одного Ворога. NL Наносить !D! шкоди."
  },
  "Metallicize": {
    "NAME": "Металізація",
    "DESCRIPTION": "Наприкінці кожного руху отримуєте !M! Броні."
  },
  "Metamorphosis": {
    "NAME": "Перетворення",
    "DESCRIPTION": "Додає !M! випадкових Атак у добір, які коштують 0 енергії у цьому бої. NL Спалюється."
  },
  "Meteor Strike": {
    "NAME": "Метеорний удар",
    "DESCRIPTION": "Наносить !D! шкоди. NL Спрямовує !M! Плазму."
  },
  "Mind Blast": {
    "NAME": "Розумовий вибух",
    "DESCRIPTION": "Початкова. NL Наносить шкоди рівну поточній кількості карт у доборі.",
    "UPGRADE_DESCRIPTION": "",
    "EXTENDED_DESCRIPTION": [
      " NL (Наносить !D! шкоди.)"
    ]
  },
  "Multi-Cast": {
    "NAME": "Багатостадійний",
    "DESCRIPTION": "Призиваєте наступну Сферу X рази.",
    "UPGRADE_DESCRIPTION": "Призиваєте наступну Сферу X+1 рази."
  },
  "Necronomicurse": {
    "NAME": "Некрономікляття",
    "DESCRIPTION": "Пасивна. NL Ніц не втечеш від цього Прокляття."
  },
  "Neutralize": {
    "NAME": "Знешкоджування",
    "DESCRIPTION": "Наносить !D! шкоди. NL Наносить !M! Слабкості."
  },
  "Night Terror": {
    "NAME": "Страхіття",
    "DESCRIPTION": "Обираєте карту. NL У наступному руху, додає !M! копії карти у руку. Спалюється.",
    "EXTENDED_DESCRIPTION": [
      "Я можу використовувати цю карту NL ",
      " NL раз за хід."
    ]
  },
  "Normality": {
    "NAME": "Закономірність",
    "DESCRIPTION": "Пасивна. NL Ви не можете грати більше 3-х карт протягом цього руху.",
    "EXTENDED_DESCRIPTION": [
      "Я можу грати не більше NL #r3-х карт протягом цього руху.",
      "Пасивна. NL Ви не можете грати більше",
      " карти за хід.",
      " карти за хід. NL Ви зіграли ",
      " карти у цьому русі.",
      " карт у цьому русі."
    ]
  },
  "Nova": {
    "NAME": "Спалах",
    "DESCRIPTION": "Наносить шкоди - у !M! рази більше, кількості Талантів, зіграних за цей бій, УСІМ ворогам.",
    "UPGRADE_DESCRIPTION": "",
    "EXTENDED_DESCRIPTION": [
      " NL Спалюється.",
      " NL (Наносить !D! шкоди)."
    ]
  },
  "Noxious Fumes": {
    "NAME": "Отруйні гази",
    "DESCRIPTION": "На початку вашого руху, наносить !M! Отрути УСІМ ворогам."
  },
  "Offering": {
    "NAME": "Саможертва",
    "DESCRIPTION": "Втрачаєте 6 ОЗ. NL Отримуєте [R] [R]. NL Берете !M! карту. NL Спалюється.",
    "UPGRADE_DESCRIPTION": "Втрачаєте 6 ОЗ. NL Отримуєте [R] [R]. NL Берете !M! карти. NL Спалюється."
  },
  "Outmaneuver": {
    "NAME": "Змудрування",
    "DESCRIPTION": "Наступний хід NL отримуєте [G] [G].",
    "UPGRADE_DESCRIPTION": "Наступний хід NL отримуєте [G] [G] [G]."
  },
  "Overclock": {
    "NAME": "Overclock",
    "DESCRIPTION": "Deprecated.",
    "UPGRADE_DESCRIPTION": "Deprecated."
  },
  "Pain": {
    "NAME": "Ломота",
    "DESCRIPTION": "Пасивна. NL Допоки у руці, NL втрачаєте 1 ОЗ при грі інших карт."
  },
  "Panacea": {
    "NAME": "Панацея",
    "DESCRIPTION": "Отримуєте !M! Артефакт. NL Спалюється."
  },
  "Panache": {
    "NAME": "Блиск",
    "DESCRIPTION": "Щоразу граючи 5 карт за хід, наносить !M! шкоди УСІМ ворогам."
  },
  "PanicButton": {
    "NAME": "Кнопка тривоги",
    "DESCRIPTION": "Отримуєте !B! Броні. Ви не заможете отримати Броню з інших карт наступні !M! рухи. NL Спалюється."
  },
  "Parasite": {
    "NAME": "Дармоїд",
    "DESCRIPTION": "Пасивна. NL Якщо перетворена чи видалена з колоди, втрачаєте 3 макс. ОЗ"
  },
  "Perfected Strike": {
    "NAME": "Вдосконалений удар",
    "DESCRIPTION": "Наносить !D! шкоди. NL Наносить додаткові +2 шкоди за кожну карту яка містить слово \"Удар\", у вашій колоді.",
    "UPGRADE_DESCRIPTION": "Наносить !D! шкоди. NL Наносить додаткові +3 шкоди за кожну карту яка містить слово \"Удар\", у вашій колоді."
  },
  "Phantasmal Killer": {
    "NAME": "Спектральний вбивця",
    "DESCRIPTION": "Наступного руху, шкода першої Атаки подвоюється."
  },
  "PiercingWail": {
    "NAME": "Пронизливий вереск",
    "DESCRIPTION": "УСІ вороги втрачають !M! Міці на 1 хід. NL Спалюється."
  },
  "Poisoned Stab": {
    "NAME": "Отруєний штик",
    "DESCRIPTION": "Наносить !D! шкоди. NL Наносить !M! Отрути."
  },
  "Pommel Strike": {
    "NAME": "Удар в рило",
    "DESCRIPTION": "Наносить !D! шкоди. NL Берете !M! карту.",
    "UPGRADE_DESCRIPTION": "Наносить !D! шкоди. NL Берете !M! карти."
  },
  "Power Through": {
    "NAME": "Дочиста",
    "DESCRIPTION": "Додає 2 Рани у руку. NL Отримуєте !B! Броні."
  },
  "Predator": {
    "NAME": "Хижак",
    "DESCRIPTION": "Наносить !D! шкоди. NL Берете 2 додаткові карти з наступним ходом."
  },
  "Prepared": {
    "NAME": "Підготовлений",
    "DESCRIPTION": "Берете !M! карту. NL Усуваєте !M! карту.",
    "UPGRADE_DESCRIPTION": "Берете !M! карти. NL Усуваєте !M! карти."
  },
  "Pride": {
    "NAME": "Гординя",
    "DESCRIPTION": "Початкова. Спалюється. NL Наприкінці Вашого руху, додає копію цієї карти наверх добору."
  },
  "Prime": {
    "NAME": "Первинний",
    "DESCRIPTION": "Щоразу спрямовуючи Сферу, берете !M! карт."
  },
  "Primitive Tech": {
    "NAME": "Primitive Tech",
    "DESCRIPTION": "Deprecated."
  },
  "Pummel": {
    "NAME": "Лупцювання",
    "DESCRIPTION": "Наносить !D! шкоди !M! рази. NL Спалюється.",
    "UPGRADE_DESCRIPTION": "Наносить !D! шкоди !M! рази. NL Спалюється."
  },
  "Purity": {
    "NAME": "Очищення",
    "DESCRIPTION": "Обираєте та Спалюєте до !M! карт у руці. NL Спалюється."
  },
  "Quick Slash": {
    "NAME": "Швидкий поріз",
    "DESCRIPTION": "Наносить !D! шкоди. NL Берете 1 карту."
  },
  "Rage": {
    "NAME": "Злість",
    "DESCRIPTION": "Щоразу як граєте Атаку протягом цього руху, надає !M! Броні."
  },
  "Rainbow": {
    "NAME": "Веселка",
    "DESCRIPTION": "Спрямовує 1 Громовицю, 1 Скипень, та 1 Пітьму. NL Спалюється.",
    "UPGRADE_DESCRIPTION": "Спрямовує 1 Громовицю, 1 Скипень, та 1 Пітьму."
  },
  "Rampage": {
    "NAME": "Буйство",
    "DESCRIPTION": "Наносить !D! шкоди. NL З кожним використанням, її шкода збільшується на !M! до кінця бою."
  },
  "Reaper": {
    "NAME": "Жнець",
    "DESCRIPTION": "Наносить !D! шкоди УСІМ ворогам. Зцілює Вас на незаблоковану нанесену шкоду. NL Спалюється."
  },
  "Reboot": {
    "NAME": "Перезавантаження",
    "DESCRIPTION": "Перемішуєте усі карти з руки у добір, затим берете !M! карт. NL Спалюється."
  },
  "Rebound": {
    "NAME": "Відскок",
    "DESCRIPTION": "Наносить !D! шкоди. NL Кладете наступну зіграну карту, у цьому русі, поверх добору."
  },
  "Reckless Charge": {
    "NAME": "Відчайдушний напад",
    "DESCRIPTION": "Наносить !D! шкоди. NL Берете 1 Приголомшення у добір."
  },
  "Recycle": {
    "NAME": "Перекроювання",
    "DESCRIPTION": "Спалює карту. NL Отримуєте [B] такої ж ціни."
  },
  "Redo": {
    "NAME": "Рекурсія",
    "DESCRIPTION": "Призиваєте наступну Сферу. NL Спрямовує Сферу яка тільки но була призвана."
  },
  "Reflex": {
    "NAME": "Рефлекс",
    "DESCRIPTION": "Пасивна. NL Якщо ця карта скинута з руки, берете !M! карту.",
    "UPGRADE_DESCRIPTION": "Пасивна. NL Якщо ця карта скинута з руки, берете !M! карт.",
    "EXTENDED_DESCRIPTION": [
      "Я не можу зіграти цю карту."
    ]
  },
  "Regret": {
    "NAME": "Журба",
    "DESCRIPTION": "Пасивна. NL Наприкінці Вашого руху, втрачаєте 1 ОЗ за кожну карту у руці."
  },
  "Reinforced Body": {
    "NAME": "Зміцнене тіло",
    "DESCRIPTION": "Отримуєте !B! Броні, X раз."
  },
  "Reprieve": {
    "NAME": "Відстрочка",
    "DESCRIPTION": "Якщо ворог не має наміру атакувати, отримуєте !M! Зосередження."
  },
  "Reprogram": {
    "NAME": "Перепрограмування",
    "DESCRIPTION": "Заглядаєте на !M! верхню карту у доборі. Ви можете закинути хоч усі з них у відбій.",
    "UPGRADE_DESCRIPTION": "Заглядаєте на !M! верхні карти у доборі. Ви можете закинути хоч усі з них у відбій."
  },
  "Riddle With Holes": {
    "NAME": "Звіробі́й ",
    "DESCRIPTION": "Наносить !D! шкоди 5 раз."
  },
  "Rip and Tear": {
    "NAME": "Рвати й шматувати",
    "DESCRIPTION": "Наносить !D! шкоди випадковому ворогу !M! раз(и)."
  },
  "RitualDagger": {
    "NAME": "Обрядовий кортик",
    "DESCRIPTION": "Наносить !D! шкоди. Вбиваючи ворога цією картою, збільшує її шкоду на !M!. NL Спалюється."
  },
  "Rupture": {
    "NAME": "Розрив",
    "DESCRIPTION": "Щоразу Ви втрачаєте ОЗ від карт, NL отримуєте 1 Міці."
  },
  "Sadistic Nature": {
    "NAME": "Нелюдська ява",
    "DESCRIPTION": "Щоразу Ви наносите негативний статус на ворога, Вони отримують !M! шкоди."
  },
  "Scrape": {
    "NAME": "Дряпання",
    "DESCRIPTION": "Наносить !D! шкоди. NL Берете !M! карт. NL Усі з цих карт які коштують більше 0, пересуваються у відбій."
  },
  "Searing Blow": {
    "NAME": "Палаючий гепак",
    "DESCRIPTION": "Наносить !D! шкоди. NL Можна поліпшити будь-яку кількість раз."
  },
  "Second Wind": {
    "NAME": "Другий подих",
    "DESCRIPTION": "Спалює усі не-Атакуючі карти у руці та надає !B! Броні за кожну Спалює карту."
  },
  "Secret Technique": {
    "NAME": "Потаємний прийом",
    "DESCRIPTION": "Обираєте Вміння з добору та кладете у руку. NL Спалюється.",
    "UPGRADE_DESCRIPTION": "Обираєте Вміння з добору та кладете у руку.",
    "EXTENDED_DESCRIPTION": [
      "Ніц Вміннь нема."
    ]
  },
  "Secret Weapon": {
    "NAME": "Таємна зброя",
    "DESCRIPTION": "Обираєте Атаку з добору та кладете у руку. NL Спалюється.",
    "UPGRADE_DESCRIPTION": "Обираєте Атаку з добору та кладете у руку.",
    "EXTENDED_DESCRIPTION": [
      "Ніц Атак нема."
    ]
  },
  "Seeing Red": {
    "NAME": "Шаління",
    "DESCRIPTION": "Отримуєте [R] [R]. NL Спалюється."
  },
  "Seek": {
    "NAME": "Пошук",
    "DESCRIPTION": "Обираєте !M! карту з добору, й кладете її у руку. NL Спалюється.",
    "UPGRADE_DESCRIPTION": "Обираєте !M! карти з добору, й кладете їх у руку. NL Спалюється."
  },
  "Self Repair": {
    "NAME": "Саморемонт",
    "DESCRIPTION": "Наприкінці бою, зцілюєтеся на !M! ОЗ."
  },
  "Sentinel": {
    "NAME": "Варта",
    "DESCRIPTION": "Надає !B! Броні. NL Якщо ця карта скинута з руки, NL отримуєте [R] [R].",
    "UPGRADE_DESCRIPTION": "Надає !B! Броні. NL Якщо ця карта скинута з руки, NL отримуєте [R] [R] [R]."
  },
  "Setup": {
    "NAME": "Заклад",
    "DESCRIPTION": "Оберіть карту з руки та покладіть на верх добору. NL Вона коштуватиму 0, допоки не зіграна."
  },
  "Sever Soul": {
    "NAME": "Розрив душі",
    "DESCRIPTION": "Спалює усі не-Атакуючі карти у руці. NL Наносить !D! шкоди."
  },
  "Shame": {
    "NAME": "Сором",
    "DESCRIPTION": "Пасивна. NL Наприкінці руху, отримуєте 1 Кволість."
  },
  "Shiv": {
    "NAME": "Запоясник",
    "DESCRIPTION": "Наносить !D! шкоди. NL Спалюється."
  },
  "Shockwave": {
    "NAME": "Ударна хвиля",
    "DESCRIPTION": "Наносить !M! Слабкості та Уразливості УСІМ ворогам. NL Спалюється."
  },
  "Shrug It Off": {
    "NAME": "Завиграшки",
    "DESCRIPTION": "Надає !B! Броні. NL Берете 1 карту."
  },
  "Skewer": {
    "NAME": "Проймання",
    "DESCRIPTION": "Наносить !D! шкоди X раз."
  },
  "Skim": {
    "NAME": "Збір",
    "DESCRIPTION": "Берете !M! карт."
  },
  "Slice": {
    "NAME": "Каліцтво",
    "DESCRIPTION": "Наносить !D! шкоди."
  },
  "Slimed": {
    "NAME": "Обслизле",
    "DESCRIPTION": "Спалюється."
  },
  "Spot Weakness": {
    "NAME": "Слабкогляд",
    "DESCRIPTION": "Якщо ворог має намір атакувати, отримуєте !M! Міці."
  },
  "Stack": {
    "NAME": "Накопичення",
    "DESCRIPTION": "Отримуєте Броню, рівну поточній кількості карт у відбої.",
    "UPGRADE_DESCRIPTION": "Отримуєте Броню, рівну поточній кількості карт у відбої +3.",
    "EXTENDED_DESCRIPTION": [
      " NL (Отримуєте !B! Броні.)"
    ]
  },
  "Static Discharge": {
    "NAME": "Статичний розряд",
    "DESCRIPTION": "Отримуючи шкоду від Атак, спрямовує !M! Громовицю.",
    "UPGRADE_DESCRIPTION": "Отримуючи шкоду від Атак, спрямовує !M! Громовиці."
  },
  "Steam": {
    "NAME": "Паровий бар'єр",
    "DESCRIPTION": "Отримуєте !B! Броні. Броня цієї карти зменшується на 2 з кожним використанням до кінця бою."
  },
  "Steam Power": {
    "NAME": "Розгін",
    "DESCRIPTION": "Берете !M! карти. NL Додаєте Опік у відбій."
  },
  "Storm": {
    "NAME": "Буревій",
    "DESCRIPTION": "Щоразу граючи Талант, спрямовує 1 Громовицю.",
    "UPGRADE_DESCRIPTION": "Початкова. NL Щоразу граючи Талант, спрямовує 1 Громовицю."
  },
  "Storm of Steel": {
    "NAME": "Сталева буря",
    "DESCRIPTION": "Усуває усі карти з руки. NL Додає 1 Запоясник до руки за кожну скинуту карту.",
    "UPGRADE_DESCRIPTION": "Усуває усі карти з руки. NL Додає 1 поліпшений Запоясник до руки за кожну скинуту карту."
  },
  "Streamline": {
    "NAME": "Оптимізація",
    "DESCRIPTION": "Наносить !D! шкоди. NL Щоразу Ви граєте цю карту, її вартість зменшується на !M! до кінця бою."
  },
  "Strike_B": {
    "NAME": "Удар",
    "DESCRIPTION": "Наносить !D! шкоди."
  },
  "Strike_G": {
    "NAME": "Удар",
    "DESCRIPTION": "Наносить !D! шкоди."
  },
  "Strike_R": {
    "NAME": "Удар",
    "DESCRIPTION": "Наносить !D! шкоди."
  },
  "Sucker Punch": {
    "NAME": "Без попередження",
    "DESCRIPTION": "Наносить !D! шкоди. NL Наносить !M! Слабкості."
  },
  "Sunder": {
    "NAME": "Розподіл",
    "DESCRIPTION": "Наносить !D! шкоди. NL Якщо вбиває ворога, отримуєте [B] [B] [B]."
  },
  "Survivor": {
    "NAME": "Вцілілий",
    "DESCRIPTION": "Надає !B! Броні. NL Усуваєте одну карту."
  },
  "Sweeping Beam": {
    "NAME": "Збиваючий промінь",
    "DESCRIPTION": "Наносить !D! шкоди УСІМ ворогам. NL Берете !M! карт."
  },
  "Swift Strike": {
    "NAME": "Хуткий удар",
    "DESCRIPTION": "Наносить !D! шкоди."
  },
  "Sword Boomerang": {
    "NAME": "Меч-бумеранг",
    "DESCRIPTION": "Наносить !D! шкоди випадковому ворогу !M! рази."
  },
  "Tactician": {
    "NAME": "Тактик",
    "DESCRIPTION": "Пасивна. NL Скинувши цю карту, отримуєте [G].",
    "UPGRADE_DESCRIPTION": "Пасивна. NL Скинувши цю карту, отримуєте [G] [G].",
    "EXTENDED_DESCRIPTION": [
      "Я не можу зіграти цю карту."
    ]
  },
  "Tempest": {
    "NAME": "Чвара",
    "DESCRIPTION": "Спрямовує X Громовицю. NL Спалюється.",
    "UPGRADE_DESCRIPTION": "Спрямовує X+1 Громовицю. NL Спалюється."
  },
  "Terror": {
    "NAME": "Обава",
    "DESCRIPTION": "Наносить 99 Уразливості. NL Спалюється."
  },
  "The Bomb": {
    "NAME": "Бомба",
    "DESCRIPTION": "Після 3 рухів, наносить !D! шкоди усім ворогам."
  },
  "Thinking Ahead": {
    "NAME": "На три кроки в переді",
    "DESCRIPTION": "Берете 2 карти. NL Кладете карту з руки наверх добору. NL Спалюється.",
    "UPGRADE_DESCRIPTION": "Берете 2 карти. NL Кладете карту з руки наверх добору."
  },
  "Thunder Strike": {
    "NAME": "Удар блискавкою",
    "DESCRIPTION": "Наносить !D! шкоди випадковому ворогу за кожну Громовицю спрямовану у цьому бою.",
    "EXTENDED_DESCRIPTION": [
      " (Спрямовано !M! Громовиці.)"
    ]
  },
  "Thunderclap": {
    "NAME": "Вигрім",
    "DESCRIPTION": "Наносить !D! шкоди, та наносить 1 Уразливість УСІМ ворогам."
  },
  "Tools of the Trade": {
    "NAME": "Багатий запас",
    "DESCRIPTION": "На початку вашого руху, берете 1 карту та усуваєте 1 карту."
  },
  "Transmutation": {
    "NAME": "Видозміна",
    "DESCRIPTION": "Додає X випадкових безбарвних карт у руку. Вони коштуватимуть 0 енергії, цього руху. NL Спалюється.",
    "UPGRADE_DESCRIPTION": "Додає X випадкових поліпшених безбарвних карт у руку. Вони коштуватимуть 0 енергії, цього руху. NL Спалюється."
  },
  "Trip": {
    "NAME": "Шкопиртання",
    "DESCRIPTION": "Наносить !M! Уразливості.",
    "UPGRADE_DESCRIPTION": "Наносить !M! Уразливості УСІМ ворогам."
  },
  "True Grit": {
    "NAME": "Справжня мужність",
    "DESCRIPTION": "Надає !B! Броні. NL Спалює випадкову карту у руці.",
    "UPGRADE_DESCRIPTION": "Надає !B! Броні. NL Спалює карту у руці."
  },
  "Turbo": {
    "NAME": "ТУРБО",
    "DESCRIPTION": "Отримуєте [B] [B]. NL Додає Порожнечу у відбій.",
    "UPGRADE_DESCRIPTION": "Отримуєте [B] [B] [B]. NL Додає Порожнечу у відбій."
  },
  "Twin Strike": {
    "NAME": "Подвійний удар",
    "DESCRIPTION": "Наносить !D! шкоди двічі."
  },
  "Underhanded Strike": {
    "NAME": "Штудерний удар",
    "DESCRIPTION": "Наносить !D! шкоди. NL Якщо Ви усунули карту протягом цього руху, NL отримуєте [G] [G].",
    "EXTENDED_DESCRIPTION": [
      "Я не можу зіграти цю карту."
    ]
  },
  "Undo": {
    "NAME": "Рівновага",
    "DESCRIPTION": "Отримуєте !B! Броні. NL Зберігаєте карти у руці, до наступного руху."
  },
  "Unload": {
    "NAME": "Розрядження",
    "DESCRIPTION": "Наносить !D! шкоди. NL Усуває УСІ не Атакуючі карти."
  },
  "Uppercut": {
    "NAME": "Аперкот",
    "DESCRIPTION": "Наносить !D! шкоди. NL Наносить !M! Слабкості. NL Наносить !M! Уразливості."
  },
  "Venomology": {
    "NAME": "Токсинологія",
    "DESCRIPTION": "Отримуєте випадкове зілля. NL Спалюється."
  },
  "Violence": {
    "NAME": "Розправа",
    "DESCRIPTION": "Додає !M! випадкову Атаку з добору у Вашу руку."
  },
  "Void": {
    "NAME": "Порожнеча",
    "DESCRIPTION": "Пасивна. NL Щоразу Ви берете цю карту, втрачаєте 1 Енергію. NL Примарна."
  },
  "Warcry": {
    "NAME": "Бойовий клич",
    "DESCRIPTION": "Берете !M! карту. NL Кладете карту з руки на верх добору. NL Спалюється.",
    "UPGRADE_DESCRIPTION": "Берете !M! карти. NL Кладете карту з руки на верх добору. NL Спалюється."
  },
  "Well Laid Plans": {
    "NAME": "Добрі плани",
    "DESCRIPTION": "Наприкінці Вашого руху, лишаєте у руці !M! карту.",
    "UPGRADE_DESCRIPTION": "Наприкінці Вашого руху, Лишаєте у руці до !M! карт."
  },
  "Whirlwind": {
    "NAME": "Смерч",
    "DESCRIPTION": "Наносить !D! шкоди УСІМ ворогам X раз."
  },
  "White Noise": {
    "NAME": "Білий шум",
    "DESCRIPTION": "Додає випадковий Талант у руку. NL Він коштує 0 у цьому русі. NL Спалюється."
  },
  "Wild Strike": {
    "NAME": "Дикий удар",
    "DESCRIPTION": "Наносить !D! шкоди. NL Рана тасується у Ваш добір."
  },
  "Winter": {
    "NAME": "Winter",
    "DESCRIPTION": "Deprecated."
  },
  "Wound": {
    "NAME": "Рана",
    "DESCRIPTION": "Пасивна."
  },
  "Wraith Form v2": {
    "NAME": "Спектральна форма",
    "DESCRIPTION": "Отримуєте !M! Ухиляння. NL Наприкінці кожного руху, втрачаєте 1 Спритність."
  },
  "Writhe": {
    "NAME": "Корчизна",
    "DESCRIPTION": "Пасивна. NL Початкова."
  },
  "Zap": {
    "NAME": "Блискавка",
    "DESCRIPTION": "Спрямовує !M! Громовицю."
  }
}