{
  "Game Dictionary": {
    "ARTIFACT": {
      "NAMES": [
        "артефакт"
      ],
      "DESCRIPTION": "Анулює наступний негативний статус-ефект."
    },
    "BLOCK": {
      "NAMES": [
        "броня",
        "броні",
        "броню",
        "блокує",
        "бронею",
        "блокувати"
      ],
      "DESCRIPTION": "До наступного руху запобігає шкоді."
    },
    "BURN": {
      "NAMES": [
        "опік",
        "опіки"
      ],
      "DESCRIPTION": "Пасивні статус-карти, що завдають шкоди."
    },
    "CHANNEL": {
      "NAMES": [
        "спрямувати",
        "спрямоване"
      ],
      "DESCRIPTION": "Спрямовуючи Сферу, Ви поміщаєте її у Ваше перше порожнє місце. Якщо Вам бракує місця, перша Сфера (справа) автоматично #yПризивається, щоб звільнити місце."
    },
    "CONFUSED": {
      "NAMES": [
        "заплутаний",
        "заплутаним"
      ],
      "DESCRIPTION": "Щоразу, як ви берете карту у руку, її вартість змішується."
    },
    "CURSE": {
      "NAMES": [
        "прокляття",
        "прокляту",
        "прокляті",
        "проклять"
      ],
      "DESCRIPTION": "Прокляття - негативні карти, які лишаються у вашій колоді."
    },
    "DARK": {
      "NAMES": [
        "пітьма",
        "пітьму",
        "пітьми"
      ],
      "DESCRIPTION": "Сфера: Збільшує шкоду з кожним рухом. #yПризиваючи, наносить шкоду ворогу з найменшим ОЗ."
    },
    "DAZED": {
      "NAMES": [
        "приголомшений",
        "приголомшення"
      ],
      "DESCRIPTION": "Пасивні статус-карти."
    },
    "DEXTERITY": {
      "NAMES": [
        "спритність",
        "спритності"
      ],
      "DESCRIPTION": "Спритність покращує Броню, отриману від карт."
    },
    "ETHEREAL": {
      "NAMES": [
        "примарна"
      ],
      "DESCRIPTION": "Якщо ця карта знаходиться у Вашій руці наприкінці руху, вона Спалюється. Спалені карти усуваються з Вашої колоди до кінця бою."
    },
    "EVOKE": {
      "NAMES": [
        "призвати",
        "призвана",
        "призвану",
        "призваний",
        "призиває",
        "призиваєте",
        "призивається "
      ],
      "DESCRIPTION": "Поглинаєте найправішу Сферу, та отримуєте її Призваний ефект."
    },
    "EXHAUST": {
      "NAMES": [
        "спалюється",
        "спалені",
        "спалює",
        "спаленою",
        "спалює",
        "спалюються",
        "спалюєте",
        "спаліть"
      ],
      "DESCRIPTION": "Карти, усунуті до кінця бою."
    },
    "FOCUS": {
      "NAMES": [
        "зосередження"
      ],
      "DESCRIPTION": "Зосередження збільшує ефективність #yСпрямованих Сфер."
    },
    "FRAIL": {
      "NAMES": [
        "кволість"
      ],
      "DESCRIPTION": "Доки ви кволі, отримуєте на #b25% менше #yБроні від карт."
    },
    "FROST": {
      "NAMES": [
        "скипень",
        "скипенів",
        "скипені"
      ],
      "DESCRIPTION": "Сфера: Отримуєте #yБроню."
    },
    "INNATE": {
      "NAMES": [
        "початкова"
      ],
      "DESCRIPTION": "Починаєте кожен бій з цією картою у руці."
    },
    "INTANGIBLE": {
      "NAMES": [
        "ухиляння"
      ],
      "DESCRIPTION": "Зменшує УСЮ шкоду та втрату ОЗ до #b1."
    },
    "LIGHTNING": {
      "NAMES": [
        "громовиця",
        "громовиці",
        "громовицю"
      ],
      "DESCRIPTION": "Сфера: Наносить шкоду випадковим ворогам."
    },
    "LOCKED": {
      "NAMES": [
        "заблокована"
      ],
      "DESCRIPTION": "Ця карта ще не розблокована."
    },
    "OPENER": {
      "NAMES": [
        "зачин",
        "зачинні"
      ],
      "DESCRIPTION": "Зачинні карти граються ТІЛЬКИ на початку кожного руху."
    },
    "PLASMA": {
      "NAMES": [
        "плазма",
        "плазми",
        "плазмою",
        "плазму"
      ],
      "DESCRIPTION": "Сфера: Отримуєте Енергію."
    },
    "POISON": {
      "NAMES": [
        "отрута",
        "отруту",
        "отрути",
        "отруєний"
      ],
      "DESCRIPTION": "Отруєні істоти втрачають ОЗ на початку свого руху. З кожним рухом ефект зменшується на #b1."
    },
    "RETAIN": {
      "NAMES": [
        "заховати"
      ],
      "DESCRIPTION": "Заховані карти не усуваються наприкінці руху."
    },
    "SHIV": {
      "NAMES": [
        "запоясник",
        "запоясника",
        "запоясники"
      ],
      "DESCRIPTION": "Запоясники - Атакуючі карти, які коштують #b0 енергії, та Спалюються при використанні."
    },
    "STATUS": {
      "NAMES": [
        "статус",
        "статусну",
        "статусні"
      ],
      "DESCRIPTION": "Статусні карти видаляються з колоди після кінця бою."
    },
    "STRENGTH": {
      "NAMES": [
        "міць",
        "міці"
      ],
      "DESCRIPTION": "Міць збільшує шкоду від Атак."
    },
    "STRIKE": {
      "NAMES": [
        "удар"
      ],
      "DESCRIPTION": "Будь-яка карта зі словом «Удар» у назві."
    },
    "TEXT": [
      "Енергія вживається при грі карт з Вашої руки."
    ],
    "THORNS": {
      "NAMES": [
        "шипи"
      ],
      "DESCRIPTION": "Повертає шкоду від #yАтак, назад тому хто її завдає."
    },
    "TODO": {
      "NAMES": [
        "todo",
        "JUST FOR DEVS, DONT TRANSLATE",
        "JUST FOR DEVS, DONT TRANSLATE",
        "JUST FOR DEVS, DONT TRANSLATE",
        "JUST FOR DEVS, DONT TRANSLATE"
      ],
      "DESCRIPTION": "This card is NOT IMPLEMENTED. Someone should really fix that..."
    },
    "TRANSFORM": {
      "NAMES": [
        "перетвори"
      ],
      "DESCRIPTION": "Перетворюючи, Ви отримуєте карту випадкової рідкості."
    },
    "UNKNOWN": {
      "NAMES": [
        "невідома"
      ],
      "DESCRIPTION": "Ви ще не бачили цю карту."
    },
    "UNPLAYABLE": {
      "NAMES": [
        "пасивна"
      ],
      "DESCRIPTION": "Ці карти неможливо зіграти."
    },
    "UPGRADE": {
      "NAMES": [
        "поліпшити",
        "поліпшена",
        "поліпшується"
      ],
      "DESCRIPTION": "Поліпшення карт робить їх більш ефективними. Карти можна поліпшити лише один раз."
    },
    "VOID": {
      "NAMES": [
        "порожнеча",
        "порожнечу",
        "порожнечі"
      ],
      "DESCRIPTION": "Порожнеча - пасивні статус-карти, які поглинають енергію при появі в руці."
    },
    "VULNERABLE": {
      "NAMES": [
        "уразливий",
        "уразливості",
        "уразливість",
        "уразливий",
        "уразливі"
      ],
      "DESCRIPTION": "Уразливі істоти отримують на #b50% більше шкоди від Атак."
    },
    "WEAK": {
      "NAMES": [
        "слабкість",
        "слабкості",
        "послабити",
        "послаблений",
        "послаблює"
      ],
      "DESCRIPTION": "Послаблені істоти наносять на #b25% менше шкоди Атаками."
    },
    "WOUND": {
      "NAMES": [
        "рана",
        "рани"
      ],
      "DESCRIPTION": "Пасивні статус-карти."
    },
    "LOCK_ON": {
      "NAMES": [
        "lock-on"
      ],
      "DESCRIPTION": "Lock-On targets receive #b50% more damage from Orbs."
    }
  }
}