{
  "Alchemist": {
    "NAME": "Алхімік",
    "DESCRIPTIONS": [
      "Придбали 5 зілль."
    ]
  },
  "Ascension": {
    "NAME": "Вознесіння",
    "DESCRIPTIONS": [
      "+5% до рахунка за кожен рівень вознесіння."
    ]
  },
  "Beyond Elites Killed": {
    "NAME": "Еліти вбито в Далині",
    "DESCRIPTIONS": []
  },
  "Beyond Perfect": {
    "NAME": "Ідеально",
    "DESCRIPTIONS": [
      "Вбито 3 Князя не отримавши шкоди."
    ]
  },
  "Bosses Slain": {
    "NAME": "Князів вбито",
    "DESCRIPTIONS": []
  },
  "Champion": {
    "NAME": "Чемпіон",
    "DESCRIPTIONS": [
      "Вбито Еліту не отримавши шкоди."
    ]
  },
  "Cheater": {
    "NAME": "Шахрай",
    "DESCRIPTIONS": [
      "Вас застали у шахрайстві. Якщо попадетесь двічі, ваш рахунок ніколи не завантажуватиметься на лідерське табло."
    ]
  },
  "City Elites Killed": {
    "NAME": "Еліти вбито у Місті",
    "DESCRIPTIONS": []
  },
  "Collector": {
    "NAME": "Колекціонер",
    "DESCRIPTIONS": [
      "Зібрали 4 копії будь-якої не-елементарної карт."
    ]
  },
  "Combo": {
    "NAME": "К-к-к-комбо",
    "DESCRIPTIONS": [
      "Зіграно 20 карт за один хід."
    ]
  },
  "Curses": {
    "NAME": "Прокляття!",
    "DESCRIPTIONS": [
      "У колоді 5 проклять."
    ]
  },
  "Encyclopedian": {
    "NAME": "Енциклопед",
    "DESCRIPTIONS": [
      "У колоді принаймні 50-ти карт."
    ]
  },
  "Exordium Elites Killed": {
    "NAME": "Еліти вбито при Воротах",
    "DESCRIPTIONS": []
  },
  "Highlander": {
    "NAME": "Горець",
    "DESCRIPTIONS": [
      "Ваша колода не містить копій (не враховуючи стартові карти)."
    ]
  },
  "I Like Gold": {
    "NAME": "Мені подобається золото",
    "DESCRIPTIONS": [
      "Зібрали 3,000 золота."
    ]
  },
  "Librarian": {
    "NAME": "Бібліотекар",
    "DESCRIPTIONS": [
      "У колоді принаймні 35-ти карт."
    ]
  },
  "Light Speed": {
    "NAME": "Зі швидкістю світла",
    "DESCRIPTIONS": [
      "Перемогли за 45хв чи менше!"
    ]
  },
  "Minimalist": {
    "NAME": "Мінімаліст",
    "DESCRIPTIONS": [
      "Вилучили більше п’яти карт з колоди."
    ]
  },
  "Money Money": {
    "NAME": "Гроші гроші",
    "DESCRIPTIONS": [
      "Зібрали 1,000 золота."
    ]
  },
  "Mystery Machine": {
    "NAME": "Машина таємниць",
    "DESCRIPTIONS": [
      "Побували у 15+ ? кімнат."
    ]
  },
  "On My Own Terms": {
    "NAME": "На власних умовах",
    "DESCRIPTIONS": [
      "Вбили себе. Нестяма."
    ]
  },
  "Overkill": {
    "NAME": "Занадто",
    "DESCRIPTIONS": [
      "Нанесено 99 шкоди однією атакою."
    ]
  },
  "Pauper": {
    "NAME": "Бідняк",
    "DESCRIPTIONS": [
      "Зібрали 0 рідкісних карт."
    ]
  },
  "Perfect": {
    "NAME": "Неперевершений",
    "DESCRIPTIONS": [
      "Вбито Князя не отримавши шкоди."
    ]
  },
  "Poopy": {
    "NAME": "Сморід",
    "DESCRIPTIONS": [
      "Сила нечиста щось підкинула…"
    ]
  },
  "Raining Money": {
    "NAME": "Мажор",
    "DESCRIPTIONS": [
      "Зібрали 2,000 золота."
    ]
  },
  "Shiny": {
    "NAME": "Мені подобається все блискуче",
    "DESCRIPTIONS": [
      "Зібрали 25 реліквій."
    ]
  },
  "Speedster": {
    "NAME": "Скорогон",
    "DESCRIPTIONS": [
      "Перемогли за годину чи менше!"
    ]
  },
  "Stuffed": {
    "NAME": "Обіжрався",
    "DESCRIPTIONS": [
      "Збільшили макс. ОЗ на 30+."
    ]
  },
  "Well Fed": {
    "NAME": "Ситий",
    "DESCRIPTIONS": [
      "Збільшили макс. ОЗ на 15+."
    ]
  }
}