{
  "Allstar": {
    "NAME": "Alleskönner",
    "DESCRIPTION": "Beginne mit 5 farblosen Karten."
  },
  "Binary": {
    "NAME": "Binär",
    "DESCRIPTION": "Kartenbelohnungen enthalten nur 2 Karten."
  },
  "Blight Chests": {
    "NAME": "Fäulnis-Truhen",
    "DESCRIPTION": "Im Endlosmodus enthalten Boss-Truhen nach dem 3. Akt Fäulnis."
  },
  "Brewmaster": {
    "NAME": "Braumeister",
    "DESCRIPTION": "Beginne mit 5 Kopien von Alchemisieren und der Weißen Bestienstatue."
  },
  "Cursed Run": {
    "NAME": "Verfluchter Run",
    "DESCRIPTION": "Erhalte einen Fluch, wenn du einen Boss besiegst. Dein Startrelikt ist ersetzt durch Verfluchter Schlüssel, Nullstein-Amulett und die Du-Vu-Puppe."
  },
  "Diverse": {
    "NAME": "Vielfalt",
    "DESCRIPTION": "Karten sind nicht durch deinen Charakter eingeschränkt."
  },
  "Red Cards": {
    "NAME": "Rote Karten",
    "DESCRIPTION": "Rote Karten tauchen bei Belohnungen und im Laden auf."
  },
  "Green Cards": {
    "NAME": "Grüne Karten",
    "DESCRIPTION": "Grüne Karten tauchen bei Belohnungen und im Laden auf."
  },
  "Blue Cards": {
    "NAME": "Blaue Karten",
    "DESCRIPTION": "Blaue Karten tauchen bei Belohnungen und im Laden auf."
  },
  "Colorless Cards": {
    "NAME": "Farblose Karten",
    "DESCRIPTION": "Farblose Karten tauchen häufiger auf."
  },
  "Draft": {
    "NAME": "Draft",
    "DESCRIPTION": "Drafte die Karten für dein Startdeck."
  },
  "Elite Swarm": {
    "NAME": "Eliten-Schwarm",
    "DESCRIPTION": "Elite schwärmen den Spire und lassen besseren Loot fallen."
  },
  "Endless": {
    "NAME": "Endlos",
    "DESCRIPTION": "Nach einem Sieg beginnst du wieder im 1. Akt mit demselben Deck. Aber hüte dich, am Ende verzehrt jeden die Fäulnis..."
  },
  "Heirloom": {
    "NAME": "Erbstück",
    "DESCRIPTION": "Beginne mit 1 seltenen Relikt."
  },
  "Hoarder": {
    "NAME": "Sammler",
    "DESCRIPTION": "Immer wenn du deinem Deck eine Karte hinzufügst, erhalte 2 weitere Exemplare. Du kannst beim Händler keine Karten entfernen."
  },
  "Inception": {
    "NAME": "Inception",
    "DESCRIPTION": "Dein Startrelikt wird durch den Immerdrehenden Kreisel ersetzt."
  },
  "Insanity": {
    "NAME": "Wahnsinn",
    "DESCRIPTION": "Beginne mit einem zufälligen Deck aus 50 Karten."
  },
  "Lethality": {
    "NAME": "Tödlichkeit",
    "DESCRIPTION": "Du beginnst jeden Kampf mit +3 Stärke. Alle Gegner beginnen den Kampf mit +3 Stärke."
  },
  "Midas": {
    "NAME": "Midas",
    "DESCRIPTION": "Gegner lassen 200% mehr Gold fallen, aber du kannst keine Karten am Lagerfeuer verbessern."
  },
  "My True Form": {
    "NAME": "Meine wahre Form",
    "DESCRIPTION": "Beginne mit einem Exemplar von Dämonenform, Geistform und Echoform."
  },
  "Night Terrors": {
    "NAME": "Nachtangst",
    "DESCRIPTION": "Ausruhen an einem Lagerfeuer heilt dich komplett, aber kostet dich 5 max. TP."
  },
  "One Hit Wonder": {
    "NAME": "One Hit Wonder",
    "DESCRIPTION": "Beginne das Spiel mit 1 max. TP."
  },
  "Praise Snecko": {
    "NAME": "Preiset Snecko",
    "DESCRIPTION": "Dein Startrelikt wird durch das Snecko-Auge ersetzt."
  },
  "Shiny": {
    "NAME": "Glänzend",
    "DESCRIPTION": "Das Startdeck wird ersetzt durch 1 von jeder seltenen Karte."
  },
  "Specialized": {
    "NAME": "Spezialisiert",
    "DESCRIPTION": "Beginne mit 5 Exemplaren einer seltenen Karte."
  },
  "Starter Deck": {
    "NAME": "Startdeck",
    "DESCRIPTION": "Beginne mit Zerbrochene Krone und Binär, sodass du bei Gegnern keine Kartenbelohnungen mehr erhältst."
  },
  "Stunted Growth": {
    "NAME": "Verkümmerung",
    "DESCRIPTION": "Du erhältst keine Kartenbelohnungen durch Gegner mehr, nachdem du den 3. Akt im Endlosmodus beendet hast."
  },
  "Terminal": {
    "NAME": "Das Ende naht",
    "DESCRIPTION": "Verliere 1 max. TP, wenn du einen Raum betrittst. Beginne jeden Kampf mit 5 Panzerrüstung."
  },
  "Time Dilation": {
    "NAME": "Zeitverzögerung",
    "DESCRIPTION": "Alle Gegner beginnen mit dem Debuff Langsam."
  },
  "Uncertain Future": {
    "NAME": "Zukunftsgewissheit",
    "DESCRIPTION": "Die Karte zeigt nur einen Pfad."
  },
  "Vintage": {
    "NAME": "Antiquitäten",
    "DESCRIPTION": "Normale Gegner hinterlassen Relikte statt Karten."
  }
}