{
  "AbandonRunButton": {
    "TEXT": [
      "Run abbrechen"
    ]
  },
  "AbstractCard": {
    "TEXT": [
      "Gesperrt",
      "Unbekannt"
    ]
  },
  "AbstractChest": {
    "TEXT": [
      "Fortfahren"
    ]
  },
  "AbstractCreature": {
    "TEXT": [
      "Tot",
      "Geblockt",
      "Max. TP +",
      "Betäubt!",
      "Unterbrochen!",
      "Relikte"
    ]
  },
  "AbstractDungeon": {
    "TEXT": [
      "Fortfahren",
      "Fäulnis:"
    ]
  },
  "AbstractMonster": {
    "TEXT": [
      "Aggressiv",
      "Dieser Gegner beabsichtigt, NL für #b",
      " Schaden #b",
      " Mal #yanzugreifen.",
      "Dieser Gegner beabsichtigt, NL für #b",
      " Schaden #yanzugreifen.",
      "Aggressiv",
      "Dieser Gegner beabsichtigt, einen #yBuff einzusetzen und für #b",
      " Mal #yanzugreifen.",
      "Dieser Gegner beabsichtigt, einen #yBuff einzusetzen und für #b",
      "Strategisch",
      "Dieser Gegner beabsichtigt, einen #ynegativen #yEffekt auf dich zu wirken und für #b",
      "Dieser Gegner beabsichtigt, zu #yblocken und für #b",
      "Defensiv",
      "Feige",
      "Magisch",
      "Schlafend",
      "Betäubt",
      "Unbekannt",
      "Dieser Gegner beabsichtigt, einen #yBuff einzusetzen.",
      "Dieser Gegner beabsichtigt, einen #ynegativen #yEffekt auf dich zu wirken.",
      "Dieser Gegner beabsichtigt, einen mächtigen #ynegativen #yEffekt auf dich zu wirken.",
      "Dieser Gegner beabsichtigt, in seinem Zug zu #yblocken.",
      "Dieser Gegner beabsichtigt, zu #yblocken und einen #ynegativen #yEffekt auf dich zu wirken.",
      "Dieser Gegner beabsichtigt, zu #yblocken und einen #yBuff einzusetzen.",
      "Dieser Gegner beabsichtigt, zu #yfliehen.",
      "Dieser Gegner beabsichtigt, in seinem Zug mysteriöse #yMagie einzusetzen.",
      "Dieser Gegner schläft.",
      "Dieser Gegner ist in seinem Zug #ybetäubt.",
      "Die Absichten dieses Gegners sind #yunbekannt (wird nicht angreifen).",
      "Geblockt"
    ]
  },
  "AbstractPlayer": {
    "TEXT": [
      "Geblockt",
      "Der Eiserne",
      "Die Stille",
      "Das Defekte"
    ]
  },
  "AbstractPotion": {
    "TEXT": [
      "Ich kann keine NL weiteren Tränke tragen."
    ]
  },
  "AbstractRoom": {
    "TEXT": [
      "Ausgeraubt...",
      "Geflohen..."
    ]
  },
  "AnyCardFromDeckToHandAction": {
    "TEXT": [
      "Wähle eine Karte, die du auf die Hand nimmst.",
      "Wähle Karten, die du auf die Hand nimmst."
    ]
  },
  "ApplyPowerAction": {
    "TEXT": [
      "Negiert",
      "Immun",
      "Annuliert",
      "\n gesenkt"
    ]
  },
  "ArmamentsAction": {
    "TEXT": [
      "verbesserst"
    ]
  },
  "AscensionModeDescriptions": {
    "TEXT": [
      "Eliten spawnen öfter.",
      "Normale Gegner sind tödlicher.",
      "Eliten sind tödlicher.",
      "Bosse sind tödlicher.",
      "Weniger Heilung nach Bosskämpfen.",
      "Beginne jeden Run verletzt.",
      "Normale Gegner halten mehr aus.",
      "Eliten halten mehr aus.",
      "Bosse halten mehr aus.",
      "Beginne jeden Run verflucht.",
      "Weniger Trank-Slots.",
      "Verbesserte Karten erscheinen seltener.",
      "Arme Bosse.",
      "Weniger max. TP.",
      "Ungünstige Ereignisse.",
      "Läden sind teurer.",
      "Normale Gegner haben anspruchsvollere Intentionen.",
      "Eliten haben anspruchsvollere Intentionen.",
      "Bosse haben anspruchsvollere Intentionen.",
      "(Höchstes Level) Doppelter Boss."
    ]
  },
  "AscensionTextEffect": {
    "TEXT": [
      "Aufstiegsmodus Level ",
      " Freigeschaltet!"
    ]
  },
  "AscensionUnlockEffect": {
    "TEXT": [
      "Aufstiegsmodus freigeschaltet!"
    ]
  },
  "AttackFromDeckToHandAction": {
    "TEXT": [
      "Wähle einen Angriff, den du auf die Hand nimmst."
    ]
  },
  "BattleStartEffect": {
    "TEXT": [
      "Kampfbeginn",
      "Spielerzug",
      "Gegnerzug",
      ". Zug"
    ]
  },
  "BossChest": {
    "TEXT": [
      "Fortfahren"
    ]
  },
  "BossRelicSelectScreen": {
    "TEXT": [
      "Bestätigen",
      "Bestätige deine Auswahl",
      "Wähle ein Relikt",
      "Überspringen",
      "JETZT ABSTIMMEN: ",
      "s übrig.",
      "Wähle eine Folge der Fäulnis:"
    ]
  },
  "CacheAction": {
    "TEXT": [
      "Wähle eine Karte, die du auf deinen Nachziehstapel legst.",
      "Wähle Karten, die du auf deinen Nachziehstapel legst."
    ]
  },
  "CampfireSleepEffect": {
    "TEXT": [
      "Traum?"
    ]
  },
  "CampfireSmithEffect": {
    "TEXT": [
      "Wähle eine Karte, die du verbesserst."
    ]
  },
  "CampfireTokeEffect": {
    "TEXT": [
      "Wähle eine Karte, die du entfernst."
    ]
  },
  "CampfireUI": {
    "TEXT": [
      "Was tun?",
      "Hmm...",
      "Was soll ich tun?",
      "Zeit für eine Pause",
      "So viele Möglichkeiten...",
      "Ich sollte mich ausruhen",
      "So müde..."
    ]
  },
  "Cancel Button": {
    "TEXT": [
      "Speicherstand löschen"
    ]
  },
  "CardLibSortHeader": {
    "TEXT": [
      "Seltenheit",
      "Typ",
      "A–Z",
      "Kosten",
      "Springe zu:"
    ]
  },
  "CardLibraryScreen": {
    "TEXT": [
      "Zurückkehren",
      "Rot",
      "Grün",
      "Blau",
      "Farblos",
      "Flüche",
      "Status",
      "Verbesserung ansehen"
    ]
  },
  "CardRewardScreen": {
    "TEXT": [
      "Überspringen",
      "Wähle eine Karte",
      "+2 max. TP",
      "JETZT ABSTIMMEN: ",
      "s übrig.",
      "Verbesserung ansehen"
    ]
  },
  "CharacterOption": {
    "TEXT": [
      "Gesperrt",
      "Dieser Charakter wird durch das Abschließen eines einzigen Runs freigeschaltet.",
      "Dieser Charakter ist während Early Access noch nicht erhältlich.",
      "Dieser Charakter wird durch das Abschließen eines Runs mit der Stillen freigeschaltet.",
      "TP: ",
      "Gold: ",
      " Verbleibende Freischaltungen",
      "Unbekannt",
      "???",
      " Zur nächsten Freischaltung"
    ]
  },
  "CharacterSelectScreen": {
    "TEXT": [
      "Wähle deinen Charakter",
      "Beginnen",
      "Der Eiserne",
      "Die Stille",
      "Das Defekte",
      "Zurück",
      "Aufstiegsmodus",
      "Level ",
      "Aufstiegsmodus",
      "Runs werden nach jedem Sieg schwerer... (Siegesserie wird nicht beeinflusst)",
      "Seed ",
      "Zufälliger Seed",
      "Mit einem Startseed wird bestimmt, was in diesem Run zufällig auftaucht.",
      "Seed einstellen"
    ]
  },
  "ChooseOneScreen": {
    "TEXT": [
      "Wähle eins"
    ]
  },
  "CombatRewardScreen": {
    "TEXT": [
      "Fortfahren",
      "Karte überspringen",
      "Gold überspringen",
      "Trank überspringen",
      "Relikt überspringen",
      "Belohnungen überspringen",
      "Schließen",
      "Schatz!",
      "Was ist drin?",
      "Belohnungen!",
      "Raubgut!",
      "Beute!",
      "Tipp: "
    ]
  },
  "Confirm Button": {
    "TEXT": [
      "Bestätigen"
    ]
  },
  "ConfirmPopup": {
    "TEXT": [
      "Zurückkehren",
      "Speicherstand löschen",
      "Ja",
      "Nein"
    ]
  },
  "CopyAction": {
    "TEXT": [
      "kopierst"
    ]
  },
  "CustomModeScreen": {
    "TEXT": [
      "Sonderregeln",
      "Errungenschaften und Ranglisten sind abgeschaltet.",
      "Charakter",
      "Aufstieg",
      "Level ",
      "Aufstiegsmodus",
      "Modifikatoren",
      "Seed",
      "Seed einstellen"
    ]
  },
  "CreditsScreen": {
    "TEXT": [
      "Erneut klicken zum Verlassen",
      "zum Verlassen"
    ]
  },
  "DailyScreen": {
    "TEXT": [
      "Tägliche Herausforderung",
      "Verbindung zum Zeitserver wird hergestellt...",
      "Du hast die heutige Herausforderung abgeschlossen, NL bei weiteren Anläufen wird kein Score gespeichert.",
      "Zurück",
      "Aufbrechen",
      "Heutiger Charakter: ",
      "dd/MM/yyyy HH:mm:ss",
      "Zeit übrig: ",
      "#yEbene #yErreicht: NL  ",
      " NL NL  #yDeck: NL ",
      " NL NL  #yRelikte: NL  ",
      " NL Heutige Herausforderung: NL TAB #yKlasse: NL TAB ",
      " NL TAB #yMods: ",
      "Modifikatoren: ",
      "Ranglisten",
      "*Errungenschaften sind beim Täglichen Aufstieg abgeschaltet.",
      "  [OFFLINEMODUS]"
    ]
  },
  "DeathScreen": {
    "TEXT": [
      "Fortsetzen",
      "Sieg?",
      "Ebenen aufgestiegen",
      "Bosse besiegt",
      "Spielzeit",
      "Spielzeit",
      "Punktzahl",
      "Bezwungen",
      "Tot...",
      "Niederlage",
      "Besiegt!",
      "Entweiht",
      "Zerstörung",
      "Überwältigt",
      "Du wurdest erschlagen!",
      "Ein vertrautes Gefühl.",
      "Ein Nickerchen klingt gut.",
      "Was du säst, das erntest du.",
      "Das lief verkehrt.",
      "Darauf war ich nicht vorbereitet.",
      "Ich versuch’s morgen nochmal.",
      "Ich werde eine neue Karte brauchen.",
      "Unzureichend vorbereitet.",
      "Unfassbar!",
      "Ist das mein wahres Potenzial?",
      "War ja klar...",
      "Nicht so...",
      "Nicht wirklich an der Spitze.",
      "Der Spire verschlingt den Nächsten...",
      "Dein Bewusstsein schwindet...",
      "Niederlage",
      "Akzeptierung",
      "Fortsetzen",
      "Erneut versuchen",
      "Hauptmenü",
      "Fortfahren",
      "Freischalten",
      "Hauptmenü",
      "Erneut versuchen",
      "Fortfahren",
      "Freischalten",
      "Freischaltungen übrig: ",
      "Freischaltung übrig: ",
      "Gegner erschlagen",
      "Eliten getötet",
      "Nicht verwendetes Gold",
      "TP-Bonus"
    ],
    "EXTRA_TEXT": [
      "Exordium-Eliten getötet",
      "Stadt-Eliten getötet",
      "Jenseits-Eliten getötet",
      "Sprinter",
      "Lichtgeschwindigkeit",
      "Highlander",
      "Sammlung",
      "Volles Set",
      "Bettler",
      "Bibliothekar",
      "Enzyklopädie",
      "Gut genährt",
      "Vollgestopft",
      "Verflucht!",
      "Selbst schuld",
      "Champion",
      "Perfekt",
      "Mehr als Perfekt",
      "Overkill",
      "K-k-k-kombo",
      ""
    ]
  },
  "DeathScreenUi": {
    "TEXT": [
      "Aufstiegsmodus Level ",
      " Freigeschaltet!"
    ]
  },
  "DeletePopup": {
    "TEXT": [
      "Spielstand löschen?",
      "Ja",
      "Nein",
      "ACHTUNG: Dies kann nicht rückgängig gemacht werden."
    ]
  },
  "Dig Option": {
    "TEXT": [
      "Graben",
      "Grabe ein zufälliges Relikt aus."
    ]
  },
  "DiscardAction": {
    "TEXT": [
      "abwirfst"
    ]
  },
  "DiscardPilePanel": {
    "TEXT": [
      "Mein Abwurfstapel ist #rleer."
    ]
  },
  "DiscardPileToHandAction": {
    "TEXT": [
      "Wähle eine Karte, die du zurück auf deine Hand nimmst."
    ]
  },
  "DiscardPileToTopOfDeckAction": {
    "TEXT": [
      "Wähle eine Karte, die du auf deinen Nachziehstapel legst."
    ]
  },
  "DiscardPileViewScreen": {
    "TEXT": [
      "Diese Karten werden in deinen Nachziehstapel gemischt, wenn dort die Karten ausgehen.",
      "Zurückkehren",
      "Abwurfstapel"
    ]
  },
  "DrawPilePanel": {
    "TEXT": [
      "Mein Nachziehstapel ist #rleer."
    ]
  },
  "DrawPileViewScreen": {
    "TEXT": [
      "Von hier werden zu Beginn jedes Zuges Karten gezogen.",
      "(Gezeigte Karten sind nach Seltenheit sortiert)",
      "Zurückkehren",
      "Nachziehstapel"
    ]
  },
  "DualWieldAction": {
    "TEXT": [
      "duplizierst"
    ]
  },
  "DungeonMapScreen": {
    "TEXT": [
      "Wähle einen Startraum",
      "Zurückkehren"
    ]
  },
  "DungeonTransitionScreen": {
    "TEXT": [
      "Tutorials",
      "Möchtest du während des Spiels Spieltipps sehen?",
      "1. Akt",
      "Exordium",
      "2. Akt",
      "Die Stadt",
      "3. Akt",
      "Das Jenseits",
      "? Akt",
      "???",
      "Klicke irgendwohin, um fortzufahren"
    ]
  },
  "EarlyAccessPopup": {
    "TEXT": [
      "Was ist Early Access?",
      "Was ist eine Open Beta?",
      "Slay the Spire befindet sich noch in der aktiven Entwicklung! Viele Funktionen, Karten und Gegner werden immer noch überarbeitet. NL Wenn du irgendwelche Probleme oder Feedback für uns hast, lass es uns über unsere #bSteam-Diskussionsseite wissen. NL NL Das war jetzt genug zu lesen, du hast noch einen Spire zu erklimmen!",
      "Slay the Spire befindet sich noch in der aktiven Entwicklung! Noch dazu spielst du die Beta-Version des Spiels. NL Lass uns bitte von jeglichen Problemen wissen, die während des Spielens auftreten, aber sei nicht von Platzhaltern für kommende Inhalte überrascht. NL NL Das war jetzt genug zu lesen, du hast noch einen Spire zu erklimmen!",
      "Klicke zum Starten irgendwohin",
      "Weiter"
    ]
  },
  "End Turn Button": {
    "TEXT": [
      "Zug beenden",
      "Gegnerzug"
    ]
  },
  "ExhaustAction": {
    "TEXT": [
      "erschöpfst"
    ]
  },
  "ExhaustViewScreen": {
    "TEXT": [
      "Diese Karten wurden in diesen Kampf erschöpft.",
      "Zurück"
    ]
  },
  "ExhumeAction": {
    "TEXT": [
      "Wähle eine Karte, die du auf die Hand nimmst."
    ]
  },
  "ExitGameButton": {
    "TEXT": [
      "Spiel verlassen"
    ]
  },
  "Exordium": {
    "TEXT": [
      "Exordium"
    ]
  },
  "ForethoughtAction": {
    "TEXT": [
      "unter deinen Nachziehstapel legst."
    ]
  },
  "GamblingChipAction": {
    "TEXT": [
      "ersetzt (Spielchip)",
      "ersetzt"
    ]
  },
  "GameSavedEffect": {
    "TEXT": [
      "#y~Spiel~ #y~gespeichert~"
    ]
  },
  "GainGoldTextEffect": {
    "TEXT": [
      " Gold"
    ]
  },
  "GridCardSelectScreen": {
    "TEXT": [
      "Bestätigen",
      "Abbrechen",
      "Bestätige deine Auswahl",
      "Verlassen"
    ]
  },
  "HandCardSelectScreen": {
    "TEXT": [
      "Karte bestätigen, die du ",
      "Karten bestätigen, die du ",
      "Wähle ",
      " Karten, die du ",
      "Wähle beliebig viele Karten, die du ",
      "Wähle eine Karte, die du "
    ]
  },
  "HiddenChamberAction": {
    "TEXT": [
      ""
    ]
  },
  "ImmolateAction": {
    "TEXT": [
      "erschöpfst"
    ]
  },
  "InputKeyNames": {
    "TEXT_DICT": {
      "Escape": "ESC",
      "Forward Delete": "Entf",
      "Delete": "Backspace"
    }
  },
  "InputSettingsScreen": {
    "TEXT": [
      "Eingabeoptionen",
      "Spieloptionen",
      "Zurück",
      "Befehle",
      "Tastatur",
      "Controller",
      "Auf Standard zurücksetzen",
      "Karte bestätigen",
      "Abbrechen / Schließen",
      "Karte des Spire",
      "Deck ansehen",
      "Nachziehstapel",
      "Abwurfstapel",
      "Erschöpfte Karten",
      "Zug beenden",
      "Links",
      "Rechts",
      "Wähle 1. Karte",
      "Wähle 2. Karte",
      "Wähle 3. Karte",
      "Wähle 4. Karte",
      "Wähle 5. Karte",
      "Wähle 6. Karte",
      "Wähle 7. Karte",
      "Wähle 8. Karte",
      "Wähle 9. Karte",
      "Wähle 10. Karte",
      "Karte loslassen",
      "Auswählen*",
      "Abbrechen*",
      "Obere Leiste*",
      "Weiter / Zug beenden*",
      "Tab links / Deck ansehen*",
      "Tab rechts / Erschöpfte Karten*",
      "Karte des Spire*",
      "Einstellungen*",
      "Nachziehstapel*",
      "Abwurfstapel*",
      "Hoch*",
      "Runter*",
      "Links*",
      "Rechts*",
      "Hoch (Alt)*",
      "Runter (Alt)*",
      "Links (Alt)*",
      "Rechts (Alt)*",
      "Hoch",
      "Runter",
      "Controller aktiviert"
    ]
  },
  "LanguageDropdown": {
    "TEXT": [
      "Brasilian. Portugiesisch",
      "Chinesisch (Vereinfacht)",
      "Chinesisch (Traditionell)",
      "Englisch",
      "Französisch",
      "Deutsch",
      "Italienisch",
      "Japanisch",
      "Koreanisch",
      "Polnisch",
      "Russisch",
      "Spanisch",
      "Hebräisch",
      "Türkisch",
      "Schwedisch",
      "Norwegisch",
      "Thai",
      "Serbisch",
      "Ukrainisch",
      "Vietnamesisch",
      "Ungarisch",
      "Serbisch (Latinisiert)",
      "Katalanisch",
      "Griechisch",
      "Indonesisch",
      "Esperanto"
    ]
  },
  "LeaderboardFilters": {
    "TEXT": [
      "Der Eiserne",
      "Die Stille",
      "Das Defekte",
      "Durschnittlich erreichte Ebene (Letzte 20 Versuche)",
      "Durchschnittlicher Score (Letzte 20 Versuche)",
      "Beste Siegesserie",
      "Schnellster Sieg",
      "Höchster Score",
      "Option 6. DO NOT TRANSLATE",
      "Freunde",
      "Global"
    ]
  },
  "LeaderboardsScreen": {
    "TEXT": [
      "Zurück",
      "Filter",
      "Charakter",
      "Region",
      "Typ",
      "Eigenen Score zeigen",
      "Rang",
      "Name",
      "Score",
      "Lade Daten...",
      "Rangliste",
      "Nicht mit Steam verbunden",
      "Keine Scores verfügbar \n Geh und Schlag den Spire!"
    ]
  },
  "Legend": {
    "TEXT": [
      "Unbekannt",
      "???",
      "Ein unbekannter Raum. NL NL Du könntest auf Monster, Schätze, Läden oder etwas völlig anderes treffen.",
      "Händler",
      "Läden",
      "Ein mysteriöser Händler verkauft seine Waren in diesen Räumen. NL NL Gib hier dein wohlverdientes #yGold aus!",
      "Schatz",
      "Schatzräume",
      "In diesen begehrten Räumen kannst du #yRelikte und #yGold finden.",
      "Ruheort",
      "Ruheorte",
      "Halte in diesen Räumen inne, um deine TP zu #gHeilen oder eine Karte zu #yVerbessern.",
      "Gegner",
      "Gegner",
      "Feindselige Gegner hausen in diesen Räumen.",
      "Elite",
      "Eliten",
      "Mächtige Gegner befinden sich in diesen Räumen. NL NL Sie zu besiegen, beschert dir ein Relikt.",
      "Legende"
    ]
  },
  "Lift Option": {
    "TEXT": [
      "Trainieren",
      "Beginne Kämpfe mit +1 Stärke. (Bis zu 3)"
    ]
  },
  "MainMenuScreen": {
    "TEXT": [
      "#yBuild: ",
      "Beginnen",
      "Zurückkehren",
      "Klicke zum Bearbeiten",
      "Bearbeiten"
    ]
  },
  "MasterDeckViewScreen": {
    "TEXT": [
      "Mit diesen Karten beginnst du jeden Kampf.",
      "Zurückkehren"
    ]
  },
  "MenuButton": {
    "TEXT": [
      "",
      "Spielen",
      "",
      "",
      "Fortsetzen",
      "",
      "Statistiken",
      "",
      "Verlassen",
      "Patchnotizen",
      "Run abbrechen",
      "",
      "Einstellungen",
      "",
      "Kompendium"
    ]
  },
  "MenuPanels": {
    "TEXT": [
      "Standard",
      "",
      "Brich auf zu einer Quest in den Spire! Kämpfe dich an die Spitze des mysteriösen Turmes.",
      "Täglicher Aufstieg",
      "",
      "Jeden Tag gibt es eine neue Herausforderung.\nTritt gegen andere Spieler an, um den Highscore zu erlangen!",
      "Aufstiegsmodus",
      "",
      "Der Spire wird mit jedem Sieg stärker.\nTeste die Grenzen deiner stärksten Strategien.",
      "Kartenbibliothek",
      "",
      "Sieh dir alle Karten an, denen du bisher im Spire begegnet bist.",
      "Reliktsammlung",
      "",
      "Untersuche die Schmuckstücke und Artefakte, die du in deinen Durchläufen erhalten hast.",
      "Bestiarium",
      "",
      "Dieses Feature ist noch nicht verfügbar.",
      "Charakter- Statistiken",
      "",
      "Fortschritte und Statistiken jedes Charakters können hier eingesehen werden.",
      "Ranglisten",
      "",
      "Erfahre deinen Score und vergleiche ihn mit Freunden und anderen Spielern.",
      "Run-Historie",
      "",
      "Wirf einen Blick auf deine vergangenen Versuche, den Spire zu erschlagen.",
      "Spiel- Einstellungen",
      "",
      "Ändere deine Auflösung und wähle weitere Optionen für das Spiel.",
      "Eingabeoptionen",
      "",
      "Ändere deine Steuerung und Tastenbelegungen.",
      "Credits",
      "",
      "Sieh dir all die Leute an, die an Slay the Spire mitgewirkt haben!",
      "Unbekannt",
      "Gewinne einen Täglichen Aufstieg, um diesen Spielmodus freizuschalten.",
      "Dieses Feature ist noch nicht verfügbar.",
      "Sonderregeln",
      "Stelle deinen individuellen Run mit eigenen Sonderregeln zusammen."
    ]
  },
  "MerchantImageTextNotInGame": {
    "TEXT": [
      "Kartenentfernungsdienst",
      "AUSVERKAUF",
      "Unverkäuflich",
      "Ausverkauft",
      "Oh nein!"
    ]
  },
  "OpeningAction": {
    "TEXT": [
      "Dieser Gegner hat nicht vor anzugreifen!"
    ]
  },
  "OptionsPanel": {
    "TEXT": [
      "",
      "Spieleinstellungen",
      "Grafik",
      "Auflösung: NL Max. Framerate:",
      "Vollbild NL Vollbild-Fenster (empfohlen) NL Screenshake",
      "Ton",
      "Gesamtlautstärke NL Musiklautstärke NL Effektlautstärke",
      "Hintergrundgeräusche NL Stummschalten, falls im Hintergrund",
      "Präferenzen",
      "Zusammengezählten Schaden in Gold anzeigen NL Geblockten Schaden in Blau anzeigen NL Einzelne Karte wählen ohne Bestätigen",
      "Schnellmodus",
      "",
      "Diverses",
      "Sprache:",
      "Spieldaten hochladen #b(?)",
      "Spiel verlassen",
      "Speichern & Verlassen",
      "NL NL VSync",
      "Spieltester Kartendesign",
      "Zeige Tasten für Kartenschnellwahl",
      "Eingabeoptionen"
    ]
  },
  "PatchNotesScreen": {
    "TEXT": [
      "Zurückkehren",
      "#yPatchnotizen",
      " NL (VORÜBERGEHEND: Benutze die Pfeiltasten, um durch ältere Protokolle zu navigieren)"
    ]
  },
  "PotionPopUp": {
    "TEXT": [
      "Werfen",
      "Trinken",
      "Abwerfen",
      "Ich kann keine Tränke verwenden!",
      "Im Kampf kann ich das nicht tun!"
    ]
  },
  "PowerExpireTextEffect": {
    "TEXT": [
      "endet"
    ]
  },
  "Proceed Button": {
    "TEXT": [
      "Fortfahren"
    ]
  },
  "PutOnDeckAction": {
    "TEXT": [
      "auf deinen Nachziehstapel legst"
    ]
  },
  "RecycleAction": {
    "TEXT": [
      "erschöpfst"
    ]
  },
  "RelicViewScreen": {
    "TEXT": [
      "Zurückkehren",
      "Anfänger:",
      "Charaktere können mit diesen Relikten beginnen.",
      "Gewöhnlich:",
      "Schwache Relikte, die gewöhnlich gefunden werden können.",
      "Ungewöhnlich:",
      "Stärkere Relikte, die seltener auftauchen als gewöhnliche Relikte.",
      "Selten:",
      "Einzigartige und mächtige Relikte, die nur selten zu sehen sind.",
      "Boss:",
      "Relikte, die ausschließlich in Bosstruhen gefunden werden können.",
      "Ereignis:",
      "Relikte, die nur durch Ereignisse erhalten werden können.",
      "Laden:",
      "Relikte, die nur beim Händler gekauft werden können."
    ]
  },
  "RenamePanel": {
    "TEXT": [
      "<kein Name>",
      "Gib deinen Namen ein",
      "Bestätigen",
      "Abbrechen"
    ]
  },
  "ReprieveAction": {
    "TEXT": [
      "Dieser Gegner beabsichtigt anzugreifen!"
    ]
  },
  "ReprogramAction": {
    "TEXT": [
      "Wähle Karten, die du abwirfst"
    ]
  },
  "Rest Option": {
    "TEXT": [
      "Ausruhen",
      "Heile dich um 20% deiner max. TP (",
      " TP von ",
      "Heile dich um 30% deiner max. TP ("
    ]
  },
  "RestartForChangesEffect": {
    "TEXT": [
      "Starte das Spiel neu, damit die Änderungen übernommen werden."
    ]
  },
  "RetainCardsAction": {
    "TEXT": [
      "behältst"
    ]
  },
  "RewardItem": {
    "TEXT": [
      " Gold (zurückgestohlen)",
      " Gold",
      "Erhalte eine Karte",
      "",
      "Wähle eine Karte"
    ]
  },
  "RunHistoryMonsterNames": {
    "TEXT": [
      "Gremlingruppe",
      "Großer Schleim",
      "Exordium-Diebe",
      "Exordium-Fauna",
      "Schleimschwarm",
      "Kleine Schleime",
      "Stadt-Räuber",
      "Drei Fögl",
      "Vier Fögl",
      "Kultisten-Trio",
      "Erwählte und Fogl",
      "Wache und Sphärischer Wächter",
      "Zenturio und Mystikerin",
      "Parasit und Pilzbestie",
      "Bande maskierter Banditen",
      "Kolosseum-Aristos",
      "Kolosseum-Sklavenhändler",
      "Drei Schwebewesen",
      "Kieferwurmhorde",
      "Vier Schwebewesen",
      "Sphärischer Wächter mit Schwebewesen",
      "Zwei Kugelwandler",
      "Donu und Deca",
      "Drei Wachen",
      "Erwählte und Kultist",
      "(Veraltet) Flammenschläger",
      "(Veraltet) Sklavenhändler und Parasit",
      "(Veraltet) Snecko und Mytikerinnen"
    ]
  },
  "RunHistoryPathNodes": {
    "TEXT": [
      "Unbekannt",
      "Gegner",
      "Elite",
      "Ereignis",
      "Boss",
      "Schatz",
      "Boss-Schatz",
      "Ruheort",
      "Händler",
      "Unbekannt (Gegner)",
      "Unbekannt (Händler)",
      "Unbekannt (Schatz)",
      "Ebene %1$s - %2$s",
      "Ebene %s",
      "#r%s Schaden",
      "#r%s Runden",
      "#r%s #r/ #r%s #rHP",
      "#y%s #yGold",
      "Gewählt:",
      "Übersprungen:",
      "Fehlende Infos",
      "+2 max. TP",
      "[C] ",
      "[T] ",
      "[P] ",
      "[S] ",
      "#bAusgeruht",
      "#bVerbessert %s",
      "#bEntfernt %s",
      "#bGegraben",
      "#bTrainiert %s/%s",
      "#yGekauft:"
    ]
  },
  "RunHistoryScreen": {
    "TEXT": [
      "Der Eiserne",
      "Die Stille",
      "Das Defekte",
      "Zurück",
      "Keine Run-Historie gefunden. NL Geh und Schlag den Spire!",
      "Aufstieg Level: ",
      "Besiegt auf Ebene %1$d - Gegner: %2$s",
      "Run verlassen auf Ebene %d",
      "Sieg!",
      "Karten",
      "Relikte",
      "Starter",
      "Gewöhnlich",
      "Ungewöhnlich",
      "Selten",
      "Besondere",
      "Fluch",
      "Boss",
      "Laden",
      "Unbekannt",
      "%1$d %2$s",
      "%1$s (%2$d):",
      "Score: %d",
      "Alle Charaktere",
      "Siege & Niederlagen",
      "Siege",
      "Niederlagen",
      "Täglich",
      "Jeder Spielmodus",
      "Nur Normal",
      "Nur Aufstieg",
      "Tägliche Herausf.",
      "Seed: %s",
      "Eigener Seed: %s"
    ]
  },
  "SeedPanel": {
    "TEXT": [
      "0000000000",
      "Gib einen neuen Seed ein",
      "Bestätigen",
      "Abbrechen",
      "*Errungenschaften und Ranglisten sind abgeschaltet, wenn ein eigener Seed benutzt wird."
    ]
  },
  "SettingsScreen": {
    "TEXT": [
      "Bist du sicher?",
      "Dein Fortschritt wird automatisch gespeichert.",
      "Ein abgebrochener Run wird als verloren gezählt.",
      "ACHTUNG:\nFortschritt NICHT gespeichert.\n\nErreiche die nächste Ebene, um den aktuellen Run zu speichern.",
      "Zurückkehren",
      "Fortschritt für Tägliche Herausforderungen wird NICHT gespeichert."
    ]
  },
  "SetupAction": {
    "TEXT": [
      "auf deinen Nachziehstapel legst."
    ]
  },
  "ShopRoom": {
    "TEXT": [
      "Händler überspringen"
    ]
  },
  "SingleCardViewPopup": {
    "TEXT": [
      "Angriff",
      "Fertigkeit",
      "Macht",
      "Fluch",
      "Gesperrt",
      "Unbekannt",
      "Verbesserung ansehen",
      "Status",
      "Munition",
      "Ich kann Karten nur während meines Zuges spielen.",
      "Ich bin #rVerwickelt ! NL Ich kann keine Angriffskarten spielen.",
      "Nicht genug #rEnergie.",
      "Nicht genug #rLadung.",
      "Ich kann diese NL Karte nicht spielen."
    ]
  },
  "SingleViewRelicPopup": {
    "TEXT": [
      "Boss-",
      "Gewöhnliches ",
      "Veraltetes ",
      "Seltenes ",
      "Laden-",
      "Ereignis-",
      "Start-",
      "Ungewöhnliches ",
      "Gesperrt",
      "Unbekannt",
      "Relikt",
      "Dieses Relikt muss noch freigeschaltet werden.",
      "Dieses Relikt muss noch entdeckt werden."
    ]
  },
  "SkillFromDeckToHandAction": {
    "TEXT": [
      "Wähle eine Fertigkeit, die du auf die Hand nimmst."
    ]
  },
  "Smith Option": {
    "TEXT": [
      "Schmieden",
      "Verbessere eine Karte in deinem Deck.",
      "Keine verbesserbaren Karten."
    ]
  },
  "StorePotion": {
    "TEXT": [
      "Du hast keinen Platz dafür"
    ]
  },
  "TheBeyond": {
    "TEXT": [
      "Das Jenseits"
    ]
  },
  "TheCity": {
    "TEXT": [
      "Die Stadt"
    ]
  },
  "TipHelper": {
    "TEXT": [
      "Energie"
    ]
  },
  "Toke Option": {
    "TEXT": [
      "Zug",
      "Entferne eine Karte aus deinem Deck."
    ]
  },
  "TopPanel": {
    "TEXT": [
      ". Ebene",
      " - Aufstieg ",
      " (höchstes Level)"
    ]
  },
  "TreasureRoom": {
    "TEXT": [
      "Truhe überspringen"
    ]
  },
  "TreasureRoomBoss": {
    "TEXT": [
      "Truhe überspringen"
    ]
  },
  "TwitchVoter": {
    "TEXT": [
      "JETZT ABSTIMMEN: "
    ]
  },
  "Unlock Confirm Button": {
    "TEXT": [
      "Fortsetzen"
    ]
  },
  "UnlockCharacterScreen": {
    "TEXT": [
      "Karten freigeschaltet!",
      "Neue Ausrüstungsgegenstände",
      "Relikte freigeschaltet!",
      "Neuer Charakter",
      "Hinweis: Freigeschaltete Karten tauchen in zukünftigen Durchläufen auf.",
      "Hinweis: Freigeschaltete Relikte tauchen in zukünftigen Durchläufen auf."
    ]
  },
  "UnlockScreen": {
    "TEXT": [
      "Karten freigeschaltet!",
      "Relikte freigeschaltet!",
      "Neuer Charakter",
      "Hinweis: Freigeschaltete Karten tauchen in zukünftigen Durchläufen auf.",
      "Hinweis: Freigeschaltete Relikte tauchen in zukünftigen Durchläufen auf."
    ]
  },
  "UnlockTextEffect": {
    "TEXT": [
      "Neue Freischaltung!"
    ]
  },
  "SaveSlot": {
    "TEXT": [
      "Spielzeit ",
      "Freier Slot"
    ]
  },
  "SaveSlotScreen": {
    "TEXT": [
      "Wähle einen Spielstand",
      "Umbenennen",
      "Diesen Spielstand löschen"
    ]
  }
}