{
  "Game Dictionary": {
    "ARTIFACT": {
      "NAMES": [
        "artefakt"
      ],
      "DESCRIPTION": "Negiert den nächsten Debuff."
    },
    "BLOCK": {
      "NAMES": [
        "block",
        "blockt"
      ],
      "DESCRIPTION": "Verhindert Schaden bis zum nächsten Zug."
    },
    "BURN": {
      "NAMES": [
        "brennen",
        "burns"
      ],
      "DESCRIPTION": "Brennen ist eine unspielbare Statuskarte, die dir Schaden zufügt."
    },
    "CHANNEL": {
      "NAMES": [
        "erschaffen",
        "erschaffe",
        "erschaffst",
        "erschaffene",
        "erschaffenen"
      ],
      "DESCRIPTION": "Wenn du einen Orb erschaffst, kommt er in deinen ersten freien Slot. Wenn du keine freien Slots hast, wird dein erster Orb automatisch #yentladen, um Platz zu machen."
    },
    "CONFUSED": {
      "NAMES": [
        "verwirrt",
        "Gepreised sei Snecko!"
      ],
      "DESCRIPTION": "Immer wenn du eine Karte ziehst, sind ihre Kosten zufällig."
    },
    "CURSE": {
      "NAMES": [
        "fluch",
        "flüche"
      ],
      "DESCRIPTION": "Fluchkarten sind negative Karten, die in deinem Deck bleiben."
    },
    "DARK": {
      "NAMES": [
        "schatten",
        "dark+"
      ],
      "DESCRIPTION": "Orb: Erhöht seinen Schaden pro Zug. Beim #yEntladen fügt er dem Gegner mit den wenigsten TP Schaden zu."
    },
    "DAZED": {
      "NAMES": [
        "benommen"
      ],
      "DESCRIPTION": "Benommen ist eine unspielbare, flüchtige Statuskarte."
    },
    "DEXTERITY": {
      "NAMES": [
        "geschicklichkeit"
      ],
      "DESCRIPTION": "Geschicklichkeit verbessert von Karten erhaltenen Block."
    },
    "ETHEREAL": {
      "NAMES": [
        "flüchtig"
      ],
      "DESCRIPTION": "Wenn diese Karte sich am Ende deines Zuges in deiner Hand befindet, wird sie erschöpft. NL Erschöpfte Karten werden bis zum Ende des Kampfes aus deinem Deck entfernt."
    },
    "EVOKE": {
      "NAMES": [
        "entladen",
        "entlade",
        "entladene",
        "entladenen"
      ],
      "DESCRIPTION": "Verbrauche den Orb auf der rechten Seite und nutze seinen Entladen-Effekt."
    },
    "EXHAUST": {
      "NAMES": [
        "erschöpfen",
        "erschöpfe",
        "erschöpft"
      ],
      "DESCRIPTION": "Erschöpfte Karten werden bis zum Ende des Kampfes aus deinem Deck entfernt."
    },
    "FOCUS": {
      "NAMES": [
        "fokus"
      ],
      "DESCRIPTION": "Fokus erhöht die Effektivität von #yerschaffenen Orbs."
    },
    "FRAIL": {
      "NAMES": [
        "gebrechlich"
      ],
      "DESCRIPTION": "Bist du Gebrechlich, erhältst du #b25% weniger #yBlock von Karten."
    },
    "FROST": {
      "NAMES": [
        "frost",
        "frosts"
      ],
      "DESCRIPTION": "Orb: Erhalte #yBlock."
    },
    "INNATE": {
      "NAMES": [
        "angeboren"
      ],
      "DESCRIPTION": "Beginne jeden Kampf mit dieser Karte auf deiner Hand."
    },
    "INTANGIBLE": {
      "NAMES": [
        "immateriell"
      ],
      "DESCRIPTION": "Reduziere jeglichen genommenen Schaden auf #b1."
    },
    "LIGHTNING": {
      "NAMES": [
        "blitz",
        "blitze"
      ],
      "DESCRIPTION": "Orb: Fügt zufälligen Gegnern Schaden zu."
    },
    "LOCKED": {
      "NAMES": [
        "gesperrt"
      ],
      "DESCRIPTION": "Diese Karte muss noch freigeschaltet werden."
    },
    "LOCK_ON": {
      "NAMES": [
        "anvisieren"
      ],
      "DESCRIPTION": "Anvisierte Ziele erhalten #b50% mehr Schaden durch Orbs."
    },
    "OPENER": {
      "NAMES": [
        "eröffnung"
      ],
      "DESCRIPTION": "Eine Karte mit Eröffnung kann nur als erste Karte eines Zuges gespielt werden."
    },
    "PLASMA": {
      "NAMES": [
        "plasma",
        "plasma+"
      ],
      "DESCRIPTION": "Orb: Erhalte Energie."
    },
    "POISON": {
      "NAMES": [
        "gift",
        "vergiftet"
      ],
      "DESCRIPTION": "Vergiftete Kreaturen verlieren zu ihrem Zugbeginn TP. In jedem Zug wird Gift um #b1 reduziert."
    },
    "RETAIN": {
      "NAMES": [
        "behalten",
        "behalte"
      ],
      "DESCRIPTION": "Behaltene Karten werden am Ende des Zuges nicht abgeworfen."
    },
    "SHIV": {
      "NAMES": [
        "messer",
        "messer"
      ],
      "DESCRIPTION": "Messer sind #bkostenlose Angriffskarten, die bei Benutzung erschöpfen."
    },
    "STATUS": {
      "NAMES": [
        "status"
      ],
      "DESCRIPTION": "Statuskarten werden am Ende des Kampfes entfernt."
    },
    "STRENGTH": {
      "NAMES": [
        "stärke"
      ],
      "DESCRIPTION": "Stärke lässt Angriffe mehr Schaden zufügen."
    },
    "STRIKE": {
      "NAMES": [
        "schlag"
      ],
      "DESCRIPTION": "Jede Karte mit dem Wort \"Schlag\" in ihrem Namen."
    },
    "TEXT": [
      "Energie wird verwendet, um Karten aus deiner Hand auszuspielen."
    ],
    "THORNS": {
      "NAMES": [
        "stachel",
        "stacheln"
      ],
      "DESCRIPTION": "Gibt beim Erleiden von #yAngriffsschaden Schaden zurück."
    },
    "TODO": {
      "NAMES": [
        "todo",
        "JUST FOR DEVS, DONT TRANSLATE",
        "JUST FOR DEVS, DONT TRANSLATE",
        "JUST FOR DEVS, DONT TRANSLATE",
        "JUST FOR DEVS, DONT TRANSLATE"
      ],
      "DESCRIPTION": "This card is NOT IMPLEMENTED. Someone should really fix that..."
    },
    "TRANSFORM": {
      "NAMES": [
        "transformieren",
        "transformierst",
        "transformiere"
      ],
      "DESCRIPTION": "Transformierte Karten werden zu einer Karte von zufälliger Seltenheit."
    },
    "UNKNOWN": {
      "NAMES": [
        "unbekannt"
      ],
      "DESCRIPTION": "Du bist dieser Karte noch nicht begegnet."
    },
    "UNPLAYABLE": {
      "NAMES": [
        "unspielbar"
      ],
      "DESCRIPTION": "Unspielbare Karten können nicht aus deiner Hand ausgespielt werden."
    },
    "UPGRADE": {
      "NAMES": [
        "verbessern",
        "verbessere",
        "verbesserte",
        "verbessertes",
        "verbessert"
      ],
      "DESCRIPTION": "Verbessern macht Karten mächtiger. Karten können nur einmal verbessert werden."
    },
    "VOID": {
      "NAMES": [
        "leere",
        "voids"
      ],
      "DESCRIPTION": "Leere ist eine unspielbare Statuskarte, die beim Ziehen Energie verbraucht."
    },
    "VULNERABLE": {
      "NAMES": [
        "verwundbar"
      ],
      "DESCRIPTION": "Verwundbare Kreaturen erleiden #b50% mehr Schaden durch Angriffe."
    },
    "WEAK": {
      "NAMES": [
        "schwach",
        "schwächen",
        "schwach",
        "schwächt"
      ],
      "DESCRIPTION": "Schwache Kreaturen verursachen #b25% weniger Schaden mit Angriffen."
    },
    "WOUND": {
      "NAMES": [
        "wunde",
        "wunden"
      ],
      "DESCRIPTION": "Wunden sind unspielbare Statuskarten."
    }
  }
}