{
  "Game Dictionary": {
    "ARTIFACT": {
      "NAMES": [
        "artifact"
      ],
      "DESCRIPTION": "ป้องกัน Debuff."
    },
    "BLOCK": {
      "NAMES": [
        "block",
        "blocks"
      ],
      "DESCRIPTION": "จนถึงเทิร์นถัดไป,ป้องกันดาเมจที่ได้รับ."
    },
    "CURSE": {
      "NAMES": [
        "curse"
      ],
      "DESCRIPTION": "การ์ดคำสาปเป็นการ์ดที่มีแต่ผลเสีย."
    },
    "DEXTERITY": {
      "NAMES": [
        "dexterity"
      ],
      "DESCRIPTION": "Dexterity เพิ่มค่า Block ที่ได้รับจากการ์ด."
    },
    "ETHEREAL": {
      "NAMES": [
        "ethereal"
      ],
      "DESCRIPTION": "เมื่อสิ้นสุดเทิร์น หากการ์ดใบนี้อยู่บนมือ, ทำการ Exhaust. การ์ดที่ถูก Exhausted จะถูกนำออกจากเด็คจนจบการต่อสู้."
    },
    "EXHAUST": {
      "NAMES": [
        "exhaust",
        "exhausted",
        "exhausts"
      ],
      "DESCRIPTION": "นำออกจากเด็คจนจบการต่อสู้."
    },
    "INNATE": {
      "NAMES": [
        "innate"
      ],
      "DESCRIPTION": "เมื่อเริ่มการต่อสู้ การ์ดใบนี้จะอยู่บนมือ."
    },
    "LOCKED": {
      "NAMES": [
        "locked"
      ],
      "DESCRIPTION": "การ์ดใบนี้ยังไม่ถูกปลดล็อค."
    },
    "POISON": {
      "NAMES": [
        "poison",
        "poisoned"
      ],
      "DESCRIPTION": "เมื่อติดสถานะพิษ จะเสีย HP ทุกครั้งที่เริ่มต้นเทิร์น. ในทุกเทิร์น, Poison จะลดลง #b1."
    },
    "RETAIN": {
      "NAMES": [
        "retain"
      ],
      "DESCRIPTION": "การ์ดที่เลือกจะไม่ถูกทิ้งหลังจากจบเทิร์น"
    },
    "SHIV": {
      "NAMES": [
        "shiv",
        "shivs"
      ],
      "DESCRIPTION": "มีดสั้น เป็นการ์ดโจมตีที่ใช้ #b0 Energy และ Exhaust."
    },
    "STATUS": {
      "NAMES": [
        "status"
      ],
      "DESCRIPTION": "การ์ด Status จะถูกนำออกจากเด็คเมื่อจบการต่อสู้."
    },
    "STRENGTH": {
      "NAMES": [
        "strength"
      ],
      "DESCRIPTION": "Strength เพิ่มดาเมจโจมตีให้กับการ์ดโจมตี."
    },
    "TRANSFORM": {
      "NAMES": [
        "transform"
      ],
      "DESCRIPTION": "แปรรูปการ์ดให้กลายเป็นการ์ดใบอื่นแบบสุ่ม"
    },
    "UNKNOWN": {
      "NAMES": [
        "unknown"
      ],
      "DESCRIPTION": "การ์ดใบนี้ยังไม่ถูกพบ."
    },
    "UNPLAYABLE": {
      "NAMES": [
        "unplayable"
      ],
      "DESCRIPTION": "เป็นการ์ดที่ไม่สามารถใช้งานบนมือได้."
    },
    "UPGRADE": {
      "NAMES": [
        "upgrade",
        "upgraded"
      ],
      "DESCRIPTION": "การอัพเกรดการ์ด ทำให้การ์ดแข็งแกร่งขึ้น. สามารถอัพเกรดได้แค่ครั้งเดียวเท่านั้น."
    },
    "VULNERABLE": {
      "NAMES": [
        "vulnerable"
      ],
      "DESCRIPTION": "Vulnerable ทำให้ได้รับดาเมจมากขึ้น #b50%."
    },
    "WEAK": {
      "NAMES": [
        "weak",
        "weaken",
        "weakened",
        "weakens"
      ],
      "DESCRIPTION": "Weakened ทำให้โจมตีได้เบาลง #b25%."
    },
    "WOUND": {
      "NAMES": [
        "wound",
        "wounds"
      ],
      "DESCRIPTION": "Wounds เป็นการ์ด status ที่เล่นไม่ได้."
    },
    "FRAIL": {
      "NAMES": [
        "frail"
      ],
      "DESCRIPTION": "Frail, ทำให้ได้รับ #yBlock น้อยลง #b25%."
    },
    "STRIKE": {
      "NAMES": [
        "strike"
      ],
      "DESCRIPTION": "Any card with the word \"Strike\" in its name."
    },
    "CONFUSED": {
      "NAMES": [
        "confused"
      ],
      "DESCRIPTION": "ทุกครั้งที่จั่วการ์ด, จะสุ่ม Energy ที่้ใช้."
    },
    "TODO": {
      "NAMES": [
        "todo",
        "JUST FOR DEVS, DONT TRANSLATE",
        "JUST FOR DEVS, DONT TRANSLATE",
        "JUST FOR DEVS, DONT TRANSLATE",
        "JUST FOR DEVS, DONT TRANSLATE"
      ],
      "DESCRIPTION": "This card is NOT IMPLEMENTED. Someone should really fix that..."
    },
    "TEXT": [
      "Energy คือค่าที่ต้องใช้เพื่อใช้งานการ์ด."
    ],
    "INTANGIBLE": {
      "NAMES": [
        "intangible"
      ],
      "DESCRIPTION": "Reduce ALL damage taken and HP loss to #b1."
    },
    "BURN": {
      "NAMES": [
        "burn",
        "burns"
      ],
      "DESCRIPTION": "Burns are unplayable status cards that damage you."
    },
    "DAZED": {
      "NAMES": [
        "dazed"
      ],
      "DESCRIPTION": "Dazed are unplayable status cards."
    },
    "VOID": {
      "NAMES": [
        "void",
        "voids"
      ],
      "DESCRIPTION": "Voids are unplayable status cards that consume energy when drawn."
    },
    "FOCUS": {
      "NAMES": [
        "focus"
      ],
      "DESCRIPTION": "Focus increases the effectiveness of #yChanneled Orbs."
    },
    "EVOKE": {
      "NAMES": [
        "evoke",
        "evoked"
      ],
      "DESCRIPTION": "Consume your rightmost Orb and use its Evoke effect."
    },
    "PLASMA": {
      "NAMES": [
        "plasma",
        "plasma+"
      ],
      "DESCRIPTION": "Orb: Gains Energy."
    },
    "CHANNEL": {
      "NAMES": [
        "channel",
        "channeled"
      ],
      "DESCRIPTION": "Channeling an Orb puts it into your first empty slot. If you have no empty slots, your first Orb is automatically #yEvoked to make room."
    },
    "DARK": {
      "NAMES": [
        "dark",
        "dark+"
      ],
      "DESCRIPTION": "Orb: Increases damage every turn. When #yEvoked, deals damage to the enemy with the least HP."
    },
    "OPENER": {
      "NAMES": [
        "opener"
      ],
      "DESCRIPTION": "Opener cards may only be played as the first card each turn."
    },
    "LIGHTNING": {
      "NAMES": [
        "lightning",
        "lightning+"
      ],
      "DESCRIPTION": "Orb: Deals damage to random enemies."
    },
    "FROST": {
      "NAMES": [
        "frost",
        "frost+"
      ],
      "DESCRIPTION": "Orb: Gains #yBlock."
    },
    "THORNS": {
      "NAMES": [
        "thorns"
      ],
      "DESCRIPTION": "When receiving #yAttack damage, deals damage back."
    },
    "LOCK_ON": {
      "NAMES": [
        "lock-on"
      ],
      "DESCRIPTION": "Lock-On targets receive #b50% more damage from Orbs."
    }
  }
}