{
  "AcidSlime_L": {
    "MOVES": [
      "Escupitajo corrosivo",
      "Dividirse",
      "Lamer"
    ],
    "NAME": "Babosa Ácida (L)",
    "DIALOG": [
      ""
    ]
  },
  "AcidSlime_M": {
    "MOVES": [
      "Escupitajo Corrosivo",
      "Lamer"
    ],
    "NAME": "Babosa Ácida (M)",
    "DIALOG": [
      ""
    ]
  },
  "AcidSlime_S": {
    "MOVES": [],
    "NAME": "Babosa Ácida (S)",
    "DIALOG": [
      ""
    ]
  },
  "Apology Slime": {
    "MOVES": [],
    "NAME": "Babosa Apenada",
    "DIALOG": [
      ""
    ]
  },
  "AwakenedOne": {
    "MOVES": [
      "Golpe de alma",
      "Ecos oscuros",
      "Purificar",
      "Enfangar"
    ],
    "NAME": "El Despertado",
    "DIALOG": [
      "~Grr~ ~.~ ~.~ ~.~",
      "~No~ ~.~ ~.~ ~.~ ~no~ ~.~ ~.~ NL ~.~ ~.~ ~no~ ~.~ ~.~ ~.~"
    ]
  },
  "BanditBear": {
    "MOVES": [
      ""
    ],
    "NAME": "Oso",
    "DIALOG": [
      ""
    ]
  },
  "BanditChild": {
    "MOVES": [
      ""
    ],
    "NAME": "Puntiagudo",
    "DIALOG": [
      "¡¡¡Osoooo!!!!"
    ]
  },
  "BanditLeader": {
    "MOVES": [
      ""
    ],
    "NAME": "Romeo",
    "DIALOG": [
      "¡Agárralos, Oso!!",
      "¡¡Pagaréis por esto!!",
      "¡Nooooooo, Oso!"
    ]
  },
  "BookOfStabbing": {
    "MOVES": [
      ""
    ],
    "NAME": "Libro Apuñalador",
    "DIALOG": [
      ""
    ]
  },
  "BronzeAutomaton": {
    "MOVES": [
      "HYPER BEAM"
    ],
    "NAME": "Autómata de Bronce",
    "DIALOG": [
      ""
    ]
  },
  "BronzeOrb": {
    "MOVES": [
      ""
    ],
    "NAME": "Orbe de Bronce",
    "DIALOG": [
      ""
    ]
  },
  "Byrd": {
    "MOVES": [
      ""
    ],
    "NAME": "Jáparo",
    "DIALOG": [
      "@CAW!@ NL @CAAAW@",
      ""
    ]
  },
  "Centurion": {
    "MOVES": [
      ""
    ],
    "NAME": "Centurión",
    "DIALOG": [
      ""
    ]
  },
  "Champ": {
    "MOVES": [
      "Posición defensiva",
      "Ejecutar",
      "Bofetada"
    ],
    "NAME": "El Campeón",
    "DIALOG": [
      "¿A eso lo llamas un arma?",
      "¡Ven aqui!",
      "¡Haz lo peor que se te ocurra! NL @¡JAJAJA!@",
      "¡Te dejo golpear primero! NL ¡Debilucho inservible!",
      "~Lo~ ~Has~ ~Hecho~ ~ahora...~",
      "@¿¿DERROTA??@ NL @¡¡IMPOSIBLE!!@",
      "~MUERE~ ~.~ ~.~ ~.~",
      "¡Enfréntate a mi furia!"
    ]
  },
  "Chosen": {
    "MOVES": [
      ""
    ],
    "NAME": "Elegido",
    "DIALOG": [
      "~Sufre...~"
    ]
  },
  "CorruptHeart": {
    "MOVES": [
      ""
    ],
    "NAME": "Corazón Corrupto",
    "DIALOG": [
      ""
    ]
  },
  "Cultist": {
    "MOVES": [
      "",
      "",
      "Conjuro"
    ],
    "NAME": "Cultista",
    "DIALOG": [
      "@¡MI@ @PODER@ @NO@ @TIENE@ NL @PAR!@",
      "@¡NO@ @PERTENECES@ NL @AQUI!@",
      "~Mis~ ~poderes~ NL ~fueron~ ~igualados...~"
    ]
  },
  "Dagger": {
    "MOVES": [
      ""
    ],
    "NAME": "Dagger",
    "DIALOG": [
      ""
    ]
  },
  "Darkling": {
    "MOVES": [
      "¡Ñam! ¡Ñam!"
    ],
    "NAME": "Prole Oscura",
    "DIALOG": [
      "Regenerándose..."
    ]
  },
  "Deca": {
    "MOVES": [
      ""
    ],
    "NAME": "Deca",
    "DIALOG": [
      ""
    ]
  },
  "Donu": {
    "MOVES": [
      "Círculo de poder"
    ],
    "NAME": "Donu",
    "DIALOG": [
      ""
    ]
  },
  "Exploder": {
    "MOVES": [
      ""
    ],
    "NAME": "Explosivo",
    "DIALOG": [
      ""
    ]
  },
  "FireOrb": {
    "MOVES": [
      ""
    ],
    "NAME": "Orbe de Fuego",
    "DIALOG": [
      ""
    ]
  },
  "FlameBruiser": {
    "MOVES": [
      ""
    ],
    "NAME": "Matón en Llamas",
    "DIALOG": [
      ""
    ]
  },
  "FungiBeast": {
    "MOVES": [
      "Crecer"
    ],
    "NAME": "Bestia Fungi",
    "DIALOG": [
      ""
    ]
  },
  "FuzzyLouseDefensive": {
    "MOVES": [
      "Escupir telaraña"
    ],
    "NAME": "Piojo",
    "DIALOG": [
      ""
    ]
  },
  "FuzzyLouseNormal": {
    "MOVES": [
      "Crecer"
    ],
    "NAME": "Piojo",
    "DIALOG": [
      ""
    ]
  },
  "GiantHead": {
    "MOVES": [
      ""
    ],
    "NAME": "Cabeza Gigante",
    "DIALOG": [
      "~Es~ ~la~ ~hora~",
      "~Hasta~ ~Luego~",
      "~Tic~ ~Tac~ NL ~Tic~ ~Tac~",
      "~Por~ ~qué~ ~estas~ NL ~todavia~ ~aqui?~"
    ]
  },
  "GremlinFat": {
    "MOVES": [
      "Golpetazo"
    ],
    "NAME": "Gremlin obeso",
    "DIALOG": [
      "",
      "",
      "@Oh@ @no,@ NL @oh@ @no,@ NL @¡oH@ @NO!@"
    ]
  },
  "GremlinLeader": {
    "MOVES": [
      "¡Reagrupaos!"
    ],
    "NAME": "Gremlin Líder",
    "DIALOG": [
      "¡Rendirse no es una opción!",
      "¡Esto aún no ha acabado!",
      "¡Atrapadlos!",
      "@¡Retirada@ NL @Retiradaaaa!@",
      "@¡Corred!@"
    ]
  },
  "GremlinNob": {
    "MOVES": [
      "Golpe al cráneo",
      "Carga de embestida"
    ],
    "NAME": "Gremlin Idiota",
    "DIALOG": [
      "@¡¡RRrroohrrRGHHhhh!!@"
    ]
  },
  "GremlinThief": {
    "MOVES": [
      ""
    ],
    "NAME": "Gremlin Ladrón",
    "DIALOG": [
      "",
      "@Traeré@ @un poco@ NL @más de@ @ayuda@ ",
      "@Pero@ @¡¿qué?!@"
    ]
  },
  "GremlinTsundere": {
    "MOVES": [
      "Proteger",
      "Golpe con escudo"
    ],
    "NAME": "Gremlin Reservado",
    "DIALOG": [
      "",
      "~Hasta~ ~Luego...~",
      "Esto no es bueno..."
    ]
  },
  "GremlinWarrior": {
    "MOVES": [
      "Garra"
    ],
    "NAME": "Gremlin Guerrero",
    "DIALOG": [
      "",
      "@¡Voy@ @a@ NL @buscar@ @ayuda!@",
      "¡Me voy de aqui!"
    ]
  },
  "GremlinWizard": {
    "MOVES": [
      "Cargando",
      "Golpe Final"
    ],
    "NAME": "Gremlin Mago",
    "DIALOG": [
      "",
      "¡Cargando!",
      "¡¡~Aquí~ ~viene!!~",
      "@¡Voy@ @a@ NL @buscar@ @ayuda!@",
      "~Muy...~ NL ~peligroso...~ NL ~adios...~"
    ]
  },
  "Healer": {
    "MOVES": [
      ""
    ],
    "NAME": "Curandero",
    "DIALOG": [
      ""
    ]
  },
  "Hexaghost": {
    "MOVES": [
      "Prender",
      "Abrasar",
      "Infierno"
    ],
    "NAME": "Hexafantasma",
    "DIALOG": []
  },
  "HexaghostBody": {
    "MOVES": [],
    "NAME": "",
    "DIALOG": []
  },
  "HexaghostOrb": {
    "MOVES": [],
    "NAME": "",
    "DIALOG": []
  },
  "JawWorm": {
    "MOVES": [
      "Grito",
      "Azotar"
    ],
    "NAME": "Gusano Dentudo",
    "DIALOG": [
      ""
    ]
  },
  "Lagavulin": {
    "MOVES": [
      "Succionar alma"
    ],
    "NAME": "Lagavulin",
    "DIALOG": [
      "",
      "... NL .....",
      "¿...? NL ¡¿.....?!",
      "@¡¡¡!!!@ NL @¡¿¿¿???!@"
    ]
  },
  "Looter": {
    "MOVES": [
      "Asalto",
      "Robar"
    ],
    "NAME": "Saqueador",
    "DIALOG": [
      "¡Dame tu oro!",
      "@¡NOOOoooo!@",
      "¿Dónde está mi bomba de humo?... Déjame ver...",
      "Gracias por el dinero, jeje"
    ]
  },
  "Maw": {
    "MOVES": [
      ""
    ],
    "NAME": "Las Fauces",
    "DIALOG": [
      "@¡¡RRrrohrrRGHhh!!@"
    ]
  },
  "Mugger": {
    "MOVES": [
      "Asalto",
      "Robar"
    ],
    "NAME": "Carterista",
    "DIALOG": [
      "¡Dame eso!",
      "¡Me largo!"
    ]
  },
  "Nemesis": {
    "MOVES": [
      ""
    ],
    "NAME": "Némesis",
    "DIALOG": [
      ""
    ]
  },
  "Orb Walker": {
    "MOVES": [
      "Aumento de Fuerza"
    ],
    "NAME": "Orbe Andante",
    "DIALOG": [
      "Activando NL escudos."
    ]
  },
  "Puppeteer": {
    "MOVES": [
      ""
    ],
    "NAME": "Maestro de Marionetas",
    "DIALOG": [
      ""
    ]
  },
  "Reptomancer": {
    "MOVES": [
      ""
    ],
    "NAME": "Vibora Vidente",
    "DIALOG": [
      ""
    ]
  },
  "Repulsor": {
    "MOVES": [
      ""
    ],
    "NAME": "Repulsor",
    "DIALOG": [
      ""
    ]
  },
  "Sentry": {
    "MOVES": [
      "Desintegrar"
    ],
    "NAME": "Centinela",
    "DIALOG": [
      ""
    ]
  },
  "Serpent": {
    "MOVES": [
      ""
    ],
    "NAME": "Víbora",
    "DIALOG": [
      ""
    ]
  },
  "Shelled Parasite": {
    "MOVES": [
      ""
    ],
    "NAME": "Parásito con Caparazón",
    "DIALOG": [
      ""
    ]
  },
  "SlaverBlue": {
    "MOVES": [
      "Rastrillar"
    ],
    "NAME": "Esclavista",
    "DIALOG": [
      ""
    ]
  },
  "SlaverBoss": {
    "MOVES": [
      ""
    ],
    "NAME": "Capataz",
    "DIALOG": [
      ""
    ]
  },
  "SlaverRed": {
    "MOVES": [
      "Raspar",
      "Enredar"
    ],
    "NAME": "Esclavista",
    "DIALOG": [
      ""
    ]
  },
  "SlimeBoss": {
    "MOVES": [
      "Golpe",
      "Preparando",
      "Dividirse",
      "Chorro de baba"
    ],
    "NAME": "Rey Babosa",
    "DIALOG": [
      "~Baba...~ NL #r~¡¡¡APLASTA!!!~",
      ""
    ]
  },
  "SnakePlant": {
    "MOVES": [
      "Esporas debilitantes"
    ],
    "NAME": "Lengua de Tigre",
    "DIALOG": [
      ""
    ]
  },
  "Snecko": {
    "MOVES": [
      "Mirada confundidora",
      "Golpe de cola",
      "Mordida"
    ],
    "NAME": "Serpentija",
    "DIALOG": [
      ""
    ]
  },
  "SphericGuardian": {
    "MOVES": [
      ""
    ],
    "NAME": "Guardián Esférico",
    "DIALOG": [
      "~Intruso~ NL ~Detectado~"
    ]
  },
  "SpikeSlime_L": {
    "MOVES": [
      "Lamer",
      "Dividirse"
    ],
    "NAME": "Babosa Puntiaguda (L)",
    "DIALOG": [
      ""
    ]
  },
  "SpikeSlime_M": {
    "MOVES": [
      "Lamer"
    ],
    "NAME": "Babosa Puntiaguda (M)",
    "DIALOG": [
      ""
    ]
  },
  "SpikeSlime_S": {
    "MOVES": [],
    "NAME": "Babosa Puntiaguda (S)",
    "DIALOG": [
      ""
    ]
  },
  "Spiker": {
    "MOVES": [
      ""
    ],
    "NAME": "Punzante",
    "DIALOG": [
      ""
    ]
  },
  "TheCollector": {
    "MOVES": [
      ""
    ],
    "NAME": "El Coleccionista",
    "DIALOG": [
      "@Eres@ @@ @mio!@"
    ]
  },
  "TheGuardian": {
    "MOVES": [
      "Modo Defensivo",
      "Impacto fuerte",
      "Rodar",
      "Doble golpe",
      "Torbellino",
      "Potenciando",
      "Descargar vapor"
    ],
    "NAME": "El Guardián",
    "DIALOG": [
      "#b~..Enfri...~ NL #b~...ando...~",
      "Defendiendo...",
      "#r@DESTRUIR@ NL #r@DESTRUIR@ NL #r@DESTRUIR@",
      "#r@PELIGRO@ NL #r@PELIGRO@ NL #r@PELIGRO@"
    ]
  },
  "TheGuardianOrb": {
    "MOVES": [],
    "NAME": "",
    "DIALOG": []
  },
  "TimeEater": {
    "MOVES": [
      ""
    ],
    "NAME": "Devorador de Tiempo",
    "DIALOG": [
      "~Ah...~ NL ~..compañía...~",
      "~Ilusos..~ NL @ILUSOOS!@"
    ]
  },
  "TorchHead": {
    "MOVES": [
      ""
    ],
    "NAME": "Cabeza Antorcha",
    "DIALOG": [
      ""
    ]
  },
  "Transient": {
    "MOVES": [
      ""
    ],
    "NAME": "Transeunte",
    "DIALOG": [
      ""
    ]
  }
}