{
  "Accursed": {
    "NAME": "Окаяння",
    "DESCRIPTION": [
      "Щоразу Ви поб’єте Князя, отримаєте #b",
      " випадкових #yПрокляття.",
      ""
    ]
  },
  "BlightedDurian": {
    "NAME": "Після Дуріана",
    "DESCRIPTION": [
      "Втрачаєте #b",
      "% макс. ОЗ."
    ]
  },
  "DeadlyEnemies": {
    "NAME": "Спис моровиці",
    "DESCRIPTION": [
      "Вороги наносять на #b",
      "% більше шкоди."
    ]
  },
  "FullBelly": {
    "NAME": "Без-апетитність",
    "DESCRIPTION": [
      "Ви більше не можете збільшити макс. ОЗ. Усе зцілення зменшується вдвічі."
    ]
  },
  "GraspOfShadows": {
    "NAME": "Зараження нечистю",
    "DESCRIPTION": [
      "Вороги починають бій з #b",
      " #yУхилянням."
    ]
  },
  "GrotesqueTrophy": {
    "NAME": "Спотворений трофей",
    "DESCRIPTION": [
      "Підбираючи, отримуєте #b",
      " #rГордині.",
      "Ваша гординя спотворена..."
    ]
  },
  "MetallicRebirth": {
    "NAME": "Стародавнє зміцнення",
    "DESCRIPTION": [
      "Вороги починають бій з #b",
      " #yАртефактами, #b",
      " #yПанцирної #yброні, та #b",
      " #yВідродження."
    ]
  },
  "MimicInfestation": {
    "NAME": "Зараження Елітою",
    "DESCRIPTION": [
      "У майбутніх Актах, скарбниці замінюються Елітою. Еліта більше не залишає по собі амулети."
    ]
  },
  "Scatterbrain": {
    "NAME": "Розсіювання",
    "DESCRIPTION": [
      "Тасуєте на #b",
      " менше карт у кожному ході.",
      ""
    ]
  },
  "TimeMaze": {
    "NAME": "Часовий лабіринт",
    "DESCRIPTION": [
      "Ви не можете грати більше #b",
      " карт за хід.",
      "Я не можу зіграти більше NL #r карт"
    ]
  },
  "ToughEnemies": {
    "NAME": "Щит моровиці",
    "DESCRIPTION": [
      "Вороги мають на #b",
      "% більше ОЗ."
    ]
  },
  "TwistingMind": {
    "NAME": "Кривизна розуму",
    "DESCRIPTION": [
      "Наприкінці Вашого руху, додає #b",
      " випадкову Статус карту наверх добору.",
      ""
    ]
  },
  "VoidEssence": {
    "NAME": "Сутність порожнечі",
    "DESCRIPTION": [
      "Отримуєте на #b",
      " менше [R] на початку кожного руху.",
      " менше [G] на початку кожного руху.",
      " менше [B] на початку кожного руху."
    ]
  }
}