{
  "AchievementGrid": {
    "NAMES": [
      "へっちゃら",
      "祓い清め",
      "かかって来い",
      "契約",
      "アドレナリン",
      "パワフル",
      "J.A.X.中毒",
      "不動",
      "バリケード",
      "触媒",
      "伝染病",
      "ニンジャ",
      "無限",
      "人畜無害",
      "パーフェクト",
      "ガーディアン",
      "ゴースト",
      "ザ・ボス",
      "オートマトン",
      "コレクター",
      "チャンピオン",
      "クロウ",
      "形あるもの",
      "タイムイーター",
      "ルビー",
      "エメラルド",
      "秘密の実績",
      "レリックって必要？",
      "スピードクライマー",
      "アセンド 0",
      "アセンド 10",
      "ミニマリスト",
      "やった！ドーナツ！",
      "サファイア",
      "コモンセンス",
      "集束",
      "ネオン",
      "エナジーは過大評価",
      "今日はツイてる",
      "消えゆくもの",
      "アセンド 20"
    ],
    "TEXT": [
      "残りHPが1の状態で戦闘に勝利。",
      "手札、山札、捨て札の合計を3枚以下にする。",
      "アタックをプレイせずに戦闘に勝利する。",
      "1回の戦闘で20枚のカードを廃棄する。",
      "戦闘中に1ターンに9つのエナジーを所持する。",
      "戦闘中に10以上のバフを得る。",
      "戦闘中に50以上の筋力を得る。",
      "戦闘中に99以上のブロックを得る。",
      "戦闘中に999のブロックを得る。",
      "敵1体に99以上の毒を与える。",
      "1回の戦闘中に毒のみを使って敵3体を倒す。",
      "1ターンの間にナイフを10回プレイする。",
      "1ターンの間に25枚のカードをプレイする。",
      "1ターン目にボスを倒す。",
      "ダメージを受けずにボスを倒す。",
      "ガーディアンを倒す。",
      "ヘクサゴーストを倒す。",
      "スライム・ボスを倒す。",
      "ブロンズ・オートマトンを倒す。",
      "コレクターを倒す。",
      "チャンプを倒す。",
      "目覚めし者を倒す。",
      "ドヌー＆デカを倒す。",
      "タイムイーターを倒す。",
      "アイアンクラッドでゲームをクリアする。",
      "サイレントでゲームをクリアする。",
      "この実績の詳細は、1度アンロックすれば表示される。",
      "1つのレリックのみでゲームをクリアする。",
      "20分以内にゲームをクリアする。",
      "アセンションモードをアンロックする。",
      "アセンションレベル10をクリアする。",
      "5枚以下のデッキでゲームをクリアする。",
      "ドヌーを捕食する。",
      "ディフェクトでゲームをクリアする。",
      "アンコモンとレアを含まないデッキでゲームをクリアする。",
      "戦闘中に25以上の集中力を得る。",
      "1ターンの間に9つのプラズマを生成する。",
      "1ターンの間に10枚以上の0コストのカードをプレイする。",
      "デイリークライムをクリアする。",
      "消え去ってしまう前に、消えゆくものを倒す。",
      "アセンションレベル20をクリアする。"
    ]
  },
  "CharStat": {
    "NAMES": [],
    "TEXT": [
      "プレイ時間： ",
      "勝利数： #y",
      "戦闘不能： #y",
      "フロア踏破数： #y",
      "ボス撃破数合計： #y",
      "敵モンスター撃破数： #y",
      "クリスタル使用： #y",
      "発見したカード： #y",
      "アンロックしたカード： #y",
      "発見したレリック： #y",
      "アンロックしたレリック： #y",
      "最高到達階： #y",
      "最高デイリー： #y",
      "最速クリア時間： ",
      "ボス： ",
      "： #g撃破済 NL ",
      "： #r未撃破 NL ",
      "クリア回数： #y",
      "戦闘不能： #y",
      "フロア踏破数： #y",
      "ボス撃破数： #y",
      "敵モンスター撃破数： #y",
      "最高連続クリア回数: #y",
      "ハイスコア: #y"
    ]
  },
  "StatsScreen": {
    "NAMES": [
      "#y全体の統計",
      "#y実績",
      "#rアイアンクラッド",
      "#gサイレント",
      "#bディフェクト"
    ],
    "TEXT": [
      "戻る"
    ]
  }
}