{
  "Dark": {
    "DESCRIPTION": [
      "#y自動効果: ターン終了時、 このオーブのダメージが #b",
      "増加する。 NL #y解放: 最もHPが少ない敵に #b",
      " ダメージを与える。"
    ],
    "NAME": "ダーク"
  },
  "Empty": {
    "DESCRIPTION": [
      "オーブはこのスロットに 生成 される。"
    ],
    "NAME": "オーブスロット"
  },
  "Frost": {
    "DESCRIPTION": [
      "#y自動効果: ターン終了時、 #b",
      " #yブロック を得る。 NL #y解放: #b",
      " #yブロック を得る。"
    ],
    "NAME": "フロスト"
  },
  "Lightning": {
    "DESCRIPTION": [
      "#y自動効果: ターン終了時、 ランダムな敵に #b",
      " ダメージを与える。 NL #y解放: ランダムな敵に #b",
      " ダメージを与える。"
    ],
    "NAME": "ライトニング"
  },
  "Plasma": {
    "DESCRIPTION": [
      "#y自動効果: ターン開始時、 [B] を得る。 NL #y解放: #b",
      " [B] を得る。 NL プラズマ は #y集中力 の影響を受けない。"
    ],
    "NAME": "プラズマ"
  }
}