{
  "Ancient Potion": {
    "NAME": "古代のポーション",
    "DESCRIPTIONS": [
      "#yアーティファクト #b",
      " を得る。"
    ]
  },
  "Block Potion": {
    "NAME": "ブロックポーション",
    "DESCRIPTIONS": [
      "#yブロック #b",
      " を得る。"
    ]
  },
  "Dexterity Potion": {
    "NAME": "機敏ポーション",
    "DESCRIPTIONS": [
      "#y敏捷性 #b",
      " を得る。"
    ]
  },
  "Elixir": {
    "NAME": "エリクサー",
    "DESCRIPTIONS": [
      "",
      "",
      "手札の #y呪い と #y状態異常 を すべて #y廃棄 する。",
      "",
      "効果がなかった..."
    ]
  },
  "Energy Potion": {
    "NAME": "エナジーポーション",
    "DESCRIPTIONS": [
      "#yエナジー #b",
      " を得る。"
    ]
  },
  "Explosive Potion": {
    "NAME": "爆発ポーション",
    "DESCRIPTIONS": [
      "ダメージ #b",
      " を与える（敵全体）。"
    ]
  },
  "Fire Potion": {
    "NAME": "火炎ポーション",
    "DESCRIPTIONS": [
      "ダメージ #b",
      " を与える。"
    ]
  },
  "Health Potion": {
    "NAME": "回復ポーション",
    "DESCRIPTIONS": [
      "HP #b",
      " を回復。"
    ]
  },
  "Poison Potion": {
    "NAME": "毒ポーション",
    "DESCRIPTIONS": [
      "#y毒 #b",
      " を与える。"
    ]
  },
  "Potion Slot": {
    "NAME": "ポーションスロット",
    "DESCRIPTIONS": [
      "戦闘中にポーションを使用して #gボーナス 効果を得たり敵の #r妨害 をする。",
      "ポーションスロット"
    ]
  },
  "Regen Potion": {
    "NAME": "再生ポーション",
    "DESCRIPTIONS": [
      "#y再生 #b",
      " を得る。",
      ""
    ]
  },
  "Strength Potion": {
    "NAME": "筋力ポーション",
    "DESCRIPTIONS": [
      "#y筋力 #b",
      " を得る。"
    ]
  },
  "Swift Potion": {
    "NAME": "加速ポーション",
    "DESCRIPTIONS": [
      "",
      "カードを #b",
      " 枚を引く。"
    ]
  },
  "Weak Potion": {
    "NAME": "脱力ポーション",
    "DESCRIPTIONS": [
      "#y脱力 #b",
      " を与える。"
    ]
  },
  "Fruit Juice": {
    "NAME": "フルーツジュース",
    "DESCRIPTIONS": [
      "最大HP+ #b",
      " 。"
    ]
  },
  "FearPotion": {
    "NAME": "恐怖ポーション",
    "DESCRIPTIONS": [
      "#y弱体 #b",
      " を与える。"
    ]
  },
  "SkillPotion": {
    "NAME": "スキルポーション",
    "DESCRIPTIONS": [
      "#b3 枚のランダムな #yスキル から #b1 枚選び、手札に加える。このターン、そのコストは #b0 。"
    ]
  },
  "AttackPotion": {
    "NAME": "アタックポーション",
    "DESCRIPTIONS": [
      "#b3 枚のランダムな #yアタック から #b1 枚選び、手札に加える。このターン、そのコストは #b0 。"
    ]
  },
  "PowerPotion": {
    "NAME": "パワーポーション",
    "DESCRIPTIONS": [
      "#b3 枚のランダムな #yパワー から #b1 枚選び、手札に加える。このターン、そのコストは #b0 。"
    ]
  },
  "SteroidPotion": {
    "NAME": "ステロイドポーション",
    "DESCRIPTIONS": [
      "#y筋力 #b",
      " を得る。ターン終了時に #y筋力 #b",
      " を失う。"
    ]
  },
  "SpeedPotion": {
    "NAME": "スピードポーション",
    "DESCRIPTIONS": [
      "#y敏捷性 #b",
      " を得る。ターン終了時に #y敏捷性 #b",
      " を失う。"
    ]
  },
  "GhostInAJar": {
    "NAME": "幽霊瓶",
    "DESCRIPTIONS": [
      "#y無形 #b",
      " を得る。"
    ]
  },
  "FocusPotion": {
    "NAME": "集中ポーション",
    "DESCRIPTIONS": [
      "#y集中力 #b",
      " を得る。"
    ]
  },
  "SneckoOil": {
    "NAME": "スネッコオイル",
    "DESCRIPTIONS": [
      "#y混乱 する。 カードを #b",
      " 枚引く。",
      " 枚引く。"
    ]
  },
  "LiquidBronze": {
    "NAME": "液体ブロンズ",
    "DESCRIPTIONS": [
      "#yトゲ #b",
      " を得る。"
    ]
  },
  "GamblersBrew": {
    "NAME": "賭博師の醸造酒",
    "DESCRIPTIONS": [
      "好きな枚数のカードを捨て、同じ枚数のカードを引く。"
    ]
  },
  "EssenceOfSteel": {
    "NAME": "鉄のエッセンス",
    "DESCRIPTIONS": [
      "#yプレートアーマー #b",
      " を得る。"
    ]
  },
  "BloodPotion": {
    "NAME": "ブラッドポーション",
    "DESCRIPTIONS": [
      "最大HPの #b",
      "% を回復する。"
    ]
  },
  "FairyPotion": {
    "NAME": "瓶詰の妖精",
    "DESCRIPTIONS": [
      "戦闘不能時、 最大HPの #b10% で復活し、このポーションを失う。"
    ]
  },
  "SmokeBomb": {
    "NAME": "煙玉",
    "DESCRIPTIONS": [
      "ボス以外の戦闘から逃走する。報酬は得られない。"
    ]
  },
  "EntropicBrew": {
    "NAME": "エントロピー醸造",
    "DESCRIPTIONS": [
      "すべての空きポーションスロットをランダムなポーションで満たす。"
    ]
  }
}