{
  "Crowbot": {
    "NAMES": [
      "烏鴉機器人"
    ],
    "TEXT": [
      "滴滴 嘟嘟"
    ]
  },
  "Defect": {
    "NAMES": [
      "故障機器人"
    ],
    "TEXT": [
      "一具產生了自我意識的戰鬥型機器人。 NL 它裝載的遠古科技讓它可以操控充能球。"
    ]
  },
  "Ironclad": {
    "NAMES": [
      "鐵衛士"
    ],
    "TEXT": [
      "鐵衛軍團殘留下的士兵。 NL 他出賣自己的靈魂，獲得了惡魔的力量。"
    ]
  },
  "Merchant": {
    "NAMES": [
      "前進",
      "~歡迎啊！~"
    ],
    "TEXT": [
      "你好啊！ NL 買點什麼吧！ NL 買買買！",
      "你的髮型很不錯哦",
      "看起來你還挺閒的喔？",
      "你是犬派還是貓派？",
      "你看起來很 ~危險~ 啊， NL 嘿嘿……",
      "慢慢看…… NL …… NL ……不慢也行",
      "你喜歡這張地毯嗎？ NL 可惜這個不賣",
      "要支持我這樣的小店啊！",
      "面具就是酷，我也是同黨啊！",
      "哼嗯…… NL …唔… NL 啊！",
      "多留會兒，聽聽音樂啊！",
      "一個人前進太危險了！把你的錢都給我吧！",
      "買點什麼吧",
      "~哈~  ~欠~",
      "我喜歡金幣。",
      "我最喜歡的顏色是藍色。 NL 你呢？"
    ]
  },
  "Neow Event": {
    "NAMES": [
      "涅奧"
    ],
    "TEXT": [
      "~你好……~ NL ~我是…~ ~涅奧~……~",
      "~你又…~ NL ~來啦……~",
      "~你好……~",
      "~還想~ NL ~再來……？~",
      "~見到~ ~首領...~ NL ~就能獲得我的…~ ~祝福……~",
      "~至少…~ ~也要見到~ NL ~第一個~ ~首領~ ~吧……~",
      "~我把你~ ~帶回來了……~",
      "~選擇……~",
      "~實現了……~",
      "~風險……~ NL ~與回報……~",
      "~來試試~ NL ~挑戰~ ~吧……~",
      "獎勵",
      "~讓我們~ ~繼續~ ~吧……~",
      "~只會~ ~越來~ ~越難……~",
      "~了不起……~ ~繼續……~",
      "詛咒！",
      "雜念！",
      "轉化！"
    ],
    "OPTIONS": [
      "[繼續]",
      "[對話]",
      "[跳過]",
      "[離開]",
      "選擇10張牌加入牌組"
    ]
  },
  "Neow Reward": {
    "NAMES": [],
    "TEXT": [
      "[ #g選擇並獲得 #g1 #g張牌 ]",
      "[ #g隨機獲得 #g1 #g張稀有卡 ]",
      "[ #g從牌組中移除 #g1 #g張牌 ]",
      "[ #g升級 #g1 #g張牌 ]",
      "[ #g變化 #g1 #g張牌 ]",
      "[ #g獲得 #g3 #g瓶藥水 ]",
      "[ #g隨機獲得一件普通遺物 ]",
      "[ #g最大生命值 #g+",
      "[ #g獲得 #g",
      " #g金幣 ]",
      "#g移除 #g2 #g張卡 ]",
      "#g獲得一件罕見遺物 ]",
      "#g選擇並獲得 #g1 #g張稀有卡 ]",
      "#g獲得 #g",
      " #g金幣 ]",
      "#g變化 #g2 #g張牌 ]",
      "#g最大生命 #g+",
      "[ #r失去 #r",
      " #r最大生命 ",
      "[ #r失去所有金幣 ",
      "[ #r得到 #r1 #r張詛咒牌 ",
      "[ #r受到 #r",
      "選 1 張牌",
      "選擇 1 張牌移除",
      "選擇 2 張牌移除",
      "選擇 1 張牌變化",
      "選擇 2 張牌變化",
      "選擇 1 張牌升級",
      "[ #g接下來 #g3 #g場戰鬥中的敵人將只有 #g1 #g點生命 ]",
      " #r點傷害"
    ],
    "UNIQUE_REWARDS": [
      "[ #r失去你的初始遺物 #g隨機獲得一件首領遺物 ]"
    ]
  },
  "Shop Screen": {
    "NAMES": [
      "~歡迎~ NL ~歡迎！~",
      "哎呀呀， NL 這點 #r金幣 可不夠啊。",
      "嘿兄弟，你沒 #r錢 啊！",
      "沒錢啦？",
      "你的 #r金幣 不夠。",
      "這個你買不起。",
      "我這兒不是做慈善的。",
      "~謝~  ~啦~",
      "又一筆買賣…… NL 嚯嚯嚯！ NL 有得 @賺！@ ",
      "@成交！@",
      "概不退換。",
      "祝你順利啊。",
      "離開",
      "從牌組中選擇一張牌移除"
    ],
    "TEXT": [
      "嗨！ NL 買點什麼吧！ NL 買買買！",
      "你的髮型很不錯哦",
      "看起來你還挺閒？",
      "你是犬派還是貓派？",
      "你看起來很 ~危險~ 啊， NL 嘿嘿……",
      "慢慢看…… NL …… NL ……不慢也行",
      "你喜歡這張地毯嗎？ NL 可惜這個不賣",
      "要支持我這樣的小店啊！",
      "面具就是酷，我也是同黨啊！",
      "你有沒有看見我的送貨員？",
      "多留會兒，聽聽音樂啊！",
      "一個人前進太危險了！把你的錢都給我吧！",
      "買點什麼吧",
      "~哈~  ~欠~",
      "我喜歡金幣。",
      "我最喜歡的顏色是藍色。 NL 你呢？"
    ]
  },
  "Silent": {
    "NAMES": [
      "寂靜獵手"
    ],
    "TEXT": [
      "來自霧霾之地的致命女獵手。 NL 使用匕首和劇毒來消滅敵人。"
    ]
  }
}