{
  "Accursed Blacksmith": {
    "NAME": "邪惡熔爐",
    "DESCRIPTIONS": [
      "你鑽進一個小屋，在裡面似乎有一個鍛造熔爐，旁邊的鐵匠工具都已經佈滿了灰塵，可是爐中的火卻仍然熊熊燃燒。你覺得有些不安……",
      "你決定好好利用這個熔爐…… NL #y@鐺@ #y@鐺@ #y@鐺！@ NL ……來強化你的卡牌！",
      "你決定看看能不能找到什麼其他有用的東西。在掀開不少蓋布、翻開不少箱子和在角落四處搜尋之後，你找到了一個滿是灰塵的 #y~遺物~ ！",
      "在鍛造快要完成的時候，熔爐中的火焰突然躥到了你的手臂上， #r@燒傷@ 了你……",
      " NL NL 拿走遺物離開時，你突然感覺到一陣揮之不去的 #r~劇烈疼痛~ ，或許是你的行為驚動了什麼惡靈？",
      "看來沒什麼能用上的東西，你從來路退了出去。熔爐中的火焰在牆上投射下了 #p~詭異的影子~ ……"
    ],
    "OPTIONS": [
      "[鍛造] #g升級一張牌",
      "[翻找] #g獲得一件特別遺物。 #r被詛咒──疼痛",
      "[離開]",
      "選擇一張牌升級",
      "[鎖定] 需要： 可以升級的牌"
    ]
  },
  "Addict": {
    "NAME": "流浪漢的懇求",
    "DESCRIPTIONS": [
      "你想要從一群披著斗篷的人旁邊偷偷潛行過去，其中一個跑到了你面前。 NL 「你能給我點什麼嗎，朋友？ 求求你了……一點 #y小錢 就好？」 NL 「我只是需要找個地方過夜，我身上有財寶可以交換……」 NL 他看起來有點瘋瘋癲癲的，但似乎並不危險。",
      "「啊啊，太好了， ~太好了！~ 來來，給你，公平交易！」",
      "你一把抓過他手中珍貴的 #y遺物 轉身就走。 NL 身後傳來他的聲音： NL 「你不知道什麼是羞恥嗎？ ~你就~ ~不知道~ ~什麼是羞恥嗎？！~」 NL 你確實感到了一點 #p羞恥 。"
    ],
    "OPTIONS": [
      "[給他金幣] #y",
      " #y金幣： #g獲得一件遺物",
      "[鎖定] 需要： ",
      " 金幣",
      "[搶奪] #g獲得一件遺物。 #r被詛咒──羞恥",
      "[離開]",
      "",
      ""
    ]
  },
  "Back to Basics": {
    "NAME": "古老文字",
    "DESCRIPTIONS": [
      "在攀爬城市區時，你注意到一面牆壁上寫滿了 #y~先古之民~ 的文字。你正在努力推理這些奇怪的符號和圖案可能的意思，卻發現文字開始 #b~發起了光~ 。 NL 突然之間，文字的意義變得清晰了……",
      "答案當然是簡潔。",
      "真相總是樸素的。"
    ],
    "OPTIONS": [
      "[簡約] #g從牌組中移除一張牌",
      "[質樸] #g升級所有 #g打擊 #g與 #g防禦",
      "選擇一張牌移除",
      "[離開]"
    ]
  },
  "Beggar": {
    "NAME": "老乞丐",
    "DESCRIPTIONS": [
      "一個裹著毛衣的老乞丐在你經過時向你伸出了雙手，他對你說：「施捨點錢吧，孩子？」",
      "乞丐在你經過時低頭看著地板，喃喃自語： NL 「你永遠也成就不了什麼事情的……永遠不會。」",
      "乞丐突然脫下了外套，原來他是 #b牧師 ！ NL @「你真是個善良的人，接受我的淨化吧！」@ 他大聲叫起來。 NL 老實說你有點不知道他是在開心還是在生氣。",
      "@「希望你這次能做得更好啊，朋友！」@ 他衝你喊著。 NL 你玩味著這句話中暗藏的意思，繼續向前出發。"
    ],
    "OPTIONS": [
      "[給金幣] #y",
      " #y金幣： #g從牌組中移除一張牌",
      "[鎖定] 需要： ",
      " 金幣",
      "[繼續]",
      "[離開]",
      "選擇一張牌移除"
    ]
  },
  "Big Fish": {
    "NAME": "要吃還是要盒",
    "DESCRIPTIONS": [
      "當你走過一條長廊時，你看見空中 ~漂浮~ 著 #y一根香蕉 ， #y一個甜甜圈 ， 和 #y一個盒子 。 不……仔細一看，它們都是被用繩子繫著，從天花板上的幾個洞裡懸掛下來的。你在接近這幾樣東西時，上方似乎傳來一陣 @咯咯@ 的笑聲。 NL 你會怎麼做？",
      "你吃下了 #y香蕉 ，它很有營養，似乎還有些 #b魔法 ，回復了你的生命。",
      "你吃下了 #y甜甜圈 ，真是太好吃了！你的最大生命值增加了。",
      "",
      "你抓住了盒子，在裡面找到了一個 #y遺物 ！",
      " NL 可是，你真的很想吃那個甜甜圈…… NL 你的心中充滿了 ~悲傷~ ，尤其是一份 #r悔恨 。"
    ],
    "OPTIONS": [
      "[香蕉]  #g回復  #g",
      " #g生命",
      "[甜甜圈] #g最大生命值 #g+",
      "",
      "[盒子] #g獲得一件遺物。 #r被詛咒──悔恨",
      "[離開]"
    ]
  },
  "Bonfire Elementals": {
    "NAME": "篝火精靈",
    "DESCRIPTIONS": [
      "你遇見一群看似是 #p紫色火精靈 的東西在一個巨大的篝火堆旁 ~起舞~ 。 NL ",
      "精靈們將小小的骨頭和不知什麼碎片丟進火中，每一次都會 ~爆發~ 出 ~炫目~ 的火焰。 NL 當你靠近時，所有精靈都轉向了你，似乎在期待著些什麼……",
      "你將一件貢品丟入篝火中。 NL NL ",
      "精靈顯然對於你獻上 #p詛咒 很不滿意…… 這張牌滋滋冒出了黑煙，作為回報，你獲得了……至少你獲得了 #p~某種東西~ 吧。",
      "什麼也沒有發生…… NL 精靈們似乎不再理你了。總覺得有點失望……",
      "火焰稍稍變亮了一些。 NL 精靈們繼續起舞，你覺得身子暖和了一些…… NL 你 #g回復 了 #b5 生命 。",
      "火焰噴射出來，變亮了許多！ NL 精靈們在你的身邊興奮地舞蹈著，讓你充滿了 ~暖意~ 。 NL 你的生命 #g回復 到最大了。",
      "火焰 @爆發@ 起來，幾乎將你震倒在地。火光亮了約有 @一倍@ 。 NL 精靈們在你身邊興奮地舞蹈著，然後 ~融入了你的軀體~ ，讓你充滿了溫暖和力量。 NL 你的最大生命值增加了 #b10 ，你的生命 #g回復 到最大了。"
    ],
    "OPTIONS": [
      "[繼續]",
      "[離開]",
      "[獻上] 根據獻上的貢品獲得相應的獎勵",
      "選擇一張牌獻上"
    ]
  },
  "Cursed Tome": {
    "NAME": "詛咒書本",
    "DESCRIPTIONS": [
      "在一所被遺棄的神廟裡，你找到一本翻開著的巨大書本，裡面滿是 #p@神秘的文字@ 。 NL NL 你剛試著想要解讀這些複雜的文本，它就自己開始 #b~轉化變形~ 成了你熟悉的文字。",
      "真奇怪。這本書的內容似乎是關於一名 叫做 #y涅奧 的 #y先古之民 。 NL NL 這引起了你的興趣，但你總覺得這本書有點讓你 #p~不適~ 。",
      "#y涅奧 是司管復活的先古之民，他被放逐到了高塔的底端。 NL NL 你覺得自己必須要讀下去，可是你的身體開始覺得有一點 #r~疼痛~ 。",
      "#y尋求復仇 的 #y涅奧 會給予外來人祝福，利用他們來達成自己的目的。 NL NL 你開始覺得自己非常 #r~虛弱和疲勞……~",
      "那些被 #y涅奧 復活的人們只能零碎想起自己過去人生的記憶，他們被詛咒要永遠戰鬥下去。 NL NL 當你快要翻到最後一頁時，你的 #r@舊傷口似乎要綻開了@ ！",
      "看完書後，你決定把它帶上。或許手握證據的現在，你這次能保留住記憶了？",
      "你感覺到高台上的書本散發出一股 #p~黑暗的能量~ ，於是選擇立即離開這裡。",
      "你頂著極大的壓力，強行用意志力抵抗住書本的魔力， @砰@ 地一下使勁把書合上了。 NL 你轉身離開神廟，覺得自己 #b~精疲力盡……~"
    ],
    "OPTIONS": [
      "[閱讀]",
      "[繼續] #r失去 #r1 #r生命",
      "[繼續] #r失去 #r2 #r生命",
      "[繼續] #r失去 #r3 #r生命",
      "[停止] #r失去 #r3 #r生命",
      "[拿走] #g獲得書。 #r失去 #r",
      " #r生命",
      "[離開]"
    ]
  },
  "Dead Adventurer": {
    "NAME": "冒險者屍體",
    "DESCRIPTIONS": [
      "在搜刮冒險者時你被偷襲了！",
      "你一聲不發地離開了。",
      "你發現地上有一具 #r冒險者屍體 。 NL 他的 #b褲子 都被偷了！而且，",
      "他的護甲和臉似乎被 #r@火焰灼燒@ 過。",
      "看起來他被一個帶角的生物 #r@戳傷@ 和 #r@踩踏@ 過。",
      "他的內臟似乎被巨大的爪子 #r@撕扯出來@ 並 #r@切碎@ 了。",
      " NL 儘管他隨身 #y攜帶的東西 好像都還在，你實在是不想知道這裡究竟發生了什麼……",
      "你找到了一些 #y金幣 ！ NL 要繼續找嗎？",
      "唔，什麼也沒找到…… NL 要繼續找嗎？",
      "你找到一件 #y遺物 ！ NL 要繼續找嗎？",
      "看起來你成功翻遍了他的所有物，什麼事也沒發生！"
    ],
    "OPTIONS": [
      "[搜索] #g搜括東西。 #r",
      "[離開]",
      "[戰鬥]",
      "[繼續] #g搜括東西。 #r",
      "%： #r遇見回來的怪物"
    ]
  },
  "Drug Dealer": {
    "NAME": "增益研究者",
    "DESCRIPTIONS": [
      "一個戴著眼罩的邪笑著的男人大搖大擺地走到你面前： NL 「嘿陌生人，想不想試試高端的科技？ 可會讓你變得比任何訓練和祝福都要強哦。 如果你是那種一心求死的英雄的話可不能沒有它呢。 NL 你說怎麼樣？ 想不想試一下？」 ",
      "~「太好了。」~ NL 男人遞給你一個看起來很危險的裝著 #b~發光液體~ 的針筒，自己又鬼鬼祟祟地走進一條陰暗的小巷子裡。",
      "~「太棒了。」~ NL 他對你注射了三管不知什麼液體，然後拿出一本筆記本。你覺得自己開始有點飄飄忽忽的，他則開始飛快地開始了筆記。  NL 你不記得過了多久，但當你恢復意識的時候，那個可疑的傢伙已經不見了。",
      "~「太妙了。」~ NL 你喝下了神秘的液體，立即就覺得自己充滿了活力，彷彿全身的肌肉纖維都開始 @抖動@ 了起來！"
    ],
    "OPTIONS": [
      "[試一下J.A.X.] #g來點猛藥",
      "[當一下實驗對象] #g隨機變化3張牌",
      "[喝一下突變劑] #g獲得一件特殊遺物",
      "[離開]",
      "[鎖定] 需要：牌組中至少有3張牌",
      ""
    ]
  },
  "Duplicator": {
    "NAME": "複製祭壇",
    "DESCRIPTIONS": [
      "在你面前是一個用來崇拜某種古老存在的華麗祭壇。",
      "你尊敬地跪了下來，祭壇上出現一個可怖的鏡像影像，撞到了你的身上。",
      "你無視了這個祭壇，認為這才是正確的選擇。"
    ],
    "OPTIONS": [
      "[祈禱] #g從牌組中複製一張牌",
      "[離開]",
      "選擇一張牌複製"
    ]
  },
  "Falling": {
    "NAME": "墜落",
    "DESCRIPTIONS": [
      "你在懸浮在空中的平台上往上跳躍時，不慎滑了一跤。 NL NL 你開始墜落。",
      "在摔下的途中，你開始考慮自己又什麼選擇： NL 用你最好的技術安全落地。 NL 釋放能力牌的力量來抵禦傷害。 NL 對牆壁猛擊，讓自己不再下墜。",
      "你以優雅的姿勢落地，繼續前行。",
      "你催動自己的力量，成功在落地時避免了損傷。",
      "你成功掛在了牆上，一個小跳翻上了一個穩固的平台。",
      "你有如羽毛一般緩緩降落，安然無恙地落了地。"
    ],
    "OPTIONS": [
      "[繼續]",
      "[落地] #r失去 ",
      "[鎖定] 需要： 技能牌",
      "[釋放] #r失去 ",
      "[鎖定] 需要： 能力牌",
      "[猛擊] #r失去 ",
      "[鎖定] 需要： 攻擊牌",
      "[離開]",
      "[落地] "
    ]
  },
  "Forgotten Altar": {
    "NAME": "被遺忘的祭壇",
    "DESCRIPTIONS": [
      "在你面前是一個早已被遺忘的神祇的祭壇。 NL 在祭壇上方，是一尊雙手伸出的精緻女性雕像。 NL 她呼喚著你，要求你獻上祭品。",
      "你小心翼翼地將金神像放到了祭壇上，一陣 #b寒風 瞬間吹過了房間。 NL 雕像的雙手開始失去顏色並逐漸崩塌。 NL NL 你的 #y金神像 開始變暗，然後雙眼開始流出血液。 NL 血始終也沒有停止流下。",
      "你站在祭壇前，割開了你自己的手腕。 NL 隨著 #r鮮血 湧到祭壇上，雕像的雙手伸到你的面前遮住了你的雙眼。 NL 一切墜入黑暗。 NL 你在一段時間後甦醒了過來，感覺自己體內有了新的潛力。",
      "你使勁開始砸面前的雕像，終於打破了這個房間對你施加的魔力。 NL 四周迴蕩起一聲黑暗的慟哭，你能感覺到 #p~詛咒的魔法~ 滲入了你的骨髓。"
    ],
    "OPTIONS": [
      "[獻上：金神像] #g獲得一件特別的遺物。 #r失去金神像",
      "[鎖定] 需要：金神像",
      "[獻祭] #g獲得 ",
      " #g點最大生命。 #r失去 #r",
      " #r點生命",
      "[鎖定] 需要：是人類",
      "[褻瀆] #r被詛咒──腐朽"
    ]
  },
  "Fountain of Cleansing": {
    "NAME": "神聖泉水",
    "DESCRIPTIONS": [
      "你經過牆壁上的一處飲水池，裡面流淌著源源不斷 #b~閃著光的水~ 。",
      "你喝下 #b~水~ 後，感覺到身體中不再有 #p黑暗的束縛 。",
      "你仍然不知道這水從何而來，但解渴之後，你重新踏上了旅程。"
    ],
    "OPTIONS": [
      "[喝水] #g移除所有詛咒牌",
      "[離開]"
    ]
  },
  "Ghosts": {
    "NAME": "幽靈議會",
    "DESCRIPTIONS": [
      "在你向上攀升時，突然四周的牆壁和地面開始冒出 #p~濃重的黑煙~ ，逐漸聚成了三個戴著面具的形狀，它們交頭接耳地說起話來。 ~「看來這又是一個~ #y~涅奧~ ~的玩偶。」~ NL #r@「我看也是！@ #r@她總能做出最有趣的玩具！」@ NL NL 你注意到第三個存在有著巨大的嘴，它露出了一個大到誇張的微笑對你說： NL 「別管那兩個傢伙……總之，你想不想嘗試一下我們的 #y~力量~ 呢？」 ",
      "",
      "#y「好極了！」 NL 那個幽靈鬼影的話音剛落，你就看見它本已碩大的嘴張開得越來越大，從中湧出更多 #p~濃重的黑煙~ 籠罩了整個房間。你什麼也看不見，也無法呼吸…… NL NL 就在你快要失去意識的時候，煙霧的感覺突然消失了。 NL NL 不管那三個東西是什麼存在，它們現在已經不在了。你重新上路，但總覺得自己的內心變得有些 #b空洞 。",
      "「真令人失望……」 NL ~「反正你遲早會成為我們的一員。」~  NL #r@「哈哈@ #r@哈哈哈哈！」@ NL NL 那些幽影消散了，只留下這令人不安的大笑聲在你耳中回蕩。",
      ""
    ],
    "OPTIONS": [
      "[接受] #g獲得5張 靈體 #g牌 。 #r失去 #r",
      "% #r最大生命",
      "[拒絕]",
      "",
      "",
      "[離開]"
    ]
  },
  "Golden Idol": {
    "NAME": "金神像",
    "DESCRIPTIONS": [
      "在一個不引人注意的小高台上，你發現了一個 #y閃閃發光的金神像 安然放置在上面，看起來非常值錢。 NL NL 周圍看起來完全沒有什麼陷阱的樣子。",
      "你拿住金神像放入囊中，突然天花板上一塊巨大的圓石掉到了你身邊的地上。 NL 石頭開始向你滾來，你這才發現地面有一點傾斜。",
      "@快跑！@ NL 你勉強在石頭碾到你之前跳進了旁邊的一條小路，不幸的是你似乎扭傷了關節。",
      "你用盡全力向巨石發起了攻擊。塵埃落定之後，你可以尋找安全的出路。",
      "@咕嘰！@ NL 巨石滾過時壓到了你一點，但看起來你並沒有大礙，可以離開了。",
      "沒有比這更明顯的陷阱了吧。 NL 你決定還是不要去碰高台上的東西了。"
    ],
    "OPTIONS": [
      "[拿走] #g獲得金神像。 #r觸發一個陷阱",
      "[離開]",
      "[逃跑] #r被詛咒──受傷",
      "[砸爛] #r受到 #r",
      " #r點傷害",
      "[躲藏] #r失去 #r",
      " #r最大生命"
    ]
  },
  "Golden Shrine": {
    "NAME": "金色神龕",
    "DESCRIPTIONS": [
      "在你面前是一座古老神靈的精巧神龕。",
      "當你的手觸碰神龕時，天空中開始掉落 #y金幣 ， ~賺錢了！~",
      "你每攻擊一次神龕，就有更多的 #y金幣 掉落出來！ NL NL 當你收起所有錢時，心中有了一種 #r沉重的感覺 。",
      "你無視了神龕。"
    ],
    "OPTIONS": [
      "[祈禱] #g獲得 #g",
      " #g金幣",
      "[褻瀆] #g獲得 #g275 #g金幣。 #r被詛咒──悔恨",
      "[離開]"
    ]
  },
  "Golden Wing": {
    "NAME": "翅膀雕像",
    "DESCRIPTIONS": [
      "在形狀不同的巨石之間，你看見一尊做工精細的翅膀形狀的藍色雕像。 NL 你可以看見雕像的裂縫中有 #y金幣 掉出來。或許裡面還有更多……",
      "你曾聽人提起過一個崇拜巨大鳥類的邪教。當你跪下禱告的時候，你開始覺得 ~有一些頭暈……~ NL NL 過了一會兒，你醒了過來，感覺腳步有點變輕了。",
      "你使出渾身的力氣開始砸雕像。 NL 很快它就 @徹底裂開@ ，裡面是 #y一大堆金幣 。你把錢儘可能收集起來，重新上路。",
      "這個雕像讓你覺得有點 ~不安~ 。你決定不要去驚擾它，直接離開了。"
    ],
    "OPTIONS": [
      "[祈禱] #g從牌組中移除一張牌。 #r失去 #r",
      " #r生命",
      "[摧毀] #g獲得 #g",
      " #g～ #g",
      " #g金幣",
      "[鎖定] 需要： 傷害等於或超過 ",
      " 的牌",
      "[離開]",
      "[繼續]",
      "選擇一張牌移除"
    ]
  },
  "Knowing Skull": {
    "NAME": "全知頭骨",
    "DESCRIPTIONS": [
      "你發現自己在一個古老的有裝飾的房間裡，在房間正中央，有一個巨大的頭骨被放在精緻的高台上，在你靠近時，頭骨 #g@迸發出火焰@ 轉向了你。",
      "「你想尋找什麼？你會獻出什麼？」 NL 它的話音剛落，你背後的門就 @砰地關上了@ 。",
      " NL NL 「還有沒有別的」 ",
      " ",
      "「喝了吧！」 NL 你獲得一瓶藥水。",
      "「說不定這個能行？」 NL 你獲得一張牌。",
      "「你們這些人類真是從來都不會變。願望達成了。」 NL #y金幣 開始從上空不斷落下！",
      "「看你背後，人類。」 NL 你回頭一瞥，果然，有一扇門在哪裡。"
    ],
    "OPTIONS": [
      "[繼續]",
      " #r生命",
      "[信息？] #g告知 #g首領 #g身份。 #r失去 #r",
      "[成功？] #g獲得一張無色牌。 #r失去 #r",
      "[來點喝的？] #g獲得一瓶藥水。 #r失去 #r",
      "[財富？] #g獲得 #g",
      " #g金幣。 #r失去 #r",
      "[我要怎麼離開？] #r失去 #r",
      "[離開]"
    ]
  },
  "Lab": {
    "NAME": "實驗室",
    "DESCRIPTIONS": [
      "你發現了一個滿是試管、燒杯、燒瓶、藥瓶、鉗子、夾子、玻璃棒、手術鉗、眼鏡、漏斗、吸液管、玻璃筒、冷凝器甚至還有螺旋玻璃管的房間。 NL NL 你怎麼會知道這些工具都叫什麼名字的？這不重要，你四處翻找了起來。"
    ],
    "OPTIONS": [
      "[搜索] #g找到一些藥水！"
    ]
  },
  "Liars Game": {
    "NAME": "蛇～",
    "DESCRIPTIONS": [
      "你走進一間房間，看見地上有一個大洞。當你靠近洞時，一條巨大的蛇形生物從裡面鑽了出來。 NL NL 「 ~嚯嚯嚯！你好，你好啊！這是誰呀？~ 哎呀呀，你好冒險者，我就問一個簡單的問題。 NL 最幸福的人生當然就是 #y~什麼東西都能買得起~ 的土豪生活了！　 NL 你同意嗎？」",
      "~「對～！~ NL ~這會很值～得的。~ NL ~嘶……嘶～嘶……」~",
      "蛇非常失望地看著你。",
      "蛇抬起頭，往上噴出了一堆 #y金幣 ！ NL 這令人震驚又有點可怕。 NL 你把 #y金幣 收好，謝過蛇後，重新上路。"
    ],
    "OPTIONS": [
      "[同意] #g獲得 #g",
      " #g金幣。 #r被詛咒──疑慮",
      "[反對]",
      "[繼續]",
      "[離開]"
    ]
  },
  "Living Wall": {
    "NAME": "活牆壁",
    "DESCRIPTIONS": [
      "你走進一條死路，正準備要回頭時，四周突然有牆壁從天花板上 @哐@ 地一下 @砸了下來@ ！ NL NL 三張臉出現在牆壁上，開始對你說話： NL #b「忘記你所知道的，我就讓你走。」 NL #p「有所改變，我就讓你看見新的道路。」 NL #y「如果你想要從我這裡通過，你就必須有所成長。」",
      "你面前的牆壁滿意地縮回了天花板，你的眼前出現了道路。"
    ],
    "OPTIONS": [
      "[遺忘] #g移除牌組中的一張牌",
      "[改變] #g變化牌組中的一張牌",
      "[成長] #g升級牌組中的一張牌",
      "選擇一張牌移除",
      "選擇一張牌變化",
      "選擇一張牌升級",
      "[離開]",
      "[鎖定] 需要： 可以升級的牌"
    ]
  },
  "Masked Bandits": {
    "NAME": "蒙面強盜",
    "DESCRIPTIONS": [
      "嘿嘿嘿……謝謝你的 #y金幣 啦！ NL 哎呀，我最喜歡 #y金幣 了，那是多好的東西啊。 NL #y~閃閃亮的~ 小可愛們！",
      "喂， #b熊 ，喂！ NL 這傢伙居然把他的 #y金幣 全都給我們了！太蠢了是吧？ NL 你猜怎麼著？我只是好聲好氣地問了一下就拿到了，誰會知道啊？！ NL 我反正是不知道！真是個冤大頭！",
      "小的們，這麼好的事兒，我們可得一起好好笑一笑！ NL @哈哈哈@ NL @吼吼吼@ ~嚯嚯！~ NL ~哇哈哈！~",
      "哦？你還在這兒吶？ NL 你有聽見什麼嗎？沒有吧。 NL #r@*噗嗤*@ ~……白痴……~ @哈哈哈@ ~哈哈~",
      "你遇見一群戴著巨大 #r紅面具 的強盜。 NL 「你好啊，留下買路錢……價格公道，只要你身上 @所有的@ #y金幣 就行！嘿嘿嘿！」"
    ],
    "OPTIONS": [
      "[付錢] #r失去所有 #y金幣",
      "[戰鬥！]",
      "[繼續]",
      "[離開]"
    ]
  },
  "Match and Keep!": {
    "NAME": "對對碰！",
    "DESCRIPTIONS": [
      "「 #b十二張牌！ 搭對就拿走！ #b五次機會 ，沒有重來！ NL 準備好了嗎？開始！」",
      "你完成了地精的遊戲，當你抬頭看時，卻發現…… NL 他已經不見了？",
      "有一位地精正在桌子上瘋狂地擺弄著一副牌，他似乎沒有危害。你出於好奇接近了他。"
    ],
    "OPTIONS": [
      "[繼續]",
      "[離開]",
      "[玩小遊戲]",
      "剩餘次數： #y"
    ]
  },
  "Mushrooms": {
    "NAME": "蘑菇",
    "DESCRIPTIONS": [
      "你順從了這份不自然的食慾，吃下一個又一個蘑菇後，你覺得自己有點暈暈的，然後就失去了意識。當你醒來時，你覺得有點怪怪的 NL 你 #g回復 生命值的 #b25% ，但同時被 #r感染 了。",
      "#r@有埋伏！！@ NL 被蘑菇感染的囓齒類動物們不知從哪裡冒了出來！",
      "你走進一條遍地是 #b~五彩斑斕蘑菇~ 的走廊， NL 由於你對真菌學毫無研究，你無法辨識它們的種類。 NL 你想要離開這裡，但卻有一種奇怪的衝動想要去吃一個 #b~蘑菇……~"
    ],
    "OPTIONS": [
      "[踩扁] #r激怒蘑菇們",
      "[吃下]  #g回復 #g",
      " #g生命。 #r被詛咒──寄生",
      "[戰鬥]",
      "[離開]"
    ]
  },
  "Mysterious Sphere": {
    "NAME": "神秘圓球",
    "DESCRIPTIONS": [
      "在四周混亂的地形中間，一個骨質圓球佇立在地上，似乎包裹著一樣神秘的發光物體。 NL 你很好奇裡面有什麼東西，但你注意到圓球周圍有一些哨兵正在看守。",
      "你剛一砸開圓球，那些看守就立即動了起來！",
      "做人不能太貪。"
    ],
    "OPTIONS": [
      "[打開圓球] #r戰鬥。 #g獎勵：稀有遺物",
      "[離開]",
      "[戰鬥]"
    ]
  },
  "N'loth": {
    "NAME": "恩洛斯",
    "DESCRIPTIONS": [
      "一個駝著背、背後長出幾條觸手的奇怪生物正在你面前的垃圾堆和廢墟裡來回地翻找些什麼。當你靠近時，他可憐巴巴地拖著腳走到了你面前。 NL 「恩洛斯好餓，餵餵恩洛斯。」",
      "你把 #y遺物 遞給恩洛斯，他用觸手一把將東西抓過去，大張開嘴，一口就啊嗚吞了下去。 NL 他露齒一笑，斗篷後面似乎出現了更多觸手，簇擁著拿出了一個看起來非常整潔的小盒子。他把盒子硬是塞給了你。",
      "你搖搖頭，恩洛斯的背駝得更深了，他嘆了口氣，灰溜溜地跑了。"
    ],
    "OPTIONS": [
      "[交出： ",
      "] #r失去這件遺物。 #g獲得一件特別的遺物",
      "[離開]"
    ]
  },
  "Proceed Screen": {
    "DESCRIPTIONS": [
      "[離開]"
    ]
  },
  "Purifier": {
    "NAME": "淨化",
    "DESCRIPTIONS": [
      "在你面前是一個被遺忘神靈的精緻神龕",
      "你敬畏地在神龕前下跪，感覺到肩頭的重量變輕了",
      "你無視了神龕。"
    ],
    "OPTIONS": [
      "[祈禱] #g從牌組中移除一張牌",
      "[離開]",
      "選擇一張牌移除"
    ]
  },
  "Scrap Ooze": {
    "NAME": "破爛軟泥",
    "DESCRIPTIONS": [
      "你剛走進房間，就聽見奇怪的 ~咕嘟聲~ 和金屬的 @摩擦聲@ 。在你面前的是一個史萊姆狀的生物，它顯然是吃了太多的破銅爛鐵，消化不良了。 你在這個生物的中央見到了奇怪的光芒，或許是什麼有魔法的物品？看起來只要你願意把手伸進這東西的……開口，你就能得到什麼 #y財寶 。當然，酸液和尖銳的破爛有可能會讓你 #r受傷。",
      "#r@啊呀！@ NL 你找到的只是已被腐蝕的金屬和一點 #r@灼傷的疼痛@ 。 NL 可是你還是很確定，裡面一定有一件 #y遺物 ……",
      "#g成功！ NL 在金屬和酸液之中翻找了好久，你終於抓住了一件 #y遺物 把它拉了出來。 NL 你從黏液中抽回手來，雖然 #r受了點傷 ，但至少東西拿到了。",
      "你決定離開這個地方。 NL 史萊姆並不在意，接著慢慢消化它的美餐。"
    ],
    "OPTIONS": [
      "[伸手進去] #r失去 #r",
      " #r生命。 #g",
      "%: #g找到一件遺物",
      "[離開]",
      "[接著往裡伸] #r失去 #r"
    ]
  },
  "SecretPortal": {
    "NAME": "神秘傳送門",
    "DESCRIPTIONS": [
      "在你面前有一樣與周圍奇異景觀完全不符合的東西：在深處地區一面活牆壁上，奇怪地出現了一道石做的拱門，裡面有一個 #p~旋轉的魔法傳送門~ 。 NL NL 你不知道它會通向哪裡，但它應該能夠節約你爬塔的時間。",
      "你跳進了傳送門，瞬間失去了一切對時間與空間的感知。 NL NL 當你好不容易鎮定下來時，你發現自己到達了一個新的地方，而前方正有一場苦戰在等待著你。",
      "你覺得小心謹慎才是在這座高塔的登頂之道。你無視了傳送門，繼續上路。"
    ],
    "OPTIONS": [
      "[進入傳送門] 立即傳送到首領房間",
      "[離開]"
    ]
  },
  "SensoryStone": {
    "NAME": "感知石",
    "DESCRIPTIONS": [
      "你在高塔深處前進時，你遇到一個懸浮在空中緩慢 @旋轉@ 且 ~變幻~ 著的 #b發光超立方體 。",
      "你觸碰了超立方體。 NL NL 你渾身感到一股 #r@劇烈的疼痛@ ，然後一段遙遠的回憶清晰地閃現在你腦中。 NL ……這是誰的記憶？",
      "#r~恐懼。~ NL NL 一個惡魔般的生物聳立在你上方，它的雙翅張開，放聲大笑。你的周圍是數不盡的同族們的屍體，整個村莊已被可怕的 #p~黑色火焰~ 吞噬殆盡。 NL NL 惡魔嘲笑著你： NL NL 「 #r@這下你確實成為最強的了！@ #r@哈哈哈……呵呵呵……@ #r@哈哈哈哈哈！！@ 」 NL NL 它的笑聲沒有停止，永遠回蕩在你的耳中…… ",
      "#g~凱旋。~ NL NL 月光之下，一具 #p~幽靈般生物~ 的遺骸慢慢沒入了你面前的泥土中，讓人看不真切。你已向姐妹們證明了自己的實力。 NL NL 你以勝者的姿態靜靜佇立著，周圍的人們隆重地將 #y那個生物的頭骨 放置在你的頭上，儀式完成了。 NL NL 你向著高塔出發……",
      "#b~混亂。~ NL NL #y[目標] #g必須維繫 #g平衡 NL #y[定義] #g平衡 NL #y[錯誤] #g無法檢索到 #g平衡 NL #y[定義] #g平衡 NL #y[錯誤] #g無法檢索到 #g平衡 NL #y[警告] #r巨大物體正在靠近 NL NL ~「我…~ ~…是…~ ~…涅奧………」~"
    ],
    "OPTIONS": [
      "[回憶] #g在牌組中加入 #g1 #g張無色牌。",
      "[回憶] #g在牌組中加入 #g2 #g張無色牌。 #r失去 #r",
      "[回憶] #g在牌組中加入 #g3 #g張無色牌。 #r失去 #r",
      " #r生命",
      "[離開]",
      "[互動]"
    ]
  },
  "Shining Light": {
    "NAME": "閃耀之光",
    "DESCRIPTIONS": [
      "你發現在房間中央圍繞著 #y一束很粗的光柱 。 NL NL 光柱上有著 ~溫暖而閃爍的美麗花紋~ 彷彿在邀請你進入。",
      "你走進光柱，注意到光似乎被吸入了你的身體。 NL 這道光 #r@熱得發燙@ ！ 可是痛楚很快消失了。 NL 你覺得自己 #b精神煥發 ，就像是在需要被打醒的時候被人好好地抽了一個耳光。",
      "你繞過光柱，雖然心中仍有些好奇如果走進去會怎麼樣。"
    ],
    "OPTIONS": [
      "[走進] #g隨機升級 #g2 #g張牌。 #r失去 #r",
      " #r生命",
      "[離開]",
      "[鎖定] 需要： 可以升級的牌"
    ]
  },
  "Spire Heart": {
    "NAME": "高塔之心",
    "DESCRIPTIONS": [
      "@砰咚@ …… @砰咚@ …… @砰咚@ …… NL 整個房間裡瀰漫著脈動的恐懼…… NL 這就是高塔的 #r~心臟~ 嗎？ 這一切邪惡的源頭？",
      "你造成了 #b",
      " 點傷害！ NL 心臟 #r@扭動@ 並 #r~流下了血~ …… 但最後卻依然在跳動。 NL 難道連你最強的攻擊也還是不夠嗎？",
      "你自問： ~「我之前曾來過這裡嗎？」~ NL 你覺得自己對心臟總共曾造成過 #b",
      " 點傷害。",
      " NL 所有挑戰心臟的人總共對它造成了 #b",
      " 點傷害。",
      " NL 心跳聲越來越響了，你的 #y~意識逐漸消散……~",
      "NL 你握緊你的長刀……",
      "NL 你握住你的匕首……",
      "NL 你將你的核心充能到極限……"
    ],
    "OPTIONS": [
      "[繼續]",
      "[攻擊] #b???",
      "[睡眠]"
    ]
  },
  "The Cleric": {
    "NAME": "牧師",
    "DESCRIPTIONS": [
      "一個戴著金頭盔（？）的奇怪藍色人形生物臉上帶著大大的微笑走到了你面前。 NL 「 @你好啊朋友！@ 我是 #b牧師 ！你想不想試試我的服務吶？！」那個生物大聲喊叫起來。",
      "一道溫暖的金光籠罩了你然後消散了。 NL 那個生物咧嘴一笑：「牧師最強奶媽。那麼 @祝你愉快啦！@ 」",
      "一道寒冷的藍色火焰籠罩了你然後消散了。 NL 那個生物咧嘴一笑：「牧師就是能幹。那麼 @祝你愉快啦！@ 」",
      "你完全不相信這個 #b「牧師」 ，就這樣走開了。"
    ],
    "OPTIONS": [
      "[治療] #y35 #y金幣 ： #g回復 #g",
      "[鎖定] 需要： ",
      " 金幣",
      "[淨化] #y",
      " #y金幣 : #g從牌組中移除一張牌",
      "[鎖定] 需要： 50 金幣。",
      "[離開]",
      "選擇一張牌移除",
      " #g生命"
    ]
  },
  "The Joust": {
    "NAME": "長槍決鬥",
    "DESCRIPTIONS": [
      "你在巨大的建築物間穿行時，遇見了一條長長的窄橋，兩頭似乎都有一名騎士彼此對望著。你走上前去…… NL @「停步！」@ NL NL 一名騎士用手中的長槍對你比劃著，強硬地讓你停下。",
      "「今天是我為我心愛的寵物 #y麵條 報仇的日子，就是前面這個人謀殺了它！ 在我們的決鬥結束之前，你不能經過這裡。 NL NL 決鬥的見證者啊，你為什麼不 #b賭一賭 最後誰會獲得勝利呢？」",
      "「真不敢相信，你竟然覺得 #y麵條 的仇報不了！」 NL NL 騎士憤怒地蓋上自己的面具，向著前方的宿敵衝了過去。",
      "「 #y麵條 啊，給我力量！」 NL NL 騎士蓋上了自己的面具，向前衝去。",
      "NL #y@*哐啷*！！@ #r@*鐺！！*@ NL NL #g@*砰！！*@",
      "看來是殺寵兇手死了。 NL NL ",
      "看來是寵物主人死了。 NL NL ",
      "你 #g賭贏了 。雖然你還是搞不太清楚情況，但有得賺就好，你收下錢離開了這裡。",
      "你 #r賭輸了 。但至少被長槍捅穿的人不是你。"
    ],
    "OPTIONS": [
      "[繼續]",
      "[兇手] #y賭 #y",
      " #y金幣 ── #g70%: #g贏得 #g",
      " #g金幣",
      "[主人] #y賭 #y",
      " #y金幣 ── #g30%: #g贏得 #g",
      "[觀戰]",
      "[離開]"
    ]
  },
  "The Library": {
    "NAME": "大圖書館",
    "DESCRIPTIONS": [
      "你經過一棟被遺棄的華美建築物。 NL 牆上的標牌掉在了地上，上面寫著 #b「大圖書館」 幾個大字。 NL 你走進建築物中，看見了無數卷軸、手稿和書籍。 NL 你拿起一本，舒服地坐在沙發椅上看了好一會兒。",
      "傻子才讀書呢。 NL 你在沙發椅上打了個盹兒。 NL ~Zzz...~ ~zzz...~ ~..Zz....~ NL 醒來後，你覺得神清氣爽。",
      "這本書是關於一個被昆蟲控制的想當英雄的少女的。書中有許多關於超能力、戰術和不同視角的內容，極有創意。 NL 讀完書，你覺得心滿意足。",
      "這本書是關於一個在群星旅行，最後落難在一個荒蕪陌生星球上的男人的。 他依靠著智慧、幸運、堅韌不拔和用來維繫自己理性的一點幽默感，最終成功返回了故鄉。 NL 讀來令人神往。",
      "這本書是關於一個巨大的廢棄地下建築的，地上的環境已經無法生存，小說的內容充滿了陰謀、洗腦和不公。你開始思考是否在高塔中也存在著類似的關係網。 NL 讀得讓人心裡發毛。"
    ],
    "OPTIONS": [
      "[閱讀] #g從 #g20 #g張牌中選擇一張加入牌組",
      "[睡覺] #g回復 #g",
      " #g生命",
      "[離開]",
      "選擇一張牌加入牌組"
    ]
  },
  "The Mausoleum": {
    "NAME": "陵墓",
    "DESCRIPTIONS": [
      "你在一系列墳墓間穿行，前方出現了一個圓形房間，中間是一口 ~鑲嵌著許多寶石的~ 巨大石棺。 NL 你辨認不出石棺上的字跡，但你能注意到有 #p~黑色的霧氣~ 從石棺的兩側滲透出來。",
      "你推開石棺，一股 #p~黑霧~ 湧了出來，淹沒了整個房間！石棺裡沒有實體，只有一件 #y~遺物~ 。你拾起它重新上路， 並 #r@劇烈地咳嗽起來@ 。",
      "你推開石棺，霧氣很快消散了。在石棺裡你找到了一具榮譽滿身的士兵屍體，屍體的手還緊緊握著一件 #y遺物 ，你把東西偷了過來，離開了房間。",
      "你決定不去打擾被遺忘的死者，繼續趕路。"
    ],
    "OPTIONS": [
      "[打開棺材] #g獲得一件遺物。 #r",
      "%: #r被詛咒──苦惱",
      "[離開]"
    ]
  },
  "The Moai Head": {
    "NAME": "摩艾石像",
    "DESCRIPTIONS": [
      "你遇到了一個和四周 *完全不搭* 的東西。在你面前有一道與周圍不同，沒有在移動和變化的牆壁，一個巨大的石製頭像從牆壁上凸出來。 NL 石像的嘴大張著，裡面有許多巨大的染著血跡的牙齒。石像表面上寫著許多象形文字，似乎是說有許多人會自己跳進嘴裡被石像吞噬。為什麼會有人這樣做呢？",
      "你踏進石像的嘴，一開始什麼也沒發生。正當你覺得自己有點犯傻的時候，上方巨大的臼齒突然砸了下來，將你整個碾碎了。 NL @黑暗。@ NL 一段時間後，你在黑暗中見到一線光明，並聽見了轟隆作響的聲音，你這才反應過來那是石像的牙齒重新緩慢地升了上去。 NL NL NL 你滿心困惑地走了出來。",
      "巨大的臼齒轟然砸下，將金神像碾成了粉末，你下意識地往後跳了一步。當巨齒重新上升時，嘴中不斷湧出 #y金幣 ，你趕緊把錢撿了起來。",
      "你離開了這裡，但心裡還是有一些好奇。"
    ],
    "OPTIONS": [
      "[跳進去] #g回復所有生命。 #r失去 #r",
      " #r最大生命",
      "[獻上：金神像] #g獲得 #g333 #g金幣。 #r失去金神像",
      "[鎖定] 需要：金神像",
      "[離開]"
    ]
  },
  "The Woman in Blue": {
    "NAME": "藍衣女子",
    "DESCRIPTIONS": [
      "從黑暗中，一隻手伸出來把你拉進了一家小店。眼睛適應了這裡的亮度之後，你看見一個穿著鮮豔衣服的蒼白女子正伸手展示整整一牆壁的藥水。 NL 「來買藥水，快點！」她對你說。",
      "「很好，現在給我出去。」 NL 你小心地離開了這家店。",
      "#r@砰@ NL 她戴著手套的拳頭狠狠打在了你的臉上，差點就把你打翻在地。 NL 「在我把你打得滿地找牙之前給我滾出去。」你覺得她有可能說到做到，趁著牙齒還沒事趕緊離開了這家店。"
    ],
    "OPTIONS": [
      "[買 1 瓶藥水] #y",
      "[買 2 瓶藥水] #y",
      "[買 3 瓶藥水] #y",
      " #y金幣",
      "[離開]",
      "[離開] #r受到 #r",
      " #r點傷害 "
    ]
  },
  "Thinking with Puddles": {
    "NAME": "水坑難題",
    "DESCRIPTIONS": [
      "你走進一個發光的水坑……結果卻從水坑上方的天花板那裡掉了出來！ NL 在墜落途中，你開始思考該怎麼辦。",
      "你驚恐地揮舞著你的雙手，拚命想要使出各種獨門訣竅來防止自己受傷，但結果你卻只是一次又一次地反覆落進了這個水坑裡……過了好幾天時間你才終於找到逃脫的方法，真是夠了。",
      "你試著做好落地的準備，但從這樣離奇的東西里飛出來真的沒有什麼合適的應對手段。 @砰咚@ NL NL ……你靜靜地在地上躺了好一會兒，詛咒著全世界不管是普通還是魔法水坑的存在。"
    ],
    "OPTIONS": [
      "[渾身黏答答] #r失去一張隨機稀有牌",
      "[面門著地] #r受到 #r",
      " #r點傷害。 #r被詛咒──受傷",
      "[離開]"
    ]
  },
  "Tomb of Lord Red Mask": {
    "NAME": "紅面具大人之墓",
    "DESCRIPTIONS": [
      "在一條懸浮道路的盡頭，你可以看見一處裝飾華麗的古墓，當你到達古墓時，你看到有一個可以投放 #y金幣 的開口，但上面的銘文已經被劃得看不清楚了。",
      "你戴上面具，古墓似乎開始逐漸 ~剝離~ ……是一條密道！ NL NL 密道中有著數不清的偷來的財寶與大量的 #y金幣 ！",
      "古墓上出現一個開口，一個小小的紅面具滑了出來，旁邊還有一張紙條：「如同我奪走你的東西一般，去搶奪別人的東西吧！」"
    ],
    "OPTIONS": [
      "[戴上紅面具] #g獲得 #g222 #g金幣",
      "[鎖定] 需要： 紅面具",
      "[獻上: ",
      " 金幣] #r失去所有金幣。 #g獲得遺物",
      "[離開]"
    ]
  },
  "Transmorgrifier": {
    "NAME": "轉化神龕",
    "DESCRIPTIONS": [
      "在你面前是一個被遺忘神靈的精緻神龕。",
      "神龕的力量湧入你，你感覺自己的內心發生了一些變化。",
      "你無視了神龕。"
    ],
    "OPTIONS": [
      "[祈禱] #g變化一張牌",
      "[離開]",
      "選擇一張牌變化"
    ]
  },
  "Upgrade Shrine": {
    "NAME": "升級神龕",
    "DESCRIPTIONS": [
      "在你面前是一個被遺忘神靈的精緻神龕。",
      "神龕的力量湧入你，讓你變強了。",
      "你無視了神龕。"
    ],
    "OPTIONS": [
      "[祈禱] #g升級一張牌",
      "[離開]",
      "選擇一張牌升級",
      "[鎖定] 需要： 可以升級的牌"
    ]
  },
  "Vampires": {
    "NAME": "吸血鬼（？）",
    "DESCRIPTIONS": [
      "在一條昏暗的街上，你遇見幾個戴著兜帽的人在進行某種黑暗的儀式。當你靠近時，他們全都同時轉身面對你，讓你覺得十分詭異。 其中個子最高的一個微微一笑，露出了長長的尖牙，向你伸出了一隻蒼白而瘦長的手： NL ~「加入我們，兄弟。一起來感受高塔的溫暖吧。」~",
      "在一條昏暗的街上，你遇見幾個戴著兜帽的人在進行某種黑暗的儀式。當你靠近時，他們全都同時轉身面對你，讓你覺得十分詭異。 其中個子最高的一個微微一笑，露出了長長的尖牙，向你伸出了一隻蒼白而瘦長的手： NL ~「加入我們，姐妹。一起來感受高塔的溫暖吧。」~",
      "高個男人抓住你的手臂將你拉了過去，他的尖牙咬進你的脖子，你感覺到一股 @黑暗的力量@ 湧入你的脖子，在你的全身 @流淌@ 。NL …… NL 不知過了多久，你醒了過來，身邊空無一人。你感覺到腹中傳來一陣強烈的 ~飢渴~ 。 你 #r必須進食……",
      "你後退一步，舉起自己的武器表示警告。高個男人嘆了一口氣：「好吧。」 那群戴著兜帽的人就這樣變化成了一團濃濃的黑霧，從你的身邊飄了過去。 NL 你又是獨自一人了。",
      "當你取出 #y小血瓶 時，那些蒼白的人們震驚地倒抽了一口涼氣。 NL 「 ~主人的血……主人的血！~ @主@ @人@ @的@ @血！！@ 」 NL 他們瘋狂地開始反覆唸著這句話，而高個子男人在你面前深深地鞠了一躬：「喝下他的血，與 #y~他~ 成為一體吧。」 NL 喊聲越來越響，你喝下了小血瓶中的血液。 你的視線瞬間 ~扭曲~ 並很快成為了黑暗。 NL NL 不知過了多久，你醒了過來，身邊空無一人。你感覺到腹中傳來一陣強烈的 ~飢渴~ 。 你 #r必須進食……",
      "在一條昏暗的街上，你遇見幾個戴著兜帽的人在進行某種黑暗的儀式。當你靠近時，他們全都同時轉身面對你，讓你覺得十分詭異。 其中個子最高的一個微微一笑，露出了長長的尖牙，向你伸出了一隻蒼白而瘦長的手： NL ~「加入我們，破碎的存在啊。一起來感受高塔的溫暖吧。」~"
    ],
    "OPTIONS": [
      "[接受] #g移除所有 打擊 #g牌。 #g獲得5張 噬咬 #g牌。 #r失去 #r",
      "% #r最大生命",
      "[拒絕]",
      "[失去 ",
      "] #g移除所有 打擊 #g牌。 #g獲得5張 噬咬 #g牌",
      "[離開]"
    ]
  },
  "Wheel of Change": {
    "NAME": "變化大轉盤",
    "DESCRIPTIONS": [
      "你見到一位穿著帥氣、滿面笑容的地精。 NL 「是時候轉動轉盤了！ ~你準備好了嗎？~ 你當然準備好了！」",
      "「你贏得了一些 #y金幣 ！ NL 噢耶！！！」",
      "「啊，一件 #g禮物 ！ NL 請收下吧！」",
      "「哦哦，一次免費的 #g回復 ！」",
      "「看起來你贏得了一個 #p詛咒 ！ NL 這就比較糟糕啦。 NL 好吧！那麼祝你下次好運啦！」",
      "「哦哦， #r~黑暗的力量……~ NL 在牌組中選擇一張移除吧！」",
      "「呃歐！ NL 你輸了！」 NL 你看見他拿出了一把小刀……",
      "你向這個瘋子地精砍了過去，但他的速度太快了！ NL 你被他的小刀砍中了幾次。 NL 「代價已經付清！！」 NL 他說著就和轉盤一起在煙霧中消失了。"
    ],
    "OPTIONS": [
      "[玩小遊戲]",
      "[獎品！] 耶！！！",
      "[獎品！] #g獲得遺物",
      "[獎品！] #g回復所有生命",
      "[獎品？] #r詛咒──腐朽",
      "[獎品！] #g從牌組中移除一張牌",
      "[獎品？] #r失去 #r",
      " #r生命",
      "[離開]",
      "選擇一張牌移除"
    ]
  },
  "Winding Halls": {
    "NAME": "蜿蜒走廊",
    "DESCRIPTIONS": [
      "你沿著彎曲的道路慢慢前進，卻多次發現自己迷失了方向，彷彿牆壁和地面就在你的眼前突然移動了位置。 NL NL 更糟糕的是，你的腦中似乎還有許多聲音在對你輕聲低語。",
      "當你經過一個你十分確定之前見到過的建築物時，你開始懷疑是自己瘋了，還是這個地方違背常理的地形讓你失去了理智。你需要立即做出一些改變。 NL NL 至少那些聲音們是這麼說的，他們怎麼會騙人呢？",
      "你覺得自己的理智出現了裂痕，只有真正的瘋子才能理解這樣的地方，於是你擁抱了那些低語的聲音，用「全新」的視角繼續前進。 NL 現在一切似乎都變得合理了。",
      "你停下腳步，仔細地觀察周圍這片起伏波動的地貌。在混亂的變化中，你似乎逐漸找到了一些規律。可是那些令人瘋狂的話語不停打斷著你的思緒，你花了極大的努力才強忍著痛苦無視了他們。 NL NL 最終你成功地分析出了一條前進的道路，當你離開時，你覺得自己似乎對這個詭異地方的惡毒本質有了一定的抵抗力。",
      "你在迷宮中繞來繞去，彷彿經過了永恆，但你逐漸地找到了自己來時的路線。你重新穩住精神，從蜿蜒的走廊中逃離了出來。 NL NL 這讓你覺得 #r~精疲力盡~ 。"
    ],
    "OPTIONS": [
      "……",
      "[擁抱瘋狂] #g獲得2張 瘋狂 #g。 #r失去 #r",
      " #r生命",
      "[集中精神] #r被詛咒──苦惱。 #g回復 #g",
      "[離開]",
      " #g生命",
      "[尋找來路] #r失去 #r",
      " #r點最大生命"
    ]
  },
  "World of Goop": {
    "NAME": "黏液世界",
    "DESCRIPTIONS": [
      "你掉進了一個水坑裡。 NL 可是坑裡 @全是@ #g@史萊姆黏液@ ！ NL 你感覺到這黏液似乎會灼傷你，便拚命想要從坑中脫身。 NL 你的耳朵、鼻子和全身都被黏液給浸透了。 NL NL 爬出來後，你發現自己的 #y金幣 似乎變少了。你回頭一看，發現水坑裡不但有你掉落的錢，還有不少其他不幸的冒險者們落下的 #y金幣 。",
      "在長時間與黏液接觸而導致你的皮膚被燒走之前，你成功地撈出了不少 #y金幣 。",
      "你決定這樣做不值得。"
    ],
    "OPTIONS": [
      "[收集金幣] #g獲得 #g",
      " #g金幣。 #r失去 #r",
      " #r生命",
      "[放手吧] #r失去 #r",
      " #r金幣",
      "[離開]"
    ]
  },
  "MindBloom": {
    "NAME": "心靈綻放",
    "DESCRIPTIONS": [
      "你在高塔的混沌深處不斷攀行，不知不覺間，你愕然發現自己的思緒開始變得非常…… #p~真實……~ NL NL 各種 #r怪物 與 #y財寶 的影像開始有了實體。 NL 這些感覺稍縱即逝，你準備怎麼做？",
      "真的有這麼簡單的事嗎？",
      "一切都明白了。 NL 失去的記憶、不斷的攀登、那個 #y先古之民 。 NL NL 這是一切事物原本的樣子， NL 也是一切事物將有的樣子。 NL 很快，這一切又會被再次遺忘……"
    ],
    "OPTIONS": [
      "[我必凱旋] #r與一名第一階段的 #r首領 #r戰鬥。 #g獲得一件稀有遺物",
      "[我將富有] #g獲得 #g999 #g金幣。 #r被詛咒── #r2 #r張凡庸",
      "[我無傷痛] #g回復所有生命。 #r被詛咒──疑慮",
      "[我已覺醒] #g升級所有牌。 #r你無法再回復生命",
      "[離開]"
    ]
  },
  "Nest": {
    "NAME": "巢穴",
    "DESCRIPTIONS": [
      "你看見一長串 #b~戴著兜帽的人們~ 正魚貫走進一座 #p看起來沒什麼特別的大教堂。",
      "於是你理所當然地加入了隊伍裡，很快你的周圍就站滿了 #r邪教徒 ！ NL 他們似乎沒有發現你，只是興奮地 ~揮舞著~ 自己的武器並喜悅地 @呼喊@ 著些什麼。 NL NL #r@「殺！@ #r@殺～@ #r@殺殺殺！！」@ NL #b~「哢～~ #b~哢～~ #b~哢─哢！」~ NL #r@「殺！@ #r@殺～@ #r@殺殺殺！！」@ NL #b~「哢～~ #b~哢～~ #b~哢─哢！」~ NL NL 你看到前面有一個 #y捐款箱 ……",
      "你（可能是出於害怕）決定留在佇列中，看看究竟會發生什麼。 NL NL 最終你到達了隊伍的最前，與教徒的領袖面對面。 一名身著華服的邪教徒交給你一把 #y華麗的匕首 。 你照著之前所有人的樣子，用匕首在自己的手臂上劃開了一道口子，讓鮮血滴入了下方一個形狀奇怪的碗。 NL NL 邪教徒們開始對你 @大喊@ @大叫@ ！ NL NL #b~「哢～~ #b~哢～~ #b~哢──哢！」~ NL NL 你也跟著喊了起來。為什麼不呢？",
      "他們甚至完全沒有注意到你的行動。",
      "",
      ""
    ],
    "OPTIONS": [
      "[留在隊伍中] #g獲得 儀式匕首 #g。 #r失去 #r",
      " #r生命",
      "[搶了錢就跑] #g獲得 #g",
      " #g金幣",
      "[離開]",
      "[繼續]"
    ]
  },
  "FaceTrader": {
    "NAME": "換臉商",
    "DESCRIPTIONS": [
      "你經過一尊舉著許多不同的面具的奇怪雕像，但沒走幾步…… NL 你就聽見身後傳來一個輕柔的聲音： NL ~「請留步。」~",
      "你回了回頭，卻發現那尊雕像也已經轉向了你！ NL 仔細一看，原來這並不是一尊雕像，只是一個膚色如同雕像的消瘦男人……他是不是根本沒有在呼吸？ NL NL ~「你的臉。~ ~讓我碰碰？~ ~或者，想要交易？」~",
      "~「補償嗎？~ ~當然了。」~ NL 他動作機械地伸出手，將一疊 #y金幣 放進了你的錢袋裡。 NL NL ~「真是張好臉。~ ~啊啊，多好的臉。」~ NL 當他觸碰你的臉頰時，你覺得自己的生命好像正在流失！ NL 突然之間，只見他戴著的面具掉落了下來在地上摔得粉碎。他立即尖叫起來，六隻手飛快地捂住了自己的臉，這下那些面具全都摔落下來了！在這淒厲的尖叫與眾多面具粉碎的聲音中，你趕緊逃離了這裡。 NL NL 你在不經意間瞥到了他面具下的樣子：他的臉是一片完全的空白。",
      "~「和我？~ @和我嗎？@ ~啊，當然了……~ ~可以。~ ~可以……~ ~唔嗯……」~ NL NL 你看見他的一根手臂抖動了一下，突然你的臉出現在了他的手裡！似乎你的臉和那個面具交換了。 NL NL ~「很好的臉。~ ~嗯，很好的臉。」~",
      "~「留步。~ ~留步啊。~ ~請留步。~ ~請留步。~ ~請留步。」~ NL NL 你覺得自己做出了正確的選擇。"
    ],
    "OPTIONS": [
      "[觸碰] #r失去",
      " #g金幣",
      "[交易] #g50%：獲得好臉／ #r50%：獲得壞臉",
      "[離開]",
      "[繼續]",
      " #r生命， #g獲得 #g"
    ]
  },
  "NoteForYourself": {
    "NAME": "留給自己的訊息",
    "DESCRIPTIONS": [
      "一根柱子吸引了你的注意，你發現上面有一塊鬆動的磚塊。",
      "挪動磚塊，你在裡面找到了一張折起來的紙條和一張 #y牌 。紙條上寫著： NL 「高塔之心在等待。」 NL NL 這……是你自己的筆跡。",
      "選擇一張牌存放。",
      "這究竟是怎麼回事？"
    ],
    "OPTIONS": [
      "[繼續]",
      "[取之與之] #g獲得 ",
      " #g然後存放一張牌",
      "[無視]",
      "[離開]"
    ]
  },
  "WeMeetAgain": {
    "NAME": "我們又見面了！",
    "DESCRIPTIONS": [
      "「我們又見面了！」 NL 一個蓬頭垢面的男子歡快地出現在你面前向你問好。你不認識這個男人。 NL NL 「是我， #y蘭偉德 啊！所以今天有什麼好東西給我嗎？和往常一樣？哎呀呀，像我這樣的人，獨自一個可實在不好混啊，對不對？」 NL 你滿腹狐疑地打量著他，開始思考應該怎麼做……",
      "「太好了！我正口渴呢。」 NL #b~咕嘟~ #b~咕嘟~ #b~咕嘟~ NL NL 他一口氣喝完了藥水，滿意地打了一個 @飽嗝@ 。",
      "「太棒了！之後要是再遇見那些 #r戴面具的流氓 ，這一定會很有用的。」",
      "「有意思！我會回去好好研究的。」",
      "「 @啊！！@ 哎呀你這人有時真是老混蛋了！」 NL 他飛快地跑開了。",
      "  NL NL 他在自己身上的眾多口袋裡摸索了半天…… NL 「看我今天為你準備了什麼！給你給你！」"
    ],
    "OPTIONS": [
      "[給他藥水] #r失去 ",
      "[鎖定] 需要：藥水",
      "[給他金幣] #r失去 #r",
      "[鎖定] 需要：至少50金幣",
      "[給他卡牌] #r失去 ",
      "[鎖定] 需要：卡牌",
      "。 #g獲得一件遺物",
      "[攻擊]",
      "[離開]",
      " #r金幣"
    ]
  },
  "Designer": {
    "NAME": "「尖端」設計師",
    "DESCRIPTIONS": [
      "你發現一家 #g~五彩斑斕~ 的店，橫幅上掛著大大的的「尖端」兩個字，就走進去想看看裡面有什麼。 NL 「等等，別，不行。你不能進來！ NL NL 一個穿著打扮無比荒唐的男人出現在門口把你攔了下來。",
      "「不行不行，這怎麼可以呢。哎呀，你這算是什麼風格？ @令人作嘔！@ 什麼，你還 #r流流、流著血 ？ 哎呀 #p~好噁心啊~ 。啊？你問我是做 @什麼生意@ 的？？你是顧客嗎？好吧。 ~哎呀真是沒辦法啦。~ 」 NL 他誇張地嘆了一口氣，伸手指向一張服務目錄。 NL NL 服務內容看起來還挺正常的，但你現在一心只想對著這自我感覺良好的傢伙洋洋自得的臉上一拳揍過去。",
      "「好啦，那下次再來哦。」 NL NL ……剛剛真該一拳揍上去的。",
      "你一拳揍了過去，打到你的手都痛了。 NL 「我的 @臉@ 啊！！ 這下我要──」 NL NL 他暈了過去。呵呵，現在誰才又 #p~噁心~ 又 #r流著血 啦？"
    ],
    "OPTIONS": [
      "[繼續]",
      "[小修一下] #r失去 #r",
      "[清潔一下] #r失去 #r",
      "[全套服務] #r失去 #r",
      "[一拳過去] #r失去 #r",
      " #r生命",
      " #r金幣",
      " #g隨機升級 #g",
      " #g張牌",
      " #g升級一張牌",
      " #g移除一張牌",
      " #g變化 #g",
      " #g張牌",
      " #g移除一張牌，然後隨機升級一張牌",
      "[離開]",
      "選擇一張牌升級",
      "選擇2張牌變化",
      "選擇一張牌移除"
    ]
  },
  "Colosseum": {
    "NAME": "競技場",
    "DESCRIPTIONS": [
      "@哐！！！@ NL … NL ……… NL …… NL ~你被~ ~打暈了~ ~……~",
      "你悠悠醒轉，腦袋還 @疼得厲害@ ，腳也 ~站不太穩~ 。你發現自己正處於一座巨大競技場的中央，觀眾席上擠滿了 #b奴隸販子 、 #p邪教徒 和城市區的其他居民們！ NL ",
      " NL 一個頭戴 #y金冠 的重甲巨人佇立在上方，他對你咆哮： NL @「那麼現在，就讓我們開始第@ @",
      "@ @輪戰鬥！！！！」@ NL 在你對面的那道大門緩緩打開了……",
      "@「打得不錯，弱者啊！」@ NL 那名巨人假裝鼓了鼓掌，用誇張的手勢開始鼓動起觀眾們。 NL #y~金幣~ ~和~ #y~彩紙~ ~從天而降~ ~撒落在你身旁！~ NL @「接下來才是真正的挑戰！！」@ NL NL 上一場戰鬥在競技場的圍牆上留下了一個小小缺口，你完全有機會在眾人們沒留意時從那裡逃出去。 NL 你想要留下來繼續戰鬥嗎？"
    ],
    "OPTIONS": [
      "[繼續]",
      "[戰鬥]",
      "[怕了] 逃跑",
      "[戰鬥到底] 一場艱難的戰鬥，贏得眾多獎賞"
    ]
  }
}