{
  "Ascension": {
    "NAME": "Basamak",
    "DESCRIPTIONS": [
      "Her basamak seviyesi için +%5 skor."
    ]
  },
  "Beyond Elites Killed": {
    "NAME": "Ölen Ötesi Elitleri ",
    "DESCRIPTIONS": []
  },
  "Bosses Slain": {
    "NAME": "Bosslar Öldürüldü",
    "DESCRIPTIONS": []
  },
  "City Elites Killed": {
    "NAME": "Ölen Şehir Elitleri ",
    "DESCRIPTIONS": []
  },
  "Exordium Elites Killed": {
    "NAME": "Ölen Exordium Elitleri ",
    "DESCRIPTIONS": []
  },
  "Champion": {
    "NAME": "Şampiyon",
    "DESCRIPTIONS": [
      "Bir Eliti hasar almadan yen."
    ]
  },
  "Perfect": {
    "NAME": "Mükemmel",
    "DESCRIPTIONS": [
      "Bir Bossu hasar almadan yen."
    ]
  },
  "Beyond Perfect": {
    "NAME": "Mükemmel Ötesi",
    "DESCRIPTIONS": [
      "3 Bossu hasar almadan yen."
    ]
  },
  "Overkill": {
    "NAME": "Fazladan Vuruş",
    "DESCRIPTIONS": [
      "Tek bir saldırıyla 99 hasar ver."
    ]
  },
  "Combo": {
    "NAME": "K-k-k-kombo",
    "DESCRIPTIONS": [
      "Tek bir turda 20 kart oyna."
    ]
  },
  "Poopy": {
    "NAME": "Kaka",
    "DESCRIPTIONS": [
      "Ruh Boku'nu elde ettin."
    ]
  },
  "Cheater": {
    "NAME": "Hileci",
    "DESCRIPTIONS": [
      "Hile yaparken yakalandın. Eğer ikinci kez olursa, skorların Lider Tablosu'na asla yüklenmeyecek."
    ]
  },
  "Speedster": {
    "NAME": "Hızlısın",
    "DESCRIPTIONS": [
      "60 dakika altında galibiyet."
    ]
  },
  "Light Speed": {
    "NAME": "Işık Hızı",
    "DESCRIPTIONS": [
      "45 dakika altında galibiyet."
    ]
  },
  "Money Money": {
    "NAME": "Para Para",
    "DESCRIPTIONS": [
      "1,000 altın elde ettin."
    ]
  },
  "Raining Money": {
    "NAME": "Para Yağıyor",
    "DESCRIPTIONS": [
      "2,000 altın elde ettin."
    ]
  },
  "I Like Gold": {
    "NAME": "Altın Severim",
    "DESCRIPTIONS": [
      "3,000 altın elde ettin."
    ]
  },
  "Minimalist": {
    "NAME": "Minimalist",
    "DESCRIPTIONS": [
      "Destenden 5+ kart sildin."
    ]
  },
  "Highlander": {
    "NAME": "Yalnız Kalmış",
    "DESCRIPTIONS": [
      "Desten çift kart içermiyor (başlangıç kartları hariç)."
    ]
  },
  "Shiny": {
    "NAME": "Parlak Şeylerden Hoşlanırım",
    "DESCRIPTIONS": [
      "25+ kalıntın var."
    ]
  },
  "Collector": {
    "NAME": "Toplayıcı",
    "DESCRIPTIONS": [
      "Başlangıçta olmayan kartların herhangi birinden 4 kopya bulundur."
    ]
  },
  "Pauper": {
    "NAME": "Yoksul",
    "DESCRIPTIONS": [
      "0 Nadir kartın olsun."
    ]
  },
  "Librarian": {
    "NAME": "Kütüphaneci",
    "DESCRIPTIONS": [
      "En az 35 tane kart olan deste."
    ]
  },
  "Encyclopedian": {
    "NAME": "Ansiklopedici",
    "DESCRIPTIONS": [
      "En az 50 tane kart olan deste."
    ]
  },
  "Well Fed": {
    "NAME": "İyi Beslenmiş",
    "DESCRIPTIONS": [
      "Maksimum HP'ni 15+ arttır."
    ]
  },
  "Stuffed": {
    "NAME": "Doldurulmuş",
    "DESCRIPTIONS": [
      "Maksimum HP'ni 30+ arttır."
    ]
  },
  "Curses": {
    "NAME": "Lanetler!",
    "DESCRIPTIONS": [
      "Desten 5 lanet içeriyor."
    ]
  },
  "Alchemist": {
    "NAME": "Simyacı",
    "DESCRIPTIONS": [
      "5 İksir satın alındı."
    ]
  },
  "Mystery Machine": {
    "NAME": "Gizemli Makine",
    "DESCRIPTIONS": [
      "15+ ? odasına gittin."
    ]
  },
  "On My Own Terms": {
    "NAME": "Benim Kurallarım Geçerli",
    "DESCRIPTIONS": [
      "Kendini öldürdün."
    ]
  }
}