{
  "Dark": {
    "NAME": "Пітьма",
    "DESCRIPTION": [
      "#yПасивний #yефект: Наприкінці руху збільшує шкоду цієї Сфери на #b",
      ". NL #yСпрямований #yефект: Наносить #b",
      " шкоди ворогу з найменшим ОЗ."
    ]
  },
  "Empty": {
    "NAME": "Місце для Сфери",
    "DESCRIPTION": [
      "Сфери можуть бути призвані сюди."
    ]
  },
  "Frost": {
    "NAME": "Крига",
    "DESCRIPTION": [
      "#yПасивний #yефект: Наприкінці руху отримуєте #b",
      " #yБроні. NL #yСпрямований #yефект: Отримуєте #b",
      " #yБроні."
    ]
  },
  "Lightning": {
    "NAME": "Громовиця",
    "DESCRIPTION": [
      "#yПасивний #yефект: Наприкінці руху наносить #b",
      " шкоди випадковому ворогу. NL #yСпрямований #yефект: Наносить #b",
      " шкоди випадковому ворогу."
    ]
  },
  "Plasma": {
    "NAME": "Плазма",
    "DESCRIPTION": [
      "#yПасивний #yефект: Наприкінці руху отримуєте [B] . NL #yСпрямований #yефект: Отримуєте #b",
      " [B] . NL #yЗосередження не діє на цю Сферу."
    ]
  }
}