{
  "Allstar": {
    "NAME": "Видатні",
    "DESCRIPTION": "Починаєте з 5-ма безбарвними картами."
  },
  "Binary": {
    "NAME": "Подвійний всесвіт",
    "DESCRIPTION": "Обираєте з 2-х карт, намість 3-ох."
  },
  "Blight Chests": {
    "NAME": "Моровицеві скарбниці",
    "DESCRIPTION": "Князеві скарбниці містять моровиці після 3 Акту у Нескінченній грі."
  },
  "Blue Cards": {
    "NAME": "Сині карти",
    "DESCRIPTION": "Сині карти тепер з’являються у нагородах та крамницях."
  },
  "Brewmaster": {
    "NAME": "Майстер зіллє-варення",
    "DESCRIPTION": "Починаєте з 5-ма копіями Токсинології та Статуєю білого звіра."
  },
  "Careless": {
    "NAME": "Безтурботність",
    "DESCRIPTION": "Напочатку кожного руху, кладете першу карту з колоди у відбій."
  },
  "Chimera": {
    "NAME": "Химера",
    "DESCRIPTION": "Ваша початкова колода складається з карт від усіх героїв."
  },
  "Colorless Cards": {
    "NAME": "Безбарвні карти",
    "DESCRIPTION": "Безбарвні карти тепер з’являються у нагородах."
  },
  "ControlledChaos": {
    "NAME": "Керований хаос",
    "DESCRIPTION": "Починаєте з Замороженим оком. На початку вашого руху додає 10 випакових карт в кінець колоди."
  },
  "Cursed Run": {
    "NAME": "Прокляте",
    "DESCRIPTION": "Після кожного князя, стаєте проклятим(-ою). Початковий амулет замінюється на Проклятий Ключ, Темно-камінний Амулет та Ду-Ву Ляльку."
  },
  "DeadlyEvents": {
    "NAME": "Смертельні події",
    "DESCRIPTION": "У ? кімнатах можна знайти Еліту, але Скарби з’являтимуться частіше."
  },
  "Diverse": {
    "NAME": "Різноманітність",
    "DESCRIPTION": "Тип карт тепер не обмежуються вашим персонажем."
  },
  "Draft": {
    "NAME": "Чорняк",
    "DESCRIPTION": "Створіть назамовну колоду карт, на початку гри."
  },
  "Elite Swarm": {
    "NAME": "Олігархія",
    "DESCRIPTION": "Вежа кишить Елітою. Еліта залишає по собі кращі нагороди."
  },
  "Endless": {
    "NAME": "Нескінченність",
    "DESCRIPTION": "Перемога повертає Вас назад до Воріт з тією ж колодою. Та стережіться, бо моровиця знищує усіх, навіть наймогутніших з нас..."
  },
  "Flight": {
    "NAME": "Політ",
    "DESCRIPTION": "Можете покинути вашу стежку обираючи наступну кімнату."
  },
  "Green Cards": {
    "NAME": "Зелені карти",
    "DESCRIPTION": "Зелені карти тепер з’являються у нагородах та крамницях."
  },
  "Heirloom": {
    "NAME": "Спадщина",
    "DESCRIPTION": "Починаєте гру з рідкісним амулетом."
  },
  "Hoarder": {
    "NAME": "Жадібність",
    "DESCRIPTION": "Щоразу Ви додаєте карту у Вашу Колоду, отримуєте ще дві копії. Торговець більше не надає послугу видалення карт."
  },
  "Inception": {
    "NAME": "Початок",
    "DESCRIPTION": "Замінює початковий амулет на «Неперевершену дзиґа»."
  },
  "Insanity": {
    "NAME": "Божевілля",
    "DESCRIPTION": "Починаєте з випадковою колодою в 50 карт."
  },
  "IntelligentEnemies": {
    "NAME": "Розумні вороги",
    "DESCRIPTION": "Вороги рухаються складніше, з покращеними здібностями."
  },
  "Lethality": {
    "NAME": "Смертельність",
    "DESCRIPTION": "Починаєте кожен бій з +3 Міці. Усі вороги починають з +3 Міці."
  },
  "Midas": {
    "NAME": "Мідас",
    "DESCRIPTION": "Вороги лишають по собі 200% більше золота, але ви не можете поліпшувати карти у Таборах."
  },
  "MonsterHunter": {
    "NAME": "Полювання на звірів",
    "DESCRIPTION": "Вороги мають більше ОЗ, та лишають по собі кращі скарби."
  },
  "My True Form": {
    "NAME": "Моя справжня форма",
    "DESCRIPTION": "Починаєте з Демоновою формою, Спектральною формою та Відлунням."
  },
  "NeowTime": {
    "NAME": "Час Няу",
    "DESCRIPTION": "Отримуєте 3 благословення та 1-у моровицу від Няу."
  },
  "Night Terrors": {
    "NAME": "Нічні жахи",
    "DESCRIPTION": "Відпочинок біля вогнища зцілює 100% вашого ОЗ, проте коштує 5 макс. ОЗ."
  },
  "One Hit Wonder": {
    "NAME": "Чудо юдо",
    "DESCRIPTION": "Починаєте гру з 1 макс. ОЗ."
  },
  "Praise Snecko": {
    "NAME": "Слава Зміяку",
    "DESCRIPTION": "Замінює початковий амулет на «Око Зміяки»."
  },
  "Red Cards": {
    "NAME": "Червоні карти",
    "DESCRIPTION": "Червоні карти тепер з’являються у нагородах та крамницях."
  },
  "SealedDeck": {
    "NAME": "Запечатана колода",
    "DESCRIPTION": "Створює колоду в 30 випадкових карт."
  },
  "Shiny": {
    "NAME": "Розкішне",
    "DESCRIPTION": "Початкова колода замінюється рідкісними картами."
  },
  "Specialized": {
    "NAME": "Спеціалізація",
    "DESCRIPTION": "Починаєте з 5-ма копіями одної рідкісної карти."
  },
  "Starter Deck": {
    "NAME": "Початкова колода",
    "DESCRIPTION": "Починаєте з Пошкодженою короною та Подвійний всесвіт, вороги більше не залишають по собі карти."
  },
  "Stunted Growth": {
    "NAME": "Сповільний ріст",
    "DESCRIPTION": "Вороги більше не лишають по собі нагороди після 3-ого Акту у Нескінченності."
  },
  "Terminal": {
    "NAME": "Смертельна хвороба",
    "DESCRIPTION": "Щоразу, коли ви заходите у нову кімнату, втрачаєте 1 макс. ОЗ. Починаєте кожен бій з 5 Панцирної Броні."
  },
  "Time Dilation": {
    "NAME": "Кривизна часу",
    "DESCRIPTION": "Усі вороги починають бій сповільненими."
  },
  "Uncertain Future": {
    "NAME": "Пізнане майбутнє",
    "DESCRIPTION": "На мапі лише один шлях."
  },
  "Vintage": {
    "NAME": "Осучас",
    "DESCRIPTION": "Звичайні вороги залишають по собі амулети, замість карт."
  }
}