{
  "DEV": {
    "HEADER": "Geliştirme & Dizayn",
    "NAMES": [
      "Anthony Giovannetti",
      "Casey Yano"
    ]
  },
  "OPS": {
    "HEADER": "İşlemler & Metrikler",
    "NAMES": [
      "Danielle Jenkins",
      "Jake Rabinowitz"
    ]
  },
  "SOUND": {
    "HEADER": "Müzik & Sesler",
    "NAMES": [
      "Clark Aboud"
    ]
  },
  "VOICE": {
    "HEADER": "Ses Sanatçısı",
    "NAMES": [
      "Tamara Ryan",
      "Michael Schwalbe"
    ]
  },
  "PORTRAITS": {
    "HEADER": "Kart Portreleri & Olaylardaki Sanat",
    "NAMES": [
      "Anailis Dorta"
    ]
  },
  "ANIMATION": {
    "HEADER": "Karakter Animasyonları",
    "NAMES": [
      "Julio Duque Montero",
      "Jon Sandler"
    ]
  },
  "ILLUSTRATION": {
    "HEADER": "Reklam & Arka Plan İllüstürasyonu",
    "NAMES": [
      "Bruce Brenneise"
    ]
  },
  "LOC_ZHS": {
    "HEADER": "Çince (Basitleştirilmiş) Yerelleştirme",
    "NAMES": [
      "Sound of Mystery"
    ]
  },
  "LOC_ZHT": {
    "HEADER": "Çince (Geleneksel) Yerelleştirme",
    "NAMES": [
      "professor",
      "bowans",
      "Angryfox"
    ]
  },
  "LOC_FRA": {
    "HEADER": "Fransızca Yerelleştirme",
    "NAMES": [
      "Xavier \"Blagatt\" Dupont",
      "Malik \"Devexia\" Leonarski",
      "Thomas \"Elgerine\" Ferry",
      "Vincent \"Hénip\" Bartoux",
      "Alexandre \"Judgy\" Gaubert",
      "Vincent \"MissingNoShiny\" Larcin",
      "Julien \"RoPeTTe\" Ropero",
      "Hugo \"Tagadda\" Vurpillot",
      "Corentin \"Tchus\" Monfort",
      "Nicky \"Qazahar\" Dehout",
      "Zachary \"WyvernZed\" Janisse"
    ]
  },
  "LOC_DEU": {
    "HEADER": "Almanca Yerelleştirme",
    "NAMES": [
      "Joshua \"Joshipon\" Wiegand",
      "Dustin \"Skrelpoid\" Kristen",
      "Jonas Trodler",
      "Hongkong Koma",
      "Moly",
      "koykoy13",
      "Magnus Upmann"
    ]
  },
  "LOC_ITA": {
    "HEADER": "İtalyanca Yerelleştirme",
    "NAMES": [
      "Hob",
      "Mero Marco",
      "Luigi Squarzina"
    ]
  },
  "LOC_JPN": {
    "HEADER": "Japonca Yerelleştirme",
    "NAMES": [
      "Grezzz"
    ]
  },
  "LOC_KOR": {
    "HEADER": "Korece Yerelleştirme",
    "NAMES": [
      "Çeviri Menajeri:",
      "Eteriny",
      "Çeviri:",
      "Simcoding",
      "DesFrog",
      "insight",
      "K4lium",
      "hina",
      "Steam Sayfası Çevirisi:",
      "GyeRyak",
      "GyeRyak"
    ]
  },
  "LOC_NOR": {
    "HEADER": "Norveççe Yerelleştirme",
    "NAMES": [
      "Eystein Jarp"
    ]
  },
  "LOC_POL": {
    "HEADER": "Polonyaca Yerelleştirme",
    "NAMES": [
      "Çeviri ve Koordinasyon:",
      "Stanis³aw \"ST4H\" Borkowski",
      "Oskar \"volf3n\" Nowak",
      "Ek Çeviriler:",
      "Adrian \"xeros\" Rolka",
      "Düzeltme:",
      "Oskar \"volf3n\" Nowak",
      "Öneriler ve Geri Bildirim:",
      "Kasper \"Awokado\" Beræ",
      "Pawe³ \"BASTIL\" Kaleta",
      "Grzegorz \"GregPL\" Bogus³awski",
      "Erwin \"mateusz3010\" Matys",
      "Mettie",
      "Rafa³ \"SponTon83\" Szyszko"
    ]
  },
  "LOC_PTB": {
    "HEADER": "Brezilya Portekizcesi Yerelleştirme",
    "NAMES": [
      "Guilherme \"GPerego\" Perego",
      "Gustavo \"KomKlave\" Duarte",
      "José \"Maneimax\" Vasconcelos",
      "Leonardo \"Iikat\" Takii",
      "Nathan \"NoxShadow\" Cervieri",
      "Paulo \"SilverTape\" Hauck"
    ]
  },
  "LOC_RUS": {
    "HEADER": "Rusça Yerelleştirme",
    "NAMES": [
      "Çeviri ve Koordinasyon:",
      "Ivan \"Ingrett\" Khoroshunenko",
      "Çeviri ve Depolama:",
      "Vladislav \"Vlad-00003\" Bolshakov",
      "Öneri ve Geri Bildirim:",
      "Mikhail \"Outmind\" Dyuzhev",
      "Bohdan \"DarkRosse\" Kalytiuk",
      "Sergey \"lol10801lol\" K.",
      "Ascimator",
      "Kateryna \"Meds\" Belimenko-Bolger",
      "Alexey \"Surrealistic Ganerson\" Popov",
      "Alexandr \"LiaNdrY\" Mazistov",
      "Dmitry \"Regallion\" Zhiryakov",
      "Shop Asset Translation:",
      "Urist McFerrum"
    ]
  },
  "LOC_TUR": {
    "HEADER": "Türkçe Yerelleştirme",
    "NAMES": [
      "Erdem Gürbüz"
    ]
  },
  "LOC_ADDITIONAL": {
    "HEADER": "Ek Çeviriler",
    "NAMES": [
      "MoGi Group"
    ]
  },
  "TEST": {
    "HEADER": "Oyunu Test Edenler",
    "NAMES": [
      "Agari",
      "Daria Anderson",
      "Zac Bauermeister",
      "Nick Becker",
      "Esther Beckman",
      "Leo Chen",
      "Brian Chau",
      "Dan D'Argenio",
      "David Delorenzo",
      "Tim Erskine",
      "Benjamin Finkel",
      "Rajiv Giridharagopal",
      "Wyatt Grodzins",
      "Ren Howell",
      "Kyle James",
      "Ryan Mathisen",
      "Anthony McMillian",
      "Brad Meine",
      "Jacob Morris",
      "Alex Rockwell",
      "Greg Scheopner",
      "John \"Slide20xl\" Smith",
      "Aaron Taggart",
      "Alexander Toy",
      "Merijn van der Vliet",
      "David Von Derau",
      "Conor Watson",
      "David \"divadus\" Withington"
    ]
  },
  "SPECIAL": {
    "HEADER": "Özel Olarak Teşekkür Ederiz",
    "NAMES": [
      "Harry Rabinowitz",
      "Kevin \"Billy\" Matheson",
      "Anthony Roybal",
      "Lee Beckman",
      "Sam Welch",
      "feedbackbot",
      "Evan Howell",
      "Justin Myhres",
      "robojumper"
    ]
  },
  "THANKS_MSG": {
    "HEADER": "...ve oynadığınızı için SİZE teşekkürler!",
    "NAMES": []
  },
  "LOC_SRB": {
    "HEADER": "Serbian Localization",
    "NAMES": [
      "Nikola \"hauzer\" Vukosavljević"
    ]
  },
  "LOC_UKR": {
    "HEADER": "Ukrainian Localization",
    "NAMES": [
      "Vladyslav \"DarkXylese\" Kashtelyanov",
      "Vasyl \"RDSk\" Mykhaliuk",
      "Corrections and Translation:",
      "Vasyl \"RDSk\" Mykhaliuk",
      "Artem \"Crazytosik\" Zemlianyi"
    ]
  },
  "LOC_CAT": {
    "HEADER": "Catalan Localization",
    "NAMES": []
  },
  "LOC_GRE": {
    "HEADER": "French Localization",
    "NAMES": [
      "Kotsos \"Iglor\" Diamond"
    ]
  },
  "LOC_IND": {
    "HEADER": "Indonesian Localization",
    "NAMES": [
      "Aditya \"RiSQ.\" Arifin",
      "Daryan \"Samus\" Ramadhany",
      "Szaal"
    ]
  },
  "LOC_SPA": {
    "HEADER": "Spanish Localization",
    "NAMES": [
      "Translation and Coordination:",
      "Pedro Luis \"PerikiyoXD\" Valadés Viera",
      "Translation:",
      "xabad98",
      "Skiddome",
      "Juanjo \"ajuanjojjj\" Martinez",
      "Grammar and Cleanup:",
      "Joaquín \"Pip1n\" López",
      "Joaquín \"Pip1n\" López"
    ]
  },
  "LOC_EPO": {
    "HEADER": "Esperanto Localization",
    "NAMES": [
      "Vincent \"Babelismoj\" Oostelbos"
    ]
  }
}