{
  "Cursed Run": {
    "NAME": "Lanetlenmiş Oyun",
    "DESCRIPTION": "Ne zaman bir Boss'u yenersen, Lanetlen."
  },
  "Heirloom": {
    "NAME": "Yadigar",
    "DESCRIPTION": "Rastgele 1 Nadir kalıntı ile başla."
  },
  "Night Terrors": {
    "NAME": "Gece Korkusu",
    "DESCRIPTION": "Kamp ateşlerinde dinlenmek %30 yerine, %20 HP iyileştirir."
  },
  "Vintage": {
    "NAME": "Eskiden Kalma",
    "DESCRIPTION": "Tüccar'ın sattıkları %25 daha pahalı."
  },
  "Shiny": {
    "NAME": "Parlak",
    "DESCRIPTION": "Rastgele 1 Nadir Kart ile başla."
  },
  "Elite Swarm": {
    "NAME": "Elit Sürüsü",
    "DESCRIPTION": "Elitler Spiral'de sürü halinde dolaşıyorlar."
  },
  "Allstar": {
    "NAME": "Yıldız",
    "DESCRIPTION": "Rastgele 2 renksiz kart ile başla."
  },
  "Diverse": {
    "NAME": "Çeşit Çeşit",
    "DESCRIPTION": "Diğer sınıflardan rastgele 2 kart ile başla."
  },
  "Binary": {
    "NAME": "Binary",
    "DESCRIPTION": "Kart ödülleri yalnızca 2 kart içerir."
  },
  "Uncertain Future": {
    "NAME": "Belirsiz Gelecek",
    "DESCRIPTION": "Harita yalnızca ? olarak gözükür."
  },
  "Midas": {
    "NAME": "Midas",
    "DESCRIPTION": "Düşmanlar %500 daha fazla altın düşürür ama Dinlenme Yerlerinde kart geliştiremezsin."
  },
  "Insanity": {
    "NAME": "Insanity",
    "DESCRIPTION": "Start with a random deck of 50 cards."
  },
  "Lethality": {
    "NAME": "Lethality",
    "DESCRIPTION": "You start each combat with +3 Strength. All enemies start combat with +3 Strength."
  },
  "Terminal": {
    "NAME": "Terminal",
    "DESCRIPTION": "Whenever you enter a new room, lose 1 Max HP. Start each combat with 5 Plated Armor."
  },
  "Time Dilation": {
    "NAME": "Time Dilation",
    "DESCRIPTION": "All enemies become Slow."
  },
  "Hoarder": {
    "NAME": "Hoarder",
    "DESCRIPTION": "Whenever you add a card to your deck, add two additional copies. You can no longer remove cards from your deck at the Merchant."
  },
  "Draft": {
    "NAME": "Draft",
    "DESCRIPTION": "Draft a custom starting deck of cards."
  },
  "Brewmaster": {
    "NAME": "Brewmaster",
    "DESCRIPTION": "Start with 5 copies of Alchemize, Toy Ornithopter and White Beast Statue."
  },
  "Specialized": {
    "NAME": "Specialized",
    "DESCRIPTION": "Start with 5 copies of a single rare card."
  },
  "Endless": {
    "NAME": "Endless",
    "DESCRIPTION": "Winning will return you to Act 1 with the same deck. But beware, the blight eventually consumes all..."
  },
  "One Hit Wonder": {
    "NAME": "One Hit Wonder",
    "DESCRIPTION": "Start the game with 1 max HP."
  },
  "Starter Deck": {
    "NAME": "Starter Deck",
    "DESCRIPTION": "Start with Busted Crown and Binary, so enemies no longer drop cards."
  },
  "Praise Snecko": {
    "NAME": "Praise Snecko",
    "DESCRIPTION": "Replaces your starting relic with Snecko Eye."
  },
  "Inception": {
    "NAME": "Inception",
    "DESCRIPTION": "Replaces your starting relic with Unceasing Top."
  },
  "My True Form": {
    "NAME": "My True Form",
    "DESCRIPTION": "Start with a copy of Demon Form, Wraith Form and Echo Form."
  },
  "Blight Chests": {
    "NAME": "Blight Chests",
    "DESCRIPTION": "Boss chests contain blights after beating Act 3 on Endless."
  },
  "Stunted Growth": {
    "NAME": "Stunted Growth",
    "DESCRIPTION": "Enemies no longer drop card rewards after beating Act 3 on Endless."
  },
  "Blue Cards": {
    "NAME": "Blue Cards",
    "DESCRIPTION": "Blue cards now appear in rewards and shops."
  },
  "Red Cards": {
    "NAME": "Red Cards",
    "DESCRIPTION": "Red cards now appear in rewards and shops."
  },
  "Colorless Cards": {
    "NAME": "Colorless Cards",
    "DESCRIPTION": "Colorless cards appear more often."
  },
  "Green Cards": {
    "NAME": "Green Cards",
    "DESCRIPTION": "Green cards now appear in rewards and shops."
  },
  "SealedDeck": {
    "NAME": "Sealed Deck",
    "DESCRIPTION": "Craft a deck from 30 random cards."
  },
  "IntelligentEnemies": {
    "NAME": "Intelligent Enemies",
    "DESCRIPTION": "All enemies have more challenging movesets and abilities."
  },
  "MonsterHunter": {
    "NAME": "Monster Hunter",
    "DESCRIPTION": "Enemies have bonus HP but drop better rewards."
  },
  "NeowTime": {
    "NAME": "Neow Time",
    "DESCRIPTION": "Receive 3 blessings and 1 blight from Neow."
  },
  "Flight": {
    "NAME": "Flight",
    "DESCRIPTION": "You may ignore paths when choosing the next room to travel to."
  },
  "ControlledChaos": {
    "NAME": "Controlled Chaos",
    "DESCRIPTION": "Start with Frozen Eye. At the start of your turn add 10 random cards to the bottom of your draw pile."
  },
  "Careless": {
    "NAME": "Careless",
    "DESCRIPTION": "At the start of every turn, discard the top card of your draw pile."
  },
  "Chimera": {
    "NAME": "Chimera",
    "DESCRIPTION": "Your starting deck is a fusion of 3 characters."
  },
  "DeadlyEvents": {
    "NAME": "Deadly Events",
    "DESCRIPTION": "? rooms can now contain Elites but are more likely to contain Treasure rooms."
  },
  "Daily Mods": {
    "NAME": "Daily Mods",
    "DESCRIPTION": "Embark on a run with exactly 3 random Daily Mods."
  }
}