{
  "DeadlyEnemies": {
    "NAME": "Μολυσμένα Όπλα",
    "DESCRIPTION": [
      "Οι Εχθροί κάνουν #b",
      "% περισσότερη ζημιά."
    ]
  },
  "ToughEnemies": {
    "NAME": "Σκληροτράχηλοι Εχθροί",
    "DESCRIPTION": [
      "Οι Εχθροί έχουν #b",
      "% περισσότερους ΒΥ."
    ]
  },
  "TimeMaze": {
    "NAME": "Χρονικός Λαβύρινθος",
    "DESCRIPTION": [
      "Μπορείς να παίξεις μέχρι #b",
      " κάρτες κάθε γύρο.",
      "Μπορώ να παίξω μόνο NL #r"
    ]
  },
  "Accursed": {
    "NAME": "Τρισκατάρατος",
    "DESCRIPTION": [
      "Όταν σκοτώσεις Αρχηγό, πάρε #b",
      " τυχαίες #yΚατάρες.",
      "Τρισκατάρατος!"
    ]
  },
  "TwistingMind": {
    "NAME": "Μπερδεμένο Μυαλό",
    "DESCRIPTION": [
      "Στο τέλος του γύρου βάλε #b",
      " τυχαίες κάρτες Κατάστασης πάνω στη Στοίβα Τραβήγματος.",
      ""
    ]
  },
  "Scatterbrain": {
    "NAME": "Αφηρημένος",
    "DESCRIPTION": [
      "Τράβηξε #b",
      " λιγότερη κάρτα.",
      "Αφηρημάδα!"
    ]
  },
  "MimicInfestation": {
    "NAME": "Μόλυνση Μιμικών",
    "DESCRIPTION": [
      "Τα Δωμάτια Θησαυρού στις μελλοντικές πράξεις αντικαθίστανται από Ελίτ."
    ]
  },
  "FullBelly": {
    "NAME": "Φίμωτρο",
    "DESCRIPTION": [
      "Δεν μπορείς πλέον να αυξήσεις τους Μέγιστους ΒΥ. Πλέον γιατρεύσαι 50% λιγότερο."
    ]
  },
  "GrotesqueTrophy": {
    "NAME": "Απαίσιο Βραβείο",
    "DESCRIPTION": [
      "Όταν το πάρεις, πάρε #b",
      " #rΥπερηφάνια.",
      "Η Υπερηφάνια σου παραξενεύει..."
    ]
  },
  "BlightedDurian": {
    "NAME": "Καπνιασμένος Ντούριαν",
    "DESCRIPTION": [
      "Χάσε #b",
      "% των μέγιστων ΒΥ."
    ]
  },
  "VoidEssence": {
    "NAME": "Ουσία Κενού",
    "DESCRIPTION": [
      "Πάρε 1 λιγότερο [R] στην αρχή κάθε γύρου.",
      "Πάρε 1 λιγότερο [G] στην αρχή κάθε γύρου.",
      "Πάρε 1 λιγότερο [B] στην αρχή κάθε γύρου.",
      " less [B] at the start of each turn."
    ]
  },
  "GraspOfShadows": {
    "NAME": "Αρπαγή της Σκιάς",
    "DESCRIPTION": [
      "Οι εχθροί ξεκινούν τη μάχη με #b",
      " #yΆυλος."
    ]
  },
  "MetallicRebirth": {
    "NAME": "Μεταλλική Αναγέννηση",
    "DESCRIPTION": [
      "Οι εχθροί ξεκινούν τη μάχη με #b",
      " #yΜαγική #yΑσπίδα, #b",
      " #yΕπιστρωμένη #yΠανοπλία και #b",
      " #yΑναγέννηση."
    ]
  }
}