{
  "AcidSlime_L": {
    "MOVES": [
      "Διαβρωτικό Φτύσιμο",
      "Χώρισμα",
      "Γλύψιμο"
    ],
    "NAME": "Τοξική Γλίτσα (Μ)",
    "DIALOG": [
      ""
    ]
  },
  "AcidSlime_M": {
    "MOVES": [
      "Διαβρωτικό Φτύσιμο",
      "Γλύψιμο"
    ],
    "NAME": "Τοξική Γλίτσα (μ)",
    "DIALOG": [
      ""
    ]
  },
  "AcidSlime_S": {
    "MOVES": [],
    "NAME": "Τοξική Γλίτσα (μμ)",
    "DIALOG": [
      ""
    ]
  },
  "Apology Slime": {
    "MOVES": [],
    "NAME": "Απολογητική Γλίτσα",
    "DIALOG": [
      ""
    ]
  },
  "AwakenedOne": {
    "MOVES": [
      "Ψυχικό Χτύπημα",
      "Σκοτεινή Ηχώς",
      "Κάθαρση",
      "Λάσπη"
    ],
    "NAME": "Ο Αφυπνισμένος",
    "DIALOG": [
      "~Γκρρ~ ~.~ ~.~ ~.~",
      "~Όχι~ ~.~ ~.~ ~.~ ~όχι~ ~.~ ~.~ NL ~.~ ~.~ ~όχι~ ~.~ ~.~ ~.~"
    ]
  },
  "BanditBear": {
    "MOVES": [
      ""
    ],
    "NAME": "Αρκούδας",
    "DIALOG": [
      ""
    ]
  },
  "BanditChild": {
    "MOVES": [
      ""
    ],
    "NAME": "Μυτερός",
    "DIALOG": [
      "~Αρκούδεεεε!!!!~"
    ]
  },
  "BanditLeader": {
    "MOVES": [
      ""
    ],
    "NAME": "Ρομέο",
    "DIALOG": [
      "~Πιασ'~ ~τον~ ~Αρκούδε!!~",
      "~Θα~ ~το~ ~πληρώσεις~ ~αυτό!!~",
      "~Όχιιιιι,~ ~Αρκούδεε!~"
    ]
  },
  "BookOfStabbing": {
    "MOVES": [
      ""
    ],
    "NAME": "Βιβλίο Μαχαιρώματος",
    "DIALOG": [
      ""
    ]
  },
  "BronzeAutomaton": {
    "MOVES": [
      "ΥΠΕΡΑΚΤΙΝΑ"
    ],
    "NAME": "Μπρούτζινο Αυτόματο",
    "DIALOG": [
      ""
    ]
  },
  "BronzeOrb": {
    "MOVES": [
      ""
    ],
    "NAME": "Σφαίρα",
    "DIALOG": [
      ""
    ]
  },
  "Byrd": {
    "MOVES": [
      ""
    ],
    "NAME": "Πτηνό",
    "DIALOG": [
      "@ΚΡΑ!@ NL @ΚΡΑΑΑΟΥ@",
      ""
    ]
  },
  "Centurion": {
    "MOVES": [
      ""
    ],
    "NAME": "Εκατόνταρχος",
    "DIALOG": [
      ""
    ]
  },
  "Champ": {
    "MOVES": [
      "Αμυντική Στάση",
      "Εκτέλεση",
      "Σφαλιάρα"
    ],
    "NAME": "Ο Νικητής",
    "DIALOG": [
      "Αυτό το λες όπλο?",
      "Έλα!",
      "Κάνε το χειρότερο που μπορείς! NL @ΧΑΧΑΧΑ!@",
      "Ορίστε ένα ελεύθερο χτύπημα! NL Μάταιο ασθενές πλάσμα!",
      "~Τώρα~ ~το~ ~παράκανες...~",
      "@ΗΤΤΑ??@ NL @ΑΔΥΝΑΤΟΝ!!@",
      "~ΨΟΦΑ~ ~.~ ~.~ ~.~",
      "Νιώσε την Οργή μου!"
    ]
  },
  "Chosen": {
    "MOVES": [
      ""
    ],
    "NAME": "Ο Επίλεκτος",
    "DIALOG": [
      "~Υπέφερε...~"
    ]
  },
  "CorruptHeart": {
    "MOVES": [
      ""
    ],
    "NAME": "Διεφθαρμένη Καρδιά",
    "DIALOG": [
      ""
    ]
  },
  "Cultist": {
    "MOVES": [
      "",
      "",
      "Ξόρκι"
    ],
    "NAME": "Αιρετικός",
    "DIALOG": [
      "@Η@ @ΔΥΝΑΜΗ@ @ΜΟΥ@ NL @ΕΙΝΑΙ@ @ΑΠΙΑΣΤΗ!@",
      "@ΔΕΝ@ @ΑΝΟΙΚΕΙΣ@ NL @ΕΔΩ!@",
      "~Η~ ~δύναμή μου~ NL ~δεν είναι~ ~άπιαστη...~"
    ]
  },
  "Darkling": {
    "MOVES": [
      "Τσομπ! Τσομπ!"
    ],
    "NAME": "Σκοτεινός",
    "DIALOG": [
      "Αναγέννηση..."
    ]
  },
  "Deca": {
    "MOVES": [
      ""
    ],
    "NAME": "Ντέκα",
    "DIALOG": [
      ""
    ]
  },
  "Donu": {
    "MOVES": [
      "Κύκλος Δύναμης"
    ],
    "NAME": "Ντόνου",
    "DIALOG": [
      ""
    ]
  },
  "Exploder": {
    "MOVES": [
      ""
    ],
    "NAME": "Πυροκροτητής",
    "DIALOG": [
      ""
    ]
  },
  "FireOrb": {
    "MOVES": [
      ""
    ],
    "NAME": "Πύρινη Μπάλα",
    "DIALOG": [
      ""
    ]
  },
  "FlameBruiser": {
    "MOVES": [
      ""
    ],
    "NAME": "Πύρινος Πυγμάχος",
    "DIALOG": [
      ""
    ]
  },
  "FungiBeast": {
    "MOVES": [
      "Αύξηση"
    ],
    "NAME": "Μυκητοτέρας",
    "DIALOG": [
      ""
    ]
  },
  "FuzzyLouseDefensive": {
    "MOVES": [
      "Φτύσιμο Ιστού"
    ],
    "NAME": "Ψείρα",
    "DIALOG": [
      ""
    ]
  },
  "FuzzyLouseNormal": {
    "MOVES": [
      "Αύξηση"
    ],
    "NAME": "Ψείρα",
    "DIALOG": [
      ""
    ]
  },
  "GiantHead": {
    "MOVES": [
      ""
    ],
    "NAME": "Γιγάντιο Κεφάλι",
    "DIALOG": [
      "~Ήρθε~ ~η~ ~ώρα~",
      "~Αντίο~",
      "~Τικ~ ~Τακ~ NL ~Τικ~ ~Τακ~",
      "~Γιατί~ ~είσαι~ NL ~ακόμη~ ~εδώ?~"
    ]
  },
  "GremlinFat": {
    "MOVES": [
      "Σπάσιμο"
    ],
    "NAME": "Χοντρός Δαίμον",
    "DIALOG": [
      "",
      "",
      "@Ωχ@ @όχι,@ NL @ωχ@ @όχι,@ NL @ωΧ@ @ΌΧΙ!@"
    ]
  },
  "GremlinLeader": {
    "MOVES": [
      "Ανασύνταξη!"
    ],
    "NAME": "Αρχιδαίμον",
    "DIALOG": [
      "Μην τα παρατάτε ακόμη!",
      "Δε τελειώσαμε ακόμη!",
      "Φάτε τους!",
      "@Υποχώρηση@ NL @Υποχώρησηηηη!@",
      "@Τρέξεεεεεεε!@"
    ]
  },
  "GremlinNob": {
    "MOVES": [
      "Κοπάνημα Κρανίου",
      "Ταυροεπίθεση"
    ],
    "NAME": "Δαιμονικό Τσιράκι",
    "DIALOG": [
      "@ΡΡαααρρργκχχχχ!!@"
    ]
  },
  "GremlinThief": {
    "MOVES": [
      ""
    ],
    "NAME": "Ύπουλο Δαιμόνιο",
    "DIALOG": [
      "",
      "@Πάω@ @να@ NL @φέρω@ @βοήθεια!@ ",
      "@Τι@ @στο!?@"
    ]
  },
  "GremlinTsundere": {
    "MOVES": [
      "Προστασία",
      "Κοπάνημα Ασπίδας"
    ],
    "NAME": "Δαίμον της Ασπίδας",
    "DIALOG": [
      "",
      "~Αντίο...~",
      "Αυτό δεν είναι καλό..."
    ]
  },
  "GremlinWarrior": {
    "MOVES": [
      "Νυχιά"
    ],
    "NAME": "Παράφρων Δαιμόνιο",
    "DIALOG": [
      "",
      "@Πάω@ @να@ NL @φέρω@ @βοήθεια!@",
      "Έφυγα απο 'δω!"
    ]
  },
  "GremlinWizard": {
    "MOVES": [
      "Φορτίζει",
      "Υπέρτατη Καταστροφή"
    ],
    "NAME": "Δαίμον Μάγος",
    "DIALOG": [
      "",
      "Φόρτιση!",
      "~Έρχεται!!~",
      "@Πάω@ @να@ NL @φέρω@ @βοήθεια!@",
      "~πολύ...~ NL ~επικύνδινο...~ NL ~αντίο...~"
    ]
  },
  "Healer": {
    "MOVES": [
      ""
    ],
    "NAME": "Μυστικιστής",
    "DIALOG": [
      ""
    ]
  },
  "Hexaghost": {
    "MOVES": [
      "Ενίσχυση",
      "Καυτηριασμός",
      "Κόλαση"
    ],
    "NAME": "Εξαφάντασμα",
    "DIALOG": []
  },
  "HexaghostBody": {
    "MOVES": [],
    "NAME": "",
    "DIALOG": []
  },
  "HexaghostOrb": {
    "MOVES": [],
    "NAME": "",
    "DIALOG": []
  },
  "JawWorm": {
    "MOVES": [
      "Βέλαγμα",
      "Φάπες"
    ],
    "NAME": "Σαγονοσκουλήκι",
    "DIALOG": [
      ""
    ]
  },
  "Lagavulin": {
    "MOVES": [
      "Ψυχικό Ρούφηγμα"
    ],
    "NAME": "Λαγκαβούλιν",
    "DIALOG": [
      "",
      "... NL .....",
      "...? NL .....!?",
      "@!!!@ NL @!???@"
    ]
  },
  "Looter": {
    "MOVES": [
      "Αιφνίδιο Χτύπημα",
      "Ληστεία"
    ],
    "NAME": "Συλητής",
    "DIALOG": [
      "Δως μου το χρυσό σου!",
      "@ΟΟΟχιιιι!@",
      "Που είναι η βόμβα καπνού... Για να δούμε εδώ...",
      "΄Φχαριστώ για το χρυσό, χεχε"
    ]
  },
  "Maw": {
    "MOVES": [
      ""
    ],
    "NAME": "Το Στόμα",
    "DIALOG": [
      "@ΡΡρροοοοργκχ!!@"
    ]
  },
  "Mugger": {
    "MOVES": [
      "Αιφνίδιο Χτύπημα",
      "Ληστεία"
    ],
    "NAME": "Κακοποιός",
    "DIALOG": [
      "Φερ'τα εδώ!",
      "Έφυγα!"
    ]
  },
  "Nemesis": {
    "MOVES": [
      ""
    ],
    "NAME": "Νέμεσις",
    "DIALOG": [
      ""
    ]
  },
  "Orb Walker": {
    "MOVES": [
      "Ενδυνάμωση"
    ],
    "NAME": "Σφαιροπεριπατητής",
    "DIALOG": [
      "Έναρξη NL ασπίδων."
    ]
  },
  "Puppeteer": {
    "MOVES": [
      ""
    ],
    "NAME": "Μαριονετίστας",
    "DIALOG": [
      ""
    ]
  },
  "Repulsor": {
    "MOVES": [
      ""
    ],
    "NAME": "Απωθητής",
    "DIALOG": [
      ""
    ]
  },
  "Sentry": {
    "MOVES": [
      "Εξαΰλωση"
    ],
    "NAME": "Φρουρός",
    "DIALOG": [
      ""
    ]
  },
  "Serpent": {
    "MOVES": [
      ""
    ],
    "NAME": "Νεοπλασία του Πύργου",
    "DIALOG": [
      ""
    ]
  },
  "Shelled Parasite": {
    "MOVES": [
      ""
    ],
    "NAME": "Παράσιτο με Κέλυφος",
    "DIALOG": [
      ""
    ]
  },
  "SlaverBlue": {
    "MOVES": [
      "Γρατζουνιά"
    ],
    "NAME": "Δουλέμπορος",
    "DIALOG": [
      ""
    ]
  },
  "SlaverBoss": {
    "MOVES": [
      ""
    ],
    "NAME": "Προϊστάμενος",
    "DIALOG": [
      ""
    ]
  },
  "SlaverRed": {
    "MOVES": [
      "Ξύσιμο",
      "Μπλέξιμο"
    ],
    "NAME": "Δουλέμπορος",
    "DIALOG": [
      ""
    ]
  },
  "SlimeBoss": {
    "MOVES": [
      "Κοπάνημα",
      "Προετοιμασία",
      "Χώρισμα",
      "Σπρέι γλίτσας"
    ],
    "NAME": "Αρχηγός Γλίτσας",
    "DIALOG": [
      "~Γλίτσα...~ NL #r~ΣΥΝΤΡΙΒΗ!!!~",
      ""
    ]
  },
  "SnakePlant": {
    "MOVES": [
      "Σπόροι Εξασθένησης"
    ],
    "NAME": "Φυτόφιδο",
    "DIALOG": [
      ""
    ]
  },
  "Snecko": {
    "MOVES": [
      "Βλέμμα Σύγχησης",
      "Ουρά-Μαστίγιο",
      "Δάγκωμα"
    ],
    "NAME": "Σαυρόφιδο",
    "DIALOG": [
      ""
    ]
  },
  "SphericGuardian": {
    "MOVES": [
      ""
    ],
    "NAME": "Σφαιρικός Φρουρός",
    "DIALOG": [
      "~Ξένος~ NL ~Εντοπίστηκε~"
    ]
  },
  "SpikeSlime_L": {
    "MOVES": [
      "Γλύψιμο",
      "Χώρισμα"
    ],
    "NAME": "Καρφογλίτσα (Μ)",
    "DIALOG": [
      ""
    ]
  },
  "SpikeSlime_M": {
    "MOVES": [
      "Γλύψιμο"
    ],
    "NAME": "Καρφογλίτσα (μ)",
    "DIALOG": [
      ""
    ]
  },
  "SpikeSlime_S": {
    "MOVES": [],
    "NAME": "Καρφογλίτσα (μμ)",
    "DIALOG": [
      ""
    ]
  },
  "Spiker": {
    "MOVES": [
      ""
    ],
    "NAME": "Καρφωτής",
    "DIALOG": [
      ""
    ]
  },
  "TheCollector": {
    "MOVES": [
      ""
    ],
    "NAME": "Ο Συλλέκτης",
    "DIALOG": [
      "@Είσαι@ @δικός@ @μου!@"
    ]
  },
  "TheGuardian": {
    "MOVES": [
      "Αμυντική Λειτουργία",
      "Άγριο Κοπάνημα",
      "Κύλιση",
      "Δίδυμο Χτύπημα",
      "Ανεμοστρόβιλος",
      "Φόρτιση",
      "Εξαέρωση Ατμού"
    ],
    "NAME": "Ο Φρουρός",
    "DIALOG": [
      "#b~..ΨΥΞΗ...~ NL #b~...ΣΥΣΤΗΜΑΤΩΝ...~",
      "Άμυνα...",
      "#r@ΕΞΟΛΟΘΡΕΥΣΗ@ NL #r@ΕΞΟΛΟΘΡΕΥΣΗ@ NL #r@ΕΞΟΛΟΘΡΕΥΣΗ@",
      "#r@ΚΙΝΔΥΝΟΣ@ NL #r@ΚΙΝΔΥΝΟΣ@ NL #r@ΚΙΝΔΥΝΟΣ@"
    ]
  },
  "TheGuardianOrb": {
    "MOVES": [],
    "NAME": "",
    "DIALOG": []
  },
  "TimeEater": {
    "MOVES": [
      ""
    ],
    "NAME": "Ο Χρονοφάγος",
    "DIALOG": [
      "~Αχ...~ NL ~..συντροφιά...~",
      "~Ανόητε..~ NL @ΑΝΟΗΤΕΕΕ!@"
    ]
  },
  "TorchHead": {
    "MOVES": [
      ""
    ],
    "NAME": "Πυρσοκέφαλος",
    "DIALOG": [
      ""
    ]
  },
  "Transient": {
    "MOVES": [
      ""
    ],
    "NAME": "Παροδικός",
    "DIALOG": [
      ""
    ]
  },
  "Dagger": {
    "MOVES": [
      ""
    ],
    "NAME": "Dagger",
    "DIALOG": [
      ""
    ]
  },
  "Reptomancer": {
    "MOVES": [
      ""
    ],
    "NAME": "Reptomancer",
    "DIALOG": [
      ""
    ]
  }
}