{
  "Ancient Potion": {
    "NAME": "Αρχαίο Φίλτρο",
    "DESCRIPTIONS": [
      "Πάρε #b",
      " #yΜαγική #yΑσπίδα."
    ]
  },
  "AttackPotion": {
    "NAME": "Φίλτρο Επίθεσης",
    "DESCRIPTIONS": [
      "Βάλε μια τυχαία επίθεση στο χέρι σου, κοστίζει #b0 αυτό το γύρο."
    ]
  },
  "Block Potion": {
    "NAME": "Φίλτρο Μπλοκαρίσματος",
    "DESCRIPTIONS": [
      "Πάρε #b",
      " #yΜπλοκάρισμα."
    ]
  },
  "BloodPotion": {
    "NAME": "Φίλτρο Αίματος",
    "DESCRIPTIONS": [
      "Γιάτρεψε #b",
      "% των μέγιστων ΒΥ."
    ]
  },
  "Dexterity Potion": {
    "NAME": "Φίλτρο Δεξιότητας",
    "DESCRIPTIONS": [
      "Πάρε #b",
      " #yΔεξιότητα."
    ]
  },
  "Elixir": {
    "NAME": "Ελιξήριο",
    "DESCRIPTIONS": [
      "",
      "",
      "#yΕξάντλησε όλες τις κάρτες #yΚατάσταση και #yΚατάρα απ΄το χέρι σου.",
      "",
      "Κανένα αποτέλεσμα..."
    ]
  },
  "Energy Potion": {
    "NAME": "Φίλτρο Ενέργειας",
    "DESCRIPTIONS": [
      "Πάρε #b",
      " Ενέργεια."
    ]
  },
  "EntropicBrew": {
    "NAME": "Εντροπικό Απόσταγμα",
    "DESCRIPTIONS": [
      "Γέμισε όλες τις άδειες θέσεις Φίλτρων με τυχαία Φίλτρα."
    ]
  },
  "EssenceOfSteel": {
    "NAME": "Ουσία Ατσαλιού",
    "DESCRIPTIONS": [
      "Πάρε #b",
      " #yΕπιστρωμένο #yΜπλοκάρισμα."
    ]
  },
  "Explosive Potion": {
    "NAME": "Εκρηκτικό Φίλτρο",
    "DESCRIPTIONS": [
      "Κάνε #b",
      " ζημιά σε ΌΛΟΥΣ τους εχθρούς."
    ]
  },
  "FairyPotion": {
    "NAME": "Νεράιδα σε Μπουκαλάκι",
    "DESCRIPTIONS": [
      "Όταν θα πέθαινες, Γιατρέψου στο #b10% των Μέγιστων ΒΥ και πέταξε αυτό το Φίλτρο."
    ]
  },
  "FearPotion": {
    "NAME": "Φίλτρο Φόβου",
    "DESCRIPTIONS": [
      "Εφάρμοσε #b",
      " #yΕυάλωτος."
    ]
  },
  "Fire Potion": {
    "NAME": "Φίλτρο Φωτιάς",
    "DESCRIPTIONS": [
      "Κάνε #b",
      " ζημιά."
    ]
  },
  "FocusPotion": {
    "NAME": "Φίλτρο Συγκέντρωσης",
    "DESCRIPTIONS": [
      "Πάρε #b",
      " #yΣυγκέντρωση."
    ]
  },
  "Fruit Juice": {
    "NAME": "Φρουτοχυμός",
    "DESCRIPTIONS": [
      "Πάρε #b",
      " Μέγιστους ΒΥ."
    ]
  },
  "GamblersBrew": {
    "NAME": "Απόσταγμα Τζόγου",
    "DESCRIPTIONS": [
      "Απέρριψε όσες κάρτες θέλεις και τράβηξε τόσες."
    ]
  },
  "GhostInAJar": {
    "NAME": "Φάντασμα σε Γυάλα",
    "DESCRIPTIONS": [
      "Πάρε #b",
      " #yΆυλος."
    ]
  },
  "Health Potion": {
    "NAME": "Φίλτρο Υγείας",
    "DESCRIPTIONS": [
      "Γιάτρεψε #b",
      " ΒΥ."
    ]
  },
  "LiquidBronze": {
    "NAME": "Υγρός Μπρούτζος",
    "DESCRIPTIONS": [
      "Πάρε #b",
      " #yΑγκάθια."
    ]
  },
  "Poison Potion": {
    "NAME": "Δηλητηριώδες Φίλτρο",
    "DESCRIPTIONS": [
      "Εφάρμοσε #b",
      " #yΔηλητήριο."
    ]
  },
  "Potion Slot": {
    "NAME": "Θέση Φίλτρου",
    "DESCRIPTIONS": [
      "Χρησιμοποίησε Φίλτρα στη μάχη για να #gενισχυθείς ή να #rενοχλησεις εχθρούς.",
      "Θέση Φίλτρου"
    ]
  },
  "PowerPotion": {
    "NAME": "Φίλτρο Δύναμης",
    "DESCRIPTIONS": [
      "Πάρε μια τυχαία Δύναμη στο χέρι σου, κοστίζει #b0 αυτό το γύρο."
    ]
  },
  "Regen Potion": {
    "NAME": "Φίλτρο Αναγέννησης",
    "DESCRIPTIONS": [
      "Πάρε #b",
      " #yΑναγέννηση.",
      ""
    ]
  },
  "SkillPotion": {
    "NAME": "Φίλτρο Ικανότητας",
    "DESCRIPTIONS": [
      "Πάρε μια τυχαία Ικανότητα στο χέρι, κοστίζει #b0 αυτό το γύρο."
    ]
  },
  "SmokeBomb": {
    "NAME": "Βόμβα Καπνού",
    "DESCRIPTIONS": [
      "Φύγε απο τη μαχη (εκτός αρχηγών). Δεν παίρνεις ανταμοιβή."
    ]
  },
  "SneckoOil": {
    "NAME": "Έλαιο Σαυρόφιδου",
    "DESCRIPTIONS": [
      " Πάθε #yΣύγχηση. Τράβηξε #b",
      " κάρτες.",
      " κάρτες."
    ]
  },
  "SpeedPotion": {
    "NAME": "Φίλτρο Ταχύτητας",
    "DESCRIPTIONS": [
      "Πάρε #b",
      " #yΔεξιότητα. Στο τέλος του γύρου σου, χάσε #b",
      " #yΔεξιότητα."
    ]
  },
  "SteroidPotion": {
    "NAME": "Φίλτρο Στεροειδών",
    "DESCRIPTIONS": [
      "Πάρε #b",
      " #yΔύναμη. Στο τέλος του γύρου σου, χάσε #b",
      " #yΔύναμη."
    ]
  },
  "Strength Potion": {
    "NAME": "Φίλτρο Δύναμης",
    "DESCRIPTIONS": [
      "Πάρε #b",
      " #yΔύναμη."
    ]
  },
  "Swift Potion": {
    "NAME": "Γρήγορο Φίλτρο",
    "DESCRIPTIONS": [
      "",
      "Τράβηξε #b",
      " κάρτες."
    ]
  },
  "Weak Potion": {
    "NAME": "Φίλτρο Αδυναμίας",
    "DESCRIPTIONS": [
      "Εφάρμοσε #b",
      " #yΑδύναμος."
    ]
  }
}