{
  "Alchemist": {
    "NAME": "Αλχημιστής",
    "DESCRIPTIONS": [
      "Αγόρασες 5 Φίλτρα."
    ]
  },
  "Ascension": {
    "NAME": "Άνοδος",
    "DESCRIPTIONS": [
      "+5% Σκορ ανά επίπεδο Ανόδου."
    ]
  },
  "Beyond Elites Killed": {
    "NAME": "Πέρα απο Ελίτ Εξοντώθηκαν",
    "DESCRIPTIONS": []
  },
  "Beyond Perfect": {
    "NAME": "Πέρα απο Τέλεια",
    "DESCRIPTIONS": [
      "Σκότωσε 3 Αρχηγούς χωρίς να δεχτείς ζημιά."
    ]
  },
  "Bosses Slain": {
    "NAME": "Σφαγμένοι Αρχηγοί",
    "DESCRIPTIONS": []
  },
  "Champion": {
    "NAME": "Νικητής",
    "DESCRIPTIONS": [
      "Σφάξε ένα Ελίτ χωρίς να δεχτείς ζημιά."
    ]
  },
  "Cheater": {
    "NAME": "Κλέφτης",
    "DESCRIPTIONS": [
      "Πιάστηκες να κλέβεις. Αν πιαστείς 2 φορές, το σκορ σου δε θα μεταφορτωθεί ποτέ στους Πίνακες Σκορ."
    ]
  },
  "City Elites Killed": {
    "NAME": "Σφαγμένα Ελίτ στην Πόλη",
    "DESCRIPTIONS": []
  },
  "Collector": {
    "NAME": "Συλλέκτης",
    "DESCRIPTIONS": [
      "Να έχεις 4 αντίγραφα κάρτας που δεν ξεκίνησε στην Τράπουλα."
    ]
  },
  "Combo": {
    "NAME": "C-c-c-combo",
    "DESCRIPTIONS": [
      "Παίξε 20 κάρτες σε ένα γύρο."
    ]
  },
  "Curses": {
    "NAME": "Κατάρες!",
    "DESCRIPTIONS": [
      "Η τράπουλα σου έχει 5 κατάρες."
    ]
  },
  "Encyclopedian": {
    "NAME": "Εγκυκλοπαιδικός",
    "DESCRIPTIONS": [
      "Μέγεθος τράπουλας τουλάχιστον 50 καρτών."
    ]
  },
  "Exordium Elites Killed": {
    "NAME": "Σφαγμένα Ελίτ στο Προοίμιο",
    "DESCRIPTIONS": []
  },
  "Highlander": {
    "NAME": "Ορεσίβιος",
    "DESCRIPTIONS": [
      "Η τράπουλα σου δεν έχει διπλές κάρτες (εξαιρούνται οι αρχικές)."
    ]
  },
  "I Like Gold": {
    "NAME": "Μ'αρέσει το χρυσάφι",
    "DESCRIPTIONS": [
      "Σώρευσες 3,000 χρυσό."
    ]
  },
  "Librarian": {
    "NAME": "Βιβλιοθηκάριος",
    "DESCRIPTIONS": [
      "Μέγεθος τράπουλας τουλάχιστον 35 καρτών."
    ]
  },
  "Light Speed": {
    "NAME": "Ταχύτητα Φωτώς",
    "DESCRIPTIONS": [
      "Νίκη σε λιγότερο από 45 λεπτά."
    ]
  },
  "Minimalist": {
    "NAME": "Μινιμαλιστής",
    "DESCRIPTIONS": [
      "Αφαίρεσες 5+ κάρτες από την τράπουλα."
    ]
  },
  "Money Money": {
    "NAME": "Λεφτά Λεφτά Λεφτά",
    "DESCRIPTIONS": [
      "Σώρευσες 1,000 χρυσό."
    ]
  },
  "Mystery Machine": {
    "NAME": "Μηχανή Μυστηρίου",
    "DESCRIPTIONS": [
      "Ταξίδεψες σε 15+ ? δωμάτια."
    ]
  },
  "On My Own Terms": {
    "NAME": "Με τους Δικούς μου Όρους",
    "DESCRIPTIONS": [
      "Αυτοκτόνησες."
    ]
  },
  "Overkill": {
    "NAME": "Υπερβολή",
    "DESCRIPTIONS": [
      "Κάνε 99 ζημιά με 1 Επίθεση."
    ]
  },
  "Pauper": {
    "NAME": "Άπορος",
    "DESCRIPTIONS": [
      "Να έχεις 0 σπάνιες κάρτες."
    ]
  },
  "Perfect": {
    "NAME": "Τέλεια",
    "DESCRIPTIONS": [
      "Σκότωσε έναν Αρχηγό χωρίς να δεχτείς ζημιά."
    ]
  },
  "Poopy": {
    "NAME": "Κακάκια",
    "DESCRIPTIONS": [
      "Πήρες τα Πνευματικά Κακάκια."
    ]
  },
  "Raining Money": {
    "NAME": "Βρέχει Λεφτά",
    "DESCRIPTIONS": [
      "Σώρευσες 2,000 χρυσό."
    ]
  },
  "Shiny": {
    "NAME": "Μ'αρέσουν τα Γυαλιστερά",
    "DESCRIPTIONS": [
      "Να έχεις 25+ κειμήλια."
    ]
  },
  "Speedster": {
    "NAME": "Δρομέας",
    "DESCRIPTIONS": [
      "Νίκη σε λιγότερο από 60 λεπτά."
    ]
  },
  "Stuffed": {
    "NAME": "Γεμάτος",
    "DESCRIPTIONS": [
      "Αύξησε τους μέγιστους ΒΥ κατά 30+."
    ]
  },
  "Well Fed": {
    "NAME": "Καλοφαγωμένος",
    "DESCRIPTIONS": [
      "Αύξησε τους μέγιστους ΒΥ κατά 15+."
    ]
  }
}