{
  "AchievementGrid": {
    "NAMES": [
      "Ξεπέρασέ το",
      "Αγνότητα",
      "Για έλα",
      "Η συμφωνία",
      "Αδρεναλίνη",
      "Γεμάτος δύναμη",
      "Ντοπαρισμένος",
      "Απόρθητος",
      "Φραγμένος",
      "Καταλύτης",
      "Πανούκλα",
      "Νίντζα",
      "Απειροσύνη",
      "Είσαι ένα τίποτα",
      "Τέλεια",
      "Ο Φρουρός",
      "Το Φάντασμα",
      "Ο Αρχηγός",
      "Το Αυτόματο",
      "Ο Συλλέκτης",
      "Ο Νικητής",
      "Το Κοράκι",
      "Σχήματα",
      "Ο Χρονοφάγος",
      "Ρουμπίνι",
      "Σμαράγδι",
      "Μυστικό",
      "Ποιός χρειάζεται κειμήλια?",
      "Αναρριχητής Ταχύτητας",
      "ʼAνοδος 0",
      "ʼAνοδος 10",
      "Μινιμαλιστής",
      "Ωωω Ντόνατ!",
      "Ζαφείρι",
      "Κοινή Λογική",
      "Συγκεντρωμένος",
      "Νέον",
      "Η Ενέργεια είναι υπερεκτιμημένη",
      "H τυχερή σου Μέρα",
      "Πάροδος",
      "Ascend 20"
    ],
    "TEXT": [
      "Κέρδισε μια μάχη έχοντας μόνο 1 βαθμό υγείας.",
      "Να έχεις 3 ή λιγότερες συνολικά κάρτες στο χέρι, στη στοίβα τραβήγματος και στη στοίβα απόρρυψης.",
      "Κέρδισε μια μάχη χωρίς να παίξεις καμία Επίθεση.",
      "Εξάντλησε 20 κάρτες σε μία μάχη.",
      "Να έχεις 9 Ενέργεια σε έναν γύρο μάχης.",
      "Να έχεις 10 ή περισσότερες Επιδράσεις στη μάχη.",
      "Να έχεις 50 ή περισσότερο Δύναμη σε μια μάχη.",
      "Να έχεις 99 ή περισσότερο Μπλοκάρισμα σε μια μάχη.",
      "Να έχεις 999 Μπλοκάρισμα σε μια μάχη.",
      "Βάλε 99 ή περισσότερο Δηλητήριο σε έναν εχθρό.",
      "Σκότωσε 3 εχθρούς με Δηλητήριο σε μια μάχη.",
      "Παίξε 10 Λεπίδια σε ένα γύρο.",
      "Παίξε 25 κάρτες σε ένα γύρο.",
      "Σκότωσε έναν αρχηγό στον 1ο γύρο.",
      "Σκότωσε έναν αρχηγό χωρίς να δεχτείς ζημιά.",
      "Σκότωσε τον Φρουρό.",
      "Σκότωσε το Εξαφάντασμα.",
      "Σκότωσε τον αρχηγό Γλίτσα.",
      "Σκότωσε το Μπρούτζινο αυτόματο.",
      "Σκότωσε τον Συλλέκτη.",
      "Σκότωσε το Νικητή.",
      "Σκότωσε τον ʼΑγρυπνο.",
      "Σκότωσε τους Ντόνου & Ντέκα.",
      "Σκότωσε τον Χρονοφάγο.",
      "Κέρδισε το παιχνίδι με τον Τεθωρακισμένο.",
      "Κέρδισε το παιχνίδι με την Αθόρυβη.",
      "Details for this achievement will be revealed once unlocked.",
      "Κέρδισε το παιχνίδι με ένα κειμήλιο.",
      "Κέρδισε το παιχνίδι σε λιγότερο από 20 λεπτά.",
      "Ξεκλείδωσε την ʼAνοδο.",
      "Ολοκληρώστε την ʼAνοδο επίπεδο 10.",
      "Κέρδισε το παιχνίδι με τράπουλα 5 ή λιγότερων καρτών.",
      "Αποτελείωσε τον Ντόνου με Τάισμα.",
      "Κέρδισε το παιχνίδι με τον Αποστάτη.",
      "Κέρδισε το παιχνίδι με τράπουλα που δεν περιέχει ασυνήθιστες και σπάνιες κάρτες.",
      "Να έχεις 25 ή περισσότερο Συγκέντρωση σε μια μάχη.",
      "Διοχέτευσε 9 Πλάσμα σε ένα γύρο.",
      "Παίξε 10 ή περισσότερες κάρτες με κόστος 0 σε ένα γύρο.",
      "Κέρδισε μια ημερίσια πρόκληση.",
      "Σφάξε τον Παροδικό πρωτού χαθεί.",
      "Complete Ascension Level 20."
    ]
  },
  "CharStat": {
    "NAMES": [],
    "TEXT": [
      "Συνολικός Χρόνος Παιχνιδιού: ",
      "Σύνολο Νικών: #y",
      "Σύνολο Θανάτων: #y",
      "Σύνολο ορόφων : #y",
      "Σύνολο Σκοτωμένων Αρχηγών: #y",
      "Σύνολο Σκοτωμένων Εχθρών: #y",
      "Σύνολο Κρυστάλλων: #y",
      "Κάρτες που ανακαλύφθηκαν: #y",
      "Κάρτες που ξεκλειδώθηκαν: #y",
      "Κειμήλια που ανακαλύφθηκαν: #y",
      "Κειμήλια που ξεκλειδώθηκαν: #y",
      "Υψηλότερος Όροφος: #y",
      "Υψηλότερο Καθημερινό: #y",
      "Γρηγορότερη Νίκη: ",
      "Σκότωσες τον ",
      ": #gΝαι NL ",
      ": #rΌχι NL ",
      "Νίκες: #y",
      "Θανατοι: #y",
      "Όροφοι : #y",
      "Σκοτωμένοι Αρχηγοί: #y",
      "Σκοτωμένοι Εχθροί: #y",
      "Μεγαλύτερο σερι νικών: #y",
      "Υψηλότερη Βαθμολογία: #y"
    ]
  },
  "StatsScreen": {
    "NAMES": [
      "#yΓενικά #yΣτατιστικά",
      "#yΕπιτεύγματα",
      "#rΟ #rΤεθωρακισμένος",
      "#gΗ #gΑθόρυβη",
      "#bΟ #bΑποστάτης"
    ],
    "TEXT": [
      "Επιστροφή"
    ]
  }
}