{
  "Game Dictionary": {
    "ARTIFACT": {
      "NAMES": [
        "μαγική ασπίδα"
      ],
      "DESCRIPTION": "Ακυρώνει την επόμενη Αρνητική Επίδραση."
    },
    "BLOCK": {
      "NAMES": [
        "μπλοκάρισμα",
        "μπλοκάρει",
        "μπλοκαρίστηκε",
        "μπλοκάρεις",
        "μπλόκαρε"
      ],
      "DESCRIPTION": "Μέχρι τον επόμενο γύρο, απορροφά ζημιά."
    },
    "BURN": {
      "NAMES": [
        "κάψιμο",
        "burns"
      ],
      "DESCRIPTION": "Το κάψιμο σου κάνει ζημιά και είναι Κατάσταση και Δεν παίζεται."
    },
    "CHANNEL": {
      "NAMES": [
        "διοχέτευση",
        "διοχέτευσε",
        "διοχετεύσει",
        "διοχετεύσεις"
      ],
      "DESCRIPTION": "Η Διοχέτευση μιας Σφαίρας την τοποθετεί στην πρώτη ανοιχτή Θέση. Αν δεν έχεις κενή Θέση, η πρώτη σου Σφαίρα #yΕπικαλείται αυτόματα για να ανοίξει θέση."
    },
    "CONFUSED": {
      "NAMES": [
        "σύγχηση"
      ],
      "DESCRIPTION": "Όποτε τραβήξεις κάρτα, έχει τυχαίο Κόστος."
    },
    "CURSE": {
      "NAMES": [
        "κατάρα",
        "καταραμένος",
        "κατάρες"
      ],
      "DESCRIPTION": "Η Κατάρα μένει στην Τράπουλά σου και Δεν παίζεται."
    },
    "DARK": {
      "NAMES": [
        "σκότος",
        "σκότος+"
      ],
      "DESCRIPTION": "Σφαίρα: Αυξάνει τη ζημιά κάθε γύρο. Όταν #yΕπικαλείται, κάνει ζημιά στον εχθρό με τους λιγότερους ΒΥ."
    },
    "DAZED": {
      "NAMES": [
        "ζαλισμένος"
      ],
      "DESCRIPTION": "Ο Ζαλισμένος είναι Κατάσταση και Δεν παίζεται."
    },
    "DEXTERITY": {
      "NAMES": [
        "δεξιότητα"
      ],
      "DESCRIPTION": "Η Δεξιότητα αυξάνει το Μπλοκάρισμα που παίρνεις απο κάρτες."
    },
    "ETHEREAL": {
      "NAMES": [
        "αιθέριο"
      ],
      "DESCRIPTION": "Αν αυτή η κάρτα βρίσκεται στο χέρι σου στο τέλος του γύρου, Εξαντλείται. Όσες κάρτες εξαντλούνται αφαιρούνται από την τράπουλα ως το τέλος της μάχης."
    },
    "EVOKE": {
      "NAMES": [
        "επίκληση",
        "επικάλεσε",
        "επικαλείται",
        "επικαλείται"
      ],
      "DESCRIPTION": "Καταναλώνει την επόμενη Σφαίρα και ενεργοποιεί την Επίκληση της."
    },
    "EXHAUST": {
      "NAMES": [
        "εξάντληση",
        "εξαντλείται",
        "εξαντλούνται",
        "εξάντλησε",
        "εξαντλήσει"
      ],
      "DESCRIPTION": "Αφαιρείται ως το τέλος της μάχης."
    },
    "FOCUS": {
      "NAMES": [
        "συγκέντρωση"
      ],
      "DESCRIPTION": "Η Συγκέντρωση επιρρεάζει την αποτελεσματικότητα των Σφαιρών που έχεις #yΔιοχετεύσει ."
    },
    "FRAIL": {
      "NAMES": [
        "ευπαθής"
      ],
      "DESCRIPTION": "Όσο είσαι Ευπαθής, παίρνεις #b25% λιγότερο #yΜπλοκάρισμα από κάρτες."
    },
    "FROST": {
      "NAMES": [
        "πάγος",
        "πάγος+"
      ],
      "DESCRIPTION": "Σφαίρα: Πάρε #yΜπλοκάρισμα."
    },
    "INNATE": {
      "NAMES": [
        "έμφυτο"
      ],
      "DESCRIPTION": "Ξεκινάς κάθε μάχη με αυτή την κάρτα στο χέρι."
    },
    "INTANGIBLE": {
      "NAMES": [
        "άυλος"
      ],
      "DESCRIPTION": "Μείωσε ΌΛΗ τη ζημιά που παθαίνεις σε #b1 ΒΥ."
    },
    "LIGHTNING": {
      "NAMES": [
        "κεραυνός",
        "κεραυνός+"
      ],
      "DESCRIPTION": "Σφαίρα: Κάνει ζημιά σε τυχαίους εχθρόυς."
    },
    "LOCKED": {
      "NAMES": [
        "κλειδωμένο"
      ],
      "DESCRIPTION": "Αυτή η κάρτα δεν έχει ξεκλειδωθεί ακόμη."
    },
    "OPENER": {
      "NAMES": [
        "opener"
      ],
      "DESCRIPTION": "Opener cards may only be played as the first card each turn."
    },
    "PLASMA": {
      "NAMES": [
        "πλάσμα",
        "πλάσμα+"
      ],
      "DESCRIPTION": "Σφαίρα: Πάρε Ενέργεια."
    },
    "POISON": {
      "NAMES": [
        "δηλητήριο",
        "δηλητηριασμένος",
        "δηλητηριασμένα"
      ],
      "DESCRIPTION": "Τα Δηλητηριασμένα πλάσματα χάνουν ΒΥ στην αρχή του γύρου τους. Κάθε γύρο, το Δηλητήριο μειώνεται κατά #b1."
    },
    "RETAIN": {
      "NAMES": [
        "κράτηση",
        "κράτησε"
      ],
      "DESCRIPTION": "Οι κρατημένες κάρτες δεν απορρίπτονται στο τέλος του γύρου σου."
    },
    "SHIV": {
      "NAMES": [
        "λεπίδι",
        "λεπίδια",
        "Λεπίδια",
        "Λεπίδι"
      ],
      "DESCRIPTION": "Τα Λεπίδια έιναι Επιθέσεις με #b0 Κόστος τα οποία Εξαντλούνται."
    },
    "STATUS": {
      "NAMES": [
        "κατάσταση"
      ],
      "DESCRIPTION": "Η κάρτα Κατάσταση αφαιρείται απο την τράπουλα στο τέλος της μάχης."
    },
    "STRENGTH": {
      "NAMES": [
        "δύναμη"
      ],
      "DESCRIPTION": "Η Δύναμη αυξάνει τη ζημιά της κάθε Επίθεσης."
    },
    "STRIKE": {
      "NAMES": [
        "χτύπημα",
        "χτυπήματα",
        "Χτύπημα"
      ],
      "DESCRIPTION": "Κάθε κάρτα με το \"Χτύπημα\" στο όνομά της."
    },
    "TEXT": [
      "Η Ενέργεια χρησιμοποιείται για να παίξεις κάρτες απο το χέρι σου."
    ],
    "THORNS": {
      "NAMES": [
        "αγκάθια"
      ],
      "DESCRIPTION": "Όποτε παθαίνεις ζημιά από #yΕπίθεση , ανταπέδωσε ζημιά."
    },
    "TODO": {
      "NAMES": [
        "todo",
        "JUST FOR DEVS, DONT TRANSLATE",
        "JUST FOR DEVS, DONT TRANSLATE",
        "JUST FOR DEVS, DONT TRANSLATE",
        "JUST FOR DEVS, DONT TRANSLATE"
      ],
      "DESCRIPTION": "This card is NOT IMPLEMENTED. Someone should really fix that..."
    },
    "TRANSFORM": {
      "NAMES": [
        "μεταμόρφωση",
        "μεταμορφωμένες",
        "μεταμόρφωσε"
      ],
      "DESCRIPTION": "Οι Μεταμορφωμένες κάρτες γίνονται κάρτες τυχαία, οποιασδήποτε σπανιότητας."
    },
    "UNKNOWN": {
      "NAMES": [
        "άγνωστο"
      ],
      "DESCRIPTION": "Δεν έχεις συναντήσει αυτή την κάρτα."
    },
    "UNPLAYABLE": {
      "NAMES": [
        "δεν παίζεται",
        "δεν παίζονται"
      ],
      "DESCRIPTION": "Οι κάρτες που Δεν παίζονται δεν μπορούν να παιχτούν απ'το χέρι."
    },
    "UPGRADE": {
      "NAMES": [
        "αναβάθμιση",
        "αναβαθμισμένη",
        "αναβαθμισμένες",
        "αναβαθμίσημες",
        "αναβάθμισε"
      ],
      "DESCRIPTION": "Η Αναβάθμιση καρτών τις κάνει πιο δυνατές. Οι κάρτες δέχονται μόνο μια Αναβάθμιση."
    },
    "VOID": {
      "NAMES": [
        "Κενό",
        "κενό"
      ],
      "DESCRIPTION": "Το Κενό είναι Κατάσταση και Δεν παίζεται .Καταναλώνει 1 Ενέργεια όταν το τραβήξεις."
    },
    "VULNERABLE": {
      "NAMES": [
        "ευάλωτος",
        "ευάλωτα",
        "ευάλωτοι"
      ],
      "DESCRIPTION": "Τα ευάλωτα πλάσματα δέχονται #b50% περισσότερη ζημιά από Επιθέσεις."
    },
    "WEAK": {
      "NAMES": [
        "αδύναμος",
        "αδύναμα",
        "weakened",
        "weakens"
      ],
      "DESCRIPTION": "Τα αδύναμα πλάσματα κάνουν #b25% λιγότερη ζημιά με Επιθέσεις."
    },
    "WOUND": {
      "NAMES": [
        "πληγή",
        "πληγές"
      ],
      "DESCRIPTION": "Η Πληγή είναι Κατάσταση και Δεν παίζεται."
    },
    "LOCK_ON": {
      "NAMES": [
        "lock-on"
      ],
      "DESCRIPTION": "Lock-On targets receive #b50% more damage from Orbs."
    }
  }
}