{
  "A Thousand Cuts": {
    "NAME": "Mil tranĉoj",
    "DESCRIPTION": "Kiam ajn vi ludas karton, faru !M! da damaĝo al ĈIUJ malamikoj."
  },
  "Accuracy": {
    "NAME": "Precizeco",
    "DESCRIPTION": "Pikiloj faras !M! pli da damaĝo."
  },
  "Acrobatics": {
    "NAME": "Akrobataĵo",
    "DESCRIPTION": "Prenu !M! kartojn. NL Forĵetu 1 karton."
  },
  "Adrenaline": {
    "NAME": "Adrenalino",
    "DESCRIPTION": "Gajnu [G]. NL Prenu 2 kartojn. NL Elĉerpu.",
    "UPGRADE_DESCRIPTION": "Gajnu [G] [G]. NL Prenu 2 kartojn. NL Elĉerpu."
  },
  "After Image": {
    "NAME": "Postbildo",
    "DESCRIPTION": "Kiam ajn vi ludas karton, gajnu 1 da Ŝirmo.",
    "UPGRADE_DESCRIPTION": "Fundamenta. NL Kiam ajn vi ludas karton, gajnu 1 da Ŝirmo."
  },
  "Aggregate": {
    "NAME": "Agregaĵo",
    "DESCRIPTION": "Gajnu [B] por ĉiuj !M! kartoj en via prenstako"
  },
  "All For One": {
    "NAME": "Ĉiu por unu",
    "DESCRIPTION": "Faru !D! da damaĝo. Metu ĉiujn kartojn en via forĵetstako, kiuj kostas 0, en vian manon."
  },
  "All Out Attack": {
    "NAME": "Tutatako",
    "DESCRIPTION": "Faru !D! da damaĝo al ĈIUJ malamikoj. NL Forĵetu 1 hazardan karton."
  },
  "Allocate": {
    "NAME": "Asigno",
    "DESCRIPTION": "Gajnu !M! da Atento. NL Perdu 1 da Forto. NL Perdu 1 da Lerteco."
  },
  "Amplify": {
    "NAME": "Amplifi",
    "DESCRIPTION": "Ĉi-vice, via sekvonta Potenco estos ludata du fojojn.",
    "UPGRADE_DESCRIPTION": "Ĉi-vice, viaj sekvontaj !M! Potencoj estos ludataj du fojojn."
  },
  "Anger": {
    "NAME": "Kolero",
    "DESCRIPTION": "Faru !D! da damaĝo. NL Aldonu kopion de ĉi tiu karto al via forĵetstako."
  },
  "Apotheosis": {
    "NAME": "Apoteozo",
    "DESCRIPTION": "Plibonigu ĈIUJN viajn kartojn por la cetero de la batalo. NL Elĉerpu."
  },
  "Armaments": {
    "NAME": "Armado",
    "DESCRIPTION": "Gajnu !B! da Ŝirmo. NL Plibonigu karton en via mano por la cetero de la batalo.",
    "UPGRADE_DESCRIPTION": "Gajnu !B! da Ŝirmo. NL Plibonigu ĈIUJN kartojn en via mano por la cetero de la batalo."
  },
  "AscendersBane": {
    "NAME": "Pereo de grimpanto",
    "DESCRIPTION": "Neludebla. NL Fantoma. NL Ne povas esti forigata de via kartaro."
  },
  "Auto Shields": {
    "NAME": "Aŭtoŝildoj",
    "DESCRIPTION": "Se vi havas 0 da Ŝirmo, gajnu !B! da Ŝirmo."
  },
  "Axe Kick": {
    "NAME": "Hakilkalcitro",
    "DESCRIPTION": "Faru !D! da damaĝo. NL Elvoku vian sekvontan Sferon."
  },
  "Backflip": {
    "NAME": "Salto dorsen",
    "DESCRIPTION": "Gajnu !B! da Ŝirmo. NL Prenu 2 kartojn."
  },
  "Backstab": {
    "NAME": "Perfido",
    "DESCRIPTION": "Faru !D! da damaĝo. NL Fundamenta. NL Elĉerpu."
  },
  "Ball Lightning": {
    "NAME": "Globa fulmo",
    "DESCRIPTION": "Faru !D! da damaĝo. Konduktu !M! da Fulmo."
  },
  "Bandage Up": {
    "NAME": "Pansado",
    "DESCRIPTION": "Resaniĝu !M! da vivo. NL Elĉerpu."
  },
  "Bane": {
    "NAME": "Pereigo",
    "DESCRIPTION": "Faru !D! da damaĝo. NL Se la malamiko estas Venenita, denove faru !D! da damaĝo."
  },
  "Barrage": {
    "NAME": "Batado",
    "DESCRIPTION": "Faru po !D! da damaĝo por ĉiu Konduktita Sfero."
  },
  "Barricade": {
    "NAME": "Baro",
    "DESCRIPTION": "Ŝirmo ne plu eluziĝas je la komenco de via vico."
  },
  "Bash": {
    "NAME": "Draŝo",
    "DESCRIPTION": "Faru !D! da damaĝo. NL Aldonu !M! da Vundebla."
  },
  "Battle Trance": {
    "NAME": "Bataltranco",
    "DESCRIPTION": "Prenu !M! kartojn. NL Vi ne povas preni pliajn kartojn ĉi-vice."
  },
  "Beam Cell": {
    "NAME": "Radioĉelo",
    "DESCRIPTION": "Faru !D! da damaĝo kaj aldonu !M! da Vundebla."
  },
  "Berserk": {
    "NAME": "Berserko",
    "DESCRIPTION": "Gajnu !M! da Vundebla. NL Gajnu [R] je la komenco de ĉiu vico."
  },
  "Biased Cognition": {
    "NAME": "Biasa sciiĝo",
    "DESCRIPTION": "Gajnu !M! da Atento. NL Je la komenco de ĉiu vico, perdu 1 da Atento."
  },
  "Bite": {
    "NAME": "Mordo",
    "DESCRIPTION": "Faru !D! da damaĝo. NL Resaniĝu !M! da vivo."
  },
  "Blade Dance": {
    "NAME": "Glavodanco",
    "DESCRIPTION": "Aldonu !M! Pikilojn al via mano."
  },
  "Blaster": {
    "NAME": "Laserpafilo",
    "DESCRIPTION": "Faru !D! da damaĝo al ĈIUJ malamikoj. NL Gajnu [B] por ĉiu Konduktita Sfero. NL Elĉerpu."
  },
  "Blind": {
    "NAME": "Blindigo",
    "DESCRIPTION": "Aldonu !M! da Malforta.",
    "UPGRADE_DESCRIPTION": "Aldonu !M! da Malforta al ĈIUJ malamikoj."
  },
  "Blizzard": {
    "NAME": "Blizardo",
    "DESCRIPTION": "Faru al ĈIUJ !M! fojojn tiom da damaĝo, kiom vi Konduktis Froston ĉi-batale.",
    "UPGRADE_DESCRIPTION": "",
    "EXTENDED_DESCRIPTION": [
      " NL (Faros !D! da damaĝo.)",
      ""
    ]
  },
  "Blood for Blood": {
    "NAME": "Sango al sango",
    "DESCRIPTION": "Kostas 1 malpli da [R] NL por ĉiu fojo, ke vi perdis vivon en batalo. NL Faru !D! da damaĝo."
  },
  "Bloodletting": {
    "NAME": "Sangeltiro",
    "DESCRIPTION": "Gajnu [R]. NL Perdu 3 da vivo.",
    "UPGRADE_DESCRIPTION": "Gajnu [R] [R]. NL Perdu 3 da vivo."
  },
  "Bludgeon": {
    "NAME": "Klabado",
    "DESCRIPTION": "Faru !D! da damaĝo."
  },
  "Blur": {
    "NAME": "Malklariĝo",
    "DESCRIPTION": "Gajnu !B! da Ŝirmo. NL Ŝirmo ne estos forigata je la komenco de via sekvonta vico."
  },
  "Body Slam": {
    "NAME": "Korpobato",
    "DESCRIPTION": "Faru damaĝon egale al via nuna Ŝirmo.",
    "UPGRADE_DESCRIPTION": " NL (Faros !D! da damaĝo.)"
  },
  "BootSequence": {
    "NAME": "Ŝargoplano",
    "DESCRIPTION": "Gajnu !B! da Ŝirmo. NL Fundamenta. NL Elĉerpu."
  },
  "Bouncing Flask": {
    "NAME": "Resaltema botelo",
    "DESCRIPTION": "Aldonu 3 da Veneno al hazarda malamiko !M! fojojn."
  },
  "Brutality": {
    "NAME": "Brutaleco",
    "DESCRIPTION": "Je la komenco de via vico, perdu 1 da vivo kaj prenu 1 karton.",
    "UPGRADE_DESCRIPTION": "Fundamenta. NL Je la komenco de via vico, perdu 1 da vivo kaj prenu 1 karton."
  },
  "Buffer": {
    "NAME": "Bufro",
    "DESCRIPTION": "Preventu la sekvontan perdon de vivpoentoj.",
    "UPGRADE_DESCRIPTION": "Preventu la sekvontajn !M! perdojn de vivpoentoj."
  },
  "Bullet Time": {
    "NAME": "Kuglorapideco",
    "DESCRIPTION": "Vi ne povas preni kartojn ĉi-vice. Malaltigu la koston de kartoj en via mano al 0 ĉi-vice."
  },
  "Burn": {
    "NAME": "Brulo",
    "DESCRIPTION": "Neludebla. NL Je la fino de via vico, prenu 2 da damaĝo.",
    "UPGRADE_DESCRIPTION": "Neludebla. NL Je la fino de via vico, prenu 4 da damaĝo."
  },
  "Burning Pact": {
    "NAME": "Brulanta pakto",
    "DESCRIPTION": "Elĉerpu 1 karton. NL Prenu !M! kartojn."
  },
  "Burst": {
    "NAME": "Eksalto",
    "DESCRIPTION": "Ĉi-vice, via sekvonta Kapablo estos NL ludata du fojojn.",
    "UPGRADE_DESCRIPTION": "Ĉi-vice, viaj sekvontaj !M! Kapabloj estos ludataj du fojojn."
  },
  "Calculated Gamble": {
    "NAME": "Kalkulita veto",
    "DESCRIPTION": "Forĵetu vian manon, NL kaj poste prenu tiom da kartoj. NL Elĉerpu.",
    "UPGRADE_DESCRIPTION": "Forĵetu vian manon, NL kaj poste prenu tiom da kartoj."
  },
  "Caltrops": {
    "NAME": "Piktetraedoj",
    "DESCRIPTION": "Kiam ajn vi estas atakata, faru !M! da damaĝo al la atakanto."
  },
  "Capacitor": {
    "NAME": "Kondensilo",
    "DESCRIPTION": "Gajnu !M! Sferingojn.",
    "UPGRADE_DESCRIPTION": "Gajnu !M! Sferingojn."
  },
  "Carnage": {
    "NAME": "Amasmortigo",
    "DESCRIPTION": "Fantoma. NL Faru !D! da damaĝo."
  },
  "Catalyst": {
    "NAME": "Katalizanto",
    "DESCRIPTION": "Duobligu la Venenon de malamiko. NL Elĉerpu.",
    "UPGRADE_DESCRIPTION": "Triobligu la Venenon de malamiko. NL Elĉerpu."
  },
  "Chaos": {
    "NAME": "Ĥaoso",
    "DESCRIPTION": "Konduktu !M! hazardajn Sferojn.",
    "UPGRADE_DESCRIPTION": "Konduktu !M! hazardajn Sferojn."
  },
  "Chill": {
    "NAME": "Frisko",
    "DESCRIPTION": "Konduktu po !M! da Frosto por ĉiu malamiko en la batalo. NL Elĉerpu.",
    "UPGRADE_DESCRIPTION": "Fundamenta. NL Konduktu po !M! da Frosto por ĉiu malamiko en la batalo. Elĉerpu."
  },
  "Choke": {
    "NAME": "Sufoko",
    "DESCRIPTION": "Faru !D! da damaĝo. NL Kiam ajn vi ludas karton ĉi-vice, la celita malamiko perdas !M! da vivo."
  },
  "Chrysalis": {
    "NAME": "Krizalido",
    "DESCRIPTION": "Aldonu !M! hazardajn Kapablojn al via Prenstako. Ili kostos 0 ĉi-batale. NL Elĉerpu."
  },
  "Clash": {
    "NAME": "Kolizio",
    "DESCRIPTION": "Nur ludebla kiam ĉiu karto en via mano estas Atako. NL Faru !D! da damaĝo.",
    "EXTENDED_DESCRIPTION": [
      "Mi havas neatakajn kartojn en la mano."
    ]
  },
  "Cleave": {
    "NAME": "Disigo",
    "DESCRIPTION": "Faru !D! da damaĝo al ĈIUJ malamikoj."
  },
  "Cloak And Dagger": {
    "NAME": "Spionado",
    "DESCRIPTION": "Gajnu !B! da Ŝirmo. NL Aldonu !M! Pikilojn al via mano.",
    "UPGRADE_DESCRIPTION": "Gajnu !B! da Ŝirmo. NL Aldonu !M! Pikilojn al via mano."
  },
  "Clothesline": {
    "NAME": "Pendigŝnuro",
    "DESCRIPTION": "Faru !D! da damaĝo. NL Aldonu !M! da Malforta."
  },
  "Clumsy": {
    "NAME": "Malgracio",
    "DESCRIPTION": "Neludebla. NL Fantoma."
  },
  "Cold Snap": {
    "NAME": "Ekglacio",
    "DESCRIPTION": "Faru !D! da damaĝo. Konduktu !M! da Frosto."
  },
  "Combust": {
    "NAME": "Bruliĝo",
    "DESCRIPTION": "Je la fino de via vico, perdu 1 da vivo kaj faru !M! da damaĝo al ĈIUJ malamikoj."
  },
  "Concentrate": {
    "NAME": "Koncentriĝi",
    "DESCRIPTION": "Forĵetu !M! kartojn. NL Gajnu [G] [G]."
  },
  "Conserve Battery": {
    "NAME": "Bateriŝargo",
    "DESCRIPTION": "Gajnu !B! da Ŝirmo. NL Sekvontvice gajnu [B]."
  },
  "Consume": {
    "NAME": "Konsumo",
    "DESCRIPTION": "Gajnu !M! da Atento. NL Perdu 1 Sferingon."
  },
  "Coolheaded": {
    "NAME": "Malvarma regilo",
    "DESCRIPTION": "Konduktu 1 da Frosto. NL Prenu !M! karton.",
    "UPGRADE_DESCRIPTION": "Konduktu 1 da Frosto. NL Prenu !M! kartojn."
  },
  "Corpse Explosion": {
    "NAME": "Kadavra eksplodo",
    "DESCRIPTION": "Aldonu !M! da Veneno. NL Kiam tiu mortas, faru ĝian maks. vivon da damaĝo al ĈIUJ malamikoj.",
    "UPGRADE_DESCRIPTION": "senvalidiĝa",
    "EXTENDED_DESCRIPTION": [
      "senvalidiĝa"
    ]
  },
  "Corruption": {
    "NAME": "Koruptado",
    "DESCRIPTION": "Kapabloj kostas 0. NL Kiam ajn vi ludas Kapablon, Elĉerpu ĝin."
  },
  "Creative AI": {
    "NAME": "Kreema AI",
    "DESCRIPTION": "Je la komenco de ĉiu vico, aldonu hazardan Potenckarton al via mano."
  },
  "Crippling Poison": {
    "NAME": "Kripliga nebulo",
    "DESCRIPTION": "Aldonu !M! da Veneno kaj 2 da Malforta al ĈIUJ malamikoj. NL Elĉerpu."
  },
  "Dagger Spray": {
    "NAME": "Tranĉilŝpruco",
    "DESCRIPTION": "Faru !D! da damaĝo al ĈIUJ malamikoj du fojojn."
  },
  "Dagger Throw": {
    "NAME": "Tranĉilĵeto",
    "DESCRIPTION": "Faru !D! da damaĝo. NL Prenu 1 karton. NL Forĵetu 1 karton."
  },
  "Dark Embrace": {
    "NAME": "Obskura klinĉo",
    "DESCRIPTION": "Kiam ajn karto estas Elĉerpata, NL prenu 1 karton."
  },
  "Dark Shackles": {
    "NAME": "Malhelkateno",
    "DESCRIPTION": "Malamiko perdas !M! da Forto ĝis la fino de ĉi tiu vico. NL Elĉerpu."
  },
  "Darkness": {
    "NAME": "Mallumeco",
    "DESCRIPTION": "Konduktu !M! da Mallumo.",
    "UPGRADE_DESCRIPTION": "Konduktu !M! da Mallumo. NL Uzigu la pasivan kapablon de ĉiuj Mallumaj sferoj."
  },
  "Dash": {
    "NAME": "Ekkuro",
    "DESCRIPTION": "Gajnu !B! da Ŝirmo. NL Faru !D! da damaĝo."
  },
  "Dazed": {
    "NAME": "Konsterniĝo",
    "DESCRIPTION": "Neludebla. NL Fantoma."
  },
  "Deadly Poison": {
    "NAME": "Mortiga veneno",
    "DESCRIPTION": "Aldonu !M! da Veneno."
  },
  "Decay": {
    "NAME": "Putro",
    "DESCRIPTION": "Neludebla. NL Je la fino de via vico, prenu 2 da damaĝo."
  },
  "Deep Breath": {
    "NAME": "Profunda spiro",
    "DESCRIPTION": "Miksu vian forĵetstakon en vian prenstakon. NL Prenu !M! karton.",
    "UPGRADE_DESCRIPTION": "Miksu vian forĵetstakon en vian prenstakon. NL Prenu !M! kartojn."
  },
  "Defend_B": {
    "NAME": "Defendo",
    "DESCRIPTION": "Gajnu !B! da Ŝirmo."
  },
  "Defend_G": {
    "NAME": "Defendo",
    "DESCRIPTION": "Gajnu !B! da Ŝirmo."
  },
  "Defend_R": {
    "NAME": "Defendo",
    "DESCRIPTION": "Gajnu !B! da Ŝirmo."
  },
  "Deflect": {
    "NAME": "Deviigo",
    "DESCRIPTION": "Gajnu !B! da Ŝirmo."
  },
  "Defragment": {
    "NAME": "Malfragmentiĝo",
    "DESCRIPTION": "Gajnu !M! da Atento."
  },
  "Demon Form": {
    "NAME": "Demonformo",
    "DESCRIPTION": "Je la komenco de ĉiu vico, gajnu !M! da Forto."
  },
  "Die Die Die": {
    "NAME": "Mortu mortu mortu",
    "DESCRIPTION": "Faru !D! da damaĝo al ĈIUJ malamikoj. NL Elĉerpu."
  },
  "Disarm": {
    "NAME": "Senarmigo",
    "DESCRIPTION": "Malamiko perdas !M! da Forto. NL Elĉerpu."
  },
  "Distraction": {
    "NAME": "Distro",
    "DESCRIPTION": "Aldonu hazardan Kapablon al via mano. NL Ĝi kostas 0 ĉi-vice. NL Elĉerpu."
  },
  "Dodge and Roll": {
    "NAME": "Evito kaj rolo",
    "DESCRIPTION": "Gajnu !B! da Ŝirmo. NL Sekvontvice gajnu !B! da Ŝirmo."
  },
  "Doom and Gloom": {
    "NAME": "Malgajeco",
    "DESCRIPTION": "Faru !D! da damaĝo al ĈIUJ malamikoj. NL Konduktu !M! da Mallumo."
  },
  "Doppelganger": {
    "NAME": "Doppelgänger",
    "DESCRIPTION": "Sekvontvice, NL prenu X kartojn kaj NL gajnu X [G]. NL Elĉerpu.",
    "UPGRADE_DESCRIPTION": "Sekvontvice, NL prenu X+1 kartojn NL kaj gajnu X+1 [G]. NL Elĉerpu."
  },
  "Double Energy": {
    "NAME": "Energiduobligo",
    "DESCRIPTION": "Duobligu vian Energion. NL Elĉerpu.",
    "UPGRADE_DESCRIPTION": "Duobligu vian Energion."
  },
  "Double Tap": {
    "NAME": "Duobla frapo",
    "DESCRIPTION": "Ĉi-vice, via sekvonta Atako estos ludata du fojojn.",
    "UPGRADE_DESCRIPTION": "Ĉi-vice, viaj sekvontaj !M! Atakoj estos ludataj du fojojn."
  },
  "Doubt": {
    "NAME": "Dubo",
    "DESCRIPTION": "Neludebla. NL Je la fino de via vico, gajnu 1 da Malforta."
  },
  "Dramatic Entrance": {
    "NAME": "Drama eniro",
    "DESCRIPTION": "Fundamenta. NL Faru !D! da damaĝo al ĈIUJ malamikoj. NL Elĉerpu."
  },
  "Dropkick": {
    "NAME": "Saltpiedfrapo",
    "DESCRIPTION": "Faru !D! da damaĝo. NL Se la malamiko estas Vundebla, NL Gajnu [R] kaj NL prenu 1 karton."
  },
  "Dual Wield": {
    "NAME": "Duarmile",
    "DESCRIPTION": "Kreu kopion de Atakokarto aŭ Potenckarto en via mano",
    "UPGRADE_DESCRIPTION": "Kreu 2 kopiojn de Atakokarto aŭ Potenckarto en via mano."
  },
  "Dualcast": {
    "NAME": "Duobla aktivigo",
    "DESCRIPTION": "Elvoku vian sekvontan Sferon 2 fojojn."
  },
  "Echo Form": {
    "NAME": "Eĥoformo",
    "DESCRIPTION": "La unua karto, kiun vi ludas ĉiuvice, estas ludata du fojojn. NL Fantoma.",
    "UPGRADE_DESCRIPTION": "La unua karto, kiun vi ludas ĉiuvice, estas ludata du fojojn."
  },
  "Electrodynamics": {
    "NAME": "Elektrodinamiko",
    "DESCRIPTION": "Fulmo nun trafas ĈIUJN malamikojn. NL Konduktu !M! da Fulmo.",
    "UPGRADE_DESCRIPTION": ""
  },
  "Endless Agony": {
    "NAME": "Senfina sufero",
    "DESCRIPTION": "Kiam ajn vi prenas ĉi tiun karton, aldonu kopion al la mano. NL Faru !D! da damaĝo. NL Elĉerpu."
  },
  "Energy Pulse": {
    "NAME": "Energipulso",
    "DESCRIPTION": "Gajnu Ŝirmon egale al via Energio.",
    "UPGRADE_DESCRIPTION": "Gajnu Ŝirmon egale al dufoje via Energio."
  },
  "Enlightenment": {
    "NAME": "Erudiĝo",
    "DESCRIPTION": "Malaltigu la koston de kartoj en via mano al 1 ĉi-vice.",
    "UPGRADE_DESCRIPTION": "Malaltigu la koston de kartoj en via mano al 1 ĉi-batale."
  },
  "Entrench": {
    "NAME": "Tranĉeo",
    "DESCRIPTION": "Duobligu vian nunan Ŝirmon.",
    "UPGRADE_DESCRIPTION": "Duobligu vian nunan Ŝirmon."
  },
  "Envenom": {
    "NAME": "Venenigo",
    "DESCRIPTION": "Kiam ajn Atako faras neŝirmita damaĝo, aldonu 1 da Veneno."
  },
  "Escape Plan": {
    "NAME": "Eskapoplano",
    "DESCRIPTION": "Prenu 1 karton. NL Se la karto estas Kapablo, gajnu !B! da Ŝirmo."
  },
  "Eviscerate": {
    "NAME": "Seninternaĵigo",
    "DESCRIPTION": "Kostas po 1 malpli da [G] por ĉiu karto, kiun vi forĵetis ĉi-vice. NL Faru !D! da damaĝo tri fojojn."
  },
  "Evolve": {
    "NAME": "Evoluo",
    "DESCRIPTION": "Kiam ajn vi prenas Staton, prenu !M! karton.",
    "UPGRADE_DESCRIPTION": "Kiam ajn vi prenas Staton, prenu !M! kartojn."
  },
  "Exhume": {
    "NAME": "Elterigo",
    "DESCRIPTION": "Metu karton el via elĉerpstako en vian manon. NL Elĉerpu."
  },
  "Expertise": {
    "NAME": "Spertulo",
    "DESCRIPTION": "Prenu kartojn ĝis vi havas !M! en la mano."
  },
  "FTL": {
    "NAME": "Superlumrapide",
    "DESCRIPTION": "Faru !D! da damaĝo. Se vi ludis malpli ol !M! kartojn ĉi-vice, prenu 1 karton.",
    "EXTENDED_DESCRIPTION": [
      " NL (ludis ",
      " karton.)",
      " kartojn.)"
    ]
  },
  "Feed": {
    "NAME": "Nutrado",
    "DESCRIPTION": "Faru !D! da damaĝo. NL Se tio mortigas neminionon, gajnu !M! da maks. vivo. Elĉerpu."
  },
  "Feel No Pain": {
    "NAME": "Nedolorebla",
    "DESCRIPTION": "Kiam ajn karto estas Elĉerpata, gajnu !M! da Ŝirmo."
  },
  "Fiend Fire": {
    "NAME": "Diabla fajro",
    "DESCRIPTION": "Elĉerpu vian manon. NL Faru po !D! da damaĝo por ĉiu elĉerpita karto. NL Elĉerpu."
  },
  "Finesse": {
    "NAME": "Ruzo",
    "DESCRIPTION": "Gajnu !B! da Ŝirmo. NL Prenu 1 karton."
  },
  "Finisher": {
    "NAME": "Finigo",
    "DESCRIPTION": "Faru po !D! da damaĝo por ĉiu Atako, kiun vi ludis ĉi-vice.",
    "EXTENDED_DESCRIPTION": [
      " NL (ludis ",
      " Atakon.)",
      " Atakojn.)"
    ]
  },
  "Fire Breathing": {
    "NAME": "Fajrospirado",
    "DESCRIPTION": "Je la fino de via vico, faru po 1 damaĝon al ĈIUJ malamikoj por ĉiu Atako, kiun vi ludis ĉi-vice."
  },
  "Fission": {
    "NAME": "Fisio",
    "DESCRIPTION": "Forigu ĉiujn viajn Sferojn, gajnu [B] kaj prenu po !M! karton por ĉiu forigita Sfero. NL Elĉerpu.",
    "UPGRADE_DESCRIPTION": "Elvoku ĈIUJN viajn Sferojn, gajnu [B] kaj prenu !M! karton por ĉiu elvokita Sfero. NL Elĉerpu."
  },
  "Flame Barrier": {
    "NAME": "Flambaro",
    "DESCRIPTION": "Gajnu !B! da Ŝirmo. NL Kiam ajn vi estas atakata ĉi-vice, faru !M! da damaĝo al la atakanto. "
  },
  "Flash of Steel": {
    "NAME": "Ŝtalbrileto",
    "DESCRIPTION": "Faru !D! da damaĝo. NL Prenu 1 karton."
  },
  "Flechettes": {
    "NAME": "Sagetoj",
    "DESCRIPTION": "Faru po !D! da damaĝo por ĉiu Kapablo en via mano.",
    "EXTENDED_DESCRIPTION": [
      " NL (Vi havas ",
      " Kapablon).",
      " Kapablojn)."
    ]
  },
  "Flex": {
    "NAME": "Flekso",
    "DESCRIPTION": "Gajnu !M! da Forto. NL Je la fino de via vico, perdu !M! da Forto."
  },
  "Flux Capacitor": {
    "NAME": "Fluokondensilo",
    "DESCRIPTION": "Anstataŭigu ĉiujn Konduktitajn Sferojn per Plasmo. NL Elĉerpu."
  },
  "Flying Knee": {
    "NAME": "Fluganta genuo",
    "DESCRIPTION": "Faru !D! da damaĝo. NL Sekvontvice gajnu [G]."
  },
  "Footwork": {
    "NAME": "Piedlerteco",
    "DESCRIPTION": "Gajnu !M! da Lerteco."
  },
  "Force Field": {
    "NAME": "Fortokampo",
    "DESCRIPTION": "Kostas po 1 malpli da [B] por ĉiu Potenckarto, kiun vi ludis ĉi-batale. NL Gajnu !B! da Ŝirmo."
  },
  "Fusion": {
    "NAME": "Fuzio",
    "DESCRIPTION": "Konduktu !M! da Plasmo."
  },
  "Gash": {
    "NAME": "Ungego",
    "DESCRIPTION": "Faru !D! da damaĝo. NL Ĉiuj Ungego-kartoj faros !M! pli da damaĝo ĉi-batale."
  },
  "Genetic Algorithm": {
    "NAME": "Genetika algoritmo",
    "DESCRIPTION": "Gajnu !B! da Ŝirmo. Kiam vi ludas ĉi tion, konstante plialtigu ĉi ties Ŝirmon je !M!. NL Elĉerpu."
  },
  "Ghostly": {
    "NAME": "Aperaĵo",
    "DESCRIPTION": "Gajnu 1 da Nepalpebla. NL Elĉerpu. NL Fantoma.",
    "UPGRADE_DESCRIPTION": "Gajnu 1 da Nepalpebla. NL Elĉerpu."
  },
  "Ghostly Armor": {
    "NAME": "Fantoma armaĵo",
    "DESCRIPTION": "Fantoma. NL Gajnu !B! da Ŝirmo."
  },
  "Glacier": {
    "NAME": "Glaĉero",
    "DESCRIPTION": "Gajnu !B! da Ŝirmo. NL Konduktu !M! da Frosto.",
    "UPGRADE_DESCRIPTION": "Gajnu !B! da Ŝirmo. Konduktu !M! da Frosto."
  },
  "Glass Knife": {
    "NAME": "Vitra tranĉilo",
    "DESCRIPTION": "Faru !D! da damaĝo du fojojn. La damaĝo de ĉi tiu karto estas malaltigata je 2 ĉi-batale."
  },
  "Go for the Eyes": {
    "NAME": "Celu la okulojn",
    "DESCRIPTION": "Faru !D! da damaĝo. Se la malamiko celas ataki, aldonu !M! da Malforta."
  },
  "Good Instincts": {
    "NAME": "Bona instinkto",
    "DESCRIPTION": "Gajnu !B! da Ŝirmo."
  },
  "Grand Finale": {
    "NAME": "Granda finalo",
    "DESCRIPTION": "Nur ludebla se ne restas kartoj en la prenstako. NL Faru !D! da damaĝo al ĈIUJ malamikoj.",
    "UPGRADE_DESCRIPTION": "Mia prenstako devas esti #rMalplena."
  },
  "Havoc": {
    "NAME": "Ruinigo",
    "DESCRIPTION": "Ludu la supran karton de via prenstako kaj Elĉerpu ĝin."
  },
  "Headbutt": {
    "NAME": "Kapfrapo",
    "DESCRIPTION": "Faru !D! da damaĝo. NL Metu karton el via forĵetstako sur vian prenstakon, supre."
  },
  "Heatsinks": {
    "NAME": "Varmointerŝanĝiloj",
    "DESCRIPTION": "Kiam ajn vi ludas Potenckarton, prenu !M! karton.",
    "UPGRADE_DESCRIPTION": "Kiam ajn vi ludas Potenckarton, prenu !M! kartojn."
  },
  "Heavy Blade": {
    "NAME": "Peza glavo",
    "DESCRIPTION": "Faru !D! da damaĝo. NL Forto plibonigas Pezan Glavon !M! fojojn.",
    "UPGRADE_DESCRIPTION": "Faru !D! da damaĝo. NL Forto plibonigas Pezan Glavon !M! fojojn."
  },
  "Heel Hook": {
    "NAME": "Kalkankroĉo",
    "DESCRIPTION": "Faru !D! da damaĝo. NL Se la malamiko estas Malforta, NL Gajnu [G] kaj NL prenu 1 karton."
  },
  "Hello World": {
    "NAME": "Saluton mondo",
    "DESCRIPTION": "Je la komenco de via vico, aldonu hazardan Oftan karton al via mano.",
    "UPGRADE_DESCRIPTION": "Fundamenta. NL Je la komenco de via vico, aldonu hazardan Oftan karton al via mano."
  },
  "Hemokinesis": {
    "NAME": "Hemokinetiko",
    "DESCRIPTION": "Perdu !M! da vivo. NL Faru !D! da damaĝo."
  },
  "Hide": {
    "NAME": "Kaŝiĝo",
    "DESCRIPTION": "Vi ne povas perdi vivon ĝis la komenco de via sekvonta vico. NL Elĉerpu."
  },
  "Hologram": {
    "NAME": "Hologramo",
    "DESCRIPTION": "Gajnu !B! da Ŝirmo. NL Redonu karton el via forĵetstako al via mano. NL Elĉerpu.",
    "UPGRADE_DESCRIPTION": "Gajnu !B! da Ŝirmo. NL Redonu karton el via forĵetstako al via mano."
  },
  "Hyperbeam": {
    "NAME": "Hiperradio",
    "DESCRIPTION": "Faru !D! da damaĝo al ĈIUJ malamikoj. NL Perdu !M! da Atento."
  },
  "Immolate": {
    "NAME": "Brulego",
    "DESCRIPTION": "Faru !D! da damaĝo al ĈIUJ malamikoj. NL Aldonu Brulon al via forĵetstako."
  },
  "Impervious": {
    "NAME": "Blokego",
    "DESCRIPTION": "Gajnu !B! da Ŝirmo. NL Elĉerpu."
  },
  "Infernal Blade": {
    "NAME": "Infera glavo",
    "DESCRIPTION": "Aldonu hazardan Atakokarton al via mano. NL Ĝi kostas 0 ĉi-vice. NL Elĉerpu."
  },
  "Infinite Blades": {
    "NAME": "Senfinaj klingoj",
    "DESCRIPTION": "Je la komenco de via vico, aldonu Pikilon al via mano.",
    "UPGRADE_DESCRIPTION": "Fundamenta. NL Je la komenco de via vico, aldonu Pikilon al via mano."
  },
  "Inflame": {
    "NAME": "Flamigo",
    "DESCRIPTION": "Gajnu !M! da Forto."
  },
  "Injury": {
    "NAME": "Kontuzo",
    "DESCRIPTION": "Neludebla."
  },
  "Intimidate": {
    "NAME": "Minaco",
    "DESCRIPTION": "Aldonu !M! da Malforta al ĈIUJ malamikoj. NL Elĉerpu."
  },
  "Iron Wave": {
    "NAME": "Fera undo",
    "DESCRIPTION": "Gajnu !B! da Ŝirmo. NL Faru !D! da damaĝo."
  },
  "J.A.X.": {
    "NAME": "J.A.X.",
    "DESCRIPTION": "Perdu 3 vivpoentojn. NL Gajnu !M! da Forto."
  },
  "Jack Of All Trades": {
    "NAME": "Multkapablulo",
    "DESCRIPTION": "Aldonu !M! hazardajn senkolorajn kartojn al via mano. NL Elĉerpu.",
    "UPGRADE_DESCRIPTION": "Aldonu !M! hazardajn senkolorajn kartojn al via mano. NL Elĉerpu."
  },
  "Juggernaut": {
    "NAME": "Nehalteblulo",
    "DESCRIPTION": "Kiam ajn vi gajnas Ŝirmon, faru !M! da damaĝo al hazarda malamiko."
  },
  "Leap": {
    "NAME": "Saltego",
    "DESCRIPTION": "Gajnu !B! da Ŝirmo."
  },
  "Leg Sweep": {
    "NAME": "Krurforfrapo",
    "DESCRIPTION": "Aldonu !M! da Malforta. NL Gajnu !B! da Ŝirmo."
  },
  "Limit Break": {
    "NAME": "Limforpaso",
    "DESCRIPTION": "Duobligu vian Forton. NL Elĉerpu.",
    "UPGRADE_DESCRIPTION": "Duobligu vian Forton."
  },
  "Lockon": {
    "NAME": "Preciza trafo",
    "DESCRIPTION": "Faru !D! da damaĝo. NL Aldonu !M! da Fikscelo."
  },
  "Loop": {
    "NAME": "Iteracio",
    "DESCRIPTION": "Je la komenco de via vico, uzu la pasivan efikon de via sekvonta Sfero.",
    "UPGRADE_DESCRIPTION": "Je la komenco de via vico, uzu la pasivan efikon de via sekvonta Sfero !M! fojojn."
  },
  "Machine Learning": {
    "NAME": "Maŝinlernado",
    "DESCRIPTION": "Prenu !M! plian karton je la komenco de ĉiu vico.",
    "UPGRADE_DESCRIPTION": "Fundamenta. NL Prenu !M! plian karton je la komenco de ĉiu vico."
  },
  "Madness": {
    "NAME": "Frenezeco",
    "DESCRIPTION": "Hazarda karto en via mano kostos 0 dum la cetero de la batalo. NL Elĉerpu."
  },
  "Magnetism": {
    "NAME": "Magnetismo",
    "DESCRIPTION": "Je la komenco de ĉiu vico, aldonu hazardan senkoloran karton al via mano."
  },
  "Malaise": {
    "NAME": "Malbonfarto",
    "DESCRIPTION": "Malamiko perdas X da Forto. Aldonu X da Malforta. NL Elĉerpu.",
    "UPGRADE_DESCRIPTION": "Malamiko perdas X+1 da Forto. Aldonu X+1 da Malforta. NL Elĉerpu."
  },
  "Master of Strategy": {
    "NAME": "Majstro de strategio",
    "DESCRIPTION": "Prenu !M! kartojn. NL Elĉerpu."
  },
  "Masterful Stab": {
    "NAME": "Majstra piko",
    "DESCRIPTION": "Faru !D! da damaĝo. NL Kiam ajn vi prenas damaĝon, plialtigu la koston de ĉi tiu karto je 1.",
    "UPGRADE_DESCRIPTION": ""
  },
  "Mayhem": {
    "NAME": "Hazardaĵoj",
    "DESCRIPTION": "Je la komenco de via vico, ludu la supran karton de via prenstako."
  },
  "Melter": {
    "NAME": "Fandilo",
    "DESCRIPTION": "Forigu ĉiom da la Ŝirmo de malamiko. NL Faru !D! da damaĝo."
  },
  "Metallicize": {
    "NAME": "Metaligo",
    "DESCRIPTION": "Je la fino de via vico, gajnu !M! da Ŝirmo."
  },
  "Metamorphosis": {
    "NAME": "Metamorfozo",
    "DESCRIPTION": "Aldonu !M! hazardajn Atakojn al via Prenstako. Ili kostos 0 ĉi-batale. NL Elĉerpu."
  },
  "Meteor Strike": {
    "NAME": "Meteorbato",
    "DESCRIPTION": "Faru !D! da damaĝo. Konduktu !M! da Plasmo."
  },
  "Mind Blast": {
    "NAME": "Mensa blovego",
    "DESCRIPTION": "Fundamenta. NL Faru damaĝon egale al la kvanto de kartoj en via prenstako.",
    "UPGRADE_DESCRIPTION": "",
    "EXTENDED_DESCRIPTION": [
      " NL (Faros !D! da damaĝo.)"
    ]
  },
  "Multi-Cast": {
    "NAME": "Pluraktivigo",
    "DESCRIPTION": "Elvoku vian sekvontan Sferon X fojojn.",
    "UPGRADE_DESCRIPTION": "Elvoku vian sekvontan Sferon X+1 fojojn."
  },
  "Necronomicurse": {
    "NAME": "Nekronomalbeno",
    "DESCRIPTION": "Neludebla. NL Ne estas eskapo de ĉi tiu Malbeno."
  },
  "Neutralize": {
    "NAME": "Neŭtraligo",
    "DESCRIPTION": "Faru !D! da damaĝo. NL Aldonu !M! da Malforta."
  },
  "Night Terror": {
    "NAME": "Koŝmaro",
    "DESCRIPTION": "Elektu karton. NL Sekvontvice, aldonu !M! kopiojn de tiu karto al via mano. Elĉerpu.",
    "EXTENDED_DESCRIPTION": [
      "Mi nur povas uzi NL ",
      " NL po unu fojon ĉiuvice."
    ]
  },
  "Normality": {
    "NAME": "Normaleco",
    "DESCRIPTION": "Neludebla. NL Vi ne povas ludi pli ol 3 kartojn ĉi-vice.",
    "EXTENDED_DESCRIPTION": [
      "Mi nur povas ludi NL #r3 kartojn ĉi-vice.",
      "Neludebla. NL Vi ne povas ludi pli ol ",
      " kartojn ĉiuvice.",
      " kartojn ĉiuvice. NL Vi ludis ",
      " karton ĉi-vice.",
      " kartojn ĉi-vice."
    ]
  },
  "Noxious Fumes": {
    "NAME": "Haladzo",
    "DESCRIPTION": "Je la komenco de via vico, aldonu !M! da Veneno al ĈIUJ malamikoj."
  },
  "Offering": {
    "NAME": "Ofero",
    "DESCRIPTION": "Perdu 6 da vivo. NL Gajnu [R] [R]. NL Prenu !M! kartojn. NL Elĉerpu.",
    "UPGRADE_DESCRIPTION": "Perdu 6 da vivo. NL Gajnu [R] [R]. NL Prenu !M! kartojn. NL Elĉerpu."
  },
  "Outmaneuver": {
    "NAME": "Atutmanovro",
    "DESCRIPTION": "Sekvontvice NL gajnu [G] [G].",
    "UPGRADE_DESCRIPTION": "Sekvontvice NL gajnu [G] [G] [G]."
  },
  "Pain": {
    "NAME": "Doloro",
    "DESCRIPTION": "Neludebla. NL Dum ĉi tio estas enmane, NL perdu 1 da vivo kiam alia karto estas ludata."
  },
  "Panacea": {
    "NAME": "Panacea",
    "DESCRIPTION": "Gajnu !M! da Artefakto. NL Elĉerpu."
  },
  "Panache": {
    "NAME": "Vervo",
    "DESCRIPTION": "Kiam ajn vi ludas 5 kartojn en unu sola vico, faru !M! da damaĝo al ĈIUJ malamikoj."
  },
  "Parasite": {
    "NAME": "Parazito",
    "DESCRIPTION": "Neludebla. Se estas transformate aŭ forigate el via kartaro, perdu 3 da Maks. Vivo."
  },
  "Perfected Strike": {
    "NAME": "Perfektigita bato",
    "DESCRIPTION": "Faru !D! da damaĝo. NL Faras po +2 da damaĝo por ĈIUJ viaj kartoj, kiuj enhavas \"Bato\".",
    "UPGRADE_DESCRIPTION": "Faru !D! da damaĝo. NL Faras po +3 da damaĝo por ĈIUJ viaj kartoj, kiuj enhavas \"Bato\"."
  },
  "Phantasmal Killer": {
    "NAME": "Iluzia mortigulo",
    "DESCRIPTION": "Dum via sekvonta vico, via Ataka damaĝo estos duobla."
  },
  "PiercingWail": {
    "NAME": "Akra plorkrio",
    "DESCRIPTION": "ĈIUJ malamikoj perdas !M! da forto dum 1 vico. NL Elĉerpu."
  },
  "Poisoned Stab": {
    "NAME": "Venena piko",
    "DESCRIPTION": "Faru !D! da damaĝo. NL Aldono !M! da Veneno."
  },
  "Pommel Strike": {
    "NAME": "Tenilbato",
    "DESCRIPTION": "Faru !D! da damaĝo. NL Prenu !M! karton.",
    "UPGRADE_DESCRIPTION": "Faru !D! da damaĝo. NL Prenu !M! kartojn."
  },
  "Power Through": {
    "NAME": "Antaŭenpuŝo",
    "DESCRIPTION": "Aldonu 2 Vundojn al via mano. NL Gajnu !B! da Ŝirmo."
  },
  "Predator": {
    "NAME": "Rabado",
    "DESCRIPTION": "Faru !D! da damaĝo. NL Prenu 2 pliajn kartojn sekvontvice."
  },
  "Prepared": {
    "NAME": "Preparita",
    "DESCRIPTION": "Prenu !M! karton. NL Forĵetu !M! karton.",
    "UPGRADE_DESCRIPTION": "Prenu !M! kartojn. NL Forĵetu !M! kartojn."
  },
  "Pummel": {
    "NAME": "Frapado",
    "DESCRIPTION": "Faru !D! da damaĝo !M! fojojn. NL Elĉerpu.",
    "UPGRADE_DESCRIPTION": "Faru !D! da damaĝo !M! fojojn. NL Elĉerpu."
  },
  "Purity": {
    "NAME": "Pureco",
    "DESCRIPTION": "Elektu kaj Elĉerpu ĝis !M! kartojn de via mano. NL Elĉerpu."
  },
  "Quick Slash": {
    "NAME": "Rapida tranĉo",
    "DESCRIPTION": "Faru !D! da damaĝo. NL Prenu 1 karton."
  },
  "Rage": {
    "NAME": "Furiozado",
    "DESCRIPTION": "Kiam ajn vi ludas Atakon ĉi-vice, gajnu !M! da Ŝirmo."
  },
  "Rainbow": {
    "NAME": "Ĉielarko",
    "DESCRIPTION": "Konduktu 1 da Fulmo, 1 da Frosto kaj 1 da Mallumo. NL Elĉerpu.",
    "UPGRADE_DESCRIPTION": "Konduktu 1 da Fulmo, 1 da Frosto kaj 1 da Mallumo."
  },
  "Rampage": {
    "NAME": "Senbridigo",
    "DESCRIPTION": "Faru !D! da damaĝo. NL Kiam ajn ĉi tiu karto estas ludata, plialtigu ĝian damaĝon je !M! ĉi-batale."
  },
  "Reaper": {
    "NAME": "Rikoltisto",
    "DESCRIPTION": "Faru !D! da damaĝo al ĈIUJ malamikoj. Resaniĝu la kvanton de neŝirmita damaĝo. NL Elĉerpu."
  },
  "Reboot": {
    "NAME": "Restartigo",
    "DESCRIPTION": "Miksu ĉiujn viajn kartojn en vian prenstakon. NL Prenu !M! kartojn. NL Elĉerpu."
  },
  "Rebound": {
    "NAME": "Resalto",
    "DESCRIPTION": "Faru !D! da damaĝo. NL Metu la sekvontan ĉi-vice ludatan karton sur vian prenstakon, supre."
  },
  "Reckless Charge": {
    "NAME": "Senzorga sturmo",
    "DESCRIPTION": "Faru !D! da damaĝo. NL Miksu Konsterniĝo en vian prenstakon."
  },
  "Recycle": {
    "NAME": "Reuzo",
    "DESCRIPTION": "Elĉerpu karton. NL Gajnu [B] egale al ĝia kosto."
  },
  "Redo": {
    "NAME": "Rikuro",
    "DESCRIPTION": "Elvoku vian sekvontan Sferon. NL Konduktu la Sferon, kiun vi ĵus Elvokis."
  },
  "Reflex": {
    "NAME": "Reflekso",
    "DESCRIPTION": "Neludebla. NL Se ĉi tiu karto estas forĵetita de via mano, prenu !M! karton.",
    "UPGRADE_DESCRIPTION": "Neludebla. NL Se ĉi tiu karto estas forĵetita de via mano, prenu !M! kartojn.",
    "EXTENDED_DESCRIPTION": [
      "Mi ne povas ludi tiun karton."
    ]
  },
  "Regret": {
    "NAME": "Bedaŭro",
    "DESCRIPTION": "Neludebla. NL Je la fino de via vico, perdu po 1 vivpoenton por ĉiu karto en via mano."
  },
  "Reinforced Body": {
    "NAME": "Betonkorpo",
    "DESCRIPTION": "Gajnu !B! da Ŝirmo X fojojn."
  },
  "Reprogram": {
    "NAME": "Reprogramado",
    "DESCRIPTION": "Rigardu la suprajn !M! kartojn de via prenstako. Vi rajtas forĵeti ajnan kvanton de ili.",
    "UPGRADE_DESCRIPTION": "Rigardu la suprajn !M! kartojn de via prenstako. Vi rajtas forĵeti ajnan kvanton de ili."
  },
  "Riddle With Holes": {
    "NAME": "Truado",
    "DESCRIPTION": "Faru !D! da damaĝo 5 fojojn."
  },
  "Rip and Tear": {
    "NAME": "Ŝirado",
    "DESCRIPTION": "Faru !D! da damaĝo al hazarda malamiko !M! fojojn."
  },
  "Rupture": {
    "NAME": "Rompo",
    "DESCRIPTION": "Kiam ajn vi perdas vivon de karto, NL gajnu 1 da Forto."
  },
  "Sadistic Nature": {
    "NAME": "Sadista naturo",
    "DESCRIPTION": "Kiam ajn vi aldonas Statmalbonigon al malamiko, tiu prenas !M! da damaĝo."
  },
  "Scrape": {
    "NAME": "Skrapado",
    "DESCRIPTION": "Faru !D! da damaĝo. NL Prenu !M! kartojn. NL Forĵetu ĉiujn kartojn tiel prenitajn, kiuj ne kostas 0."
  },
  "Searing Blow": {
    "NAME": "Brulbato",
    "DESCRIPTION": "Faru !D! da damaĝo. NL Povas esti plibonigata ajnan kvanton da fojoj."
  },
  "Second Wind": {
    "NAME": "Kroma energio",
    "DESCRIPTION": "Elĉerpu ĉiujn Neatakajn kartojn en via mano kaj gajnu po !B! da Ŝirmo por ĉiuj tiuj."
  },
  "Secret Technique": {
    "NAME": "Sekreta tekniko",
    "DESCRIPTION": "Elektu Kapablon el via prenstako kaj metu ĝin en vian manon. NL Elĉerpu.",
    "UPGRADE_DESCRIPTION": "Elektu Kapablon el via prenstako kaj metu ĝin en vian manon.",
    "EXTENDED_DESCRIPTION": [
      "Estas neniuj Kapabloj NL en mia prenstako."
    ]
  },
  "Secret Weapon": {
    "NAME": "Sekreta armilo",
    "DESCRIPTION": "Elektu Atakon el via prenstako kaj metu ĝin en vian manon. NL Elĉerpu.",
    "UPGRADE_DESCRIPTION": "Elektu Atakon el via prenstako kaj metu ĝin en vian manon.",
    "EXTENDED_DESCRIPTION": [
      "Estas neniuj Atakoj NL en mia prenstako."
    ]
  },
  "Seeing Red": {
    "NAME": "Ruĝa vido",
    "DESCRIPTION": "Gajnu [R] [R]. NL Elĉerpu."
  },
  "Seek": {
    "NAME": "Serĉo",
    "DESCRIPTION": "Elektu !M! karton el via prenstako kaj metu ĝin en vian manon. NL Elĉerpu.",
    "UPGRADE_DESCRIPTION": "Elektu !M! kartojn el via prenstako kaj metu ilin en vian manon. NL Elĉerpu."
  },
  "Self Repair": {
    "NAME": "Memriparo",
    "DESCRIPTION": "Je la fino de la batalo, resaniĝu !M! da vivo."
  },
  "Sentinel": {
    "NAME": "Gardo",
    "DESCRIPTION": "Gajnu !B! da Ŝirmo. NL Se ĉi tiu karto estas Elĉerpata, NL gajnu [R] [R].",
    "UPGRADE_DESCRIPTION": "Gajnu !B! da Ŝirmo. NL Se ĉi tiu karto estas Elĉerpata, NL gajnu [R] [R] [R]."
  },
  "Setup": {
    "NAME": "Pretigo",
    "DESCRIPTION": "Metu karton el via mano sur vian prenstakon, supre. NL Ĝi kostos 0 ĝis ludata."
  },
  "Sever Soul": {
    "NAME": "Disigo de animo",
    "DESCRIPTION": "Elĉerpu ĉiujn Neatakajn kartojn en via mano. NL Faru !D! da damaĝo."
  },
  "Shame": {
    "NAME": "Honto",
    "DESCRIPTION": "Neludebla. NL Je la fino de via vico, gajnu 1 da Kaduka."
  },
  "Shiv": {
    "NAME": "Pikilo",
    "DESCRIPTION": "Faru !D! da damaĝo. NL Elĉerpu."
  },
  "Shockwave": {
    "NAME": "Skuondo",
    "DESCRIPTION": "Aldonu !M! da Malforta kaj Vundebla al ĈIUJ malamikoj. NL Elĉerpu."
  },
  "Shrug It Off": {
    "NAME": "Eĉ ne doloras",
    "DESCRIPTION": "Gajnu !B! da Ŝirmo. NL Prenu 1 karton."
  },
  "Skewer": {
    "NAME": "Trapiko",
    "DESCRIPTION": "Faru !D! da damaĝo X fojojn."
  },
  "Skim": {
    "NAME": "Superrigardo",
    "DESCRIPTION": "Prenu !M! kartojn."
  },
  "Slice": {
    "NAME": "Sekco",
    "DESCRIPTION": "Faru !D! da damaĝo."
  },
  "Slimed": {
    "NAME": "Ŝlima",
    "DESCRIPTION": "Elĉerpu."
  },
  "Spot Weakness": {
    "NAME": "Rekoni okazon",
    "DESCRIPTION": "Se malamiko celas ataki, gajnu !M! da Forto."
  },
  "Stack": {
    "NAME": "Stako",
    "DESCRIPTION": "Gajnu Ŝirmon egale al la kvanto de kartoj en via forĵetstako.",
    "UPGRADE_DESCRIPTION": "Gajnu Ŝirmon egale al la kvanto de kartoj en via forĵetstako +3.",
    "EXTENDED_DESCRIPTION": [
      " NL (Gajnos !B! da Ŝirmo.)"
    ]
  },
  "Static Discharge": {
    "NAME": "Statika malŝargo",
    "DESCRIPTION": "Kiam ajn vi prenas atakan damaĝon, Konduktu !M! da Fulmo.",
    "UPGRADE_DESCRIPTION": "Kiam ajn vi prenas atakan damaĝon, Konduktu !M! da Fulmo."
  },
  "Steam": {
    "NAME": "Vaporbaro",
    "DESCRIPTION": "Gajnu !B! da Ŝirmo. La Ŝirmo de ĉi tiu karto estas malaltigata je 1 ĉi-batale."
  },
  "Steam Power": {
    "NAME": "Trorapidigo",
    "DESCRIPTION": "Prenu !M! kartojn. NL Aldonu Brulon al via forĵetstako."
  },
  "Storm": {
    "NAME": "Fulmotondro",
    "DESCRIPTION": "Kiam ajn vi ludas Potencon, Konduktu 1 da Fulmo.",
    "UPGRADE_DESCRIPTION": "Fundamenta. NL Kiam ajn vi ludas Potencon, Konduktu 1 da Fulmo."
  },
  "Storm of Steel": {
    "NAME": "Ŝtalŝtormo",
    "DESCRIPTION": "Forĵetu vian manon. NL Aldonu po 1 Pikilon al via mano por ĉiu forĵetita karto.",
    "UPGRADE_DESCRIPTION": "Forĵetu vian manon. NL Aldonu po 1 plibonigitan Pikilon al via mano por ĉiu forĵetita karto."
  },
  "Streamline": {
    "NAME": "Flulinia",
    "DESCRIPTION": "Faru !D! da damaĝo. NL Kiam ajn vi ludas ĉi tiun karton, malaltigu ĝian koston je !M! ĉi-batale."
  },
  "Strike_B": {
    "NAME": "Bato",
    "DESCRIPTION": "Faru !D! da damaĝo."
  },
  "Strike_G": {
    "NAME": "Bato",
    "DESCRIPTION": "Faru !D! da damaĝo."
  },
  "Strike_R": {
    "NAME": "Bato",
    "DESCRIPTION": "Faru !D! da damaĝo."
  },
  "Sucker Punch": {
    "NAME": "Subita pugno",
    "DESCRIPTION": "Faru !D! da damaĝo. NL Aldonu !M! da Malforta."
  },
  "Sunder": {
    "NAME": "Diserigo",
    "DESCRIPTION": "Faru !D! da damaĝo. NL Se tio mortigas malamikon, gajnu [B] [B] [B]."
  },
  "Survivor": {
    "NAME": "Travivanto",
    "DESCRIPTION": "Gajnu !B! da Ŝirmo. NL Forĵetu karton."
  },
  "Sweeping Beam": {
    "NAME": "Balaradio",
    "DESCRIPTION": "Faru !D! da damaĝo al ĈIUJ malamikoj. NL Prenu !M! karton."
  },
  "Swift Strike": {
    "NAME": "Rapida bato",
    "DESCRIPTION": "Faru !D! da damaĝo."
  },
  "Sword Boomerang": {
    "NAME": "Glavbumerango",
    "DESCRIPTION": "Faru !D! da damaĝo al hazarda malamiko !M! fojojn."
  },
  "Tactician": {
    "NAME": "Taktikisto",
    "DESCRIPTION": "Neludebla. NL Se ĉi tiu karto estas forĵetata de via mano, gajnu [G].",
    "UPGRADE_DESCRIPTION": "Neludebla. NL Se ĉi tiu karto estas forĵetata de via mano, gajnu [G] [G].",
    "EXTENDED_DESCRIPTION": [
      "Mi ne povas ludi tiun karton."
    ]
  },
  "Tempest": {
    "NAME": "Tempesto",
    "DESCRIPTION": "Konduktu X da Fulmo. NL Elĉerpu.",
    "UPGRADE_DESCRIPTION": "Konduktu X+1 da Fulmo. NL Elĉerpu."
  },
  "Terror": {
    "NAME": "Teruro",
    "DESCRIPTION": "Aldonu 99 da Vundebla. NL Elĉerpu."
  },
  "The Bomb": {
    "NAME": "La bombo",
    "DESCRIPTION": "Post la fino de 3 vicoj, faru !M! da damaĝo al ĈIUJ malamikoj."
  },
  "Thinking Ahead": {
    "NAME": "Antaŭplano",
    "DESCRIPTION": "Prenu 2 kartojn. NL Metu karton el via mano sur vian prenstakon, supre. NL Elĉerpu.",
    "UPGRADE_DESCRIPTION": "Prenu 2 kartojn. NL Metu karton el via mano sur vian prenstakon, supre."
  },
  "Thunder Strike": {
    "NAME": "Tondrobato",
    "DESCRIPTION": "Faru po !D! da damaĝo al hazarda malamiko por ĉiu Fulmo konduktita ĉi-batale.",
    "EXTENDED_DESCRIPTION": [
      " (Estis !M! da Fulmo.)"
    ]
  },
  "Thunderclap": {
    "NAME": "Tondroklako",
    "DESCRIPTION": "Faru !D! da damaĝo kaj aldonu 1 da Vundebla al ĈIUJ malamikoj."
  },
  "Tools of the Trade": {
    "NAME": "Fakiloj",
    "DESCRIPTION": "Je la komenco de via vico, prenu 1 karton kaj forĵetu 1 karton."
  },
  "Transmutation": {
    "NAME": "Transmutacio",
    "DESCRIPTION": "Aldonu X hazardajn senkolorajn kartojn al via mano. Ili kostas 0 ĉi-vice. NL Elĉerpu.",
    "UPGRADE_DESCRIPTION": "Aldonu X hazardajn plibonigitajn senkolorajn kartojn al via mano. Ili kostas 0 ĉi-vice. NL Elĉerpu."
  },
  "Trip": {
    "NAME": "Faligo",
    "DESCRIPTION": "Aldonu !M! da Vundebla.",
    "UPGRADE_DESCRIPTION": "Aldonu !M! da Vundebla al ĈIUJ malamikoj."
  },
  "True Grit": {
    "NAME": "Obstineco",
    "DESCRIPTION": "Gajnu !B! da Ŝirmo. NL Elĉerpu hazardan karton el via mano.",
    "UPGRADE_DESCRIPTION": "Gajnu !B! da Ŝirmo. NL Elĉerpu karton el via mano."
  },
  "Turbo": {
    "NAME": "TURBO",
    "DESCRIPTION": "Gajnu [B] [B]. NL Aldonu Vakuon al via forĵetstako.",
    "UPGRADE_DESCRIPTION": "Gajnu [B] [B] [B]. NL Aldonu Vakuon al via forĵetstako."
  },
  "Twin Strike": {
    "NAME": "Ĝemelbato",
    "DESCRIPTION": "Faru !D! da damaĝo NL du fojojn."
  },
  "Underhanded Strike": {
    "NAME": "Ruza bato",
    "DESCRIPTION": "Faru !D! da damaĝo. NL Se vi forĵetis karton ĉi-vice, NL gajnu [G] [G].",
    "EXTENDED_DESCRIPTION": [
      "Mi ne povas ludi tiun karton."
    ]
  },
  "Undo": {
    "NAME": "Ekvilibro",
    "DESCRIPTION": "Gajnu !B! da Ŝirmo. NL Retenu vian manon ĉi-vice."
  },
  "Unload": {
    "NAME": "Malŝargo",
    "DESCRIPTION": "Faru !D! da damaĝo. NL Forĵetu ĈIUJN Neatakajn kartojn."
  },
  "Uppercut": {
    "NAME": "Pugno de sube",
    "DESCRIPTION": "Faru !D! da damaĝo. NL Aldonu !M! da Malforta. NL Aldonu !M! da Vundebla."
  },
  "Venomology": {
    "NAME": "Alkemio",
    "DESCRIPTION": "Obtenu hazardan pocion. NL Elĉerpu."
  },
  "Void": {
    "NAME": "Vakuo",
    "DESCRIPTION": "Neludebla. NL Kiam ĉi tiu karto estas prenata, perdu 1 da Energio. NL Fantoma."
  },
  "Warcry": {
    "NAME": "Batalkrio",
    "DESCRIPTION": "Prenu !M! karton. NL Metu karton el via mano sur vian prenstakon, supre. NL Elĉerpu.",
    "UPGRADE_DESCRIPTION": "Prenu !M! kartojn. NL Metu karton el via mano sur vian prenstakon, supre. NL Elĉerpu."
  },
  "Well Laid Plans": {
    "NAME": "Antaŭplano",
    "DESCRIPTION": "Je la fino de via vico, Retenu ĝis !M! karton.",
    "UPGRADE_DESCRIPTION": "Je la fino de via vico, Retenu ĝis !M! kartojn."
  },
  "Whirlwind": {
    "NAME": "Turnovento",
    "DESCRIPTION": "Faru !D! da damaĝo al ĈIUJ malamikoj X fojojn."
  },
  "White Noise": {
    "NAME": "Blanka bruo",
    "DESCRIPTION": "Aldonu hazardan Potencon al via mano. NL Ĝi kostas 0 ĉi-vice. NL Elĉerpu."
  },
  "Wild Strike": {
    "NAME": "Sovaĝa bato",
    "DESCRIPTION": "Faru !D! da damaĝo. NL Miksu Vundon en vian prenstakon."
  },
  "Wound": {
    "NAME": "Vundo",
    "DESCRIPTION": "Neludebla."
  },
  "Wraith Form v2": {
    "NAME": "Fantomformo",
    "DESCRIPTION": "Gajnu !M! da Nepalpebla. NL Je al fino de ĉiu vico, perdu 1 da Lerteco."
  },
  "Writhe": {
    "NAME": "Barakto",
    "DESCRIPTION": "Neludebla. NL Fundamenta."
  },
  "Zap": {
    "NAME": "Sparko",
    "DESCRIPTION": "Konduktu !M! da Fulmo."
  },
  "Core Surge": {
    "NAME": "Kernoŝvelo",
    "DESCRIPTION": "Faru !D! da damaĝo. NL Gajnu !M! da Artefakto. NL Elĉerpu."
  },
  "Compile Driver": {
    "NAME": "Tradukpelilo",
    "DESCRIPTION": "Faru !D! da damaĝo. NL Prenu po !M! karton por ĉiu unika Sfero, kiun vi havas."
  },
  "RitualDagger": {
    "NAME": "Rita tranĉilo",
    "DESCRIPTION": "Faru !D! da damaĝo. NL Se tio mortigas, konstante plialtigu ĉi ties damaĝon je !M!. NL Elĉerpu."
  },
  "Pride": {
    "NAME": "Fiero",
    "DESCRIPTION": "Fundamenta. Elĉerpu. NL Je la fino de via vico, metu kopion de ĉi tiu karto sur vian prenstakon, supre."
  },
  "PanicButton": {
    "NAME": "Panikbutono",
    "DESCRIPTION": "Gajnu !B! da Ŝirmo. Vi ne povas gajni Ŝirmon de kartoj la sekvontajn !M! vicojn. NL Elĉerpu."
  },
  "HandOfGreed": {
    "NAME": "Mano de avareco",
    "DESCRIPTION": "Faru !D! da damaĝo. NL Se tio mortigas neminionan malamikon, gajnu !M! da Oro."
  },
  "Violence": {
    "NAME": "Perforteco",
    "DESCRIPTION": "Metu !M! hazardajn Atakokartojn el via prenstako en vian manon. NL Elĉerpu."
  },
  "Impatience": {
    "NAME": "Senpacienco",
    "DESCRIPTION": "Se ne restas Atakokartoj en via mano, prenu !M! kartojn."
  },
  "Forethought": {
    "NAME": "Antaŭpripenso",
    "DESCRIPTION": "Metu karton el via mano sub vian prenstakon, malsupre. NL Ĝi kostos 0 ĝis ludata.",
    "UPGRADE_DESCRIPTION": "Metu ajnan kvanton da kartoj el via mano sub vian prenstakon, malsupre. Ili kostos 0 ĝis ludataj."
  },
  "Discovery": {
    "NAME": "Malkovro",
    "DESCRIPTION": "Elektu 1 el 3 hazardaj kartoj por aldoni al via mano. Ĝi kostas 0 ĉi-vice. NL Elĉerpu.",
    "UPGRADE_DESCRIPTION": "Elektu 1 el 3 hazardaj kartoj por aldoni al via mano. Ĝi kostas 0 ĉi-vice."
  }
}