{
  "Accuracy": {
    "NAME": "Akurateco",
    "DESCRIPTIONS": [
      "#yPikiloj faras #b",
      " pli da damaĝo."
    ]
  },
  "After Image": {
    "NAME": "Postbildo",
    "DESCRIPTIONS": [
      "Kiam ajn vi ludas karton, gajnu #b",
      " da #yŜirmo."
    ]
  },
  "Amplify": {
    "NAME": "Amplifi",
    "DESCRIPTIONS": [
      "Ĉi-vice, ludu vian sekvontan #yPotencon dufoje.",
      "Ĉi-vice, ludu viajn sekvontajn ",
      " #yPotencojn dufoje."
    ]
  },
  "Anger": {
    "NAME": "Furioziĝi",
    "DESCRIPTIONS": [
      "Kiam ajn vi ludas #yKapablon, gajnas #b",
      " da #yForto."
    ]
  },
  "Angry": {
    "NAME": "Kolera",
    "DESCRIPTIONS": [
      "Kiam ajn ",
      " prenas #yAtakan damaĝon, ĝi gajnas #b",
      " da #yForto."
    ]
  },
  "Artifact": {
    "NAME": "Artefakto",
    "DESCRIPTIONS": [
      "Nuligas #b",
      " malbonstatigon.",
      " malbonstatigojn."
    ]
  },
  "Attack Burn": {
    "NAME": "Atakforbrulo",
    "DESCRIPTIONS": [
      "Dum #b",
      " vico, kiam ajn vi ludas #yAtakon, #yElĉerpu ĝin.",
      "Dum la sekvontaj #b",
      " vicoj, kiam ajn vi ludas #yAtakon, #yElĉerpu ĝin."
    ]
  },
  "Barricade": {
    "NAME": "Baro",
    "DESCRIPTIONS": [
      "#yŜirmo ne estas forigata je la komenco de via vico.",
      "#yŜirmo ne estas forigata je la komenco de vico."
    ]
  },
  "Berserk": {
    "NAME": "Amoko",
    "DESCRIPTIONS": [
      "Gajnu ",
      "  je la komenco de via vico."
    ]
  },
  "Bias": {
    "NAME": "Biaso",
    "DESCRIPTIONS": [
      "Je la komenco de via vico, perdu #b",
      " da #yAtento."
    ]
  },
  "Blur": {
    "NAME": "Nebuleco",
    "DESCRIPTIONS": [
      "#yŜirmo ne estas forigata je la komenco de via sekvonta vico.",
      "#yŜirmo ne estas forigata je la komenco de viaj sekvontaj #b",
      " vicoj."
    ]
  },
  "Brutality": {
    "NAME": "Brutaleco",
    "DESCRIPTIONS": [
      "Je la komenco de via vico, perdu #b",
      " da vivo kaj prenu #b",
      " karton.",
      "Je la komenco de via vico, perdu #b",
      " da vivo kaj prenu #b",
      " kartojn."
    ]
  },
  "Buffer": {
    "NAME": "Antaŭgardo",
    "DESCRIPTIONS": [
      "Preventas la sekvontan fojon, ke vi perdus vivpoentojn.",
      "Preventas la sekvontajn #b",
      " fojojn, ke vi perdus vivpoentojn."
    ]
  },
  "Bullet Time": {
    "NAME": "Kuglorapideco",
    "DESCRIPTIONS": [
      "La energikosto de ĉiuj Verdaj kartoj nun estas #b0."
    ]
  },
  "Burst": {
    "NAME": "Eksalto",
    "DESCRIPTIONS": [
      "Ĉi-vice, ludu vian sekvontan #yKapablon du fojojn.",
      "Ĉi-vice, ludu viajn sekvontajn ",
      " #yKapablojn du fojojn."
    ]
  },
  "Choked": {
    "NAME": "Sufokita",
    "DESCRIPTIONS": [
      "Perdas #b",
      " da vivo kiam ajn vi ludas karton ĉi-vice."
    ]
  },
  "Combust": {
    "NAME": "Brulado",
    "DESCRIPTIONS": [
      "Je la fino de via vico, perdu #b",
      " vivpoento kaj faru #b",
      " da damaĝo al ĈIUJ malamikoj."
    ]
  },
  "Confusion": {
    "NAME": "Konfuzo",
    "DESCRIPTIONS": [
      "Kiam ajn vi prenas karton, hazardigu ĝian koston."
    ]
  },
  "Conserve": {
    "NAME": "Konservo",
    "DESCRIPTIONS": [
      "#yEnergio estos konservata ĉi-vice.",
      "#yEnergio estos konservata dum la sekvontaj #b",
      " vicoj."
    ]
  },
  "Constricted": {
    "NAME": "Stringita",
    "DESCRIPTIONS": [
      "Je la fino de via vico, prenu #b",
      " da damaĝo."
    ]
  },
  "Corruption": {
    "NAME": "Korupto",
    "DESCRIPTIONS": [
      "Kapabloj kostas #b0. Kiam ajn vi ludas #yKapablon, #yElĉerpu ĝin.",
      "Kiam ajn vi ludas #yKapablon, #yElĉerpu ĝin."
    ]
  },
  "Creative AI": {
    "NAME": "Kreema AI",
    "DESCRIPTIONS": [
      "Je la komenco de via vico, aldonu #b",
      " hazardan Potenckarton al via mano.",
      " hazardajn Potenckartojn al via mano."
    ]
  },
  "Curiosity": {
    "NAME": "Scivolemo",
    "DESCRIPTIONS": [
      "Kiam ajn vi ludas #yPotencon, gajnu #b",
      " da #yForto."
    ]
  },
  "Curl Up": {
    "NAME": "Buliĝo",
    "DESCRIPTIONS": [
      "Kiam ĝi prenas #yAtakan damaĝon, buliĝas kaj gajnas ",
      " da #yŜirmo. (Unu fojon dum la batalo)"
    ]
  },
  "Dance Puppet": {
    "NAME": "Dancopupo",
    "DESCRIPTIONS": [
      "Kiam ajn vi ludas Nekapablan karton, prenu #b",
      " da damaĝo. (Kartotipo ŝanĝiĝas ĉiuvice)",
      "Kiam ajn vi ludas Neatakan karton, prenu #b",
      "+1 Dancopupo"
    ]
  },
  "Dark Embrace": {
    "NAME": "Malhela brakumo",
    "DESCRIPTIONS": [
      "Kiam ajn karto estas #yElĉerpata, prenu #b1 karton.",
      "Kiam ajn karto estas #yElĉerpata, prenu #b",
      " kartojn."
    ]
  },
  "Demon Form": {
    "NAME": "Demonformo",
    "DESCRIPTIONS": [
      "Je la komenco de via vico, gajnu #b",
      " da #yForto."
    ]
  },
  "DexLoss": {
    "NAME": "Falo de lerteco",
    "DESCRIPTIONS": [
      "Je la fino de via vico, perdu #b",
      " da #yLerteco."
    ]
  },
  "Dexterity": {
    "NAME": "Lerteco",
    "DESCRIPTIONS": [
      "Plialtigas #yŜirmon de kartoj je #b",
      "Malaltigas #yŜirmon de kartoj je #b",
      "."
    ]
  },
  "Double Damage": {
    "NAME": "Duobla damaĝo",
    "DESCRIPTIONS": [
      "#yAtakoj faras duobla damaĝo dum #b",
      " vico.",
      " vicoj."
    ]
  },
  "Double Tap": {
    "NAME": "Duobla bateto",
    "DESCRIPTIONS": [
      "Ĉi-vice, ludu vian sekvontan #yAtakon du fojojn.",
      "Ĉi-vice, ludu viajn sekvontajn ",
      " #yAtakojn du fojojn."
    ]
  },
  "Draw": {
    "NAME": "Prenu",
    "DESCRIPTIONS": [
      "Prenu #b",
      " plian karton je la komenco de ĉiu vico.",
      " karton malpli je la komenco de ĉiu vico.",
      " pliajn kartojn je la komenco de ĉiu vico.",
      " kartojn malpli je la komenco de ĉiu vico."
    ]
  },
  "Draw Card": {
    "NAME": "Prenu karton",
    "DESCRIPTIONS": [
      "Prenu #b",
      " kartojn sekvontvice.",
      " karton sekvontvice."
    ]
  },
  "Draw Down": {
    "NAME": "Falo de kartpreno",
    "DESCRIPTIONS": [
      "Prenu #b",
      " karton malpli sekvontvice.",
      " kartojn malpli sekvontvice."
    ]
  },
  "Draw Reduction": {
    "NAME": "Malaltiĝo de kartpreno",
    "DESCRIPTIONS": [
      "Prenu #b1 karton malpli sekvontvice.",
      "Prenu #b1 karton malpli dum la sekvontaj #b",
      " vicoj."
    ]
  },
  "Echo Form": {
    "NAME": "Eĥoformo",
    "DESCRIPTIONS": [
      "Ĉiuvice, la unua karto, kiun vi ludas, estos ludata du fojojn.",
      "Ĉiuvice, la unuaj #b",
      " kartoj, kiujn vi ludas, estos ludataj du fojojn."
    ]
  },
  "Electro": {
    "NAME": "Elektro",
    "DESCRIPTIONS": [
      "#yFulmo trafas ĈIUJN malamikojn.",
      "",
      ""
    ]
  },
  "Energized": {
    "NAME": "Energiita",
    "DESCRIPTIONS": [
      "Gajnu #b",
      " pli da [G] sekvontvice.",
      " pli da [G] sekvontvice.",
      " - TRANSLATOR NOTE: - The above line is for plural if needed to distinguish from singular."
    ]
  },
  "EnergizedBlue": {
    "NAME": "Energiita",
    "DESCRIPTIONS": [
      "Gajnu #b",
      " pli da [B] sekvontvice.",
      " pli da [B] sekvontvice.",
      " - TRANSLATOR NOTE: - The above line is for plural if needed to distinguish from singular."
    ]
  },
  "Entangled": {
    "NAME": "Implikita",
    "DESCRIPTIONS": [
      "Vi ne povas ludi #yAtakojn dum unu vico."
    ]
  },
  "Envenom": {
    "NAME": "Venenplena",
    "DESCRIPTIONS": [
      "Kiam ajn vi faras neŝirmatan #yAtakan damaĝon, aldonu #b",
      " da #yVeneno."
    ]
  },
  "Evolve": {
    "NAME": "Evolui",
    "DESCRIPTIONS": [
      "Kiam ajn vi prenas #yStaton, prenu karton.",
      "Kiam ajn vi prenas #yStaton, prenu #b",
      " kartojn."
    ]
  },
  "Explosive": {
    "NAME": "Eksplodema",
    "DESCRIPTIONS": [
      "Post #b",
      " vicoj, eksplodos kaj faros #b",
      " da damaĝo.",
      "Dum ĝia vico, eksplodos kaj faros #b"
    ]
  },
  "Extra Cards": {
    "NAME": "Pliaj kartoj",
    "DESCRIPTIONS": [
      "Prenu #b1 plian karton sekvontvice.",
      "Prenu #b",
      " pliajn kartojn sekvontvice."
    ]
  },
  "Feel No Pain": {
    "NAME": "Doloro ne doloras",
    "DESCRIPTIONS": [
      "Kiam ajn karto estas #yElĉerpata, gajnu #b",
      " da #yŜirmo."
    ]
  },
  "Fire Breathing": {
    "NAME": "Fajrspirado",
    "DESCRIPTIONS": [
      "Je la fino de via vico, faru po #b",
      " da damaĝo al ĈIUJ malamikoj por ĉiu #yAtako, kiun vi ludis ĉi-vice."
    ]
  },
  "Flame Barrier": {
    "NAME": "Flamŝildo",
    "DESCRIPTIONS": [
      "Kiam vi prenas #yAtakan damaĝon, refaras #b",
      " da damaĝo."
    ]
  },
  "Flex": {
    "NAME": "Forto falas",
    "DESCRIPTIONS": [
      "Je la fino de via vico, perdu #b",
      " da #yForto."
    ]
  },
  "Flight": {
    "NAME": "Flugo",
    "DESCRIPTIONS": [
      "Malaltigu #yAtakan damaĝon prenatan je #b50%. Nuligota post ricevo de #yAtaka damaĝo #b",
      " fojojn en unu vico."
    ]
  },
  "Focus": {
    "NAME": "Atento",
    "DESCRIPTIONS": [
      "Plialtigas la efikon de Sferoj je #b",
      "Malaltigas la efikon de Sferoj je #b",
      "."
    ]
  },
  "Frail": {
    "NAME": "Kaduka",
    "DESCRIPTIONS": [
      "Gajnu #b25% malpli da #yŜirmo de kartoj dum #b",
      " vico.",
      " vicoj."
    ]
  },
  "Gambit": {
    "NAME": "Gambito",
    "DESCRIPTIONS": [
      "Post #b",
      " vico, gajnu ",
      " vicoj, gajnu ",
      " [B] ."
    ]
  },
  "Generic Strength Up Power": {
    "NAME": "",
    "DESCRIPTIONS": [
      "Je la fino de ĝia vico, gajnas #b",
      " da #yForto."
    ]
  },
  "GrowthPower": {
    "NAME": "Kresko",
    "DESCRIPTIONS": [
      "Je la fino de ĝia vico, gajnas #b",
      " da #yForto."
    ]
  },
  "Heatsink": {
    "NAME": "Varmointerŝanĝilo",
    "DESCRIPTIONS": [
      "Kiam ajn vi ludas Potencon, prenu #b",
      " karton.",
      " kartojn."
    ]
  },
  "Hello": {
    "NAME": "Saluton",
    "DESCRIPTIONS": [
      "Je la komenco de via vico, aldonu #b",
      " hazardajn Oftajn kartojn al via mano.",
      " hazardan Oftan karton al via mano."
    ]
  },
  "Hex": {
    "NAME": "Fisorĉo",
    "DESCRIPTIONS": [
      "Kiam ajn vi ludas Neatakan karton, miksu #b",
      " da #yKonsterniĝo en vian prenstakon."
    ]
  },
  "Hide": {
    "NAME": "Kaŝi",
    "DESCRIPTIONS": [
      "Vi ne povas preni damaĝon ĝis la komenco de via sekvonta vico.",
      "Vi ne povas preni damaĝon dum #b",
      " vicoj."
    ]
  },
  "Infinite Blades": {
    "NAME": "Senfinaj klingoj",
    "DESCRIPTIONS": [
      "Je la komenco de via vico, aldonu #b",
      " #yPikilojn al via mano.",
      " #yPikilon al via mano."
    ]
  },
  "Intangible": {
    "NAME": "Nepalpebla",
    "DESCRIPTIONS": [
      "Malaltigu ĈIUN damaĝon, kiun vi ricevas, al #b1 ĉi-vice. Nepalpebla denove aktiviĝos ĉiun duan vicon."
    ]
  },
  "IntangiblePlayer": {
    "NAME": "Nepalpebla",
    "DESCRIPTIONS": [
      "Malaltigu ĈIUN damaĝon, kiun vi ricevas, al #b1."
    ]
  },
  "Inverted": {
    "NAME": "Maligita",
    "DESCRIPTIONS": [
      "Imuna kontraŭ damaĝo. Kiam ajn vi gajnas #yŜirmon, perdu tiom da vivo."
    ]
  },
  "Juggernaut": {
    "NAME": "Nehalteblulo",
    "DESCRIPTIONS": [
      "Kiam ajn vi gajnas #yŜirmon, faru #b",
      " da damaĝo al hazarda malamiko."
    ]
  },
  "Knowledge": {
    "NAME": "Scio",
    "DESCRIPTIONS": [
      "Kiam ajn vi ludas #yPotencon, prenu #b",
      " kartojn."
    ]
  },
  "Life Link": {
    "NAME": "Vivoligo",
    "DESCRIPTIONS": [
      "Se aliaj malamikoj ankoraŭ vivas, revivos post #b2 vicoj je #b50% da sia vivo."
    ]
  },
  "Lockon": {
    "NAME": "Alceligi",
    "DESCRIPTIONS": [
      "Prenu #b",
      "% pli da damaĝo de Sferoj dum #b",
      " vico.",
      " vicoj."
    ]
  },
  "Loop": {
    "NAME": "Ripeto",
    "DESCRIPTIONS": [
      "Je la komenco de via vico, uzu la pasivan efikon de via sekvonta Sfero.",
      "Je la komenco de via vico, uzu la pasivan efikon de via sekvonta Sfero #b",
      " fojojn."
    ]
  },
  "Machine Learning": {
    "NAME": "Aŭtomata lernado",
    "DESCRIPTIONS": [
      "Prenu #b",
      " plian karton je la komenco de ĉiu vico.",
      " pliajn kartojn je la komenco de ĉiu vico."
    ]
  },
  "Magnetism": {
    "NAME": "Magnetismo",
    "DESCRIPTIONS": [
      "Je la komenco de via vico, aldonu #b%s hazardan senkoloran karton al via mano.",
      "Je la komenco de via vico, aldonu #b%s hazardajn senkolorajn kartojn al via mano."
    ]
  },
  "Malleable": {
    "NAME": "Etendebla",
    "DESCRIPTIONS": [
      "Kiam ĝi prenas #yAtakan damaĝon, ĝi gajnas #b",
      " da #yŜirmo. Gajno de #yŜirmo plialtiĝas kiam ",
      " estas aktivigata. Denove estos #b",
      " je la komenco de via vico."
    ]
  },
  "Mayhem": {
    "NAME": "Ĥaoso",
    "DESCRIPTIONS": [
      "Je la komenco de via vico, ludu la supran karton de via prenstako.",
      "Je la komenco de via vico, ludu la suprajn #b",
      " kartojn de via prenstako."
    ]
  },
  "Metallicize": {
    "NAME": "Metaligo",
    "DESCRIPTIONS": [
      "Gajnu #b",
      " da #yŜirmo je la fino de via vico.",
      "Gajnas #b",
      " da #yŜirmo je la fino de ĝia vico."
    ]
  },
  "Minion": {
    "NAME": "Miniono",
    "DESCRIPTIONS": [
      "Minionoj forlasas la batalon sen ilia estro."
    ]
  },
  "Mode Shift": {
    "NAME": "Formoŝanĝo",
    "DESCRIPTIONS": [
      "Post preni #b",
      " da damaĝo, transformos al defenda formo."
    ]
  },
  "Next Turn Block": {
    "NAME": "Sekvontvica ŝirmo",
    "DESCRIPTIONS": [
      "Je la komenco de via sekvonta vico, gajnu #b",
      " da #yŜirmo."
    ]
  },
  "Night Terror": {
    "NAME": "Koŝmaro",
    "DESCRIPTIONS": [
      "Je la komenco de via sekvonta vico, aldonu #b",
      " kartojn al via mano."
    ]
  },
  "No Attack": {
    "NAME": "Neniu atako",
    "DESCRIPTIONS": [
      "Vi ne povas ludi #yAtakojn ĉi-vice."
    ]
  },
  "No Draw": {
    "NAME": "Neniu preno",
    "DESCRIPTIONS": [
      "Vi ne povas preni kartojn ĝis la fino de la vico."
    ]
  },
  "Noxious Fumes": {
    "NAME": "Haladzo",
    "DESCRIPTIONS": [
      "Je la komenco de via vico, aldonu #b",
      " da #yVeneno al ĈIUJ malamikoj."
    ]
  },
  "Nullify Attack": {
    "NAME": "Nuligi atakon",
    "DESCRIPTIONS": [
      "Tute #yŜirmas kontraŭ unu #yAtakon ĉiu-vice."
    ]
  },
  "Painful Stabs": {
    "NAME": "Dolorigaj pikoj",
    "DESCRIPTIONS": [
      "Kiam ajn vi prenas damaĝon de ĉi tiu malamiko, aldonu #yVundon al via Forĵetstako."
    ]
  },
  "Panache": {
    "NAME": "Vervo",
    "DESCRIPTIONS": [
      "Se vi ludas #b",
      " plian karton ĉi-vice, faru #b",
      " da damaĝo al ĈIUJ malamikoj.",
      " pliajn kartojn ĉi-vice, faru #b"
    ]
  },
  "Pen Nib": {
    "NAME": "Skribilpinto",
    "DESCRIPTIONS": [
      "Via sekvonta #yAtako faros duoblan damaĝon."
    ]
  },
  "Phantasmal": {
    "NAME": "Reva",
    "DESCRIPTIONS": [
      "Faru #yDuoblan #yDamaĝon sekvontvice.",
      "Faru #yDuoblan #yDamaĝon dum la sekvontaj ",
      " vicoj."
    ]
  },
  "Plated Armor": {
    "NAME": "Lada armaĵo",
    "DESCRIPTIONS": [
      "Gajnu #b",
      " da #yŜirmo je la fino de via vico. Perdi vivon de atako malaltigos #yLada #yArmaĵo je #b1.",
      "Gajnas #b",
      " da #yŜirmo je la fino de ĝia vico. Perdi vivon de atako malaltigos #yLada #yArmaĵo je #b1."
    ]
  },
  "Poison": {
    "NAME": "Veneno",
    "DESCRIPTIONS": [
      "Je la komenco de via vico, perdu #b",
      " da vivo, kaj #yVeneno malaltiĝas je #b1.",
      "Je la komenco de ĝia vico, perdas #b"
    ]
  },
  "Prime": {
    "NAME": "Primo",
    "DESCRIPTIONS": [
      "Kiam ajn vi #Konduktas Sferon, prenu #b",
      " karton.",
      " kartojn."
    ]
  },
  "Primitive": {
    "NAME": "Primitiva",
    "DESCRIPTIONS": [
      "Kiam ajn vi prenas Oftan karton, prenu #b",
      " karton.",
      " kartojn."
    ]
  },
  "Rage": {
    "NAME": "Furioza",
    "DESCRIPTIONS": [
      "Kiam ajn vi ludas Atakon ĉi-vice, gajnu #b",
      " da #yŜirmo."
    ]
  },
  "Rebound": {
    "NAME": "Resalto",
    "DESCRIPTIONS": [
      "La sekvonta karto, kiun vi ludas ĉi-vice, estos metata sur vian prenstakon, supre.",
      "La sekvontaj #b",
      " kartoj, kiujn vi ludas ĉi-vice, estos metataj sur vian prenstakon, supre."
    ]
  },
  "Reduce Damage": {
    "NAME": "Malaltigi damaĝon",
    "DESCRIPTIONS": [
      "Malaltigu damaĝon prenatan je #b"
    ]
  },
  "Regenerate": {
    "NAME": "Regenero",
    "DESCRIPTIONS": [
      "Resaniĝas #b",
      " da #yVivo je la komenco de ĝia vico."
    ]
  },
  "Regeneration": {
    "NAME": "Regenero",
    "DESCRIPTIONS": [
      "Je la komenco de via vico, resaniĝu #b",
      " da #yVivo kaj poste malaltigu #yRegeneron je #b1.",
      ""
    ]
  },
  "Repair": {
    "NAME": "Riparo",
    "DESCRIPTIONS": [
      "Je la fino de la batalo, resaniĝu #b",
      " da vivo."
    ]
  },
  "Repulse": {
    "NAME": "Repuŝo",
    "DESCRIPTIONS": [
      "Kiam ajn ",
      " ricevas atakan damaĝon, metas #yVundon en vian manon."
    ]
  },
  "Retain Cards": {
    "NAME": "Reteni kartojn",
    "DESCRIPTIONS": [
      "Je la fino de ĉiu vico, vi rajtas reteni #b",
      " karton.",
      " kartojn."
    ]
  },
  "Retain Hand": {
    "NAME": "Reteni manon",
    "DESCRIPTIONS": [
      "Je la fino de via vico, ne forĵetu vian manon dum #b",
      " vicoj.",
      "Je la fino de via vico, ne forĵetu vian manon."
    ]
  },
  "Riposte": {
    "NAME": "Repliko",
    "DESCRIPTIONS": [
      "Unu fojon ĉiuvice, refaras #b",
      " da damaĝo kiam vi ludas #yAtakon."
    ]
  },
  "Ritual": {
    "NAME": "Rito",
    "DESCRIPTIONS": [
      "Je la fino de ĝia vico, gajnas #b",
      " da #yForto."
    ]
  },
  "Rupture": {
    "NAME": "Rompo",
    "DESCRIPTIONS": [
      "Perdante vivon de karto, gajnu #b",
      " da #yForto."
    ]
  },
  "Sadistic": {
    "NAME": "Sadista",
    "DESCRIPTIONS": [
      "Kiam ajn vi donas Statmalbonigon al malamiko, faru #b",
      " da damaĝo."
    ]
  },
  "Serpentine": {
    "NAME": "Serpenta",
    "DESCRIPTIONS": [
      "Imuna kontraŭ #yPocioj."
    ]
  },
  "Shackled": {
    "NAME": "Katenita",
    "DESCRIPTIONS": [
      "Regajnos #b",
      " da #yForto je la fino de ĝia vico."
    ]
  },
  "Sharp Hide": {
    "NAME": "Akra felo",
    "DESCRIPTIONS": [
      "Kiam ajn vi ludas #yAtakon, prenu #b",
      " da damaĝo."
    ]
  },
  "Shriek From Beyond": {
    "NAME": "Depretera kriaĉo",
    "DESCRIPTIONS": [
      "Kiam ajn vi ludas #yAtakon, forĵetu hazardan karton."
    ]
  },
  "Skill Burn": {
    "NAME": "Kapabloforbrulo",
    "DESCRIPTIONS": [
      "Dum #b",
      " vico, kiam ajn vi ludas #yAtakon, #yElĉerpu ĝin.",
      "Dum la sekvontaj #b",
      " vicoj, kiam ajn vi ludas #yAtakon, #yElĉerpu ĝin."
    ]
  },
  "Slow": {
    "NAME": "Malrapida",
    "DESCRIPTIONS": [
      "Pro ĉiu karto ludata ĉi-vice, ",
      " prenas #b10% pli da damaĝo de #yAtakoj.",
      " (Prenos #b",
      "% pli da damaĝo)"
    ]
  },
  "Split": {
    "NAME": "Duiĝo",
    "DESCRIPTIONS": [
      "Kiam ĝia vivo estas je aŭ sub #b50%, disiĝos al #b2 pli etaj ŝlimoj kun la tiama vivo de ",
      "."
    ]
  },
  "Spore Cloud": {
    "NAME": "Spornubo",
    "DESCRIPTIONS": [
      "Kiam ĝi mortos, aldonos #yVundebla al vi dum #b",
      " vicoj."
    ]
  },
  "Stasis": {
    "NAME": "Senmovigo",
    "DESCRIPTIONS": [
      "Kiam ĝi mortos, ",
      " estos redonata al via mano."
    ]
  },
  "StaticDischarge": {
    "NAME": "Statika malŝargo",
    "DESCRIPTIONS": [
      "Kiam vi ricevas #yAtakan damaĝon, #yKonduktu #b",
      " da #yFulmo."
    ]
  },
  "Storm": {
    "NAME": "Fulmotondro",
    "DESCRIPTIONS": [
      "Kiam ajn vi ludas #bPotencon, #yKonduktu #b",
      " da #yFulmo."
    ]
  },
  "Strength": {
    "NAME": "Forto",
    "DESCRIPTIONS": [
      "Plialtigas atakan damaĝon je #b",
      "Malaltigas atakan damaĝon je #b",
      "."
    ]
  },
  "TheBomb": {
    "NAME": "La bombo",
    "DESCRIPTIONS": [
      "Post la fino de %1$s vicoj, faru %2$s da damaĝo al ĈIUJ malamikoj.",
      "Je la fino de ĉi tiu vico, faru %1$s da damaĝo al ĈIUJ malamikoj."
    ]
  },
  "Thievery": {
    "NAME": "Ŝtelado",
    "DESCRIPTIONS": [
      " ŝtelas #b",
      " da #yOro kiam ajn ĝi atakas."
    ]
  },
  "Thorns": {
    "NAME": "Dornoj",
    "DESCRIPTIONS": [
      "Kiam vi ricevas #yAtakan damaĝon, refaras #b",
      " da damaĝo."
    ]
  },
  "Thousand Cuts": {
    "NAME": "Mil tranĉvundoj",
    "DESCRIPTIONS": [
      "Kiam ajn vi ludas karton, faru #b",
      " da damaĝo al ĈIUJ malamikoj."
    ]
  },
  "Time Warp": {
    "NAME": "Tempokurbigo",
    "DESCRIPTIONS": [
      "Kiam ajn vi ludas #b",
      " kartojn, via vico finiĝas kaj Tempomanĝanto gajnas #b",
      " da #yForto."
    ]
  },
  "Tools Of The Trade": {
    "NAME": "Fakiloj",
    "DESCRIPTIONS": [
      "Je la komenco de via vico, prenu #b",
      " karton kaj forĵetu #b",
      " karton.",
      " kartojn kaj forĵetu #b",
      " kartojn."
    ]
  },
  "Unawakened": {
    "NAME": "Nevekita",
    "DESCRIPTIONS": [
      "Ĉi tiu malamiko ankoraŭ ne vekiĝis..."
    ]
  },
  "Unstable": {
    "NAME": "Nestabila",
    "DESCRIPTIONS": [
      "Faru sufiĉe da damaĝo por malstabiligi ĝin."
    ]
  },
  "Venomology": {
    "NAME": "Venenologio",
    "DESCRIPTIONS": [
      "#yVeneno plifortiĝas je #b",
      " anstataŭ malaltiĝi ĉiuvice."
    ]
  },
  "Vulnerable": {
    "NAME": "Vundebla",
    "DESCRIPTIONS": [
      "Prenu #b",
      "% pli da damaĝo de #yAtakoj dum #b",
      " vico.",
      " vicoj."
    ]
  },
  "Weakened": {
    "NAME": "Malforta",
    "DESCRIPTIONS": [
      "#yAtakoj faras #b",
      "% malpli da damaĝo dum #b",
      " vico.",
      " vicoj."
    ]
  },
  "Wraith Form v2": {
    "NAME": "Fantomformo",
    "DESCRIPTIONS": [
      "Je la fino de via vico, perdu #b",
      " da #yLerteco."
    ]
  },
  "Equilibrium": {
    "NAME": "Ekvilibro",
    "DESCRIPTIONS": [
      "Retenu vian manon ĉi-vice.",
      "Retenu vian manon dum #b",
      " vicoj."
    ]
  },
  "Fading": {
    "NAME": "Forpasanta",
    "DESCRIPTIONS": [
      "Mortos post #b",
      " vicoj.",
      "Mortos ĉi-vice."
    ]
  },
  "Shifting": {
    "NAME": "Tremado",
    "DESCRIPTIONS": [
      "Kiam ajn ",
      " prenas damaĝon, ĝi perdas tiom da #yForto ĝis la fino de ĝia vico."
    ]
  },
  "TimeMazePower": {
    "NAME": "Labirinto de tempo",
    "DESCRIPTIONS": [
      "Kiam ajn vi ludas #b",
      " kartojn, via vico finiĝas."
    ]
  },
  "NoBlockPower": {
    "NAME": "Neniu Ŝirmo",
    "DESCRIPTIONS": [
      "Vi ne povas gajni #yŜirmon de kartoj."
    ]
  },
  "CorpseExplosionPower": {
    "NAME": "Kadavra eksplodo",
    "DESCRIPTIONS": [
      "Kiam ĉi tiu malamiko mortas, faru tiom da damaĝo al ĈIUJ malamikoj, kiom estas ĝia maks. vivo.",
      "Kiam ĉi tiu malamiko mortas, faru #b",
      " fojojn tiom da damaĝo al ĈIUJ malamikoj, kiom estas ĝia maks. vivo."
    ]
  }
}