{
  "AbandonRunButton": {
    "TEXT": [
      "Rezigni ludadon"
    ]
  },
  "AbstractCard": {
    "TEXT": [
      "Ŝlosita",
      "Nekonata"
    ]
  },
  "AbstractChest": {
    "TEXT": [
      "Daŭrigi"
    ]
  },
  "AbstractCreature": {
    "TEXT": [
      "Morta",
      "Ŝirmata",
      "Maks. vivo +",
      "Paralizita!",
      "Interrompita!",
      "Relikvoj"
    ]
  },
  "AbstractDungeon": {
    "TEXT": [
      "Daŭrigi",
      "Malsanoj:"
    ]
  },
  "AbstractMonster": {
    "TEXT": [
      "Agresema",
      "Ĉi tiu malamiko celas NL #yAtaki je #b",
      " da damaĝo #b",
      " fojojn.",
      "Ĉi tiu malamiko celas NL #yAtaki je #b",
      " da damaĝo.",
      "Agresema",
      "Ĉi tiu malamiko celas uzi #yStatbonigon kaj #yAtaki je #b",
      " fojojn.",
      "Ĉi tiu malamiko celas uzi #yStatbonigon kaj #yAtaki je #b",
      "Taktika",
      "Ĉi tiu malamiko celas doni #yStatmalbonigon al vi kaj #yAtaki je #b",
      "Ĉi tiu malamiko celas #yŜirmi kaj #yAtaki je #b",
      "Defendema",
      "Malkuraĝa",
      "Magia",
      "Dormas",
      "Paralizita",
      "Nekonata",
      "Ĉi tiu malamiko celas uzi #yStatbonigon.",
      "Ĉi tiu malamiko celas doni #yStatmalbonigon al vi.",
      "Ĉi tiu malamiko celas doni fortan #yStatmalbonigon al vi.",
      "Ĉi tiu malamiko celas #yŜirmi dum sia vico.",
      "Ĉi tiu malamiko celas #yŜirmi kaj doni #yStatmalbonigon al vi.",
      "Ĉi tiu malamiko celas #yŜirmi kaj uzi #yStatbonigon.",
      "Ĉi tiu malamiko celas #yFuĝi.",
      "Ĉi tiu malamiko celas uzi misteran #yMagion dum sia vico.",
      "Ĉi tiu malamiko dormas.",
      "Ĉi tiu malamiko estos #yParalizita dum sia vico.",
      "Estas #yNekonate kion celas fari ĉi tiu malamiko (ne atakos).",
      "Ŝirmata"
    ]
  },
  "AbstractPlayer": {
    "TEXT": [
      "Ŝirmata",
      "la Fervestulo",
      "la Silentulo",
      "la Difektulo"
    ]
  },
  "AbstractPotion": {
    "TEXT": [
      "Mi ne povas porti NL pli da Pocioj."
    ]
  },
  "AbstractRoom": {
    "TEXT": [
      "Ŝtelis...",
      "Fuĝis..."
    ]
  },
  "AnyCardFromDeckToHandAction": {
    "TEXT": [
      "Elektu karton por aldoni al la mano",
      "Elektu kartojn por aldoni al la mano"
    ]
  },
  "ApplyPowerAction": {
    "TEXT": [
      "Preventita",
      "Imuna",
      "Nuligita",
      "\n Malaltigita"
    ]
  },
  "ArmamentsAction": {
    "TEXT": [
      "Plibonigi"
    ]
  },
  "AscensionModeDescriptions": {
    "TEXT": [
      "Elitoj aperos pli ofte.",
      "Normalaj malamikoj estos pli mortigaj.",
      "Elitoj estos pli mortigaj.",
      "Estroj estos pli mortigaj.",
      "Resaniĝu malpli post bataloj kontraŭ estroj.",
      "Komencu damaĝite ĉiun ludadon.",
      "Normalaj malamikoj estos pli fortaj.",
      "Elitoj estos pli fortaj.",
      "Estroj estos pli fortaj.",
      "Komencu malbenite ĉiun ludadon.",
      "Malpli da pociingoj.",
      "Plibonigitaj kartoj aperos malpli ofte.",
      "Malriĉaj estroj.",
      "Malaltigu vian maks. vivon.",
      "Malfavoraj okazaĵoj.",
      "Butikoj estas pli kostaj.",
      "Normalaj malamikoj havas pli penigajn movarojn kaj kapablojn.",
      "Elitoj havas pli penigajn movarojn kaj kapablojn.",
      "Estroj havas pli penigajn movarojn kaj kapablojn.",
      "(Maks. Nivelo) Duobla estro."
    ]
  },
  "AscensionTextEffect": {
    "TEXT": [
      "Leviĝa reĝimo nivelo ",
      " malŝlosita!"
    ]
  },
  "AscensionUnlockEffect": {
    "TEXT": [
      "Malŝlosis leviĝon!"
    ]
  },
  "AttackFromDeckToHandAction": {
    "TEXT": [
      "Elektu atakon por aldoni al la mano"
    ]
  },
  "BattleStartEffect": {
    "TEXT": [
      "Komenco de batalo",
      "Vico de ludanto",
      "Vico de malamikoj",
      " vico"
    ]
  },
  "BossChest": {
    "TEXT": [
      "Daŭrigi"
    ]
  },
  "BossRelicSelectScreen": {
    "TEXT": [
      "Konfirmi",
      "Konfirmu vian elekton",
      "Elektu relikvon",
      "Preterlasi",
      "NUN VOĈDONU: ",
      "j restas.",
      "Elektu malsanon"
    ]
  },
  "CacheAction": {
    "TEXT": [
      "Elektu karton por meti sur vian prenstakon, supre.",
      "Elektu kartojn por meti sur vian prenstakon, supre."
    ]
  },
  "CampfireSleepEffect": {
    "TEXT": [
      "Ĉu sonĝo?"
    ]
  },
  "CampfireSmithEffect": {
    "TEXT": [
      "Elektu karton por plibonigi"
    ]
  },
  "CampfireTokeEffect": {
    "TEXT": [
      "Elektu karton por forigi."
    ]
  },
  "CampfireUI": {
    "TEXT": [
      "Kion fari?",
      "Hmm...",
      "Kion mi faru?",
      "Tempo por paŭzo",
      "Tiom da ebloj...",
      "Mi devus ripozi",
      "Tiel laca..."
    ]
  },
  "Cancel Button": {
    "TEXT": [
      "Forigi konservaĵon"
    ]
  },
  "CardLibSortHeader": {
    "TEXT": [
      "Ofteco",
      "Tipo",
      "A-Z",
      "Kosto",
      "Saltu al:"
    ]
  },
  "CardLibraryScreen": {
    "TEXT": [
      "Reveni",
      "Ruĝa",
      "Verda",
      "Blua",
      "Senkolora",
      "Malbenoj",
      "Statoj",
      "Rigardi plibonigon"
    ]
  },
  "CardRewardScreen": {
    "TEXT": [
      "Preterlasi",
      "Elektu karton",
      "+2 maks. vivo",
      "NUN VOĈDONU: ",
      "j restas.",
      "Rigardi plibonigon"
    ]
  },
  "CharacterOption": {
    "TEXT": [
      "Ŝlosita",
      "Ĉi tiu rolulo malŝlosiĝos kiam vi finos unu solan ludadon.",
      "Ĉi tiu rolulo ankoraŭ ne disponeblas dum Frua Eniro.",
      "Ĉi tiu rolulo malŝlosigos kiam vi finos ludadon per la Silentulo.",
      "Vivo: ",
      "Oro: ",
      " Restantaj malŝlosoj",
      "Nekonata",
      "???",
      " al sekvonta malŝloso"
    ]
  },
  "CharacterSelectScreen": {
    "TEXT": [
      "Elektu vian rolulon",
      "Ek!",
      "La Fervestulo",
      "La Silentulo",
      "La Difektulo",
      "Reen",
      "Leviĝo",
      "Nivelo ",
      "Leviĝa reĝimo",
      "Ludadoj iĝas pli malfacilaj kiam vi venkas... (ne afekcias sinsekvojn de venkoj)",
      "Valoro por generilo ",
      "Hazarda valoro",
      "La komenca valoro por la generilo estas uzata por decidi kio okazos hazarde dum la ludado.",
      "Agordu valoron por generilo"
    ]
  },
  "ChooseOneScreen": {
    "TEXT": [
      "Elektu unu"
    ]
  },
  "CombatRewardScreen": {
    "TEXT": [
      "Daŭrigi",
      "Preterlasi karton",
      "Preterlasi oron",
      "Preterlasi pocion",
      "Preterlasi relikvon",
      "Preterlasi premiojn",
      "Fermi",
      "Trezoro!",
      "Kio enestas?",
      "Premioj!",
      "Gajnoj!",
      "Falaĵoj!",
      "Konsileto: "
    ]
  },
  "Confirm Button": {
    "TEXT": [
      "Konfirmi"
    ]
  },
  "ConfirmPopup": {
    "TEXT": [
      "Reveni",
      "Forigi konservaĵon",
      "Jes",
      "Ne"
    ]
  },
  "CopyAction": {
    "TEXT": [
      "Kopio"
    ]
  },
  "CreditsScreen": {
    "TEXT": [
      "Reklaku por eliri",
      "por eliri"
    ]
  },
  "DailyScreen": {
    "TEXT": [
      "Ĉiutaga penigo",
      "Konekti al temposervilo...",
      "#yNOTO: Vi faris la hodiaŭan penigon. NL Poentsumoj ne estas senditaj por pluraj provoj.",
      "Reveni",
      "Ek!",
      "La hodiaŭa rolulo: ",
      "dd/MM/yyyy HH:mm:ss",
      "Restanta tempo: ",
      "#yAtingita #yetaĝo: NL  ",
      " NL NL  #yKartaro: NL ",
      " NL NL  #yRelikvoj: NL  ",
      " NL Hodiaŭa penigo: NL #yKlaso: NL ",
      " NL #yModifaĵoj: ",
      "Variaĵoj: ",
      "Poentaroj",
      "*Atingaĵoj ne atingeblas per ĉiutaga grimpo.",
      "  [EKSTERRETA REĜIMO]"
    ]
  },
  "DeathScreen": {
    "TEXT": [
      "Daŭrigi",
      "Venko?",
      "Etaĝoj grimpitaj",
      "Estroj venkitaj",
      "Ludodaŭro",
      "Ludodaŭro",
      "Poentsumo",
      "Malvenkis",
      "Morto...",
      "Malvenko",
      "Malvenkita!",
      "Profanita",
      "Detruiĝo",
      "Ruinigita",
      "Vi estas mortigita!",
      "Konata sento.",
      "Dormeto allogas.",
      "Kion vi faros, tio okazos al vi.",
      "Iris malĝusten.",
      "Mi ne preparis por ĉi tio.",
      "Mi reprovos morgaŭ.",
      "Nu, mi bezonas novan mapon.",
      "Nesufiĉe preparis.",
      "Neimagebla!",
      "Ĉu jen mia vera povo?",
      "Neniam bonŝanca...",
      "Bonvolu ne...",
      "Ne tute al la pinto.",
      "La Turego konsumas aliulon...",
      "Via konscio forŝvebas...",
      "Malvenko",
      "Akcepton",
      "Daŭrigi",
      "Reprovi",
      "Ĉefa menuo",
      "Daŭrigi",
      "Malŝloso",
      "Ĉefa menuo",
      "Reprovi",
      "Daŭrigi",
      "Malŝloso",
      "Restantaj malŝlosoj: ",
      "Restanta malŝloso: ",
      "Malamikoj venkitaj",
      "Elitoj mortigitaj",
      "Oro ne elspezita",
      "Bonuso de vivpoentoj"
    ],
    "EXTRA_TEXT": [
      "Vestiblo-elitoj mortaj",
      "Urbo-elitoj mortaj",
      "Pretero-elitoj mortaj",
      "Rapidulo",
      "Lumrapido",
      "Altlandulo",
      "Kolekto",
      "Plena aro",
      "Almozulo",
      "Bibliotekisto",
      "Enciklopedio",
      "Manĝis bone",
      "Plenmanĝita",
      "Malbenoj!",
      "Propra decido",
      "Ĉampiono",
      "Perfekta",
      "Pli ol perfekta",
      "Tromortigo",
      "K-k-k-kombinaĵo",
      ""
    ]
  },
  "DeathScreenUi": {
    "TEXT": [
      "Leviĝa reĝimo nivelo ",
      " Malŝlosita!"
    ]
  },
  "DeletePopup": {
    "TEXT": [
      "Forigi ĉi tiun konservaĵon?",
      "Jes",
      "Ne",
      "AVERTO: Ĉi tio ne estas malfarebla."
    ]
  },
  "Dig Option": {
    "TEXT": [
      "Fosi",
      "Fosi hazardan relikvon."
    ]
  },
  "DiscardAction": {
    "TEXT": [
      "Forĵeti"
    ]
  },
  "DiscardPilePanel": {
    "TEXT": [
      "Mia Forĵetstako estas #rmalplena."
    ]
  },
  "DiscardPileToHandAction": {
    "TEXT": [
      "Elektu karton por resendi al via mano."
    ]
  },
  "DiscardPileToTopOfDeckAction": {
    "TEXT": [
      "Elektu karton por meti sur vian prenstakon, supre."
    ]
  },
  "DiscardPileViewScreen": {
    "TEXT": [
      "Ĉi tiuj kartoj estos miksataj en vian prenstakon, kiam en tiu ne plu restas kartoj.",
      "Reveni",
      "Forĵetstako"
    ]
  },
  "DrawPilePanel": {
    "TEXT": [
      "Mia prenstako estas #rmalplena."
    ]
  },
  "DrawPileViewScreen": {
    "TEXT": [
      "Kartoj estas prenataj de ĉi tie je la komenco de ĉiu vico.",
      "(Montrataj kartoj estas ordigitaj laŭ ofteco)",
      "Reveni",
      "Prenstako"
    ]
  },
  "DualWieldAction": {
    "TEXT": [
      "Duobligi"
    ]
  },
  "DungeonMapScreen": {
    "TEXT": [
      "Elektu komencan ĉambron",
      "Reveni"
    ]
  },
  "DungeonTransitionScreen": {
    "TEXT": [
      "Instruiloj",
      "Ĉu vi deziras vidi konsiletojn pri la ludado dum vi ludas la ludon?",
      "Akto 1",
      "La Vestiblo",
      "Akto 2",
      "La Urbo",
      "Akto 3",
      "La Pretero",
      "Akto ?",
      "???",
      "Klaku ien ajn por daŭrigi"
    ]
  },
  "EarlyAccessPopup": {
    "TEXT": [
      "Kio estas frua eniro?",
      "Kio estas malfermita betaversio?",
      "Slay the Spire ankoraŭ estas aktive kreata! NL Multaj funkcioj, kartoj kaj malamikoj daŭre estas ŝanĝataj. NL NL Se vi trovas problemon aŭ havas iajn rimarkojn, bonvolu sciigi nin ĉe nia #bDiskutpaĝo #bde #bSteam. NL NL Jen sufiĉe da legado, estas turego grimpenda!",
      "Slay the Spire ankoraŭ estas aktive kreata! NL Krome, vi ludas la betaversion de la ludo. NL NL Bonvolu sciigi nin pri ajna problemo, kiun vi trovas dum via ludado, sed ne surpriziĝu pri lokokupaj artaĵoj por venontaj partoj de la ludo. NL NL Jen sufiĉe da legado, estas turego grimpenda!",
      "Klaku ien ajn por komenci",
      "Daŭrigi"
    ]
  },
  "End Turn Button": {
    "TEXT": [
      "Fini vicon",
      "Malamika vico"
    ]
  },
  "ExhaustAction": {
    "TEXT": [
      "Elĉerpi"
    ]
  },
  "ExhaustViewScreen": {
    "TEXT": [
      "Ĉi tiuj kartoj estis elĉerpitaj dum ĉi tiu batalo.",
      "Reveni"
    ]
  },
  "ExhumeAction": {
    "TEXT": [
      "Elektu karton por resendi al via mano"
    ]
  },
  "ExitGameButton": {
    "TEXT": [
      "Eliri la ludon"
    ]
  },
  "Exordium": {
    "TEXT": [
      "La Vestiblo"
    ]
  },
  "GamblingChipAction": {
    "TEXT": [
      "Anstataŭigi (Monludan ĵetonon)",
      "Anstataŭigi"
    ]
  },
  "GameSavedEffect": {
    "TEXT": [
      "#y~Konservis~ #y~ludon~"
    ]
  },
  "GainGoldTextEffect": {
    "TEXT": [
      " da oro"
    ]
  },
  "GridCardSelectScreen": {
    "TEXT": [
      "Konfirmi",
      "Nuligi",
      "Konfirmi vian elekton",
      "Foriri"
    ]
  },
  "HandCardSelectScreen": {
    "TEXT": [
      "Konfirmu karton por ",
      "Konfirmu kartojn por ",
      "Elektu ",
      " kartojn por ",
      "Elektu ajnan kvanton da kartoj por ",
      "Elektu karton por "
    ]
  },
  "HiddenChamberAction": {
    "TEXT": [
      ""
    ]
  },
  "ImmolateAction": {
    "TEXT": [
      "Elĉerpi"
    ]
  },
  "InputKeyNames": {
    "TEXT_DICT": {
      "Escape": "Eskapo",
      "Forward Delete": "Forigo",
      "Delete": "Retropaŝo"
    }
  },
  "InputSettingsScreen": {
    "TEXT": [
      "Enigaj agordoj",
      "Ludo-agordoj",
      "Reveni",
      "Komandoj",
      "Klavaro",
      "Ludregilo",
      "Reŝargu originalajn agordojn",
      "Konfirmi karton",
      "Nuligi / Eliri",
      "Mapo",
      "Rigardi kartaron",
      "Prenstako",
      "Forĵetstako",
      "Elĉerpstako",
      "Fini vicon",
      "Maldekstre",
      "Dekstre",
      "Elekti karton #1",
      "Elekti karton #2",
      "Elekti karton #3",
      "Elekti karton #4",
      "Elekti karton #5",
      "Elekti karton #6",
      "Elekti karton #7",
      "Elekti karton #8",
      "Elekti karton #9",
      "Elekti karton #10",
      "Malteni karton",
      "Elekti*",
      "Nuligi*",
      "Supra panelo*",
      "Daŭrigi / Fini vicon*",
      "Maldekstra tabo / Rigardi kartaron*",
      "Dekstra tabo / Elĉerpstako*",
      "Mapo*",
      "Agordoj*",
      "Prenstako*",
      "Forĵetstako*",
      "Supre*",
      "Malsupre*",
      "Maldekstre*",
      "Dekstre*",
      "Supre (Alt)*",
      "Malsupre (Alt)*",
      "Maldekstre (Alt)*",
      "Dekstre (Alt)*",
      "Supre",
      "Malsupre",
      "Ludregilo ŝaltita"
    ]
  },
  "LanguageDropdown": {
    "TEXT": [
      "Brazila portugala",
      "Ĉina (simpligita)",
      "Ĉina (tradicia)",
      "Angla",
      "Franca",
      "Germana",
      "Itala",
      "Japana",
      "Korea",
      "Pola",
      "Rusa",
      "Hispana",
      "Hebrea",
      "Turka",
      "Sveda",
      "Norvega",
      "Taja",
      "Serba (cirila)",
      "Ukraina",
      "Vjetnama",
      "Hungara",
      "Serba (latina)",
      "Kataluna",
      "Greka",
      "Indonezia",
      "Esperanto"
    ]
  },
  "LeaderboardFilters": {
    "TEXT": [
      "La Fervestulo",
      "La Silentulo",
      "La Difektulo",
      "Averaĝe atingita etaĝo (lastaj 20 provoj)",
      "Averaĝa poentsumo (lastaj 20 provoj)",
      "Plej bona sinsekvo de venkoj",
      "Plej rapida venko",
      "Poentrekordo",
      "Option 6. DO NOT TRANSLATE",
      "Amikoj",
      "Tutmonde"
    ]
  },
  "LeaderboardsScreen": {
    "TEXT": [
      "Reveni",
      "Filtriloj",
      "Rolulo",
      "Regiono",
      "Tipo",
      "Montru mian poentsumon",
      "Rango",
      "Nomo",
      "Poentsumo",
      "Ricevante datenojn...",
      "Poentaroj (NOTO: reŝargas ĉiusemajne)",
      "Neniu konekto al Steam",
      "Disponeblas neniuj poentsumoj \n Iru venki la Turegon!"
    ]
  },
  "Legend": {
    "TEXT": [
      "Nekonata",
      "???",
      "Nekonata ĉambro. NL NL Vi povus renkonti monstrojn, trezorojn, butikojn, aŭ ion tute alian.",
      "Komercisto",
      "Butikoj",
      "Mistera komercisto vendas siajn varojn en tiaj ĉambroj. NL NL Elspezu vian pezan #yOron tie!",
      "Trezoro",
      "Trezorĉambroj",
      "En ĉi tiaj trovindaj ĉambroj oni povas trovi #yRelikvojn kaj #yOron.",
      "Ripozejo",
      "Ripozejoj",
      "Vizitu ĉi tiajn ĉambrojn por iom #gResaniĝi aŭ #yPlibonigi karton.",
      "Malamiko",
      "Malamikoj",
      "Troviĝas malicaj malamikoj en ĉi tiaj ĉambroj.",
      "Elito",
      "Elitoj",
      "Estas potencaj kontraŭuloj en ĉi tiaj ĉambroj. NL NL Venkante ilin, vi havos Relikvon.",
      "Klarigo"
    ]
  },
  "Lift Option": {
    "TEXT": [
      "Halteri",
      "Komenci batalojn kun +1 da Forto. (Ĝis 3)"
    ]
  },
  "MainMenuScreen": {
    "TEXT": [
      "#yVersio: ",
      "Ek!",
      "Reveni",
      "klaku por redakti",
      "por redakti"
    ]
  },
  "MasterDeckViewScreen": {
    "TEXT": [
      "Vi komencos ĉiun batalon kun ĉiu karto en ĉi tiu listo.",
      "Reveni"
    ]
  },
  "MenuButton": {
    "TEXT": [
      "",
      "Ludi",
      "",
      "",
      "Daŭrigi",
      "",
      "Statistikoj",
      "",
      "Eliri",
      "Notoj pri versioj",
      "Rezigni ludadon",
      "",
      "Agordoj",
      "",
      "Kompendio"
    ]
  },
  "MenuPanels": {
    "TEXT": [
      "Normala",
      "",
      "Ekgrimpi la Turegon.",
      "Ĉiutaga grimpo",
      "",
      "Disponeblas nova penigo unufoje ĉiutage.\n\nKonkursu kontraŭ aliaj ludantoj por atingi la plej altan poentsumon!",
      "Leviĝo",
      "",
      "La Turego fariĝas pli forta pro ĉiu venko.\n\nTestu la limojn de viaj plej potencaj strategioj.",
      "Kartbiblioteko",
      "",
      "Vidi ĉiujn kartojn, kiujn vi trovis en la Turego.",
      "Relikvokolekto",
      "",
      "Ekzameni la diversajn valoraĵojn kaj artefaktojn, kiujn vi akiris dum viaj ludadoj.",
      "Bestarlibro",
      "",
      "Ĉi tio ankoraŭ ne disponeblas.",
      "Rolulaj statistikoj",
      "",
      "Jen vi trovos la progreson kaj statistikojn por ĉiu rolulo.",
      "Poentaro",
      "",
      "Vidi viajn poentsumojn kaj komparu ilin kun tiuj de amikoj kaj aliaj ludantoj.",
      "Ludadhistorio",
      "",
      "Konsideri viajn antaŭajn provojn al venki la Turegon.",
      "Ludaj agordoj",
      "",
      "Ŝanĝi vian distingivon kaj (mal)ŝaltu diversajn agordojn.",
      "Enigaj agordoj",
      "",
      "Ŝanĝi viajn enigajn agordojn kaj fulmoklavojn.",
      "Agnoskoj",
      "",
      "Vidi ĉiujn homojn, kiuj kontribuis al Slay the Spire!",
      "Nekonata",
      "Ludi ĉiutagan grimpon por malŝlosi ĉi tiun ludreĝimon.",
      "Ĉi tio ankoraŭ ne disponeblas.",
      "Laŭplaĉa",
      "Laŭplaĉigi vian propran ludadon per unikaj variaĵoj."
    ]
  },
  "MerchantImageTextNotInGame": {
    "TEXT": [
      "Kartforiga servo",
      "RABATO",
      "Ne vendiĝas",
      "Ne plu restas",
      "Ho ne!"
    ]
  },
  "OpeningAction": {
    "TEXT": [
      "Tiu malamiko ne celas ataki!"
    ]
  },
  "OptionsPanel": {
    "TEXT": [
      "",
      "Ludaj agordoj",
      "Grafikaj agordoj",
      "Distingivo: NL Maks. bildrapido:",
      "Tutekrane NL Tutekrane sen borderoj (rekomendate) NL Ekranskuo",
      "Sonoj",
      "Ĝenerala volumo NL Muzikvolumo NL Efektvolumo",
      "Ĉirkaŭa sonefektoj NL Mutigi enfone",
      "Preferoj",
      "Montru tutan damaĝon orkolore NL Montru ŝirmatan damaĝon blue NL Malŝalti konfirmon elektante 1 karton",
      "Rapida reĝimo",
      "",
      "Diverse",
      "Lingvo:",
      "Alŝuti datenojn pri ludado #b(?)",
      "Eliri ludon",
      "Konservi & eliri",
      "NL NL Vertikala sinkronigo",
      "Testludanta artreĝimo",
      "Montri klavojn por rapide elekti kartojn",
      "Enigaj agordoj"
    ]
  },
  "PatchNotesScreen": {
    "TEXT": [
      "Reveni",
      "#yNotoj #ypri #yversioj",
      " NL (PORTEMPE: Uzu sagoklavojn por trairi pli malnovajn protokolojn)"
    ]
  },
  "PotionPopUp": {
    "TEXT": [
      "Ĵeti",
      "Trinki",
      "Forĵeti",
      "Mi ne povas uzi pociojn!",
      "Mi ne povas tion fari dum batalo!"
    ]
  },
  "PowerExpireTextEffect": {
    "TEXT": [
      "Eluziĝas"
    ]
  },
  "Proceed Button": {
    "TEXT": [
      "Daŭrigi"
    ]
  },
  "PutOnDeckAction": {
    "TEXT": [
      "meti sur vian prenstakon, supre"
    ]
  },
  "RecycleAction": {
    "TEXT": [
      "Elĉerpi"
    ]
  },
  "RelicViewScreen": {
    "TEXT": [
      "Reveni",
      "Komencaj:",
      "Roluloj povas komenci kun ĉi tiuj relikvoj.",
      "Oftaj:",
      "Malfortaj relikvoj, kiujn oni trovas ofte.",
      "Neoftaj:",
      "Pli fortaj relikvoj, kiuj aperas malpli ofte ol oftaj relikvoj.",
      "Maloftaj:",
      "Unikaj kaj potencaj relikvoj, kiujn oni malofte vidas.",
      "Estraj:",
      "Relikvoj, kiujn oni trovas nur en estrokofroj.",
      "Okazaĵaj:",
      "Relikvoj, kiujn oni povas akiri nur per okazaĵoj.",
      "Butikaj:",
      "Relikvoj, kiujn oni nur akiras per aĉeto de la komercisto."
    ]
  },
  "RenamePanel": {
    "TEXT": [
      "<sennoma>",
      "Enigu  vian  nomon",
      "Konfirmi",
      "Nuligi"
    ]
  },
  "ReprieveAction": {
    "TEXT": [
      "Tiu malamiko celas ataki!"
    ]
  },
  "ReprogramAction": {
    "TEXT": [
      "Forĵeti"
    ]
  },
  "Rest Option": {
    "TEXT": [
      "Ripozi",
      "Resaniĝi 100% da via maks. vivo (",
      " vivpoentoj de ",
      "Resaniĝi 30% da via maks. vivo ("
    ]
  },
  "RestartForChangesEffect": {
    "TEXT": [
      "Rekomencu la ludon por efikigi ŝanĝojn al la vidigaj agordoj."
    ]
  },
  "RetainCardsAction": {
    "TEXT": [
      "Reteni"
    ]
  },
  "RewardItem": {
    "TEXT": [
      " da Oro (reŝtelita)",
      " da Oro",
      "Aldoni karton al via kartaro",
      "",
      "Elektu karton"
    ]
  },
  "RunHistoryPathNodes": {
    "TEXT": [
      "Nekonata",
      "Malamiko",
      "Elito",
      "Okazaĵo",
      "Estro",
      "Trezoro",
      "Estra trezoro",
      "Ripozi",
      "Komercisto",
      "Nekonate (malamiko)",
      "Nekonate (komercisto)",
      "Nekonate (trezoro)",
      "Etaĝo %1$s - %2$s",
      "Etaĝo %s",
      "#r%s da damaĝo",
      "#r%s vicoj",
      "#r%s #r/ #r%s #rvivpoentoj",
      "#y%s #yda #yoro",
      "#yAkiris:",
      "#yPreterlasis:",
      "Mankas informon",
      "+2 maks. vivo",
      "[C] ",
      "[T] ",
      "[P] ",
      "[S] ",
      "#bRipozis",
      "#bPlibonigis %s",
      "#bForigis %s",
      "#bFosis",
      "#bHalteris %s/%s",
      "#yAĉetis:"
    ]
  },
  "RunHistoryMonsterNames": {
    "TEXT": [
      "Gremlinbando",
      "Granda ŝlimo",
      "Vestiblaj brutaloj",
      "Vestiblaj naturaĵoj",
      "Ŝlimsvarmo",
      "Ŝlimetoj",
      "Urbaj rabistoj",
      "Tri berdoj",
      "Kvar berdoj",
      "Tri kultistoj",
      "Elektita grego",
      "Sentinelo kaj sfera gardisto",
      "Centuriestro kaj mistikulo",
      "Parazito kaj fungobesto",
      "Maskita banditbando",
      "Koloseaj aristokratoj",
      "Koloseaj sklavistoj",
      "Tri formoj",
      "Makzelverma hordo",
      "Kvar formoj",
      "Sfera gardisto kun formoj",
      "Duopaj promensferoj",
      "Dika kaj Deka",
      "Sentineloj",
      "Elektito kaj kultisto",
      "(Senvalidiĝa) Flambatemulo",
      "(Senvalidiĝa) Sklavisto kaj parazito",
      "(Senvalidiĝa) Serpeko kaj mistikuloj"
    ]
  },
  "RunHistoryScreen": {
    "TEXT": [
      "La Fervestulo",
      "La Silentulo",
      "La Difektulo",
      "Reveni",
      "Disponeblas neniuj historioj de ludadoj. NL Iru venki la Turegon!",
      "Leviĝa nivelo: ",
      "Venkita je etaĝo %1$d de %2$s",
      "Rezignis ludadon je etaĝo %d",
      "Venko!",
      "Kartoj",
      "Relikvoj",
      "Komencaj",
      "Oftaj",
      "Neoftaj",
      "Maloftaj",
      "Specialaj",
      "Malbenaj",
      "Estraj",
      "Butikaj",
      "Nekonataj",
      "%1$d %2$s",
      "%1$s (%2$d):",
      "Poentsumo: %d",
      "Ĉiuj roluloj",
      "Venkoj kaj malvenkoj",
      "Venkoj",
      "Malvenkoj",
      "Ĉiutaga",
      "Ĉiu ludreĝimo",
      "Nur normale",
      "Nur leviĝe",
      "Nur ĉiutagaj grimpoj",
      "Valoro por generilo: %s",
      "Memelektita valoro por generilo: %s"
    ]
  },
  "SeedPanel": {
    "TEXT": [
      "0000000000",
      "Enigu novan valoron por la generilo",
      "Confirm",
      "Cancel",
      "*Atingaĵoj kaj poentaroj estas malŝaltaj kiam vi elektas propran valoron por la generilo."
    ]
  },
  "SettingsScreen": {
    "TEXT": [
      "Ĉu vi certas?",
      "Via progreso estos aŭtomate konservita.",
      "Rezigni la ludon signifas malvenkon.",
      "AVERTO:\nProgreso NE konservita.\n\nAtingu la sekvontan etaĝon por konservi la nunan ludadon.",
      "Reveni",
      "Progreso NE estas konservata por ĉiutagaj ludadoj."
    ]
  },
  "SetupAction": {
    "TEXT": [
      "meti sur vian prenstakon, supre."
    ]
  },
  "ForethoughtAction": {
    "TEXT": [
      "meti sub vian prenstakon, malsupre."
    ]
  },
  "ShopRoom": {
    "TEXT": [
      "Preterlasi"
    ]
  },
  "SingleCardViewPopup": {
    "TEXT": [
      "Atako",
      "Kapablo",
      "Potenco",
      "Malbeno",
      "Malŝlosite",
      "Nekonate",
      "Vidu plibonigon",
      "Stato",
      "",
      "Mi nur povas ludi kartojn dum mia vico.",
      "Mi estas #rimplikita! NL Ne povas ludi atakojn",
      "Mankas #renergio.",
      "Mankas #rŝargo.",
      "Mi ne povas ludi NL tiun karton."
    ]
  },
  "SingleViewRelicPopup": {
    "TEXT": [
      "Estra",
      "Ofta",
      "Senvalidiĝa",
      "Malofta",
      "Butika",
      "Okazaĵa",
      "Komenca",
      "Neofta",
      "Ŝlosita",
      "Nekonata",
      " relikvo",
      "Ĉi tiu relikvo ankoraŭ ne estas malŝlosita.",
      "Ĉi tiu relikvo ankoraŭ ne estas vidita."
    ]
  },
  "SkillFromDeckToHandAction": {
    "TEXT": [
      "Elektu kapablon por aldoni al la mano"
    ]
  },
  "Smith Option": {
    "TEXT": [
      "Forĝi",
      "Plibonigi karton en via kartaro.",
      "Neniu plibonigebla karto."
    ]
  },
  "StorePotion": {
    "TEXT": [
      "Vi ne havas spacon por tio"
    ]
  },
  "TheBeyond": {
    "TEXT": [
      "La Pretero"
    ]
  },
  "TheCity": {
    "TEXT": [
      "La Urbo"
    ]
  },
  "TipHelper": {
    "TEXT": [
      "Energio"
    ]
  },
  "Toke Option": {
    "TEXT": [
      "Fumi",
      "Forigi karton de via kartaro."
    ]
  },
  "TopPanel": {
    "TEXT": [
      " etaĝo",
      " - leviĝo ",
      " (maks. nivelo)"
    ]
  },
  "TreasureRoom": {
    "TEXT": [
      "Preterlasi kofron"
    ]
  },
  "TreasureRoomBoss": {
    "TEXT": [
      "Preterlasi kofron"
    ]
  },
  "TwitchVoter": {
    "TEXT": [
      "NUN VOĈDONU: "
    ]
  },
  "Unlock Confirm Button": {
    "TEXT": [
      "Daŭrigi"
    ]
  },
  "UnlockCharacterScreen": {
    "TEXT": [
      "Kartoj malŝlositaj!",
      "",
      "Relikvoj malŝlositaj!",
      "Nova rolulo",
      "Noto: malŝlositaj kartoj aperos en estontaj ludadoj.",
      "Noto: malŝlositaj relikvoj aperos en estontaj ludadoj."
    ]
  },
  "UnlockScreen": {
    "TEXT": [
      "Kartoj malŝlositaj!",
      "Relikvoj malŝlositaj!",
      "Nova rolulo",
      "Noto: malŝlositaj kartoj aperos en estontaj ludadoj.",
      "Noto: malŝlositaj relikvoj aperos en estontaj ludadoj."
    ]
  },
  "UnlockTextEffect": {
    "TEXT": [
      "Nova malŝloso!"
    ]
  },
  "CustomModeScreen": {
    "TEXT": [
      "Laŭplaĉa reĝimo",
      "Atingaĵoj kaj poentaroj estas malŝaltitaj.",
      "Rolulo",
      "Leviĝo",
      "Nivelo ",
      "Leviĝa reĝimo",
      "Variaĵoj",
      "Valoro por generilo",
      "Agordu valoron por generilo"
    ]
  },
  "SaveSlot": {
    "TEXT": [
      "Ludotempo ",
      "Malplena konservingo"
    ]
  },
  "SaveSlotScreen": {
    "TEXT": [
      "Elekti konservingon",
      "Renomi",
      "Forigi ĉi tiun konservaĵon"
    ]
  }
}