{
  "Anchor": {
    "NAME": "Âncora",
    "FLAVOR": "Segurando essa miniatura, você se sente mais pesado e estável.",
    "DESCRIPTIONS": [
      "Comece cada combate com #b",
      " de #yProteção."
    ]
  },
  "Art of War": {
    "NAME": "Arte da Guerra",
    "FLAVOR": "Esse antigo manuscrito possui conhecimento de uma era passada.",
    "DESCRIPTIONS": [
      "Se você não jogar nenhum #yAtaque durante seu turno, ganhe uma ",
      "[R] extra no próximo turno.",
      "[G] extra no próximo turno.",
      "[B] extra no próximo turno."
    ]
  },
  "Astrolabe": {
    "NAME": "Astrolábio",
    "FLAVOR": "Uma ferramenta para coletar conhecimento inestimável das estrelas",
    "DESCRIPTIONS": [
      "Após pegar, escolha e #yTransforme #b3 cartas, então #yAprimore elas.",
      "Escolha 3 cartas para "
    ]
  },
  "Bag of Marbles": {
    "NAME": "Bolas de Gude",
    "FLAVOR": "Já foi um brinquedo popular na Cidade. Útil para desequilibrar inimigos.",
    "DESCRIPTIONS": [
      "No início de cada combate, aplique #b",
      " de #yVulnerabilidade a TODOS os inimigos."
    ]
  },
  "Bag of Preparation": {
    "NAME": "Mochila de Preparo",
    "FLAVOR": "Uma mochila de aventureiro gigante. Possui várias alças e bolsos.",
    "DESCRIPTIONS": [
      "No início de cada combate, compre #b",
      " cartas adicionais."
    ]
  },
  "Bird Faced Urn": {
    "NAME": "Urna com Cara de Pássaro",
    "FLAVOR": "Essa urna mostra o Deus corvo Mazaleth parecendo maldoso.",
    "DESCRIPTIONS": [
      "Sempre que você jogar um #yPoder, cure #b",
      " PV."
    ]
  },
  "Black Blood": {
    "NAME": "Sangue Negro",
    "FLAVOR": "A fúria fica mais sombria.",
    "DESCRIPTIONS": [
      "Substitui #rSangue #rArdente. No fim de cada combate, cure #b",
      " PV."
    ]
  },
  "Black Star": {
    "NAME": "Estrela Negra",
    "FLAVOR": "Originalmente descoberto na cidade da serpente, ao lado de uma vela solitária.",
    "DESCRIPTIONS": [
      "#yElites agora deixam #b2 #yRelíquias quando derrotados."
    ]
  },
  "Blood Vial": {
    "NAME": "Frasco de Sangue",
    "FLAVOR": "Um frasco que contém o sangue de um antigo e puro vampiro.",
    "DESCRIPTIONS": [
      "No início de cada combate, cure #b",
      " PV."
    ]
  },
  "Bloody Idol": {
    "NAME": "Ídolo Sangrento",
    "FLAVOR": "O Ídolo agora chora uma constante corrente de sangue.",
    "DESCRIPTIONS": [
      "Sempre que você ganhar #yOuro, cure #b",
      " PV."
    ]
  },
  "Blue Candle": {
    "NAME": "Vela Azul",
    "FLAVOR": "A chama acende quando envolvida na escuridão.",
    "DESCRIPTIONS": [
      "Cartas de #yMaldição agora podem ser jogadas. NL NL Jogar uma #yMaldição fará você perder #b",
      " PV e #yExaurir a carta."
    ]
  },
  "Bottled Flame": {
    "NAME": "Chama Engarrafada",
    "FLAVOR": "Dentro da garrafa reside uma chama que queima eternamente.",
    "DESCRIPTIONS": [
      "Após pegar, escolha uma carta de Ataque. No início de cada combate, essa carta estará em sua mão.",
      "Escolha uma carta para ",
      "No início de cada combate, adicione ",
      " à sua mão."
    ]
  },
  "Bottled Lightning": {
    "NAME": "Relâmpago Engarrafado",
    "FLAVOR": "Olhando para dentro do turbilhão, você vê uma parte de si mesmo lhe encarando de volta.",
    "DESCRIPTIONS": [
      "Após pegar, escolha uma carta de Técnica. No início de cada combate, essa carta estará em sua mão.",
      "Escolha uma carta para ",
      "No início de cada combate, adicione ",
      " à sua mão."
    ]
  },
  "Bottled Tornado": {
    "NAME": "Tornado Engarrafado",
    "FLAVOR": "Relíquia de teste.",
    "DESCRIPTIONS": [
      "Após pegar, escolha uma carta de Poder. No início de cada combate, essa carta estará em sua mão.",
      "Escolha uma carta para ",
      "No início de cada combate, adicione ",
      " à sua mão."
    ]
  },
  "Bronze Scales": {
    "NAME": "Escamas de Bronze",
    "FLAVOR": "As escamas afiadas do Guardião. Arrumam-se para proteger o usuário. ",
    "DESCRIPTIONS": [
      "Sempre que receber dano, cause #b",
      " de dano de volta."
    ]
  },
  "Burning Blood": {
    "NAME": "Sangue Ardente",
    "FLAVOR": "O sangue do seu próprio corpo queima com uma raiva imortal.",
    "DESCRIPTIONS": [
      "No fim de cada combate, cure #b",
      " PV."
    ]
  },
  "Calipers": {
    "NAME": "Paquímetro",
    "FLAVOR": "\"Precisão mecânica leva à grandeza\" - O Arquiteto",
    "DESCRIPTIONS": [
      "No início do seu turno, perca #b",
      " de #yProteção ao invés de toda sua #yProteção."
    ]
  },
  "Calling Bell": {
    "NAME": "Sino de Invocação",
    "FLAVOR": "Esse sino de ferro negro badalou 3 vezes quando você o encontrou, mas agora fica em silêncio.",
    "DESCRIPTIONS": [
      "Obtenha #b3 #rMaldições e #b3 #yRelíquias.",
      "O Sino Toca...",
      "Pular Recompensas",
      "Fechar"
    ]
  },
  "Cauldron": {
    "NAME": "Caldeirão",
    "FLAVOR": "O Vendedor é na verdade um habilidoso criador de poções. Compre 4 ganhe 1.",
    "DESCRIPTIONS": [
      "Quando obtido, crie #b5 poções aleatórias.",
      "Blup blip bloop...!"
    ]
  },
  "Centennial Puzzle": {
    "NAME": "Enigma do Centênio",
    "FLAVOR": "Após resolver o enigma você sente um forte calor no seu peito.",
    "DESCRIPTIONS": [
      "Na primeira vez que você perder PV em cada combate, compre #b",
      " cartas."
    ]
  },
  "Chameleon Ring": {
    "NAME": "Anel Camaleão",
    "FLAVOR": "Obsoleto",
    "DESCRIPTIONS": [
      "Agora você pode #yFazer #yPoções em Lugares de Descanso."
    ]
  },
  "Champion Belt": {
    "NAME": "Cinturão do Campeão",
    "FLAVOR": "Apenas o maior poderá usar este cinturão.",
    "DESCRIPTIONS": [
      "Sempre que você aplicar #yVulnerabilidade, também aplique #b",
      " de #yFraqueza."
    ]
  },
  "Charon's Ashes": {
    "NAME": "Cinzas de Caronte",
    "FLAVOR": "Diziam que Caronte era o deus do renascimento, eternamente morrendo e revivendo numa explosão de chamas.",
    "DESCRIPTIONS": [
      "Sempre que você #yExaurir uma carta, cause #b",
      " de dano a TODOS os inimigos."
    ]
  },
  "Chemical X": {
    "NAME": "Elemento X",
    "FLAVOR": "ATENÇÃO: Não combine com açúcar, tempero, e tudo que há de bom.",
    "DESCRIPTIONS": [
      "Sempre que jogar uma carta de custo #bX, seus efeitos são aumentados por #b",
      "."
    ]
  },
  "Circlet": {
    "NAME": "Tiara",
    "FLAVOR": "Não há mais relíquias para encontrar. Impressionante!",
    "DESCRIPTIONS": [
      "É bonita."
    ]
  },
  "The Courier": {
    "NAME": "O Entregador",
    "FLAVOR": "O animal de estimação do vendedor!",
    "DESCRIPTIONS": [
      "O vendedor não fica mais sem estoque de cartas, poções ou relíquias, e preços são reduzidos em #b20%."
    ]
  },
  "Cursed Key": {
    "NAME": "Chave Amaldiçoada",
    "FLAVOR": "Você sente a energia maliciosa emanando da chave. Poder vem com um preço.",
    "DESCRIPTIONS": [
      " Sempre que você abrir um baú que não seja de chefe, obtenha uma #rMaldição.",
      "Ganhe [R] no início de cada turno.",
      "Ganhe [G] no início de cada turno.",
      "Ganhe [B] no início de cada turno."
    ]
  },
  "Dead Branch": {
    "NAME": "Galho Seco",
    "FLAVOR": "O galho de uma árvore de uma era esquecida.",
    "DESCRIPTIONS": [
      "Sempre que você #yExaurir uma carta, adicione uma carta aleatória à sua mão."
    ]
  },
  "Discerning Monocle": {
    "NAME": "Monóculo Perspicaz",
    "FLAVOR": "Um monóculo muito elegante de fato.",
    "DESCRIPTIONS": [
      "Os preços do Vendedor são reduzidos em #b20%"
    ]
  },
  "Dodecahedron": {
    "NAME": "Dodecaedro Rúnico",
    "FLAVOR": "As runas são indecifráveis.",
    "DESCRIPTIONS": [
      "Se seu PV estiver cheio, ganhe ",
      "[R] no início de cada turno.",
      "[G] no início de cada turno.",
      "[B] no início de cada turno."
    ]
  },
  "Dream Catcher": {
    "NAME": "Filtro de Sonhos",
    "FLAVOR": "As tribos do norte muitas vezes usavam filtros de sonhos à noite, acreditando que eles os levariam ao auto-aperfeiçoamento.",
    "DESCRIPTIONS": [
      "Sempre que você descansar, você pode adicionar uma carta ao seu baralho."
    ]
  },
  "Du-Vu Doll": {
    "NAME": "Boneco Du-Vu",
    "FLAVOR": "Um boneco criado para ganhar força através de energia maliciosa.",
    "DESCRIPTIONS": [
      "Para cada #yMaldição no seu baralho, começe cada combate com #b",
      " de #yForça adicional.",
      " Você não possui #yMaldições.",
      " Você possui #b",
      " #yMaldições."
    ]
  },
  "Ectoplasm": {
    "NAME": "Ectoplasma",
    "FLAVOR": "Essa bolha de gosma e energia parece pulsar com vida.",
    "DESCRIPTIONS": [
      " Você não pode mais ganhar #yOuro.",
      "Ganhe [R] no início de cada turno.",
      "Ganhe [G] no início de cada turno.",
      "Ganhe [B] no início de cada turno."
    ]
  },
  "Frozen Egg 2": {
    "NAME": "Ovo Congelado",
    "FLAVOR": "O ovo está inerte e congelado, nunca a chocar.",
    "DESCRIPTIONS": [
      "Sempre que você adicionar uma carta de #yPoder ao seu baralho, ela é #yAprimorada."
    ]
  },
  "Molten Egg 2": {
    "NAME": "Ovo Derretido",
    "FLAVOR": "O ovo de uma Fênix. Ele brilha em vermelho quente com uma fervente lava.",
    "DESCRIPTIONS": [
      "Sempre que você adicionar uma carta de #yAtaque ao seu baralho, ela é #yAprimorada."
    ]
  },
  "Toxic Egg 2": {
    "NAME": "Ovo Tóxico",
    "FLAVOR": "\"Que descoberta maravilhosa! Isso parece ser o ovo inerte de alguma criatura mágica. Quem ou o quê criou isso?\" - Ranwid",
    "DESCRIPTIONS": [
      "Sempre que você adicionar uma carta de #yTécnica ao seu baralho, ela é #yAprimorada."
    ]
  },
  "Enchiridion": {
    "NAME": "Enquirídio",
    "FLAVOR": "O lendário diário de um antigo lich.",
    "DESCRIPTIONS": [
      "No início de cada combate, adicione uma carta de #yPoder aleatória à sua mão. Ela custa #b0 até o fim do turno."
    ]
  },
  "Eternal Feather": {
    "NAME": "Pena Eterna",
    "FLAVOR": "Essa pena parece ser totalmente indestrutível. De que pássaro ela pode ter vindo? ",
    "DESCRIPTIONS": [
      "Para cada #b",
      " cartas no seu baralho, cure #b",
      " PV toda vez que entrar num Local de Descanso."
    ]
  },
  "Frozen Egg": {
    "NAME": "Ovo Congelado",
    "FLAVOR": "O ovo está inerte e congelado, nunca a chocar.",
    "DESCRIPTIONS": [
      "Após pegar, escolha e #yAprimore um #yPoder.",
      "Esculha uma carta para "
    ]
  },
  "Gambling Chip": {
    "NAME": "Ficha de Apostas",
    "FLAVOR": "Você vê uma pequena inscrição de um lado. Está escrito: \"Ficha da Sorte do Bear!\"",
    "DESCRIPTIONS": [
      "No início de cada combate, descarte qualquer número de cartas e então compre o mesmo tanto."
    ]
  },
  "Ginger": {
    "NAME": "Gengibre",
    "FLAVOR": "Um ingrediente potente em vários tônicos.",
    "DESCRIPTIONS": [
      "Você não fica mais #yEnfraquecido."
    ]
  },
  "Girya": {
    "NAME": "Peso",
    "FLAVOR": "Esse Peso é incomensuralmente pesado. Você poderia treinar com isso para ficar significativamente mais forte.",
    "DESCRIPTIONS": [
      "Você agora pode ganhar #yForça em Locais de Descanso. (Máximo de 3 vezes)"
    ]
  },
  "Golden Idol": {
    "NAME": "Ídolo Dourado",
    "FLAVOR": "Feito de ouro maciço, você se sente mais rico só de segurar.",
    "DESCRIPTIONS": [
      "Inimigos deixam #b25% mais #yOuro."
    ]
  },
  "Gremlin Horn": {
    "NAME": "Chifre de Gremlin",
    "FLAVOR": "\"Gremlins Nobres são capazes de crescer até o dia de sua morte. Extraordinário.\" - Ranwid",
    "DESCRIPTIONS": [
      "Sempre que um inimigo morrer, ganhe ",
      "[R] e compre #b1 carta.",
      "[G] e compre #b1 carta.",
      "[B] e compre #b1 carta."
    ]
  },
  "Happy Flower": {
    "NAME": "Flor Alegre",
    "FLAVOR": "Essa planta incessantemente alegre é um novo item popular entre os nobres.",
    "DESCRIPTIONS": [
      "A cada #b",
      " turnos, ganhe [R] .",
      " turnos, ganhe [G] .",
      " turnos, ganhe [B] ."
    ]
  },
  "Ice Cream": {
    "NAME": "Sorvete",
    "FLAVOR": "\"Delicioso!\"",
    "DESCRIPTIONS": [
      "Energia agora é conservada entre turnos."
    ]
  },
  "Juzu Bracelet": {
    "NAME": "Bracelete Juzu",
    "FLAVOR": "Proteção contra o desconhecido.",
    "DESCRIPTIONS": [
      "Combates de inimigos normais não são mais encontrados em salas #y? ."
    ]
  },
  "Kunai": {
    "NAME": "Kunai",
    "FLAVOR": "Uma lâmina adorada por assassinos por sua letalidade e alcance.",
    "DESCRIPTIONS": [
      "Sempre que você jogar #b",
      " #yAtaques em um único turno, ganhe #b",
      " de #yDestreza."
    ]
  },
  "Lantern": {
    "NAME": "Lanterna",
    "FLAVOR": "Uma sinistra lanterna que apenas ilumina para seu portador.",
    "DESCRIPTIONS": [
      "Ganhe ",
      "[R] ",
      "[G] ",
      "[B] ",
      "no primeiro turno de cada combate."
    ]
  },
  "Letter Opener": {
    "NAME": "Abridor de Cartas",
    "FLAVOR": "Anormalmente afiado.",
    "DESCRIPTIONS": [
      "Sempre que você jogar #b3 Técnicas em um único turno, cause #b",
      " de dano à TODOS os inimigos."
    ]
  },
  "Living Blade": {
    "NAME": "Lâmina Viva",
    "FLAVOR": "OBSOLETO",
    "DESCRIPTIONS": [
      "Você pode ganhar qualquer quantidade de qualquer carta."
    ]
  },
  "Lizard Tail": {
    "NAME": "Cauda de Lagarto",
    "FLAVOR": "Uma cauda falsa para enganar inimigos durante combate.",
    "DESCRIPTIONS": [
      "Quando você fosse morrer, cure #b50% do seu PV máximo ao invés (funciona uma vez)."
    ]
  },
  "Magic Flower": {
    "NAME": "Flor Mágica",
    "FLAVOR": "Uma flor a tempos dada por extinta, de alguma forma preservada em perfeita condição.",
    "DESCRIPTIONS": [
      "Cura é #b50% mais efetiva durante combate."
    ]
  },
  "Mango": {
    "NAME": "Manga",
    "FLAVOR": "A fruta esquecida mais desejada. Impecavelmente preservada sem sinal de Pragapinacular.",
    "DESCRIPTIONS": [
      "Aumenta seu PV máximo em #b"
    ]
  },
  "Mark of Pain": {
    "NAME": "Marca da Dor",
    "FLAVOR": "Essa marca era utilizada pelas tribos do norte para mostrar seus guerreiros que haviam dominado a dor em batalha.",
    "DESCRIPTIONS": [
      "Ganhe [R] no início de cada turno. Comece combates com #b2 #rFeridas na sua pilha de compra."
    ]
  },
  "Matryoshka": {
    "NAME": "Matriosca",
    "FLAVOR": "Um jogo empilhável de bonecas pintadas. A pintura mostra um pássaro desconhecido com olhos brancos e penas azuis.",
    "DESCRIPTIONS": [
      "Os próximos #b2 baús que você abrir contém #b2 #yRelíquias (Menos baús de chefes)",
      "O próximo baú que você abrir contém #b2 #yRelíquias. (Menos baús de chefes)",
      "Essa relíquia já foi totalmente utilizada."
    ]
  },
  "Meat on the Bone": {
    "NAME": "Carne no Osso",
    "FLAVOR": "A carne continua reaparecendo, e nunca parece inteiramente acabar.",
    "DESCRIPTIONS": [
      "Se seu PV está em #b50% ou abaixo no fim do combate, cure #b",
      " PV."
    ]
  },
  "Medical Kit": {
    "NAME": "Kit Médico",
    "FLAVOR": "\"Tem tudo que você precisa! Anti-coceira, anti-queimadura, anti-veneno, e mais!\"",
    "DESCRIPTIONS": [
      "Cartas de #yCondição agora podem ser jogadas. Jogar uma carta de #yCondição irá #yExaurir a carta."
    ]
  },
  "Membership Card": {
    "NAME": "Cartão de Fidelidade",
    "FLAVOR": "\"Oferta bônus de fidelidade para meus clientes mais valiosos!\"",
    "DESCRIPTIONS": [
      "Em atos futuros, lojas aparecem #b50% mais. #yBÔNUS: #b20% de desconto em todos os produtos!"
    ]
  },
  "Mercury Hourglass": {
    "NAME": "Ampulheta de Mercúrio",
    "FLAVOR": "Uma ampulheta encantada que escorre sem fim.",
    "DESCRIPTIONS": [
      "No início de seu turno, cause #b",
      " de dano a TODOS os inimigos."
    ]
  },
  "Molten Egg": {
    "NAME": "Ovo Derretido",
    "FLAVOR": "O ovo de uma Fênix. Ele brilha em vermelho quente com uma fervente lava.",
    "DESCRIPTIONS": [
      "Após pegar, escolha e #yAprimore um #yAtaque.",
      "Escolha uma carta para "
    ]
  },
  "Mummified Hand": {
    "NAME": "Mão Mumificada",
    "FLAVOR": "Se contrai frequentemente, especialmente quando seu pulso está alto.",
    "DESCRIPTIONS": [
      "Sempre que jogar um #yPoder, uma carta aleatória na sua mão custará #b0 este turno."
    ]
  },
  "Necronomicon": {
    "NAME": "Necronomicon",
    "FLAVOR": "Apenas um tolo tentaria utilizar desse poder sombrio. À noite seus sonhos são atormentados por imagens do livro devorando sua mente.",
    "DESCRIPTIONS": [
      "O primeiro #yAtaque jogado em cada turno que custa #b",
      " ou mais é jogado duas vezes. Quando pegar essa relíquia, seja #rAmaldiçoado.",
      " ou mais é jogado duas vezes."
    ]
  },
  "Nilry's Codex": {
    "NAME": "Códice de Nilrys",
    "FLAVOR": "Criado pelo famoso mestre do jogo em pessoa. É dito que expande sua mente.",
    "DESCRIPTIONS": [
      "No fim de cada turno, você pode escolher #b1 de #b3 cartas aleatórias para embaralhar em sua pilha de compra."
    ]
  },
  "Nine Lives": {
    "NAME": "Nove Vidas",
    "FLAVOR": "OBSOLETO.",
    "DESCRIPTIONS": [
      "Quando você fosse morrer, cure para PV máximo ao invés. NL (Funciona #b9 vezes)",
      "Quando você fosse morrer, cure para PV máximo ao invés. NL (Mais nenhuma vida)",
      "Quando você fosse morrer, cure para PV máximo ao invés. NL (Funciona mais #b",
      " vezes)"
    ]
  },
  "Ninja Scroll": {
    "NAME": "Pergaminho Ninja",
    "FLAVOR": "Contém os segredos de assassinato.",
    "DESCRIPTIONS": [
      "Comece cada combate com #b",
      " #yEstoques na sua mão."
    ]
  },
  "Nloth's Gift": {
    "NAME": "Presente de Nloth",
    "FLAVOR": "Um estranho presente de N'loth. Sempre que você tenta o abrir, outra caixa fechada do mesmo tamanho está dentro.",
    "DESCRIPTIONS": [
      "#bTriplica a chance de receber cartas rara como recompensas de monstros."
    ]
  },
  "Nullstone Periapt": {
    "NAME": "Amuleto de Pedra Nula",
    "FLAVOR": "OBSOLETO.",
    "DESCRIPTIONS": [
      "Negue o próximo #yEfeito #yNegativo que você receber de um inimigo. NL Recarrega em #b10 turnos."
    ]
  },
  "Oddly Smooth Stone": {
    "NAME": "Pedra Curiosamente Lisa",
    "FLAVOR": "Você nunca viu algo tão liso e impecável. Deve ser um trabalho dos Anciões.",
    "DESCRIPTIONS": [
      "No início de cada combate, ganhe #b",
      " de #yDestreza."
    ]
  },
  "Odd Mushroom": {
    "NAME": "Cogumelo Estranho",
    "FLAVOR": "\"Depois de comer trichella parastius eu me senti maior e menos... suscetível.\" - Ranwid ",
    "DESCRIPTIONS": [
      "Quando #yVulnerável, receba #b25% a mais dano ao invés de #b50%."
    ]
  },
  "Old Coin": {
    "NAME": "Moeda Velha",
    "FLAVOR": "Moedas únicas são muito valorizadas por Vendedores pelo seu valor histórico e rara composição metálica.",
    "DESCRIPTIONS": [
      "Ganhe #b300 de #yOuro."
    ]
  },
  "Omamori": {
    "NAME": "Omamori",
    "FLAVOR": "Um amuleto comum feito para espantar espíritos do mal. Esse parece possuir um pouco de energia divina.",
    "DESCRIPTIONS": [
      "Negue as próximas #b2 #rMaldições que você obter.",
      "Negue a próxima #rMaldição que você obter.",
      "Essa relíquia já foi totalmente utilizada."
    ]
  },
  "Orichalcum": {
    "NAME": "Oricalco",
    "FLAVOR": "Um metal verde de origem desconhecida. Aparentemente indestrutível.",
    "DESCRIPTIONS": [
      "Se você terminar seu turno sem #yProteção, ganhe #b",
      " de #yProteção."
    ]
  },
  "Ornamental Fan": {
    "NAME": "Leque Ornamental",
    "FLAVOR": "O leque parece se estender e endurecer quando sangue é derramado.",
    "DESCRIPTIONS": [
      "Toda vez que você jogar #b3 #yAtaques em um único turno, ganhe #b",
      " de #yProteção."
    ]
  },
  "Orrery": {
    "NAME": "Planetário",
    "FLAVOR": "\"Quando você entender o universo...\" - Zoroth",
    "DESCRIPTIONS": [
      "Escolha e adicione #b5 cartas ao seu baralho.",
      "Conhecimento!"
    ]
  },
  "Pandora's Box": {
    "NAME": "Caixa de Pandora",
    "FLAVOR": "Você tem um mal pressentimento sobre abrir isso.",
    "DESCRIPTIONS": [
      "#bTransforme todos os Golpes e Defender.",
      "A Caixa de Pandora foi aberta..."
    ]
  },
  "Pantograph": {
    "NAME": "Pantógrafo",
    "FLAVOR": "\"Fundações sólidas não são acidentais. Ferramentas para planejamento são necessárias.\" - O Arquiteto",
    "DESCRIPTIONS": [
      "No início de combates de chefe, cure #b",
      " PV."
    ]
  },
  "Paper Crane": {
    "NAME": "Garsa de Papel",
    "FLAVOR": "Um origami de uma criatura de uma era passada.",
    "DESCRIPTIONS": [
      "Inimigos com #yFraqueza causam #b50% menos dano ao invés de #b25%."
    ]
  },
  "Paper Frog": {
    "NAME": "Çapo de Papel",
    "FLAVOR": "O papel continuamente se dobra e desdobra até tomar forma de uma pequena criatura.",
    "DESCRIPTIONS": [
      "Inimigos #yVulneráveis tomam #b75% mais dano ao invés de #b50%."
    ]
  },
  "Peace Pipe": {
    "NAME": "Cachimbo da Paz",
    "FLAVOR": "Limpa a mente e purifica a alma.",
    "DESCRIPTIONS": [
      "Você agora pode remover cartas do seu baralho em Locais de Descanso."
    ]
  },
  "Pear": {
    "NAME": "Pêra",
    "FLAVOR": "Uma fruta comum antes da Pragapinacular.",
    "DESCRIPTIONS": [
      "Aumenta seu PV máximo em #b"
    ]
  },
  "Pen Nib": {
    "NAME": "Ponta de Caneta",
    "FLAVOR": "Segurando a ponta, você pode ver todo mundo que já foi morto pelo antigo dono da caneta. Uma história violenta.",
    "DESCRIPTIONS": [
      "Todo #b10º #yAtaque que você jogar causa o dobro de dano."
    ]
  },
  "Philosopher's Stone": {
    "NAME": "Pedra Filosofal",
    "FLAVOR": "Energia pura emana da pedra, fortalecendo todos por perto.",
    "DESCRIPTIONS": [
      " TODOS os inimigos começam com #b2 de #yForça.",
      "Ganhe [R] no início de cada turno.",
      "Ganhe [G] no início de cada turno.",
      "Ganhe [B] no início de cada turno."
    ]
  },
  "Prayer Wheel": {
    "NAME": "Roda de Oração",
    "FLAVOR": "A roda continua a girar, nunca parando.",
    "DESCRIPTIONS": [
      "Baús que não sejam de chefe agora também possuem cartas."
    ]
  },
  "Question Card": {
    "NAME": "Carta de Interrogação",
    "FLAVOR": "\"Aqueles com mais escolhas minimizam a desvantagem do caos.\" - Kublai o Grande",
    "DESCRIPTIONS": [
      "Em telas de Recompensa de Carta futuras, você tem #y1 #ycarta #yadicional para escolher."
    ]
  },
  "Red Circlet": {
    "NAME": "Tiara Vermelha",
    "FLAVOR": "Você ficou sem relíquias. Impressionante!",
    "DESCRIPTIONS": [
      "É muito bonita."
    ]
  },
  "Red Mask": {
    "NAME": "Máscara Vermelha",
    "FLAVOR": "Essa muito estilosa máscara pertence ao líder dos Bandidos de Máscara Vermelha. Tecnicamente isso te torna o líder agora?",
    "DESCRIPTIONS": [
      "No início de cada combate, aplique #b",
      " de #yFraqueza a TODOS os inimigos."
    ]
  },
  "Red Skull": {
    "NAME": "Crânio Vermelho",
    "FLAVOR": "Um pequeno crânio coberto por uma pintura ornamental.",
    "DESCRIPTIONS": [
      "Se seu PV está em #b50% ou abaixo, você tem #b",
      " de #yForça adicional."
    ]
  },
  "Regal Pillow": {
    "NAME": "Travesseiro Real",
    "FLAVOR": "Agora você pode ter uma boa noite de sono.",
    "DESCRIPTIONS": [
      "Cure um adicional de #b",
      " PV quando você #yDescansa."
    ]
  },
  "Ring of the Serpent": {
    "NAME": "Anel da Serpente",
    "DESCRIPTIONS": [
      "Substitui o #gAnel #gda #gCobra. Se você derrotar um inimigo de #yElite aumente seu PV máximo em #b",
      "At the start of your turn, draw #b1 additional card."
    ],
    "FLAVOR": "Your ring has morphed and changed forms."
  },
  "Runic Cube": {
    "NAME": "Cubo Rúnico",
    "FLAVOR": "As runas são indecifráveis.",
    "DESCRIPTIONS": [
      "Sempre que você perder PV, compre #b",
      " carta.",
      ""
    ]
  },
  "Runic Dome": {
    "NAME": "Domo Rúnico",
    "FLAVOR": "As runas são indecifráveis.",
    "DESCRIPTIONS": [
      "no início de cada turno. Você não pode mais ver as #bIntenções inimigas.",
      "Ganhe [R] ",
      "Ganhe [G] ",
      "Ganhe [B] "
    ]
  },
  "Runic Pyramid": {
    "NAME": "Pirâmide Rúnica",
    "FLAVOR": "As runas são indecifráveis.",
    "DESCRIPTIONS": [
      "No fim do seu turno, você não descarta mais sua mão. NL Compre #b",
      " carta a menos cada turno."
    ]
  },
  "Self Forming Clay": {
    "NAME": "Argila Auto Moldante",
    "FLAVOR": "\"Muito curioso! Ela parece se moldar vagamente com meus pensamentos! Tele-argila?\" - Ranwid",
    "DESCRIPTIONS": [
      "Sempre que você perder PV em combate, ganhe #b",
      " de #yProteçao no próximo turno."
    ]
  },
  "Shovel": {
    "NAME": "Pá",
    "FLAVOR": "O Pináculo possui todo tipo de relíquias de civilizações passadas e aventureiros poderosos perdidos no tempo. Hora de desenterrá-las!",
    "DESCRIPTIONS": [
      "Você agora pode #yCavar por pilhagem em Locais de Descanso."
    ]
  },
  "Shuriken": {
    "NAME": "Shuriken",
    "FLAVOR": "Armas leves de arremesso. Recomendado atirar nos olhos.",
    "DESCRIPTIONS": [
      "Sempre que você jogar #b",
      " #yAtaques em um único turno, ganhe #b",
      " de #yForça."
    ]
  },
  "Singing Bowl": {
    "NAME": "Sino Tigela",
    "FLAVOR": "Esse bem utlizado artefato ressoa uma bela melodia quando atingido.",
    "DESCRIPTIONS": [
      "Quando adicionando cartas ao seu baralho, você pode ganhar #b+2 de PV máximo ao invés."
    ]
  },
  "Smiling Mask": {
    "NAME": "Máscara Sorridente",
    "FLAVOR": "Máscara utilizada pelo vendedor. Ele deve ter reservas...",
    "DESCRIPTIONS": [
      "O serviço de remoção de carta do vendedor agora sempre custa #b",
      " de #yOuro."
    ]
  },
  "Ring of the Snake": {
    "NAME": "Anel da Cobra",
    "FLAVOR": "Feito de uma cobra fossilizada. Representa grandes habilidades como uma caçadora.",
    "DESCRIPTIONS": [
      "No início de cada combate, compre #b",
      " cartas adicionais."
    ]
  },
  "Snecko Eye": {
    "NAME": "Olho de Cortixa",
    "FLAVOR": "Um olho de uma Cortixa derrubada. Muito maior que você imaginava.",
    "DESCRIPTIONS": [
      "Compre #b2 cartas adicionais todo turno. Comece cada combate #yConfuso."
    ]
  },
  "Snake Skull": {
    "NAME": "Crânio de Cortixa",
    "FLAVOR": "Uma crânio de Cortixa em condições impecáveis. Misteriosamente limpa e lisa, terra e sujeira se desprendem inexplicavelmente.",
    "DESCRIPTIONS": [
      "Sempre que você aplicar #yVeneno, aplique #b",
      " de #yVeneno adicional."
    ]
  },
  "Sozu": {
    "NAME": "Sozu",
    "FLAVOR": "Você nota que líquidos mágicos parecem perder suas propriedades quando perto desta relíquia.",
    "DESCRIPTIONS": [
      " Você não pode mais obter poções. ",
      "Ganhe [R] no início de cada turno.",
      "Ganhe [G] no início de cada turno.",
      "Ganhe [B] no início de cada turno."
    ]
  },
  "Spirit Poop": {
    "NAME": "Cocô Espiritual",
    "FLAVOR": "Os restos carbonizados de sua oferenda aos espíritos.",
    "DESCRIPTIONS": [
      "É desagradável."
    ]
  },
  "Strange Spoon": {
    "NAME": "Colher Estranha",
    "FLAVOR": "Encarando a colher, ela parece se curvar e se entortar diante dos seus olhos.",
    "DESCRIPTIONS": [
      "Cartas que #yExaurem quando jogadas ao invés serão descartadas #b50% das vezes."
    ]
  },
  "Strawberry": {
    "NAME": "Morango",
    "FLAVOR": "\"Delicioso! Não tinha visto mais nenhum desses depois da Pragapinacular.\" - Ranwid",
    "DESCRIPTIONS": [
      "Aumenta seu PV máximo em #b"
    ]
  },
  "Sundial": {
    "NAME": "Relógio de Sol",
    "FLAVOR": "\"A tola obsessão do homem antigo pelo tempo fez com que eles olhassem para o céu para se orientar, esperando por algo permanente.\" - Zoroth",
    "DESCRIPTIONS": [
      "A cada #b",
      " vezes que você embaralhar seu baralho, ganhe [R] [R] .",
      " vezes que você embaralhar seu baralho, ganhe [G] [G] .",
      " vezes que você embaralhar seu baralho, ganhe [B] [B] ."
    ]
  },
  "Ancient Tea Set": {
    "NAME": "Antigo Jogo de Chá",
    "FLAVOR": "A chave para uma ótima noite de sono.",
    "DESCRIPTIONS": [
      "Sempre que você entrar em um Local de Descanso, comece o próximo combate com [R] [R] .",
      "Sempre que você entrar em um Local de Descanso, comece o próximo combate com [G] [G] .",
      "Sempre que você entrar em um Local de Descanso, comece o próximo combate com [B] [B] ."
    ]
  },
  "War Paint": {
    "NAME": "Pintura de Guerra",
    "FLAVOR": "No passado, os Rígidos criavam guardas usando pintura de guerra encantada antes de entrar em batalha.",
    "DESCRIPTIONS": [
      "Após pegar, #yAprimore #b",
      " #yTécnicas aleatórias."
    ]
  },
  "Darkstone Periapt": {
    "NAME": "Amuleto de Pedra Negra",
    "FLAVOR": "A pedra retira poder da energia sombria, convertendo-a em vitalidade para o portador.",
    "DESCRIPTIONS": [
      "Sempre que você obter uma #yMaldição, aumente seu PV máximo em #b"
    ]
  },
  "Test 1": {
    "NAME": "Teste 1",
    "FLAVOR": "Relíquia teste para o beta. Se você gostou dela, fale aos desenvolvedores.",
    "DESCRIPTIONS": [
      "Sempre que você usar uma poção, ganhe ",
      " [R] .",
      " [G] .",
      " [B] ."
    ]
  },
  "Frozen Eye": {
    "NAME": "Olho Congelado",
    "FLAVOR": "Sem descrição.",
    "DESCRIPTIONS": [
      "Quando visualizando sua #yPilha #yde #yCompra, as cartas são mostradas em ordem."
    ]
  },
  "Test 2": {
    "NAME": "Teste 2",
    "FLAVOR": "Relíquia teste para o beta. Se você gostou dela, fale aos desenvolvedores.",
    "DESCRIPTIONS": [
      "Quando visualizando sua #yPilha #yde #yCompra, as cartas são mostradas em ordem."
    ]
  },
  "Test 3": {
    "NAME": "Teste 3",
    "FLAVOR": "Relíquia teste para o beta. Se você gostou dela, fale aos desenvolvedores.",
    "DESCRIPTIONS": [
      "Quando obtido, #yAprimore todos os seus #yDefender."
    ]
  },
  "Test 4": {
    "NAME": "Teste 4",
    "FLAVOR": "Relíquia teste para o beta. Se você gostou dela, fale aos desenvolvedores.",
    "DESCRIPTIONS": [
      "No início do combate, o custo de todos as suas cartas de #yGolpe é #b0."
    ]
  },
  "Test 5": {
    "NAME": "Teste 5",
    "FLAVOR": "Relíquia teste para o beta. Se você gostou dela, fale aos desenvolvedores.",
    "DESCRIPTIONS": [
      "Após pegar, #yAprimore #b",
      " #yTécnicas aleatórias."
    ]
  },
  "Test 6": {
    "NAME": "Teste 6",
    "FLAVOR": "Relíquia teste para o beta. Se você gostou dela, fale aos desenvolvedores.",
    "DESCRIPTIONS": [
      "No fim de cada turno, ganhe #b",
      " de #yProteção para cada #b",
      " de #yOuro que você tem."
    ]
  },
  "Test 7": {
    "NAME": "Teste 7",
    "FLAVOR": "Relíquia teste para o beta. Se você gostou dela, fale aos desenvolvedores.",
    "DESCRIPTIONS": [
      "#yElites agora deixam #b2 #yRelíquias quando derrotados."
    ]
  },
  "Test 8": {
    "NAME": "Teste 8",
    "FLAVOR": "Relíquia teste para o beta. Se você gostou dela, fale aos desenvolvedores.",
    "DESCRIPTIONS": [
      "Compre #b2 cartas adicionais todo turno. Comece cada combate #yConfuso."
    ]
  },
  "The Specimen": {
    "NAME": "O Espécime",
    "FLAVOR": "\"Fascinante! Eu encontrei uma criatura mutante que demonstra propriedades tóxicas surpreendentes. Guardando uma amostra para examinação tardia.\" - Ranwid",
    "DESCRIPTIONS": [
      "Sempre que um inimigo morrer, transfira qualquer #yVeneno que ele tinha à um inimigo aleatório."
    ]
  },
  "Thread and Needle": {
    "NAME": "Linha e Agulha",
    "FLAVOR": "Enrolando a linha mágica em volta do seu corpo, você se sente mais resistente ao toque.",
    "DESCRIPTIONS": [
      "No início de cada combate, ganhe #b",
      " de #yArmadura #yChapeada."
    ]
  },
  "Tingsha": {
    "NAME": "Címbalos",
    "FLAVOR": "O som que esse instrumento gera parece ser capaz de reverberar à níveis de volume dolorosos.",
    "DESCRIPTIONS": [
      "Sempre que você descartar uma carta durante seu turno, cause #b",
      " de dano a um inimigo aleatório para cada carta descartada."
    ]
  },
  "Tiny Chest": {
    "NAME": "Baú Pequeno",
    "FLAVOR": "\"Um bom protótipo.\" - O Arquiteto",
    "DESCRIPTIONS": [
      "Ganhe #b",
      " de #yOuro. Você tem #b10% mais chance de achar tesouros em salas ? .",
      " Você tem #b10% mais chance de achar tesouros em salas ? ."
    ]
  },
  "Tiny House": {
    "NAME": "Casa Pequena",
    "FLAVOR": "\"Uma implementação quase perfeita de miniaturização. Meu melhor trabalho até agora, mas ainda não é adequado.\" - O Arquiteto",
    "DESCRIPTIONS": [
      "Obtenha #b1 Poção. NL Ganhe #b",
      " de #yOuro. NL Aumente seu PV máximo em #b",
      ". NL Obtenha #b1 carta. NL Aprimore #b1 carta aleatória.",
      "Casa Pequena!"
    ]
  },
  "Toolbox": {
    "NAME": "Caixa de Ferramentas",
    "FLAVOR": "Uma ferramenta para cada trabalho.",
    "DESCRIPTIONS": [
      "No início de cada combate, adicione uma carta incolor aleatória à sua mão."
    ]
  },
  "Torii": {
    "NAME": "Torii",
    "FLAVOR": "Segurando o pequeno Torii, você sente uma sensação de calma e segurança passando pela sua mente.",
    "DESCRIPTIONS": [
      "Sempre que você fosse receber #b",
      " ou menos dano de um #yAtaque desprotegido, reduza-o à #b1."
    ]
  },
  "Tough Bandages": {
    "NAME": "Bandagens Resistentes",
    "FLAVOR": "A perda dá forças.",
    "DESCRIPTIONS": [
      "Sempre que você for descartar uma carta em seu turno, ganhe #b",
      " de #yProteção."
    ]
  },
  "Toxic Egg": {
    "NAME": "Ovo Tóxico",
    "FLAVOR": "\"Que descoberta maravilhosa! Isso parece ser o ovo inerte de alguma criatura mágica. Quem ou o quê criou isso?\" - Ranwid",
    "DESCRIPTIONS": [
      "Após pegar, escolha e #yAprimore uma #yTécnica.",
      "Escolha uma carta para "
    ]
  },
  "Toy Ornithopter": {
    "NAME": "Ornitóptero de Brinquedo",
    "FLAVOR": "\"Esse pequeno brinquedo é o companheiro perfeito para um aventureiro solitário!\"",
    "DESCRIPTIONS": [
      "Sempre que você utilizar uma poção, cure #b",
      " PV."
    ]
  },
  "Unceasing Top": {
    "NAME": "Pião Incessante",
    "FLAVOR": "O pião continua girando sem esforço como se você estivesse em um sonho.",
    "DESCRIPTIONS": [
      "Sempre que você não tiver cartas na mão no seu turno, compre uma carta."
    ]
  },
  "Vajra": {
    "NAME": "Vajra",
    "FLAVOR": "Uma relíquia ornamental dada à guerreiros demonstrando glória em batalha.",
    "DESCRIPTIONS": [
      "No início de cada combate, ganhe #b",
      " de #yForça."
    ]
  },
  "Velvet Choker": {
    "NAME": "Gargantilha de Veludo",
    "FLAVOR": "\"Poder imenso, mas muito limitado.\" - Kublai o Grande",
    "DESCRIPTIONS": [
      "Você não pode jogar mais de #b",
      " cartas por turno.",
      "Ganhe [R] no início de cada turno. ",
      "Ganhe [G] no início de cada turno. ",
      "Ganhe [B] no início de cada turno. ",
      "Eu só posso jogar até NL #r"
    ]
  },
  "Lee's Waffle": {
    "NAME": "Waffle do Lee",
    "FLAVOR": "\"O doce mais gostoso que você encontrará em todo o Pináculo! Assado hoje só para você.\"",
    "DESCRIPTIONS": [
      "Aumenta seu PV máximo em #b",
      " e cura todo seu PV."
    ]
  },
  "Whetstone": {
    "NAME": "Pedra de Amolar",
    "FLAVOR": "\"Carne nunca ganha de aço.\" - Kublai o Grande",
    "DESCRIPTIONS": [
      "Após pegar, #yAprimore #b",
      " #yAtaques aleatórios."
    ]
  },
  "Derp Rock": {
    "NAME": "Pedra Derp",
    "FLAVOR": "Reserva de Espaço",
    "DESCRIPTIONS": [
      "No início de cada turno, ganhe #b",
      " Carga. NL (Não pode ser removida ou transformada.)"
    ]
  },
  "NeowsBlessing": {
    "NAME": "O Lamento de Neow",
    "FLAVOR": "A beção de lamentação concedida por Neow.",
    "DESCRIPTIONS": [
      "Inimigos nos seus primeiros #b3 combates terão 1 PV.",
      "A benção já foi totalmente utilizada."
    ]
  },
  "White Beast Statue": {
    "NAME": "Estátua de Besta Branca",
    "FLAVOR": "Uma estátua branca pequena de uma criatura que você nunca viu antes.",
    "DESCRIPTIONS": [
      "Poções sempre são deixadas depois do combates."
    ]
  },
  "DataDisk": {
    "NAME": "Data Disk",
    "FLAVOR": "This disk contains precious data on birds and snakes.",
    "DESCRIPTIONS": [
      "At the start of each combat, gain #b",
      " #yFocus."
    ]
  },
  "Nuclear Battery": {
    "NAME": "Nuclear Battery",
    "FLAVOR": "Ooooh...",
    "DESCRIPTIONS": [
      "At the start of each combat, #yChannel #b1 #yPlasma."
    ]
  },
  "Cracked Core": {
    "NAME": "Cracked Core",
    "FLAVOR": "The mysterious life force which powers the Automatons within the Spire. It appears to be cracked.",
    "DESCRIPTIONS": [
      "At the start of each combat, #yChannel #b1 #yLightning."
    ]
  },
  "Turnip": {
    "NAME": "Turnip",
    "FLAVOR": "Best with Ginger.",
    "DESCRIPTIONS": [
      "You can no longer become #yFrail."
    ]
  },
  "Emotion Chip": {
    "NAME": "Emotion Chip",
    "FLAVOR": "...<3...?",
    "DESCRIPTIONS": [
      "At the start of each turn, if you took any damage last turn, trigger the passive ability of all your Orbs."
    ]
  },
  "Inserter": {
    "NAME": "Inserter",
    "FLAVOR": "Further damage could be prevented by freezing one's core.",
    "DESCRIPTIONS": [
      "Every #b2 turns, gain #b1 Orb slot."
    ]
  },
  "Cables": {
    "NAME": "Gold-Plated Cables",
    "FLAVOR": "\"Interesting! Even automatons are affected by placebo.\" - Ranwid",
    "DESCRIPTIONS": [
      "Your rightmost Orb triggers its passive an additional time."
    ]
  },
  "Runic Capacitor": {
    "NAME": "Runic Capacitor",
    "FLAVOR": "More is better.",
    "DESCRIPTIONS": [
      "Start each combat with #b3 additional Orb slots."
    ]
  },
  "Symbiotic Virus": {
    "NAME": "Symbiotic Virus",
    "FLAVOR": "A little bit bad of #rbad can do a lot of #ggood...",
    "DESCRIPTIONS": [
      "At the start of each combat, #yChannel #b1 #yDark."
    ]
  },
  "Potion Belt": {
    "NAME": "Potion Belt",
    "FLAVOR": "I can hold more Potions using this belt!",
    "DESCRIPTIONS": [
      "Upon pick up, gain #b1 Potion slot."
    ]
  },
  "Boot": {
    "NAME": "The Boot",
    "FLAVOR": "When wound up, the boot grows larger in size.",
    "DESCRIPTIONS": [
      "Whenever you would deal #b",
      " or less unblocked #yAttack damage, increase it to #b5."
    ]
  },
  "Mark of the Bloom": {
    "NAME": "Mark of the Bloom",
    "FLAVOR": "In the Beyond, thoughts and reality are one.",
    "DESCRIPTIONS": [
      "You can no longer heal."
    ]
  },
  "Busted Crown": {
    "NAME": "Busted Crown",
    "FLAVOR": "The Champ's crown... or a pale imitation?",
    "DESCRIPTIONS": [
      "On Card Reward screens, you have #b2 fewer #ycards to choose from.",
      "Gain [R] at the start of each turn. ",
      "Gain [G] at the start of each turn. ",
      "Gain [B] at the start of each turn. "
    ]
  },
  "Empty Cage": {
    "NAME": "Empty Cage",
    "FLAVOR": "\"How unusual to cage that which you worship.\" - Ranwid",
    "DESCRIPTIONS": [
      "Upon pick up, remove #b2 cards from your deck.",
      "Choose 2 Cards to Remove."
    ]
  },
  "Incense Burner": {
    "NAME": "Incense Burner",
    "FLAVOR": "An incense burner from long ago. Burning precious wood seems unimaginable.",
    "DESCRIPTIONS": [
      "Every #b5 turns, gain #b1 #yIntangible."
    ]
  },
  "Fusion Hammer": {
    "NAME": "Fusion Hammer",
    "FLAVOR": "Once wielded, the owner can never let go.",
    "DESCRIPTIONS": [
      "at the start of each turn. You can no longer Smith at Rest Sites.",
      "Gain [R] ",
      "Gain [G] ",
      "Gain [B] "
    ]
  },
  "Coffee Dripper": {
    "NAME": "Coffee Dripper",
    "FLAVOR": "\"Yes, another cup please. Back to work. Back to work!\" - The Architect",
    "DESCRIPTIONS": [
      "at the start of each turn. You can no longer Rest at Rest Sites.",
      "Gain [R] ",
      "Gain [G] ",
      "Gain [B] "
    ]
  },
  "SsserpentHead": {
    "NAME": "Ssserpent Head",
    "FLAVOR": "The most fulfilling of lives is that in which you can #ybuy #yanything!",
    "DESCRIPTIONS": [
      "Whenever you begin an Event, gain #b",
      " #yGold."
    ]
  },
  "NlothsMask": {
    "NAME": "N'Loth's Mask",
    "FLAVOR": "You feel hungry.",
    "DESCRIPTIONS": [
      "Whenever you play a Rare card, gain #b",
      " #yBlock."
    ]
  },
  "FaceOfCleric": {
    "NAME": "Face Of Cleric",
    "FLAVOR": "Everyone loves Cleric.",
    "DESCRIPTIONS": [
      "Raise your Max HP by #b1 after each combat."
    ]
  },
  "CultistMask": {
    "NAME": "Cultist Mask",
    "FLAVOR": "Part of the Flock!",
    "DESCRIPTIONS": [
      "You feel more talkative.",
      "@CAW!@ NL @CAAAW@"
    ]
  },
  "GremlinMask": {
    "NAME": "Tiny Gremlin Mask",
    "FLAVOR": "Time to run.",
    "DESCRIPTIONS": [
      "Start each combat with #b1 #yWeak."
    ]
  },
  "TheAbacus": {
    "NAME": "The Abacus",
    "FLAVOR": "One...Two...Three...Dead!",
    "DESCRIPTIONS": [
      "Gain #b6 #yBlock whenever you shuffle your draw pile."
    ]
  },
  "DollysMirror": {
    "NAME": "Dolly's Mirror",
    "FLAVOR": "\"I look funny in this.\"",
    "DESCRIPTIONS": [
      "Upon pickup, obtain an additional copy of a card in your deck.",
      "Choose 1 Card to Copy."
    ]
  },
  "ClockworkSouvenir": {
    "NAME": "Clockwork Souvenir",
    "FLAVOR": "\"So many intricate gears.\"",
    "DESCRIPTIONS": [
      "At the start of each combat, gain #b1 #yArtifact."
    ]
  },
  "MealTicket": {
    "NAME": "Meal Ticket",
    "FLAVOR": "\"Complimentary meatballs with every visit!\"",
    "DESCRIPTIONS": [
      "Whenever you enter a shop room, heal #b7 HP."
    ]
  },
  "TwistedFunnel": {
    "NAME": "Twisted Funnel",
    "FLAVOR": "\"I wouldn't drink out of it.\"",
    "DESCRIPTIONS": [
      "At the start of each combat, apply #b4 #yPoison to ALL enemies."
    ]
  },
  "HandDrill": {
    "NAME": "Hand Drill",
    "FLAVOR": "\"Spirals are dangerous.\"",
    "DESCRIPTIONS": [
      "Whenever you break an enemy's block, apply #b2 #yVulnerable."
    ]
  },
  "HoveringKite": {
    "NAME": "Hovering Kite",
    "FLAVOR": "The Kite floats around you in battle, propelled by a mysterious force.",
    "DESCRIPTIONS": [
      "Discard #b1 card and gain [G] at the start of each turn."
    ]
  },
  "Sling": {
    "NAME": "Sling of Courage",
    "FLAVOR": "\"A handy tool for dealing with particularly tough opponents.\"",
    "DESCRIPTIONS": [
      "Start each Elite combat with #b",
      " #yStrength."
    ]
  },
  "FrozenCore": {
    "NAME": "Frozen Core",
    "FLAVOR": "The crack in your core has been filled with a pulsating cold energy.",
    "DESCRIPTIONS": [
      "Replaces #rCracked #rCore. If you end your turn with empty Orb slots, #yChannel #b1 #yFrost."
    ]
  },
  "OrangePellets": {
    "NAME": "Orange Pellets",
    "FLAVOR": "\"Made from various fungi found throughout the Spire, they will stave off any affliction.\"",
    "DESCRIPTIONS": [
      "Whenever you play a #yPower, #yAttack and #ySkill in the same turn, remove all of your Debuffs."
    ]
  },
  "WristBlade": {
    "NAME": "Wrist Blade",
    "FLAVOR": "Handy for assassinations.",
    "DESCRIPTIONS": [
      "#yAttack cards that cost #b0 deal #b3 additional damage."
    ]
  },
  "StoneCalendar": {
    "NAME": "Stone Calendar",
    "FLAVOR": "The passage of time is imperceptible in the Spire.",
    "DESCRIPTIONS": [
      "At the end of turn #b",
      ", deal #b",
      " damage to ALL enemies."
    ]
  },
  "Nunchaku": {
    "NAME": "Nunchaku",
    "FLAVOR": "A good training tool. Improves the posture and agility of the wielder.",
    "DESCRIPTIONS": [
      "Every time you play #b",
      " Attacks, gain [R] .",
      " Attacks, gain [G] .",
      " Attacks, gain [B] ."
    ]
  },
  "MawBank": {
    "NAME": "Maw Bank",
    "FLAVOR": "Surprisingly popular, despite maw attacks being a regular occurrence.",
    "DESCRIPTIONS": [
      "Whenever you climb a floor, gain #b5 #yGold. No longer works when you spend any #yGold at the shop.",
      " #yGold. No longer works when you spend any #yGold at the shop."
    ]
  },
  "MutagenicStrength": {
    "NAME": "Mutagenic Strength",
    "FLAVOR": "\"The results seem fleeting, triggering when the subject is in danger.\" - Unknown",
    "DESCRIPTIONS": [
      "Start each combat with #b",
      " #yStrength that is lost at the end of your turn."
    ]
  },
  "Brimstone": {
    "NAME": "Brimstone",
    "FLAVOR": "An enchanted hourglass that endlessly drips.",
    "DESCRIPTIONS": [
      "At the start of your turn, everyone gains #b",
      " #yStrength."
    ]
  },
  "Pocketwatch": {
    "NAME": "Pocketwatch",
    "FLAVOR": "The hands seem stuck on the 3 o'clock position.",
    "DESCRIPTIONS": [
      "Whenever you play #b3 or less cards in a turn, draw #b3 additional cards at the start of your next turn."
    ]
  },
  "PreservedInsect": {
    "NAME": "Preserved Insect",
    "FLAVOR": "The insect seems to create a shrinking aura that targets particularly large enemies.",
    "DESCRIPTIONS": [
      "Enemies in Elite rooms have #b",
      "% less HP."
    ]
  },
  "FossilizedHelix": {
    "NAME": "Fossilized Helix",
    "FLAVOR": "Seemingly indestructible, you wonder what kind of creature this belonged to.",
    "DESCRIPTIONS": [
      "Prevent the first time you would lose HP in combat."
    ]
  },
  "PrismaticShard": {
    "NAME": "Prismatic Shard",
    "FLAVOR": "Looking through the shard, you are able to see entirely new perspectives.",
    "DESCRIPTIONS": [
      "Combat reward screens now contain colorless cards and cards from other colors."
    ]
  },
  "WarpedTongs": {
    "NAME": "Warped Tongs",
    "FLAVOR": "The cursed tongs emit a strong desire to return to where they were stolen from.",
    "DESCRIPTIONS": [
      "At the start of your turn, #yUpgrade a random card in your hand."
    ]
  },
  "WingedGreaves": {
    "NAME": "Winged Greaves",
    "FLAVOR": "Stylish.",
    "DESCRIPTIONS": [
      "You may ignore paths when choosing the next room to travel to #b3 times."
    ]
  }
}