{
  "Dark": {
    "DESCRIPTION": [
      "#y被動： 在你的回合結束時，將這個充能球的傷害增加 #b",
      " 。 NL #y激發： 對生命值最低的敵人造成 #b",
      " 點傷害"
    ],
    "NAME": "黑暗"
  },
  "Empty": {
    "DESCRIPTION": [
      "你可以在這些位置 生成 充能球。"
    ],
    "NAME": "充能球欄位"
  },
  "Frost": {
    "DESCRIPTION": [
      "#y被動： 在你的回合結束時，獲得 #b",
      " 點 #y格擋 。 NL #y激發： 獲得 #b",
      " 點 #y格擋"
    ],
    "NAME": "冰霜"
  },
  "Lightning": {
    "DESCRIPTION": [
      "#y被動： 在你的回合結束時，對一名隨機敵人造成 #b",
      " 點傷害。 NL #y激發： 對一名隨機敵人造成 #b",
      " 點傷害"
    ],
    "NAME": "閃電"
  },
  "Plasma": {
    "DESCRIPTION": [
      "#y被動： 在你的回合開始時，獲得 [B] 。 NL #y激發： 獲得 #b",
      " [B] 。 NL 電漿 充能球不受 #y集中 影響"
    ],
    "NAME": "電漿"
  }
}