{
  "Discard Tip": {
    "TEXT": [
      "如果你的抽牌堆空了，你的棄牌堆將會在洗牌後重新放入抽牌堆 NL NL 點擊這裡可以查看棄牌堆中的牌"
    ],
    "LABEL": [
      "棄牌堆"
    ]
  },
  "Draw Tip": {
    "TEXT": [
      "在每回合的開始，你會從這裡抽 #b",
      " 張牌 NL NL 點擊這裡就會顯示在你抽牌堆中的牌（但在這裡看到的順序是被打亂的，且按稀有度排序）",
      " 張牌 NL NL 點擊這裡就會顯示在你抽牌堆中的牌"
    ],
    "LABEL": [
      "抽牌堆"
    ]
  },
  "End Turn Tip": {
    "TEXT": [
      "按下這個按鈕將會結束你的回合 NL NL 你會把手牌移入棄牌堆，敵人將進行他們的回合，然後你將重新抽",
      "張牌，並開始你的下一回合"
    ],
    "LABEL": [
      "結束回合"
    ]
  },
  "Energy Panel Tip": {
    "TEXT": [
      "你當前的能量。打出卡牌需要能量"
    ],
    "LABEL": [
      "能量"
    ]
  },
  "Energy Tip": {
    "TEXT": [
      "打出卡牌需要能量！ NL 左下角的這個圓球顯示了你當前回合剩餘的能量"
    ],
    "LABEL": [
      "耗能"
    ]
  },
  "Exhaust Tip": {
    "TEXT": [
      "點擊這裡查看所有在本場戰鬥中被 消耗 的牌"
    ],
    "LABEL": [
      "被 消耗 的牌"
    ]
  },
  "FTUE Tips": {
    "TEXT": [],
    "LABEL": [
      "提示：",
      "知道了"
    ]
  },
  "Main Tutorial": {
    "TEXT": [
      "通過打出手中的牌來打敗敵人！ NL NL 每張牌都需要一定的 #y能量 才能打出。 NL 當你的 #y能量 耗盡時，結束你的回合。 NL NL 在你的回合開始時，將會抽取新牌，並恢復 #y能量 。",
      "在敵人將要攻擊你時，打出防禦系的牌來獲得 #y格擋 。 NL NL  #y格擋 可以降低會受到的傷害， NL 但會在你的下一回合開始時 #r消失 。",
      "在你的回合中，你可以在敵人的上方看見他們的 #y意圖 。 NL NL 如果一名敵人將要攻擊你，那可別忘了 #y格擋 一下！"
    ],
    "LABEL": [
      "下一條",
      "我準備好了！",
      "教學",
      "（頁數：",
      "/3）"
    ]
  },
  "Options Tip": {
    "TEXT": [
      "一些遊玩資料和錯誤報告會被發送給製作組，作為平衡的依據 NL NL 任何關於您身份的資訊都不會被收集",
      "本遊戲在全螢幕模式下運行最快。在macOS系統下推薦用這一方式，因為這樣可以隱藏Dock欄和功能表。 NL 註: 在PC上，你可能會無法用Alt-Tab鍵切換到全螢幕模式下的遊戲",
      "因為遊戲使用的系統資源並不多，所以如果你想要經常Alt-Tab的話，我們推薦使用無邊框全螢幕模式。在PC上這一模式最為適合",
      "註：如果打開垂直同步，那麼最高幀數無法超過你螢幕的更新頻率",
      "該螢幕未能完成對控制器的支援"
    ],
    "LABEL": [
      "統計資料",
      "全螢幕",
      "無邊框全螢幕",
      "最大幀數"
    ]
  },
  "Player Tips": {
    "TEXT": [
      "這張牌在打出後將會讓你擁有一種能力。 NL 能力是會在這場戰鬥中持續發揮作用的被動效果。",
      "打出卡牌需要能量！ NL 左下角的這個圓球顯示了你當前回合剩餘的能量。",
      "我的 #r手牌滿了！",
      "充能球欄位已到達 #r上限 。",
      "沒有充能球欄位了。"
    ],
    "LABEL": [
      "能力牌",
      "耗能"
    ]
  },
  "Potion Panel Tip": {
    "TEXT": [
      "將這瓶藥水投擲向敵人。",
      "喝下這瓶藥水。",
      "丟棄這瓶藥水 NL #r（不能撤銷）"
    ],
    "LABEL": [
      "投擲",
      "飲用",
      "丟棄"
    ]
  },
  "Potion Tip": {
    "TEXT": [
      "你可以在戰鬥中投擲或者飲用藥水！ NL 藥水在戰鬥後也會保留在身上。"
    ],
    "LABEL": [
      "藥水"
    ]
  },
  "Random Tips": {
    "TEXT": [
      "和其他玩家一起討論，來發現新鮮和強力的策略吧。",
      "首領戰前必定會有一個休息點。",
      "金幣就要花在商店裡！（本條提示由商人付費顯示）",
      "不要太沉迷，偶爾也要休息。",
      "沒有敵人會連續3回合進行完全相同的行動。",
      "按比例計算的數值最後都會向下取整。",
      "在戰鬥中，你可以隨時查看你抽牌堆和棄牌堆中的牌。",
      "將滑鼠游標懸停在大部分對象上都可以看到有用的情報。",
      "點擊右上角的？，可以打開或關閉提示功能。",
      "在拖動卡牌時，點擊右鍵就可以取消選擇這張牌。",
      "懸停在敵人身上，可以查看他們的名字和能力的信息。",
      "你可以拖動螢幕或用滾輪鍵來滾動畫面。",
      "在可查看的遺物上，你的滑鼠游標會變成放大鏡。",
      "你可以攜帶的遺物數量沒有上限。",
      "寶箱永遠會掉落一件遺物。",
      "不管選擇哪條路線，你都至少能遇到一個財寶房。",
      "在地圖畫面、卡牌畫面和其他畫面，都可以用點擊拖動或滑鼠滾輪來滾動畫面。",
      "精英敵人永遠會掉落一件遺物。",
      "你永遠也不會在一局遊戲中遇見相同的遺物。",
      "稀有度為罕見的卡牌有藍色的邊框和標題橫幅。",
      "稀有度為稀有的卡牌有金色的邊框和標題橫幅。",
      "卡牌的稀有度會顯示在牌上。",
      "有時不在牌組中添加新牌才是明智的選擇。",
      "在戰鬥中消耗的卡牌不會從你的牌組中消失。",
      "你手牌中最多只能持有10張牌。",
      "狀態牌將在戰鬥結束後消失。",
      "詛咒牌不能被升級……你想幹嘛？",
      "在第一階段之後，你有機會在獎勵中見到升級過的牌。",
      "情況不明的房間可能有財寶、怪物、商店或事件。",
      "商人不接受退款，這人怎麼這樣。",
      "卡牌移除服務每次使用都會漲價。",
      "卡牌移除服務在每個商店只能使用一次。",
      "通過藥水、遺物和能力造成的傷害不視為攻擊傷害。",
      "所有在戰鬥中生成隨機卡牌的效果都不會生成可以回復生命的牌"
    ],
    "LABEL": [
      "你可以丟棄藥水來騰出空間拿取新藥水。"
    ]
  },
  "Relic Tip": {
    "TEXT": [
      "在高塔中到處都有可能找到遺物，它們能為你帶來特別的增益效果，並會一直保留到一局遊戲的結束。 NL 遺物的主要獲得方式是打敗強大的敵人或從寶箱中得到。",
      "這件遺物還沒有見過",
      "這件遺物的效果已經用完"
    ],
    "LABEL": [
      "遺物",
      "未知",
      "這件遺物還沒有解鎖",
      "鎖定"
    ]
  },
  "Rewards Tip": {
    "TEXT": [
      "不要忘記你的獎勵！ NL 只要點擊它們就可以獲得了。"
    ],
    "LABEL": [
      "獎勵"
    ]
  },
  "Shop Tip": {
    "TEXT": [
      "從你的牌組中移除一張牌。這項服務在本局遊戲中每使用一次會漲價 #b",
      " 金幣"
    ],
    "LABEL": [
      "卡牌移除服務"
    ]
  },
  "Shuffle Tip": {
    "TEXT": [
      "NL 如果抽牌堆中沒有牌，你的棄牌堆將會在洗牌後重新放入抽牌堆。"
    ],
    "LABEL": [
      "牌打光了？"
    ]
  },
  "Top Panel Tips": {
    "TEXT": [
      "打開遊戲選項 NL NL 在這裡改變你的畫面、音效和戰鬥設定",
      "查看你牌組中的所有卡牌",
      "查看當前階段的地圖",
      "如果你的生命耗盡，就會死亡",
      "這是你現在攜帶的金幣，在高塔中的通行貨幣",
      "每當打敗一名 #y首領 時就會獲得的東西。 NL 會有什麼作用呢……？",
      "每當打敗一名 #y首領 時就會獲得的東西。 NL 將這些給 #y涅奧 來解鎖新物品並在新遊戲中獲得獎勵。",
      "本局遊戲經過的時間"
    ],
    "LABEL": [
      "設定",
      "牌組",
      "地圖",
      "生命值",
      "錢袋",
      "本局計時"
    ]
  }
}