{
  "Accuracy": {
    "NAME": "Celność",
    "DESCRIPTIONS": [
      "#yNoże zadają dodatkowo #b",
      " pkt. obrażeń."
    ]
  },
  "After Image": {
    "NAME": "Powidok",
    "DESCRIPTIONS": [
      "Kiedykolwiek zagrasz kartę, zyskaj #b",
      " pkt. #yBloku."
    ]
  },
  "Amplify": {
    "NAME": "Wzmocnienie",
    "DESCRIPTIONS": [
      "W tej turze, zagraj następną kartę #yMocy dwa razy.",
      "W tej turze, zagraj następnych kart: ",
      " #yMocy dwa razy."
    ]
  },
  "Anger": {
    "NAME": "Wściekłość",
    "DESCRIPTIONS": [
      "Kiedykolwiek zagrasz kartę #yUmiejętności, zyskaj #b",
      " pkt. #ySiły."
    ]
  },
  "Angry": {
    "NAME": "Gniew",
    "DESCRIPTIONS": [
      "Kiedykolwiek ",
      " otrzyma obrażenia od kart #yAtaku, zyskuje #b",
      " pkt. #ySiły."
    ]
  },
  "Artifact": {
    "NAME": "Artefakt",
    "DESCRIPTIONS": [
      "Neguj #b",
      " negatywny efekt.",
      " negatywne efekty."
    ]
  },
  "Attack Burn": {
    "NAME": "Spalenie ataku",
    "DESCRIPTIONS": [
      "Przez kolejną #b",
      " turę, kiedykolwiek zagrasz kartę #yAtaku, #ywyczerpiesz ją.",
      "Przez kolejne #b",
      " tury, kiedykolwiek zagrasz kartę #yAtaku, #ywyczerpiesz ją."
    ]
  },
  "Barricade": {
    "NAME": "Barykada",
    "DESCRIPTIONS": [
      "#yBlok nie przepada z początkiem twojej tury.",
      "#yBlok nie przepada z początkiem tury."
    ]
  },
  "Berserk": {
    "NAME": "Berserk",
    "DESCRIPTIONS": [
      "Jeśli masz poniżej #b50% maksymalnych PŻ, zyskaj ",
      " na początku swojej tury."
    ]
  },
  "Bias": {
    "NAME": "Błąd",
    "DESCRIPTIONS": [
      "Na początku tury, utrać #b",
      " pkt. #ySkupienia."
    ]
  },
  "Blur": {
    "NAME": "Rozmycie",
    "DESCRIPTIONS": [
      "#yBlok nie przepada z początkiem następnej tury.",
      "#yBlok nie przepada z początkiem #b",
      " następnych tur."
    ]
  },
  "Brutality": {
    "NAME": "Bestialstwo",
    "DESCRIPTIONS": [
      "Na początku twojej tury, utrać #b",
      " PŻ i dobierz #b",
      " kartę.",
      "Na początku twojej tury, utrać #b",
      " PŻ i dobierz #b",
      " kart."
    ]
  },
  "Buffer": {
    "NAME": "Bufor",
    "DESCRIPTIONS": [
      "Powstrzymuję następną utratę PŻ.",
      "Powstrzymuje następne utraty PŻ #b",
      " razy."
    ]
  },
  "Bullet Time": {
    "NAME": "Zatrzymanie czasu",
    "DESCRIPTIONS": [
      "Na czas tej tury koszt wszystkich zielonych kart wynosi #b0 pkt. Energii."
    ]
  },
  "Burst": {
    "NAME": "Impuls",
    "DESCRIPTIONS": [
      "W tej turze następna karta #yUmiejętności zostanie zagrana dwukrotnie",
      "W tej turze następne ",
      " karty #yUmiejętności zostaną zagrane dwukrotnie."
    ]
  },
  "Choked": {
    "NAME": "Zadławienie",
    "DESCRIPTIONS": [
      "Traci #b",
      " PŻ za każdą zagraną kartę."
    ]
  },
  "Combust": {
    "NAME": "Samozapłon",
    "DESCRIPTIONS": [
      "Na końcu tury utrać #b",
      " PŻ i zadaj #b",
      " pkt. obrażeń WSZYSTKIM przeciwnikom."
    ]
  },
  "Confusion": {
    "NAME": "Dezorientacja",
    "DESCRIPTIONS": [
      "Koszt każdej dobranej karty jest losowy."
    ]
  },
  "Conserve": {
    "NAME": "Konserwacja",
    "DESCRIPTIONS": [
      "#yEnergia jest zachowywana w tej turze.",
      "#yEnergia jest zachowywana przez następnych tur: #b",
      "."
    ]
  },
  "Constricted": {
    "NAME": "Stłamszenie",
    "DESCRIPTIONS": [
      "Na koniec tury otrzymaj #b",
      " pkt. obrażeń."
    ]
  },
  "Corruption": {
    "NAME": "Zepsucie",
    "DESCRIPTIONS": [
      "Karty #yUmiejętności kosztują #b0 pkt. Energii. Kiedykolwiek zagrasz kartę #yUmiejętności, zostanie ona #ywykluczona.",
      "Kiedykolwiek zagrasz kartę #yUmiejętności, zostanie ona #ywykluczona."
    ]
  },
  "Creative AI": {
    "NAME": "Twórcze AI",
    "DESCRIPTIONS": [
      "Na początku tury, dodaj #b",
      " losową kartę #bMocy do ręki.",
      " random Power cards into your hand."
    ]
  },
  "Curiosity": {
    "NAME": "Ciekawość",
    "DESCRIPTIONS": [
      "Kiedykolwiek zagrasz kartę #yMocy, zyskaj #b",
      " pkt. #ySiły."
    ]
  },
  "Curl Up": {
    "NAME": "Skulenie",
    "DESCRIPTIONS": [
      "Przy przyjęciu obrażeń od #yAtaku, zwija się do pozycji obronnej NL i zyskuje ",
      " pkt. #yBloku (raz na walkę)."
    ]
  },
  "Dance Puppet": {
    "NAME": "Marionetka",
    "DESCRIPTIONS": [
      "Kiedykolwiek zagrasz kartę nie będącą kartą #yUmiejętności, otrzymaj #b",
      " pkt. obrażeń. (typ karty zmienia się co turę)",
      "Kiedykolwiek zagrasz kartę nie będącą kartą #yAtaku, otrzymaj #b",
      "+1 do mocy „Marionetka”"
    ]
  },
  "Dark Embrace": {
    "NAME": "Objęcia mroku",
    "DESCRIPTIONS": [
      "Kiedykolwiek karta zostanie #ywykluczona, dobierz #b1 kartę.",
      "Kiedykolwiek karta zostanie #ywykluczona, dobierz #b",
      " karty."
    ]
  },
  "Demon Form": {
    "NAME": "Demoniczna forma",
    "DESCRIPTIONS": [
      "Z początkiem tury zyskaj #b",
      " pkt. #ySiły."
    ]
  },
  "DexLoss": {
    "NAME": "Dwie lewe ręce",
    "DESCRIPTIONS": [
      "At the end of your turn, lose #b",
      " #yDexterity."
    ]
  },
  "Dexterity": {
    "NAME": "Zręczność",
    "DESCRIPTIONS": [
      "Zwiększa ilość zdobywanych pkt. #yBloku (z kart) o #b",
      "Zmniejsza ilość zdobywanych NL pkt. #yBloku (z kart) o #b",
      "."
    ]
  },
  "Double Damage": {
    "NAME": "Podwójne obrażenia",
    "DESCRIPTIONS": [
      "#yAtak zadaje podwójne obrażenia przez tur: #b",
      ".",
      "."
    ]
  },
  "Double Tap": {
    "NAME": "Dobicie",
    "DESCRIPTIONS": [
      "Podczas tej tury, następna karta #yAtaku zostanie rzucona podwójnie.",
      "Podczas tej tury, następne ",
      " karty #yAtaku zostaną rzucone podwójnie."
    ]
  },
  "Draw": {
    "NAME": "Dobieranie",
    "DESCRIPTIONS": [
      "Dobierz #b",
      " dodatkową kartę na początku każdej tury.",
      " kartę mniej na początku każdej tury.",
      " dodatkowe karty na początku każdej tury.",
      " karty mniej na początku każdej tury."
    ]
  },
  "Draw Card": {
    "NAME": "Dobieranie karty",
    "DESCRIPTIONS": [
      "Dobierz #b",
      " kart w następnej turze.",
      " kartę w następnej turze."
    ]
  },
  "Draw Down": {
    "NAME": "Gorsza ręka",
    "DESCRIPTIONS": [
      "Dobierz o #b",
      " kartę mniej w następnej turze.",
      " kart mniej w następnej turze."
    ]
  },
  "Draw Reduction": {
    "NAME": "Rozsypana talia",
    "DESCRIPTIONS": [
      "Dobierz #b1 kartę mniej w kolejnej turze.",
      "Dobierz #b1 kartę mniej przez #b",
      " kolejnych tur."
    ]
  },
  "Echo Form": {
    "NAME": "Powtarzająca forma",
    "DESCRIPTIONS": [
      "Pierwsza zagrana karta w każdej turze jest zagrywana podwójnie",
      "Pierwsze zagrane karty w każdej turze: #b",
      " są zagrywane podwójnie."
    ]
  },
  "Electro": {
    "NAME": "Elektro",
    "DESCRIPTIONS": [
      "#yGrom zadaje obrażenia WSZYSTKIM przeciwnikom.",
      " NL Jeżeli jest tylko #b1 przeciwnik, #yGrom zadaje obrażenia #b",
      " razy."
    ]
  },
  "Energized": {
    "NAME": "Pobudzenie",
    "DESCRIPTIONS": [
      "Zyskaj #b",
      " dodatkowy pkt. [G] w następnej turze.",
      " dodatkowe pkt. [G] w następnej turze.",
      " - TRANSLATOR NOTE: - The above line is for plural if needed to distinguish from singular."
    ]
  },
  "Entangled": {
    "NAME": "Spętanie",
    "DESCRIPTIONS": [
      "Nie możesz rzucać kart #yAtaku przez jedną turę."
    ]
  },
  "Envenom": {
    "NAME": "Otrucie",
    "DESCRIPTIONS": [
      "Kiedykolwiek zadasz niezablokowane obrażenia #yAtakiem, nałóż #b",
      " pkt. #ytrucizny."
    ]
  },
  "Evolve": {
    "NAME": "Ewolucja",
    "DESCRIPTIONS": [
      "Kiedykolwiek dobierzesz kartę #yStanu, dobierz #b1 kartę.",
      "Kiedykolwiek dobierzesz kartę #yStanu, dobierz kart: #b",
      " ."
    ]
  },
  "Explosive": {
    "NAME": "Wybuchowość",
    "DESCRIPTIONS": [
      "Za tur: #b",
      " , wybuchnie zadając #b",
      " pkt. obrażeń.",
      "Na początku tury, wybuchnie zadając #b"
    ]
  },
  "Extra Cards": {
    "NAME": "Dodatkowe karty",
    "DESCRIPTIONS": [
      "Dobierz #b1 kartę więcej w kolejnej turze.",
      "dobierz #b",
      " kart więcej w kolejnej turze."
    ]
  },
  "Feel No Pain": {
    "NAME": "Niewrażliwość na ból",
    "DESCRIPTIONS": [
      "Kiedykolwiek karta zostanie #ywykluczona, otrzymaj #b",
      " pkt. #yBloku."
    ]
  },
  "Fire Breathing": {
    "NAME": "Ognisty oddech",
    "DESCRIPTIONS": [
      "Na końcu tury, za każdą kartę #yAtaku rzuconą w tej turze zadaj #b",
      " pkt. obrażeń WSZYSTKIM przeciwnikom."
    ]
  },
  "Flame Barrier": {
    "NAME": "Ognista osłona",
    "DESCRIPTIONS": [
      "Kiedykolwiek otrzymasz obrażenia od #yAtaku, zadaj #b",
      " pkt. obrażeń atakującemu."
    ]
  },
  "Flex": {
    "NAME": "Zakwasy",
    "DESCRIPTIONS": [
      "Na końcu tury, utrać #b",
      " pkt. #ySiły."
    ]
  },
  "Flight": {
    "NAME": "W powietrzu",
    "DESCRIPTIONS": [
      "Obrażenia od #yAtaków są zredukowane o #b50%. NL Ruch zostaje anulowany, jeśli stworzenie zostanie #yzaatakowane #b3 razy w czasie tury.",
      " times in one turn."
    ]
  },
  "Focus": {
    "NAME": "Skupienie",
    "DESCRIPTIONS": [
      "Zwiększa efektywność Sfer o #b",
      "Zmniejsza efektywność Sfer o #b",
      "."
    ]
  },
  "Frail": {
    "NAME": "Kruchość",
    "DESCRIPTIONS": [
      "Otrzymaj #b25% mniej #yBloku z kart przez tur: #b",
      ".",
      "."
    ]
  },
  "Gambit": {
    "NAME": "Zagrywka",
    "DESCRIPTIONS": [
      "Po #b",
      " turze, zyskaj ",
      " turach, zyskaj ",
      " [B]."
    ]
  },
  "Generic Strength Up Power": {
    "NAME": "",
    "DESCRIPTIONS": [
      "Pod koniec tury zyska #b",
      " pkt. #ySiły."
    ]
  },
  "GrowthPower": {
    "NAME": "Rośnięcie",
    "DESCRIPTIONS": [
      "Kiedykolwiek rzucisz kartę #yUmiejętności, zadaj ",
      " pkt. obrażeń losowemu przeciwnikowi."
    ]
  },
  "Heatsink": {
    "NAME": "Radiator",
    "DESCRIPTIONS": [
      "Kiedykolwiek zagrasz kartę #bMocy, dobierz karty: #b",
      ".",
      "."
    ]
  },
  "Hello": {
    "NAME": "Hejka",
    "DESCRIPTIONS": [
      "Na początku tury, dodaj losowe zwykłe karty do ręki: #b",
      ".",
      "."
    ]
  },
  "Hex": {
    "NAME": "Przekleństwo",
    "DESCRIPTIONS": [
      "Kiedykolwiek zagrasz kartę nie będącą #yAtakiem, wtasuj #b",
      " karty #yOdurzenia do stosu rozgrywającego."
    ]
  },
  "Hide": {
    "NAME": "Ukrycie",
    "DESCRIPTIONS": [
      "Nie otrzymujesz obrażeń do końca tury.",
      "Nie otrzymujesz obrażeń przez #b",
      " tury."
    ]
  },
  "Infinite Blades": {
    "NAME": "Nieskończone ostrza",
    "DESCRIPTIONS": [
      "Na początku tury, dobierz #b",
      " #yNoże.",
      " #yNóż."
    ]
  },
  "Intangible": {
    "NAME": "Nieuchwytność",
    "DESCRIPTIONS": [
      "Redukuje WSZYSTKIE otrzymywane obrażenia oraz utratę PŻ do #b1 pkt. w tej turze. Efekt jest nakładany ponownie co drugą turę."
    ]
  },
  "IntangiblePlayer": {
    "NAME": "Nieuchwytność",
    "DESCRIPTIONS": [
      "Redukuje WSZYSTKIE otrzymywane obrażenia oraz utratę PŻ do #b1 pkt.."
    ]
  },
  "Inverted": {
    "NAME": "Na opak",
    "DESCRIPTIONS": [
      "Niewrażliwość na obrażenia. Kiedykolwiek zyskujesz pkt. #yBloku, tracisz tyle samo PŻ."
    ]
  },
  "Juggernaut": {
    "NAME": "Kolos",
    "DESCRIPTIONS": [
      "Kiedykolwiek zyskujesz pkt. #yBloku, zadaj #b",
      " pkt. obrażeń losowemu przeciwnikowi."
    ]
  },
  "Knowledge": {
    "NAME": "Wiedza",
    "DESCRIPTIONS": [
      "Kiedykolwiek zagrasz kartę #yMocy, dobierz kart: #b",
      "."
    ]
  },
  "Life Link": {
    "NAME": "Łącze życia",
    "DESCRIPTIONS": [
      "Jeśli inni przeciwnicy żyją, odradza się w ciągu #b2 tur z #b50% PŻ."
    ]
  },
  "Lockon": {
    "NAME": "Namierzenie",
    "DESCRIPTIONS": [
      "Cel dla Sfer #yGromu i #yCiemności przez następne #b",
      " tury.",
      "Cel dla Sfer #yGromu i #yCiemności.",
      " turns."
    ]
  },
  "Loop": {
    "NAME": "Pętla",
    "DESCRIPTIONS": [
      "Na początku tury, użyj pasywnej umiejętności następnej Sfery.",
      "Na początku tury, użyj pasywnych umiejętności następnej Sfery #b",
      " razy."
    ]
  },
  "Machine Learning": {
    "NAME": "Uczenie maszynowe",
    "DESCRIPTIONS": [
      "Dobierz dodatkowe karty na początku tury: #b",
      ".",
      "."
    ]
  },
  "Magnetism": {
    "NAME": "Magnetyzm",
    "DESCRIPTIONS": [
      "Na początku tury, dodaj #b%s losową bezbarwną kartę do ręki.",
      "Na początku tury, dodaj losowe bezbarwne karty do ręki: #b%s ."
    ]
  },
  "Malleable": {
    "NAME": "Podatność",
    "DESCRIPTIONS": [
      "Po otrzymaniu obrażeń od #yAtaku, zyskaj #b",
      " pkt. #yBloku. NL #yBlok zwiększa się, kiedy ",
      " zostaje aktywowana. Wartość wraca do #b",
      " na początku tury."
    ]
  },
  "Metallicize": {
    "NAME": "Przezbrojenie",
    "DESCRIPTIONS": [
      "Zyskaj #b",
      " pkt. #yBloku z końcem tury.",
      "Zyskuje #b",
      " pkt. #yBloku z końcem tury."
    ]
  },
  "Minion": {
    "NAME": "Sługa",
    "DESCRIPTIONS": [
      "Sługusy uciekają, kiedy ich przywódca zginie."
    ]
  },
  "Mode Shift": {
    "NAME": "Zmiana trybu",
    "DESCRIPTIONS": [
      "Po przyjęciu #b",
      " pkt. obrażeń, zmienia tryb na defensywny."
    ]
  },
  "Next Turn Block": {
    "NAME": "Blok w następnej turze",
    "DESCRIPTIONS": [
      "Na początku następnej tury, zyskaj #b",
      " pkt. #yBloku."
    ]
  },
  "Night Terror": {
    "NAME": "Koszmar",
    "DESCRIPTIONS": [
      "Na początku następnej tury dodaj #b",
      " kart(y) do ręki."
    ]
  },
  "No Attack": {
    "NAME": "Bezsilność",
    "DESCRIPTIONS": [
      "Podczas tej tury nie możesz zagrać kart #yAtaku."
    ]
  },
  "No Draw": {
    "NAME": "Zakaz dobierania",
    "DESCRIPTIONS": [
      "Nie możesz dobrać więcej kart do końca tej tury."
    ]
  },
  "Noxious Fumes": {
    "NAME": "Trujące opary",
    "DESCRIPTIONS": [
      "Na początku twojej tury, nałóż NL #b",
      " pkt. #yTrucizny na WSZYSTKICH przeciwników."
    ]
  },
  "Nullify Attack": {
    "NAME": "Pominięcie ataku",
    "DESCRIPTIONS": [
      "Całkowicie #yblokuje jeden #yAtak w każdej turze."
    ]
  },
  "Painful Stabs": {
    "NAME": "Bolesne dźgnięcia",
    "DESCRIPTIONS": [
      "Kiedykolwiek otrzymasz obrażenia od tego przeciwnika, karta #yRan zostanie dodana do stosu odrzuconych."
    ]
  },
  "Panache": {
    "NAME": "Szyk",
    "DESCRIPTIONS": [
      "Kiedy zagrasz #b",
      " kartę więcej w tej turze, zadasz #b",
      " obrażeń WSZYSTKIM przeciwnikom.",
      " kart(y) więcej w tej turze, zadasz #b"
    ]
  },
  "Pen Nib": {
    "NAME": "Stalówka",
    "DESCRIPTIONS": [
      "Twoja następna karta #yAtaku zada podwójne obrażenia."
    ]
  },
  "Phantasmal": {
    "NAME": "Widmo",
    "DESCRIPTIONS": [
      "Zadaj #ypodwójne #yobrażenia w następnej turze.",
      "Zadawaj #ypodwójne #yobrażenia przez następne ",
      " tury."
    ]
  },
  "Plated Armor": {
    "NAME": "Pancerz",
    "DESCRIPTIONS": [
      "Zyskaj #b",
      " pkt. #yBloku na końcu twojej tury. Utrata PŻ w wyniku #yAtaku zmniejsza wartość #yPancerza o #b1.",
      "Zyska #b",
      " pkt. #yBloku na końcu tury. Utrata PŻ w wyniku #yAtaku zmniejsza wartość #yPancerza o #b1."
    ]
  },
  "Poison": {
    "NAME": "Trucizna",
    "DESCRIPTIONS": [
      "Na początku tury utrać #b",
      " PŻ, następnie wartość #yTrucizny zmniejsza się o #b1.",
      "Na początku tury utraci #b"
    ]
  },
  "Prime": {
    "NAME": "Pełnia",
    "DESCRIPTIONS": [
      "Kiedykolwiek #yPrzywołasz Sferę, dobierz kart: #b",
      ".",
      "."
    ]
  },
  "Primitive": {
    "NAME": "Prymityw",
    "DESCRIPTIONS": [
      "Kiedykolwiek zagrasz zwykłą kartę, dobierz kart: #b",
      ".",
      "."
    ]
  },
  "Rage": {
    "NAME": "Szał",
    "DESCRIPTIONS": [
      "Kiedykolwiek podczas tej tury zagrasz kartę #yAtaku, zyskasz #b",
      " pkt. #yBloku."
    ]
  },
  "Rebound": {
    "NAME": "Rykoszet",
    "DESCRIPTIONS": [
      "Następna karta, którą zagrasz w tej turze, zostaje położona na szczycie stosu rozgrywającego.",
      "Następne karty, które zagrasz w tej turze, zostaną położone na szczycie stosu rozgrywającego: #b",
      "."
    ]
  },
  "Reduce Damage": {
    "NAME": "Redukcja obrażeń",
    "DESCRIPTIONS": [
      "Zmniejsz otrzymywane obrażenia o #b"
    ]
  },
  "Regenerate": {
    "NAME": "Regeneracja",
    "DESCRIPTIONS": [
      "Przywraca #b",
      " #yPŻ z końcem tury."
    ]
  },
  "Regeneration": {
    "NAME": "Regeneracja",
    "DESCRIPTIONS": [
      "Przywraca #b",
      " #yPŻ na końcu swojej tury, przez tur: #b",
      "."
    ]
  },
  "Repair": {
    "NAME": "Naprawa",
    "DESCRIPTIONS": [
      "Na końcu potyczki, przywróć #b",
      " PŻ."
    ]
  },
  "Repulse": {
    "NAME": "Odparcie",
    "DESCRIPTIONS": [
      "Kiedykolwiek ",
      " otrzymuje obrażenia od #yAtaku, dodaje #yRanę do twojej ręki."
    ]
  },
  "Retain Cards": {
    "NAME": "Zachowaj karty",
    "DESCRIPTIONS": [
      "Na końcu każdej tury, możesz zachować #b",
      " kartę.",
      " kart(y)."
    ]
  },
  "Retain Hand": {
    "NAME": "Zachowaj rękę",
    "DESCRIPTIONS": [
      "Nie odrzucasz ręki pod koniec tury przez #b",
      " tur.",
      "Nie odrzucasz ręki pod koniec tury."
    ]
  },
  "Riposte": {
    "NAME": "Riposta",
    "DESCRIPTIONS": [
      "Raz na turę zadaj #b",
      " pkt. obrażeń kiedy zagrasz kartę #yAtaku."
    ]
  },
  "Ritual": {
    "NAME": "Rytuał",
    "DESCRIPTIONS": [
      "Pod koniec tury zyska #b",
      " pkt. #ySiły."
    ]
  },
  "Rupture": {
    "NAME": "Rozłam",
    "DESCRIPTIONS": [
      "Po utracie PŻ przez kartę zyskaj #b",
      " pkt. #ySiły."
    ]
  },
  "Sadistic": {
    "NAME": "Sadyzm",
    "DESCRIPTIONS": [
      "Kiedykolwiek nałożysz #ynegatywny #yefekt, zadaj #b",
      " pkt. obrażeń."
    ]
  },
  "Serpentine": {
    "NAME": "Padalec",
    "DESCRIPTIONS": [
      "Niewrażliwość na #ymikstury."
    ]
  },
  "Shackled": {
    "NAME": "Spętanie",
    "DESCRIPTIONS": [
      "Odzyskuje #b",
      " pkt. #ySiły na końcu własnej tury."
    ]
  },
  "Sharp Hide": {
    "NAME": "Kłująca skóra",
    "DESCRIPTIONS": [
      "Kiedykolwiek rzucisz kartę #yAtaku, otrzymasz #b",
      " pkt. obrażeń."
    ]
  },
  "Shriek From Beyond": {
    "NAME": "Krzyk Pogranicza",
    "DESCRIPTIONS": [
      "Kiedykolwiek zagrasz kartę #yAtaku, odrzuć losową kartę."
    ]
  },
  "Skill Burn": {
    "NAME": "Wypalenie umiejętności",
    "DESCRIPTIONS": [
      "Na czas #b",
      " tury, kiedykolwiek zagrasz kartę #yUmiejętności, zostanie ona #ywykluczona.",
      "Na czas kolejnych #b",
      " tur, kiedykolwiek zagrasz kartę #yUmiejętności, zostanie ona #ywykluczona."
    ]
  },
  "Slow": {
    "NAME": "Ślamazarność",
    "DESCRIPTIONS": [
      "Za każdą kartę rzuconą podczas tej tury, ",
      " otrzyma #b10% więcej obrażeń od kart #yAtaku.",
      " (Otrzyma #b",
      "% więcej obrażeń)"
    ]
  },
  "Split": {
    "NAME": "Podział",
    "DESCRIPTIONS": [
      "Kiedy liczba PŻ spadnie poniżej #b50%, podzieli się na #b2 mniejsze stwory w oparciu o obecne PŻ ",
      " ."
    ]
  },
  "Spore Cloud": {
    "NAME": "Chmura zarodników",
    "DESCRIPTIONS": [
      "Gdy zginie, nakłada na ciebie #yWrażliwość na okres #b",
      " tur."
    ]
  },
  "Stasis": {
    "NAME": "Zastój",
    "DESCRIPTIONS": [
      "Przy śmierci, ",
      " wraca do twojej ręki."
    ]
  },
  "StaticDischarge": {
    "NAME": "Elektrostatyczne wyładowanie",
    "DESCRIPTIONS": [
      "Kiedy otrzymasz obrażenia od #yAtaku, #yPrzywołaj #b",
      " Sferę #yGromu."
    ]
  },
  "Storm": {
    "NAME": "Burza",
    "DESCRIPTIONS": [
      "Kiedykolwiek zagrasz kartę #bMocy, #yPrzywołaj #b ",
      " Sferę #yGromu."
    ]
  },
  "Strength": {
    "NAME": "Siła",
    "DESCRIPTIONS": [
      "Zwiększa obrażenia o #b",
      "Zmniejsza obrażenia o #b",
      "."
    ]
  },
  "Thievery": {
    "NAME": "Kieszonkostwo",
    "DESCRIPTIONS": [
      " kradnie #b",
      " szt. #yzłota kiedy atakuje."
    ]
  },
  "Thorns": {
    "NAME": "Ciernie",
    "DESCRIPTIONS": [
      "Przy otrzymywaniu obrażeń zadaje #b",
      " obrażeń atakującemu."
    ]
  },
  "Thousand Cuts": {
    "NAME": "Kara tysiąca cięć",
    "DESCRIPTIONS": [
      "Kiedykolwiek rzucisz kartę, zadaj #b",
      " pkt. obrażeń WSZYSTKIM przeciwnikom."
    ]
  },
  "Time Warp": {
    "NAME": "Zagięcie czasoprzestrzeni",
    "DESCRIPTIONS": [
      "Kiedykolwiek zagrasz #b",
      " kart, twoja tura się zakończy, a Pożeracz Czasu zyska #b",
      " pkt. #ySiły."
    ]
  },
  "Tools Of The Trade": {
    "NAME": "Bogaty arsenał",
    "DESCRIPTIONS": [
      "Na początku tury dobierz #b",
      " kartę i odrzuć #b",
      " kartę.",
      " kart(y) i odrzuć #b",
      " kart(y)."
    ]
  },
  "Unawakened": {
    "NAME": "Sen",
    "DESCRIPTIONS": [
      "Przeciwnik jeszcze się nie obudził..."
    ]
  },
  "Unstable": {
    "NAME": "Niestabilność",
    "DESCRIPTIONS": [
      "Zadaj wystarczającą liczbę obrażeń, aby wytrącić jednostkę z równowagi."
    ]
  },
  "Venomology": {
    "NAME": "Toksynologia",
    "DESCRIPTIONS": [
      "#yTrucizna zwiększa wartość o #b",
      " zamiast osłabiania się."
    ]
  },
  "Vulnerable": {
    "NAME": "Wrażliwość",
    "DESCRIPTIONS": [
      "Otrzymuje #b",
      "% więcej obrażeń od #yAtaków przez tur: #b",
      ".",
      "."
    ]
  },
  "Weakened": {
    "NAME": "Osłabienie",
    "DESCRIPTIONS": [
      "#yAtaki zadają #b",
      "% mniej obrażeń przez tur: #b",
      ".",
      "."
    ]
  },
  "Wraith Form v2": {
    "NAME": "Widmowa forma",
    "DESCRIPTIONS": [
      "Na końcu tury, utrać #b",
      " pkt. #yZwinności."
    ]
  },
  "Equilibrium": {
    "NAME": "Equilibrium",
    "DESCRIPTIONS": [
      "Retain your hand this turn.",
      "Retain your hand for #b",
      " turns."
    ]
  },
  "Shifting": {
    "NAME": "Shifting",
    "DESCRIPTIONS": [
      "Whenever ",
      " takes damage, it loses that much #yStrength until the end of the turn."
    ]
  },
  "Fading": {
    "NAME": "Fading",
    "DESCRIPTIONS": [
      "Dies in #b",
      " turns.",
      "Dies this turn."
    ]
  },
  "EnergizedBlue": {
    "NAME": "Energized",
    "DESCRIPTIONS": [
      "Gain #b",
      " additional [B] next turn.",
      " additional [B] next turn.",
      " - TRANSLATOR NOTE: - The above line is for plural if needed to distinguish from singular."
    ]
  },
  "TimeMazePower": {
    "NAME": "Time Maze",
    "DESCRIPTIONS": [
      "Whenever you play #b",
      " cards, your turn is ended"
    ]
  },
  "NoBlockPower": {
    "NAME": "No Block Power",
    "DESCRIPTIONS": [
      "You cannot gain #yBlock."
    ]
  },
  "Mayhem": {
    "NAME": "Mayhem",
    "DESCRIPTIONS": [
      "At the start of your turn, play the top card of your draw pile.",
      "At the start of your turn, play the top #b",
      " cards of your draw pile."
    ]
  },
  "TheBomb": {
    "NAME": "The Bomb",
    "DESCRIPTIONS": [
      "At the end of %1$s turns, deal %2$s damage to ALL enemies",
      "At the end of this turn, deal %1$s damage to ALL enemies"
    ]
  },
  "CorpseExplosionPower": {
    "NAME": "Corpse Explosion",
    "DESCRIPTIONS": [
      "When this enemy dies, deal damage to ALL enemies equal to its Max HP.",
      "When this enemy dies, deal damage to ALL enemies equal to #b",
      " times its Max HP."
    ]
  }
}