{
  "Accursed Blacksmith": {
    "NAME": "Forgia del Malaugurio",
    "DESCRIPTIONS": [
      "Ti chini, mentre attraversi l'entrata di un capanno. All'interno, trovi una specie di forgia. Gli attrezzi sono impolverati, ma nella fornace il fuoco ruggisce. Ti senti teso...",
      "Decidi di mettere al lavoro la forgia e... NL #y@CLANG@ #y@CLAAANG@ #y@CLANG!@ NL ...potenzi il tuo arsenale!",
      "Decidi di vedere se riesci a trovare qualcosa di utile. Una volta sollevate le vecchie tele cerate e rovistato ovunque trovi una #y~reliquia!~ impolverata! ",
      "Mentre ti accingi a dare gli ultimi ritocchi, le fiamme della forgia ti aggrediscono, #r@bruciando@ #r@e@ #r@lasciando@ #r@cicatrici@ sulle tue braccia...",
      "Dopo aver preso la reliquia, non riesci a scrollarti di dosso una #r~brutta~ #r~sensazione~ mentre lasci il capanno. Forse hai disturbato qualche spirito?",
      "Non sembra esserci nulla di utile. Esci dalla via per cui sei venuto, le fiamme della fornace creano #p~ombre~ #p~inquietanti~ sulle pareti del capanno..."
    ],
    "OPTIONS": [
      "[Forgia] #gPotenzia #guna #gCarta.",
      "[Cerca] #gOttieni #guna #gReliquia. #rVieni #rMaledetto #r- #rDolore.",
      "[Prosegui]",
      "Scegli una Carta da Potenziare",
      "[Bloccata] Richiede: Carte da Potenziare"
    ]
  },
  "Addict": {
    "NAME": "Mendicante Senzatetto",
    "DESCRIPTIONS": [
      "Mentre tenti di sgattaiolare oltre un gruppo di figure incappucciate, uno di loro ti si accosta. NL \"Hai qualcosa per me, amico? Per favore... magari qualche #yMoneta?\"  NL \"Ho solo bisogno di un posto dove stare, ho qualcosa di valore da dare in cambio...\" NL Sembra delirante, ma innocuo.",
      "\"Oh sì, ~sì!~ Tu prendi questo, è uno scambio onesto!\"",
      "Riesci a prendere la preziosa #yreliquia dalle sue mani e andartene. NL Dietro di te senti la sua voce gridare \"Non ti vergogni? ~NON~ ~TI~ ~VERGOOOGNI?!?\"~ Sì, un po' ti #pvergogni."
    ],
    "OPTIONS": [
      "[Offri Oro] #y",
      " #yOro: #gOttieni #guna #gReliquia.",
      "[Bloccato] Richiede: ",
      " Oro.",
      "[Deruba] #gOttieni #guna #gReliquia. #rVieni #rMaledetto #r- #rVergogna.",
      "[Leave]",
      "",
      ""
    ]
  },
  "Back to Basics": {
    "NAME": "Scritture Antiche",
    "DESCRIPTIONS": [
      "Scalando la città, noti una parete coperta da scritture degli #y~Antichi.~ Mentre tenti di capire cosa gli strani simboli e glifi possano significare, questi iniziano a #b~risplendere.~ NL Tutto d'un tratto, il messaggio diventa chiaro...",
      "La risposta era eleganza. NL Ovviamente.",
      "La verità è sempre semplice."
    ],
    "OPTIONS": [
      "[Eleganza] #gRimuovi #guna #gcarta #gdal #gtuo #gmazzo.",
      "[Semplicità] #gPotenzia #gtutti #gi #gColpi #ged #gi #gDifendi.",
      "Scegli una Carta da Rimuovere.",
      "[Esci]"
    ]
  },
  "Beggar": {
    "NAME": "Vecchio Mendicante",
    "DESCRIPTIONS": [
      "Un vecchio mendicante, avvolto in un mantello di pelliccia, allunga una mano verso di te mentre passi. \"Bambino, avresti qualche moneta per me?\"",
      "Il mendicante guarda a terra mentre passi. NL \"Non farai mai la differenza...Non succede mai.\"",
      "Il mendicate rimuove il mantello rivelando di essere un #bChierico! NL @\"Sei@ @una@ @persona@ @d'animo@ @gentile.@ @Lascia@ @che@ @ti@ @purifichi!\"@ grida. NL Non riesci a capire se sia grato o folle.",
      "@\"Spero@ @che@ @riuscirai@ @a@ @fare@ @di@ @meglio@ @questa@ @volta,@ @amico!\"@ grida. NL Domandandoti cosa avesse voluto dire, prosegui oltre."
    ],
    "OPTIONS": [
      "[Offri Oro] #y",
      " #yOro: #gRimuovi #guna #gcarta #gdal #gtuo #gmazzo.",
      "[Bloccata] Richiede: ",
      " Oro.",
      "[Continua]",
      "[Prosegui]",
      "Scegli una Carta da Rimuovere."
    ]
  },
  "Big Fish": {
    "NAME": "L'Esca",
    "DESCRIPTIONS": [
      "Percorrendo un lungo corridoio noti una #ybanana, una #yciambella, ed una #yscatola che ~galleggiano~ a mezz'aria. No... Osservando meglio capisci che sono appesi al soffitto con dei fili. Avvicinandoti, ti sembra di sentire una @risatina@ sommessa provenire dall'alto. NL Cosa vuoi fare?",
      "Mangi la #ybanana. Sembra sia #bmagica oltre che nutriente, visto che ti cura.",
      "Mangi la #yciambella. È ottima! I tuoi PV massimi aumentano.",
      "",
      "Afferri la scatola. All'interno trovi una #yreliquia!",
      " NL Nessuna ciambella per te... NL La ~tristezza~ ti coglie, ma provi soprattutto #rrimorso."
    ],
    "OPTIONS": [
      "[Banana] #gti #gCuri #gdi #g",
      " #gPV.",
      "[Ciambella] #gPV #gmassimi #g+",
      ".",
      "[Scatola] #gOttieni #guna #gReliquia. #rVieni #rMaledetto #r- #rRimorso.",
      "[Esci]"
    ]
  },
  "Bonfire Elementals": {
    "NAME": "Spiriti del Falò",
    "DESCRIPTIONS": [
      "Vedi un gruppo di #pspiritelli #pdel #pfuoco #pviola ~danzare~ intorno a un grande falò. NL ",
      "Gli spiriti lanciano oggettini e piccole ossa nel fuoco, che ~scoppietta~ ~brillando~ ogni volta. NL Quando ti avvicini, gli spiriti ti osservano, come in attesa...",
      "Lanci un'offerta nel fuoco. NL NL ",
      "La tua scelta di immolare una #pMaledizione sembra contrariare gli spiriti... La carta brucia levando un leggero fumo nero. Ottieni... #p~qualcosa~ in cambio.",
      "Non succede nulla... NL Gli spiriti non sembrano più interessati a te. Che delusione...",
      "Le fiamme si fanno di poco più intense. NL Gli spiriti continuano a danzare. Ti senti riscaldare dalla loro presenza... NL Ti #gCuri di #b5 PV.",
      "Le fiamme eruttano, facendosi imponenti! NL Gli spiriti ti danzano intorno, eccitati, riempiendoti con un ~senso~ ~di~ ~calore.~ NL Vieni #gcurato completamente",
      "Le fiamme @esplodono,@ mandandoti quasi a gambe all'aria, mentre il fuoco @raddoppia@ in forza. NL Gli spiriti ti danzano intorno agitati, prima di ~unirsi~ ~in~ ~te,~ riempiendoti di calore e forza. NL Guadagni #b10 PV massimi e vieni #gcurato completamente."
    ],
    "OPTIONS": [
      "[Continua]",
      "[Prosegui]",
      "[Fai un Offerta] Riceverai egual ricompensa.",
      "Scegli una carta da offrire."
    ]
  },
  "Cursed Tome": {
    "NAME": "Tomo Maledetto",
    "DESCRIPTIONS": [
      "In un tempio abbandonato, trovi un libro gigantesco, aperto, pieno zeppo di #p@scritture@ #p@criptiche.@ NL NL Mentre tenti di decifrarle, iniziano a #b~cambiare~ e #b~trasformarsi~ in una lingua che conosci.",
      "Strano. Il libro sembra parlare di un #yAntico chiamato #yNeow. NL NL Questo stuzzica il tuo interesse, ma inizi a sentire un certo #p~malessere.~",
      "L'Antico della Resurrezione, #yNeow, fu esiliato alla base della Guglia. NL NL Vuoi continuare a leggere, ma il tuo corpo inizia a #r~dolere.~",
      "Cercando vendetta, #yNeow benedice gli estranei, sfruttandoli per i suoi scopi. NL NL Inizi a sentirti molto #r~debole~ #r~e~ #r~stanco...~",
      "Chi viene resuscitato da #yNeow ricorda solo frammenti della sua vita passata ed è maledetto a combattere per l'eternità. NL NL Mentre stai per arrivare all'ultima pagina, le tue #r@vecchie@ #r@ferite@ #r@iniziano@ #r@a@ #r@riaprirsi!@",
      "Finito il tomo, decidi di portarlo con te. Con la prova tra le mani, riuscirai a tenere i tuoi ricordi?",
      "Esci, sentendo una #p~energia~ #p~oscura~ #p~emanare~ dal libro sul piedistallo.",
      "Con un incredibile sforzo di volontà, riesci ad eludere la trance del tomo e lo chiudi @SBATTENDOLO@ sul piedistallo. NL Ti giri ed esci dal tempio, sentendoti #b~esausto...~"
    ],
    "OPTIONS": [
      "[Leggi]",
      "[Continua] #rPerdi #r1 #rPV.",
      "[Continua] #rPerdi #r2 #rPV.",
      "[Continua] #rPerdi #r3 #rPV.",
      "[Fermati] #rPerdi #r3 #rPV.",
      "[Raccoglilo] #gPrendi #gil #gLibro. #rPerdi #r",
      " #rPV.",
      "[Prosegui]"
    ]
  },
  "Dead Adventurer": {
    "NAME": "L'Avventuriero Morto",
    "DESCRIPTIONS": [
      "Mentre perquisisci l'avventuriero vieni colto di sorpresa!",
      "Ti allontani in silenzio.",
      "Riverso sul pavimento c'è il #rcadavere #rdi #run #ravventuriero. NL Gli hanno rubato i #bpantaloni! Inoltre, ",
      "sembra che #r@le@ #r@fiamme@ #r@abbiano@ #r@bruciato@ il suo viso e la sua armatura.  ",
      "sembra essere stato #r@impalato@ #@dalle@ #r@corna@ di qualche bestia. ",
      "sembra essere stato #r@sventrato@ #r@e@ #r@fatto@ #r@a@ #r@pezzi@ da qualcosa con enormi artigli. ",
      "NL Anche se i suoi #yaveri #ysembrano #yancora #yintatti, non vuoi rimanere per scoprire cosa sia successo...",
      "Hai trovato #ydell'oro! NL Continui a cercare?",
      "Hmm, non hai trovato nulla... NL Vuoi continuare a cercare?",
      "Hai trovato una #yreliquia! NL Vuoi continuare a cercare?",
      "Ti sembra di aver raccolto tutto ciò che potevi."
    ],
    "OPTIONS": [
      "[Cerca] #gCerca #gBottino. #r",
      "[Ignora]",
      "[Combatti]",
      "[Continua] #gCerca #gBottino. #r",
      "%: #ril #rmostro #rritorna."
    ]
  },
  "Drug Dealer": {
    "NAME": "Potenziatore",
    "DESCRIPTIONS": [
      "Un uomo con una benda su un occhio ed un ghigno diabolico ti si avvicina con nonchalance. NL \"Ehi straniero, ti interesserebbe prendere parte ad un esperimento? Ti renderà più forte di qualsiasi allenamento o benedizione. Ne avrai bisogno se sei uno di quegli eroi che desiderano morire. NL Che ne dici?\" NL ",
      "~\"Eccellente.\"~ NL Ti offre una siringa dall'aspetto pericoloso, piena di un liquido luminoso. Poi torna ad appostarsi al buio, lì vicino.",
      "~\"Stupendo.\"~ NL L'uomo inocula nelle tue vene tre diverse sostanza e tira fuori un taccuino. Mentre cominci a sentirti un po' stralunato, comincia a scribacchiare frenticamente. NL Rinvieni, non sapendo quanto tempo sia passato, ma l'individuo è sparito.",
      "~\"Meraviglioso.\"~ NL Trangugi la sostanza misteriosa. Ti senti subito rinvigorito e senti le fibre dei tuoi muscoli @contrarsi.@"
    ],
    "OPTIONS": [
      "[Prova J.A.X.] #gAssumi #gJAX.",
      "[Diventa una Cavia] #gTrasforma #g3 #gcarte #gcasuali.",
      "[Assumi Mutagene] #gOttieni #guna #greliquia #gspeciale.",
      "[Prosegui]",
      "[Bloccata] Richiede: 3 o più carte nel mazzo.",
      ""
    ]
  },
  "Duplicator": {
    "NAME": "Duplicatore",
    "DESCRIPTIONS": [
      "Di fronte a te c'è un ornato altare, dedicato ad antichi dei.",
      "Ti inchini rispettosamente. Un immagine riflessa compare di fronte all'altare e ti attraversa.",
      "Ignori l'altare, sicuro nelle tue scelte."
    ],
    "OPTIONS": [
      "[Prega] #gDuplica #guna #gcarta #gnel #gtuo #gmazzo.",
      "[Prosegui]",
      "Scegli una Carta da Duplicare."
    ]
  },
  "Falling": {
    "NAME": "Caduta",
    "DESCRIPTIONS": [
      "Saltellando fra un masso sospeso e l'altro, scivoli. NL NL Cadi.",
      "Mentre cadi, consideri le tue opzioni: NL Atterrare sano e salvo affidandoti alle migliori tecniche che conosci. NL Incanalare un Potere per sopravvivere. NL Aggrapparti al muro colpendolo.",
      "Atterri con estrema grazia prima di proseguire.",
      "Raccogliendo la tua energia interiore, riesci ad atterrare senza un graffio.",
      "Riesci ad aggrapparti al muro e con un balzo raggiungi un'altra piattaforma stabile.",
      "Cadi lentamente, come se fossi una piuma, e raggiungi il terreno senza un graffio."
    ],
    "OPTIONS": [
      "[Continua]",
      "[Atterra] #rPerdi ",
      "[Bloccata] Richiede: Carta Abilità",
      "[Incanala] #rPerdi ",
      "[Bloccata] Richiede: Carta Potere",
      "[Colpisci] #rPerdi ",
      "[Bloccata] Richiede: Carta Attacco",
      "[Esci]",
      "[Atterra] "
    ]
  },
  "Forgotten Altar": {
    "NAME": "Altare Dimenticato",
    "DESCRIPTIONS": [
      "Ti trovi di fronte all'altare di una divinità dimenticata. NL Sopra l'altare c'è una statua femminile riccamente ornata che tende le braccia. NL Ti chiama a lei, chiedendo un sacricifio.",
      "Mentre appoggi delicatamente l'idolo sull'altare un vento #bfreddo riempie la stanza. NL Le braccia della statua perdono gradualmente colore e si sbriciolano. NL NL L'#yIdolo #yD'Oro comincia a scolorire ed i suoi occhi si riempono di sangue. NL Il sangue scorre copioso.",
      "Ti metti in piedi sull'altare e ti incidi i polsi. NL Mentre il #rsangue sacrificale fuoriesce, le braccia della statua si avvicinano e ti coprono gli occhi. NL Tutto diventa nero. NL Ti svegli poco dopo, conscio del nuovo potenziale che possiedi.",
      "Ti riscuoti e colpisci la statua distruggendola, infrangendo così la magica ipnosi che la stanza stava esercitando su di te. NL Un lamento oscuro echeggia intorno a te e riesci a sentire la #p~magia~ #p~malefica~ che percorre le tue ossa."
    ],
    "OPTIONS": [
      "[Offri: Idolo D'Oro] #gOttieni #guna #gReliquia #gspeciale. #rPerdi #rIdolo #rDorato.",
      "[Bloccata] Richiede:  Idolo D'Oro.",
      "[Sacrificio] #gOttieni #g",
      " #gPV #gmassimi. #rPerdi #r",
      " #rPV.",
      "[Bloccata] Richiede: Umanità.",
      "[Profana] #rVieni #rMaledetto #r- #rRovina."
    ]
  },
  "Fountain of Cleansing": {
    "NAME": "La Fontana Divina",
    "DESCRIPTIONS": [
      "Davanti a te #b~risplende~ #b~l'acqua~ che fluisce incessantemente da una fontana a muro.",
      "Mentre #b~l'acqua~ ti scorre attraverso, è come se ti liberasse da una #pstretta #pinvisibile.",
      "Diffidando della natura dell'acqua, continui par la tua strada assetato."
    ],
    "OPTIONS": [
      "[Bevi] #gRimuovi #gtutte #gle #gMaledizioni #gdal #gtuo #gmazzo.",
      "[Prosegui]"
    ]
  },
  "Ghosts": {
    "NAME": "Consiglio dei Fantasmi",
    "DESCRIPTIONS": [
      "Mentre ascendi, #p~dense~ #p~nubi~ #p~di~ #p~fumo~ #p~nero~ trasudano dai muri e dal terreno. Cominciano a condensarsi, formando tre figure mascherate che ti parlano. NL NL ~\"Un~ ~altro~ ~fantoccio~ ~di~ #y~Neow~ ~a~ ~quanto~ ~pare.\"~ NL #r@\"DECISAMENTE!@ #r@LE@ #r@SUE@ #r@BAMBOLE@ #r@SONO@ #r@SEMPRE@ #r@ESILARANTI!\"@ NL NL Il terzo ti rivolge un gigantesco sorriso e ti parla. NL \"Ignora gli altri... vorresti provare il nostro #y~potere?\"~ ",
      "",
      "#y\"Eccellente!\" NL Mentre lo spettro ti parla, la sua bocca sembra spalancarsi sempre di più. Ne fuoriesce un #p~denso~ #p~fumo~ #p~nero,~ che avviluppa la stanza. Non vedi nulla e non riesci a respirare... NL NL Appena prima di perdere conoscienza, ti riprendi. NL NL Qualunque cosa fossero, le tre figure sono sparite. Prosegui il tuo cammino, sentendoti stranamente #bsvuotato.",
      "\"Che delusione...\" NL ~\"Ti~ ~unirai~ ~a~ ~noi,~ ~prima~ ~o~ ~poi.\"~ NL #r@\"HA@ #r@HA@ #r@HA@ #r@HAHAHA!\"@ NL NL Le figure svaniscono, ma nelle tue orecchie rimane l'agghiacciante eco di una risata.",
      ""
    ],
    "OPTIONS": [
      "[Accetta] #gRicevi #g5 Spettro. #rPerdi #r",
      "% #rPV #rmassimi.",
      "[Rifiuta]",
      "",
      "",
      "[Prosegui]"
    ]
  },
  "Golden Idol": {
    "NAME": "Idolo Dorato",
    "DESCRIPTIONS": [
      "Di fronte a te c'è un piccolo piedistallo, sul quale uno #ysplendente #yidolo #ydorato ti osserva beffardo. Sembra poter valere molto #yoro. NL NL No, sicuramente non è una trappola!",
      "Afferrata la Reliquia stai per riporla nella tua sacca, ma un macigno sfonda il soffitto e cade proprio dietro di te. NL Il pavimento dev'essere inclinato, visto che l'enorme roccia comincia a rotolare verso di te.",
      "@SCAPPAAAAA!@ NL Per un pelo! Con un balzo entri in un passaggio laterale ed il masso ti rotola accanto. Purtroppo, hai preso una brutta storta.",
      "Ti lanci contro il grosso macigno e lo colpisci con tutta la tua forza. Quando la nuvola di polvere si dissipa, scorgi una via d'uscita.",
      "@APPIATTISCITI!@ NL Il macigno ti schiaccia lievemente passando, ma riesci a scappare.",
      "Se mai il premio \"Trappola più Ovvia\" esistesse, lo vincerebbe questa stanza. NL Sai che è meglio star lonani dagli idoli."
    ],
    "OPTIONS": [
      "[Prendi] #gOttieni #gl' #gIdolo #gDorato. #rFai #rscattare #runa #rtrappola.",
      "[Prosegui]",
      "[Corri] #rVieni #rMaledetto #r- #rLesione.",
      "[Attacca] #rRicevi #r",
      " #rDanni.",
      "[Appiattisciti] #rPerdi #r",
      " #rPV #rmassimi."
    ]
  },
  "Golden Shrine": {
    "NAME": "L'Altare Dorato",
    "DESCRIPTIONS": [
      "Davanti a te c'è un altare intarsiato, dedicato ad un antico spirito.",
      "Mentre la tua mano tocca l'altare, una pioggia #yd'oro scende dal soffitto, ~ricoprendoti.~",
      "Ogni colpo sferrato all'altare libera un rivolo #yd'oro! NL Mentre  ti riempi le tasche, #rqualcosa #rti #rappesantisce.",
      "Ignori l'altare."
    ],
    "OPTIONS": [
      "[Prega] #gGuadagna #g",
      " #gOro.",
      "[Dissacra] #gGuadagna #g275 #gOro. #rVieni #rMaledetto #r- #rRimorso.",
      "[Prosegui]"
    ]
  },
  "Golden Wing": {
    "NAME": "Statua Alata",
    "DESCRIPTIONS": [
      "Tra massi e rocce, noti un'elaborata statua blu arabescata, simile ad un ala. NL #yDell'oro fuoriusce dalle crepe. Forse ce n'è dell'altro...",
      "Credi di aver già sentito parlare di un culto in onore di un uccello gigantesco. Ti inginocchi in preghiera, ma dopo un po' cominci a ~sentirti~ ... ~confuso~ . NL NL Quando ti risvegli, ti senti stranamente più agile.",
      "Raccogliendo le energie, prepari un colpo formidabile. NL La statua va subito in @mille@ @pezzi:@ era #ypiena #yd'oro. Ne raccogli il più possibile prima di rimetterti in cammino.",
      "La presenza della statua ti fa sentire ~a~ ~disagio.~ Prosegui oltre, ignorandola."
    ],
    "OPTIONS": [
      "[Prega] #gRimuovi #guna #gcarta #gdal #gtuo #gmazzo. #rPerdi #r",
      " #rPV.",
      "[Distruggi] #gOttieni #g",
      " #g- #g",
      " #gOro.",
      "[Bloccata] Richiede: Carte con ",
      " o più danni.",
      "[Prosegui]",
      "[Continua]",
      "Scegli una Carta da Rimuovere."
    ]
  },
  "Knowing Skull": {
    "NAME": "Il Teschio Astuto",
    "DESCRIPTIONS": [
      "Ti ritrovi in una antica camera decorata. Al centro della stanza, un grande teschio è posato al disopra di un piedistallo ornato. Mentre ti avvicini, il teschio #g@prende@ #g@fuoco@ e si volta verso di te.",
      "\"COSA È CHE CERCHI? COSA È CHE OFFRI?\" NL In sincronia con le sue ultime parole, la porta dietro di te @si@ @richiude@ @sbattendo.@",
      " NL NL \"QUALCOS'ALTRO?\"",
      " ",
      "\"BEVI\" NL Ottieni una pozione.",
      "\"QUESTO TI POTREBBE AIUTARE?\" NL Ricevi una carta.",
      "\"VOI MORTALI NON CAMBIATE MAI. CHE COSÌ SIA.\" NL #yOro ti piove addosso!",
      "\"DIETRO DI TE, MORTALE.\" NL Dai un occhiata dietro al teschio. Ed, in effetti, c'è una porta."
    ],
    "OPTIONS": [
      "[Continua]",
      " #rPV.",
      "[Informazione?] #gSvela #gil #gBoss. #rPerdi #r",
      "[Successo?] #gRicevi #guna #gCarta #gIncolore #rPerdi #r",
      "[Uno Stimolante?] #gOttieni #guna #gPozione. #rPerdi #r",
      "[Ricchezze?] #gGuadagni #g",
      " #gOro. #rPerdi #r",
      "[L'uscita?] #rPerdi #r",
      "[Esci]"
    ]
  },
  "Lab": {
    "NAME": "Lab",
    "DESCRIPTIONS": [
      "La stanza dove ti trovi è piena di provette, becher, beute, forcipi, matracci, bacchette in vetro, pinze, occhialoni, imbuti, pipette, cilindri e condensatori. C'è anche un raro refrigerante. NL NL C'è da chiedersi come tu faccia a conoscere i nomi di questi strumenti... Non importa. Ti guardi intorno."
    ],
    "OPTIONS": [
      "[Cerca] #gRaccogli #galcune #gPozioni!"
    ]
  },
  "Liars Game": {
    "NAME": "Il Ssssserpente",
    "DESCRIPTIONS": [
      "Ti ritrovi in una stanza con un enorme buco nel pavimento. Mentre ti avvicini, un serpente gigantesco sbuca dall'apertura. NL NL ~\"Ho~ ~hooo!~ ~Salve,~ ~salve!~ ~E~ ~cosa~ ~abbiamo~ ~mai~ ~qui?~ Salve avventuriero, ti farò ora una semplice domanda. NL Non c'è di meglio nella vita che poter #y~comprare~ #y~tutto~ #y~ciò~ #y~che~ #y~vuoi!~ NL Vero?\"",
      "~\"Sssssssssììììì!~ NL ~Pressssto~ ~ne~ ~ssssarà~ ~valsssa~ ~la~ ~pena.~ NL ~..ssSSs.....~ ~ss...~ ~sssss....!\"~",
      "Il serpente ti fissa, con lo sguardo colmo di delusione.",
      "Il serpente solleva la testa al soffitto e rigetta una pioggia #yd'oro! NL È un spettacolo magnifico e terrificante. NL Raccogli tutto #yl'oro, ringrazi il serpente, e ti rimetti in cammino."
    ],
    "OPTIONS": [
      "[Accetta] #gGuadagni #g",
      " #gOro. #rVieni #rMaledetto #r- #rDubbio.",
      "[Rifiuta]",
      "[Continua]",
      "[Esci]"
    ]
  },
  "Living Wall": {
    "NAME": "Muro Vivente",
    "DESCRIPTIONS": [
      "Ti ritrovi in un vicolo cieco, ed appena ti giri una parete @scende@ @repentina@ dall'alto. Sei in trappola! NL NL Nel muro appaiono tre facce che iniziano a parlarti. NL #b\"Dimentica #bciò #bche #bsai, #be #bti #blascerò #bandare.\" NL #p\"Devi #pcambiare #pse #pvuoi #pche #pti #plasci #pavanzare.\" NL #y\"Se #ymi #yvuoi #yoltrepassare, #yallora #ydovrai #ycrescere.\"",
      "Soddisfatte, le mura si sollevano, permettendoti di proseguire."
    ],
    "OPTIONS": [
      "[Dimentica] #gRimuovi #guna #gcarta #gdal #gtuo #gmazzo.",
      "[Cambia] #gTrasforma #guna #gcarta #gnel #gtuo #gmazzo.",
      "[Cresci] #gPotenzia #guna #gcarta #gnel #gtuo #gmazzo.",
      "Scegli una Carta da Rimuovere.",
      "Scegli una Carta da Trasformare.",
      "Scegli una Carta da Potenziare.",
      "[Esci]",
      "[Bloccata] Richiede: Carte Potenziabili"
    ]
  },
  "Masked Bandits": {
    "NAME": "Banditi Mascherati",
    "DESCRIPTIONS": [
      "Hehehe.. Grazie per tutto l' #yOro! NL Oh, amo l' #yOro. È così bello. NL #y~Brillano,~ #y~brillano~ le monetine!",
      "Hey #bOrso, hey! NL Questo tizio ci ha dato tutto il suo #yOro! Che stupido, eh? NL Pensa, ho solamente dovuto chiedere cortesemente. Chi se l'aspettava?! NL Io no di certo! Che stupido!",
      "Banda, facciamoci una bella risata per celebrare questa splendida occasione! NL @Hahaah@ NL @Ho@ @HOH@ ~hoho!~ NL ~Hoh!~",
      "Oh? Sei ancora qui? NL Hai percaso sentito qualcosa? No? Immaginavo. NL #r@*snerk*@ ~...perdente....~ @Hahaha@ ~haaah~",
      "Incontri un gruppo di banditi che indossa grandi #rmaschere #rrosse. NL \"Ehilà, per passare c'è il pedaggio! La ragionevole somma di... @TUTTO@ il tuo #yOro potrà bastare! Heh heh!\""
    ],
    "OPTIONS": [
      "[Paga] #rPerdi #rTUTTO #ril #rtuo #yOro.",
      "[Combatti!]",
      "[Continua]",
      "[Esci]"
    ]
  },
  "Match and Keep!": {
    "NAME": "Abbina e Vinci!",
    "DESCRIPTIONS": [
      "\" #bDodici carte! Forma le coppie per tenerle! #bCinque tentativi, niente bonus. NL Sei pronto? Andiamo!\"",
      "Completi il gioco del gremlin e alzi lo sguardo. NL È sparito?",
      "Un gremlin mescola alcune carte su un tavolo a una velocità folle. Sembra un mostriciattolo inoffensivo, ti avvicini con curiosità."
    ],
    "OPTIONS": [
      "[Continua]",
      "[Prosegui]",
      "[Gioca]",
      "Tentativi disponibili: #y"
    ]
  },
  "Mushrooms": {
    "NAME": "Funghi",
    "DESCRIPTIONS": [
      "Cedi allo strano desiderio di nutrirti. Mentre divori un fungo dopo l'altro, inizi a sentirti inebriato e perdi i sensi. Quando ti svegli, ti senti molto strano. NL Vieni #gCurato del #b25% dei tuoi PV, ma ora sei #rinfetto.",
      "#r@È@ #r@un'imboscata!!@ NL Alcuni roditori infettati dai funghi compaiono dal nulla!",
      "Entri in un corridoio pieno di #b~funghi~ #b~dai~ #b~colori~ #b~ipnotici.~ NL Purtroppo, non avendo una laurea in micologia non ne riconosci la specie. NL Vorresti fuggire, ma vieni colto dallo strano desiderio di mangiare i #b~funghi...~"
    ],
    "OPTIONS": [
      "[Calpesta] #rIrrita #ri #rFunghi.",
      "[Mangia] #gti #gCuri #gdi #g",
      " #gPV. #rVieni #rMaledetto #r- #rParassita.",
      "[Combatti]",
      "[Esci]"
    ]
  },
  "Mysterious Sphere": {
    "NAME": "Sfera Misteriosa",
    "DESCRIPTIONS": [
      "Dal terreno dissestato che ti circonda spunta una sfera d'ossa in cui è incastonato un oggetto luminoso. NL La curiosità non ti impedisce di notare alcune sentinelle di guardia. ",
      "Appena colpisci la sfera le sentinelle prendono vita e ti circondano!",
      "Forse è meglio non essere avidi..."
    ],
    "OPTIONS": [
      "[Apri la Sfera] #rCombatti. #gRicompensa: #gReliquia #gRara.",
      "[Ignora]",
      "[Combatti]"
    ]
  },
  "N'loth": {
    "NAME": "N'loth",
    "DESCRIPTIONS": [
      "Una strana creatura con una gobba da cui spuntano alcuni tentacoli è intenta a rovistare in una pila di detriti e spazzatura. Mentre ti avvicini, si trascina verso di te docilmente. NL \"N'loth fame. Sfama N'loth.\"",
      "Gli porgi la #yreliquia e i tentacoli di N’loth te la tolgono subito di mano. La creatura disloca quindi la mandibola ed ingoia l'offerta in un sol boccone. NL Ti rivolge un gran sorriso, irto di denti aguzzi, mentre altri tentacoli sbucano dal suo mantello. Sono avvolti intorno ad una scatola dall'aspetto incredibilmente pulito. N'loth la spinge verso di te con zelo, finché non la prendi.",
      "Scuoti la testa. N'loth si ingobbisce ancora di più e, sospirando, striscia via."
    ],
    "OPTIONS": [
      "[Offri: ",
      "] #rLa #rPerdi, #g #gOttieni #gun #gDono.",
      "[Prosegui]"
    ]
  },
  "Proceed Screen": {
    "DESCRIPTIONS": [
      "[Continua]"
    ]
  },
  "Purifier": {
    "NAME": "Purificatore",
    "DESCRIPTIONS": [
      "Di fronte a te c'è un altare arabescato, dedicato ad un antico spirito.",
      "Mentre ti inginocchi in adorazione, senti un peso sollevarsi dalle tue spalle.",
      "Ignori l'altare."
    ],
    "OPTIONS": [
      "[Prega] #gRimuovi #guna #gcarta #gdal #gtuo #gmazzo.",
      "[Prosegui]",
      "Scegli una Carta da Rimuovere."
    ]
  },
  "Scrap Ooze": {
    "NAME": "Melma e Metallo",
    "DESCRIPTIONS": [
      "Entrando in una stanza, senti un ~gorgoglio~ ed uno @stridio@ metallico. Al centro, c'è una creatura di melma che ha ingerito decisamente troppi rottami. Dal suo interno balugina una strana luce. È forse qualcosa di magico? Ti sembra di poter afferrare un #ytesoro se solo allunghi la mano... dentro la creatura. Purtroppo la melma e gli oggetti taglienti sono #rpericolosi.",
      "#r@Ouch!@ NL Tutto ciò che riesci ad afferrare sono pezzi di metallo corroso e #r@dolore.@ NL Sei convinito in ogni caso che sia una #yreliquia...",
      "#gSuccesso! NL Dopo aver rovistato tra i pezzi di lamiera nella melma corrosiva, riesci finalmente ad afferrare una #yreliquia e a tirarla fuori. NL Ti allontani dalla melma #rferito ma ricompensato.",
      "Decidi di andartene dalla stanza. NL La melma, sazia e soddisfatta, non ti nota affatto."
    ],
    "OPTIONS": [
      "[Cerca] #rPerdi #r",
      " #rPV. #g",
      "%: #gRaccogli #guna #gReliquia.",
      "[Prosegui]",
      "[Più a Fondo] #rPerdi #r"
    ]
  },
  "SecretPortal": {
    "NAME": "Portale Segreto",
    "DESCRIPTIONS": [
      "Hai davanti qualcosa che sembra fuori posto nel paesaggio alieno che ti circonda. Stranamente, fra le pareti viventi dell'Aldilà è incastonato un portale di pietra, la cui soglia è ostruita da un #p~turbine~ #p~magico.~ NL Non vedi dove questo portale conduca, ma credi possa velocizzare la tua scalata attraverso la Guglia.",
      "Mentre attraversi il portale, tempo e spazio perdono significato. NL NL Mentre cerchi di capire dove sei, comprendi di avere di fronte una terribile battaglia.",
      "Riflettendoci, pensi sia meglio affrontare i pericoli della Guglia con pazienza e prepararti. Ignori il portale e prosegui."
    ],
    "OPTIONS": [
      "[Nel Portale] Raggiungi SUBITO il boss.",
      "[Prosegui]"
    ]
  },
  "SensoryStone": {
    "NAME": "Pietra Sensoriale",
    "DESCRIPTIONS": [
      "Attraversando l'Aldilà, trovi un #bipercubo #bquadrimensionale, #bincandescente. NL L'entità @rotea@ e ~trasmuta~ placidamente a mezz'aria.",
      "Tocchi l'oggetto. NL NL Un #r@acuto@ #r@dolore@ ti percorre ed antiche memorie baluginano nella tua mente. NL ...ma memorie di chi?",
      "#r~PAURA.~ NL NL Un essere demoniaco ti sovrasta, torreggiante, spalanca le ali e leva una lunga risata ululante. I corpi dei caduti della tribù ti circondano, il villaggio è avvolto da terrificanti #p~fiamme~ #p~oscure.~ NL NL Il demone grida, beffardo. NL NL \" #r@SEI@ #r@DAVVERO@ #r@TU@ #r@IL@ #r@PIÙ@ #r@FORTE@ #r@ORA!@ #r@Haha..@ #r@HEHE...@ #r@HAHAHAAAAH!!@ \" NL NL La risata riecheggia, in eterno... ",
      "#g~TRIONFO.~ NL NL Nella luce lunare i resti quasi invisibili di una #p~creatura~ #p~spettrale~ sprofondano lentamente nel fango. Hai provato il tuo valore alle tue sorelle. NL NL Vittoriosa, attendi in silenzio, mentre le altre completano la cerimonia e ti coronano col #yteschio #ydella #ycreatura. Il rituale è concluso. NL NL Ti dirigi verso la Guglia...",
      "#b~CONFUSIONE.~ [OBIETTIVO] #gNECESSARIO #gEQUILIBRIO NL #y[DEFINISCI] #gEQUILIBRIO NL #y[ERRORRE] #gEQUILIBRIO #gASSENTE NL #y[DEFINISCI] #gEQUILIBRIO NL #y[ERRORE] #gEQUILIBRIO #gASSENTE NL #y[ATTENZIONE] #rMassa #rcritica #rin #ravvicinamento. NL NL ~\"Io...~ ~...sono~ ~...Neow..\"~"
    ],
    "OPTIONS": [
      "[Ricorda] #gAggiungi #g1 #gCarta #gIncolore #gal #gmazzo",
      "[Ricorda] #gAggiungi #g2 #gCarte #gIncolori #gal #gmazzo. #rPerdi #r",
      "[Ricorda] #gAggiungi #g3 #gCarte #gIncolori #gal #gmazzo. #rPerdi #r",
      " #rPV.",
      "[Prosegui]",
      "[Interagisci]"
    ]
  },
  "Shining Light": {
    "NAME": "Luce Intensa",
    "DESCRIPTIONS": [
      "Al centro di una stanza brilla una #ymassa #ydi #yluce. NL NL Il suo ~bagliore~ ~caldo~ ed i suoi ~incantevoli~ ~arabeschi~ sono estremamente invitanti.",
      "Mentre attraversi la stanza, senti che la luce penetra nel tuo corpo. NL È un #r@calore@ #r@insopportabile!@ In ogni caso, il dolore svanisce subito. NL Ti senti #brinvigorito, come se avessi ricevuto uno schiaffo meritato.",
      "Aggiri la massa luminosa, immaginando cosa sarebbe successo se l'avessi attraversata."
    ],
    "OPTIONS": [
      "[Entra] #gPotenzia #g2 #gcarte #gcasuali. #rPerdi #r",
      " #rPV.",
      "[Prosegui]",
      "[Bloccata] Richiede: Carte Potenziabili"
    ]
  },
  "Spire Heart": {
    "NAME": "Il cuore della Guglia",
    "DESCRIPTIONS": [
      "@Tu-tum...@  @Tum-tum...@  @Tu-tum...@  NL Una pulsante sensazione di profondo terrore riempe la stanza... NL Quindi è questo il #r~cuore~ della Guglia? La fonte di questa malvagità?",
      "Riesci a infliggere #b",
      " danni! NL Il cuore si #r@contorce@ e #r~sanguina...~ Ma continua comunque a battere. NL Che neanche I tuoi attacchi più potenti siano abbastanza?",
      "Ti domandi: ~\"Sono~ ~forse~ ~già~ ~stato~ ~qui?\"~ NL Pensi di aver raggiunto un totale di #b",
      " danni inflitti al cuore.",
      " NL Un totale di #b",
      " danni sono stati inflitti da tutti coloro che lo hanno sfidato.",
      " NL Il palpito del cuore si fa sempre più forte, mentre la tua #y~mente~ #y~si~ #y~annebbia...~",
      "NL Prepari la tua lama...",
      "NL Prepari i tuoi pugnali...",
      "NL Carichi al massimo la tua energia..."
    ],
    "OPTIONS": [
      "[Continua]",
      "[Attacca] #b???",
      "[Dormi]"
    ]
  },
  "The Cleric": {
    "NAME": "Il Chierico",
    "DESCRIPTIONS": [
      "Uno stravagante uomo blu dall'elmo dorato ti si avvicina con un ampio sorriso. NL @\"Salve@ @amico!@ Io #bChierico! Serve aiuto?!\" urla la creatura.",
      "Una calda luce dorata ti avvolge, poi si disperde subito. NL La creatura ti sorride. \"Chierico migliore curatore! @Buona@ @giornata!\"@",
      "Una fredda fiamma bluastra ti avvolge, disperdendosi subito. NL La creatura ti sorride. \"Abile Chierico! @Buona@ @giornata!\"@",
      "Questo #b\"Chierico\" non ti sembra molto affidabile, perciò decidi di andartene."
    ],
    "OPTIONS": [
      "[Cura] #y35 #yOro: #gti #gCuri #gdi #g",
      "[Bloccata] Richiede: ",
      " Oro.",
      "[Purifica] #y",
      " #yOro: #gRimuovi #guna #gcarta #gdal #gtuo #gmazzo",
      "[Bloccata] Richiede: 50 Oro.",
      "[Prosegui]",
      "Scegli una Carta da Rimuovere.",
      " #gPV."
    ]
  },
  "The Joust": {
    "NAME": "La Giostra",
    "DESCRIPTIONS": [
      "Mentre procedi fra gli immensi palazzi il tuo cammino viene bloccato da due cavalieri che si fronteggiano, ai lati opposti di uno stretto ponte. Ti avvicini... NL @\"Alt!\"@ NL NL Uno dei cavalieri ti intima di fermarti, puntandoti contro la sua lancia oblunga.",
      "\"Oggi è il giorno in cui regolarò i conti con #rl'assassino del mio amato animaletto #yNoodles. Fino ad allora, non potrà passare. NL NL Signore e testimone, perchè non #bscommette su chi pensa sarà vincitore?\"",
      "\"Non posso credere che voglia scommentere contro #yNoodles!\" NL NL Furibondo, abbassa la visiera dell'elmo e si scaglia contro la sua nemesi.",
      "\"Dammi la forza, #yNoodles!\" NL NL Abbassata la visiera dell'elmo, il cavaliere inizia a caricare.",
      "NL #y@*CRASH!!!*@ #r@*KLAAAANG!*@ NL NL #g@*POW!*@",
      "Noodles è stato vendicato. NL NL ",
      "Il padrone è morto. NL NL ",
      "Hai #gvinto la scomessa. Non sapendo che pensare, prendi #yl'oro e te ne vai.",
      "Hai #rperso la scomessa, ma perlomeno non sei stato impalato da una lancia."
    ],
    "OPTIONS": [
      "[Continua]",
      "[Assassino] #yScommetti #y",
      " #yOro - #g70%: #gvinci #g",
      " #gOro.",
      "[Padrone] #yScommetti #y",
      " #yOro - #g30%: #gvinci #g",
      "[Osserva]",
      "[Esci]"
    ]
  },
  "The Library": {
    "NAME": "La Biblioteca",
    "DESCRIPTIONS": [
      "Ti trovi davanti a quello che sembra un edificio abbandonato. NL Noti che per terra c'è una placca rimossa da un muro, che recita NL #b\"LA #bBIBLIOTECA\". NL All'interno dell'edificio trovi una quantità infinita di pergamene, NL libri e manoscritti. NL Prendi in mano un volume e ti siedi su una poltrona, concedendoti una pausa.",
      "Leggere è da idioti. NL Decidi di riposare un po' sulla poltrona. NL ~Zzz...~ ~zzz...~ ~..Zz....~ NL Quando ti risvegli, sei pieno d'energia.",
      "La storia parla di una ragazzina che riesce a controllare gli insetti ed aspira a diventare un'eroina. Il libro è pieno di spunti creativi sull'uso di poteri, di strategia e di nuove prospettive. NL Una lettura soddisfacente.",
      "La storia racconta di un uomo in viaggio tra le stelle, che si è ritrovato bloccato su un pianeta desolato. Grazie ad ingegno, fortuna, perseveranza e all'umorismo necessario per rimanere sano di mente riesce infinine a tornare a casa. NL Affascinante.",
      "La storia è ambientata in un gigantesco edificio sotterraneo, completamente isolato dal mondo post-apocalittico all'esterno. La trama è ricca di complotti, propaganda ed ingiustizie. Ti trovi a domandarti se dinamiche simili animino la Guglia. NL Inquietante."
    ],
    "OPTIONS": [
      "[Leggi] #gScegli #g1 #gcarta #gfra #g20 #gda #gaggiungere #gal #gmazzo.",
      "[Dormi] #gTi #gCuri #gdi #g",
      " #gPV.",
      "[Esci]",
      "Scegli una carta da aggiungere al mazzo."
    ]
  },
  "The Mausoleum": {
    "NAME": "Il Mausoleo",
    "DESCRIPTIONS": [
      "Mentre ti avventuri fra numerose file di tombe, ti trovi davanti un grande sarcofago, ~tempestato~ ~di~ ~gemme,~ posto al centro di una stanza rotonda. NL Non riesci a decifrare le incisioni che lo ricoprono, ma noti che una #p~coltre~ #p~di~ #p~fumo~ #p~nero~ trapela da sotto al coperchio.",
      "Apri la bara. Mentre sollevi il coperchio, il #p~fumo~ #p~nero~ ne fuoriesce, saturando l'aria dell'intera stanza! All'interno non ci sono cadeveri, solo una #y~reliquia.~ La prendi ed ti rimetti in cammino, #r@tossendo@ #r@violentemente.@",
      "Apri la bara. La nebbia si dissipa senza causare problemi. All'interno del sarcofago trovi i resti di un soldato in alta uniforme che tiene tra le mani un'antica #yreliquia. La raccogli e ti rimetti in cammino.",
      "Decidi di continuare per la tua strada, lasciando che i morti di ere passate riposino indisturbati."
    ],
    "OPTIONS": [
      "[Scoperchia] #gTrova #guna #gReliquia. #r",
      "%: #rVieni #rMaledetto: #rConvulsioni.",
      "[Prosegui]"
    ]
  },
  "The Moai Head": {
    "NAME": "Il Moai",
    "DESCRIPTIONS": [
      "Incappi in qualcosa che sembra *davvero* fuori posto. Di fronte a te, una gigantesca testa di pietra sbuca fuori da un segmento di muro che non cambia forma come il resto del paesaggio. NL La bocca spalancata della statua rivela grossi denti macchiati di sangue. La sua superficie è disseminata di pittogrammi, che sembrano idicare come alcuni si gettassero nelle fauci della statua, venendone divorati. Chi potrebbe volere una cosa simile?",
      "Dapprima, non accade nulla. Sei nella bocca della statua e ti senti abbastanza sciocco, quando gli immensi molari precipitano serrandosi e ti schiacciano. NL @L'Oscurità@ @Avvolge@ @Tutto.@ NL Dopo un po', una lama di luce squarcia le tenebre e un forte rumore annuncia l'apertura dell'ingresso, mentre i denti di pietra si sollevano. NL NL NL Prosegui, confuso.",
      "Sobbalzi indietreggiando un po', mentre i molari giganti riducono l'idolo in polvere schiacciandolo. Quando si sollevano, un fiume #yd'oro si riversa in un torrente dall'apertura, ricoprendoti.",
      "Mentre te ne vai, ti chiedi cosa sarebbe accaduto se..."
    ],
    "OPTIONS": [
      "[Salta all'Interno] #gCurati #gdel #gtutto. #rPerdi #r",
      " #rPV #rMassimi",
      "[Offri: Idolo Dorato] #gGuadagni #g333 #gOro. #rPerdi #rl'Idolo #rDorato.",
      "[Bloccata] Richiede: Idolo Dorato.",
      "[Prosegui]"
    ]
  },
  "The Woman in Blue": {
    "NAME": "La Donna in Blu",
    "DESCRIPTIONS": [
      "Dalle tenebre, un braccio ti strattona dentro un piccolo negozio. Mentre i tuoi occhi si adattano al cambio di luce, riesci ad intravedere una donna pallida con un abilito di colore acceso che ti indica un muro pieno di pozioni. NL \"Compra una pozione. Ora!\" ti intima.",
      "\"Ottimo. Ora vattene.\" NL Esci dal negozio con cautela.",
      "#r@SBAM@ NL Un pugno avvolto in un guanto ti colpisce la faccia, facendoti quasi cadere a terra. NL \"Esci subito, prima che inizi a spargere le tue budella sul pavimento.\" Non dubitando delle intenzioni della donna esci dal negozio, con gli organi ancora al loro posto."
    ],
    "OPTIONS": [
      "[Compra 1 Pozione] #y",
      "[Compra 2 Pozioni] #y",
      "[Compra 3 Pozioni] #y",
      " #yOro.",
      "[Prosegui]",
      "[Prosegui] #rRicevi #r",
      " #rDanni."
    ]
  },
  "Thinking with Puddles": {
    "NAME": "Riflesso nell'Acqua",
    "DESCRIPTIONS": [
      "Metti piede in una pozza scintillante... e riappari sospeso a mezz'aria vicino al soffitto della stanza! NL Mentre cadi, rifletti sul da farsi.",
      "Agiti le braccia terrorizato e usi tutti i trucchi che conosci per salvarti. Sorprendentemente, cadi ancora nella pozza... e ancora... e ancora... e ancora. Passano giorni prima che tu riesca a capire come uscirne. Imbarazzante.",
      "Ti prepari all'impatto della caduta, ma non esiste un buon modo per atterrare in questa situazione assurda. @THUD@ NL NL ...rimani steso per un po', imprecando contro le pozzanghere, magiche e non."
    ],
    "OPTIONS": [
      "[Inzaccherato] #rPerdi #runa #rcarta #rRara #rcasuale.",
      "[Cadi di Faccia] #rRicevi #r",
      " #rdanni. #rVieni #rMaledetto #r- #rLesione.",
      "[Esci]"
    ]
  },
  "Tomb of Lord Red Mask": {
    "NAME": "Tomba di Lord Red Mask",
    "DESCRIPTIONS": [
      "Scorgi una tomba regale alla fine di un sentiero levitante. La raggiungi e noti una fessura per introdurre #yoro con un'iscrizione intagliata sopra.",
      "Indossi la maschera e l'intera struttura comincia a ~sfaldarsi~ ~scomparendo...~ un passaggio segreto! NL NL La via è seminata di oggetti rubati e montagne #yd'oro!",
      "Un'apertura compare nel muro della tomba e ne sbuca fuori una maschera rossa con una nota. \"Prendi agli altri come io ho preso a te!\""
    ],
    "OPTIONS": [
      "[Indossa la Maschera Rossa] #gGuadagni #g222 #gOro.",
      "[Bloccata] Richiede: Maschera Rossa.",
      "[Offri: ",
      " Oro] #rPerdi #rtutto #rl'Oro. #gOttieni #guna #gReliquia.",
      "[Prosegui]"
    ]
  },
  "Transmorgrifier": {
    "NAME": "Trasmodificatore",
    "DESCRIPTIONS": [
      "Davanti a te c'è uno strano altare, dedicato ad un antico spirito.",
      "Mentre il potere dell'altare ti attraversa, i tuoi pensieri si ristrutturano.",
      "Ignori l'altare."
    ],
    "OPTIONS": [
      "[Prega] #gTrasforma #guna #gcarta.",
      "[Prosegui]",
      "Scegli una Carta da Trasformare."
    ]
  },
  "Upgrade Shrine": {
    "NAME": "Upgrade Shrine",
    "DESCRIPTIONS": [
      "Davanti a te c'è un elaborato altare, dedicato ad un antico spirito.",
      "L'energia dell'altare ti pervade, rendendoti più forte.",
      "Ignori l'altare."
    ],
    "OPTIONS": [
      "[Prega] #gPotenzia #guna #gcarta.",
      "[Prosegui]",
      "Scegli una Carta da Potenziare.",
      "[Bloccata] Richiede: Carte da Potenziare"
    ]
  },
  "Vampires": {
    "NAME": "Vampiri(?)",
    "DESCRIPTIONS": [
      "Ti imbatti in alcune figure incappuciate intente ad eseguire un rito oscuro in un vicolo buio. Mentre ti avvicini, si girano verso di te. Il più alto mostra gli affilati canini, porgendo una mano pallida ed affusolata. NL ~\"Unisciti~ ~a~ ~noi~ ~fratello,~ ~e~ ~accetta~ ~il~ ~calore~ ~della~ ~Guglia.\"~",
      "Ti imbatti in alcune figure incappuciate intente ad eseguire un rito oscuro in un vicolo buio. Mentre ti avvicini, si girano verso di te. Il più alto mostra gli affilati canini, porgendo una mano pallida ed affusolata. NL ~\"Unisciti~ ~a~ ~noi~ ~sorella,~ ~e~ ~accetta~ ~il~ ~calore~ ~della~ ~Guglia.\"~",
      "L'alta figura ti afferra, ti trascina a sè ed affonda le zanne nel tuo collo. Una @forza@ @oscura@ si riversa in te e ti @scorre@ nel corpo. NL ... NL Ti svegli dopo qualche tempo, solo. Una ~fame~ intensa ti attraversa. #rDevi #rnutrirti..",
      "Indietreggi e sollevi l'arma con disprezzo. L'alta figura sospira. \"D'accordo allora.\" Il gruppo si trasforma in una densa nebbia nera che si allontana. NL Sei di nuovo solo.",
      "La pallide figure sussultano quando tiri fuori la #yFiala #ydi #ySangue NL ~\"Il~ ~sangue~ ~del~ ~maestro...~ ~il~ ~sangue~ ~del~ ~maestro!~ @IL@ @SANGUE@ @DEL@ @MAESTRO!\"@ NL Iniziano a cantare con fervore mentre il più alto si inchina a te. \" Bevi il Suo sangue, e diventa uno con #y~Lui.\"~ NL Il canto aumenta di volume, e decidi di bere dalla fiala. La tua vista si ~annebbia~ immediatamente e tutto diventa nero. NL NL Quando ti svegli sei completamente solo. Un'intensa ~fame~ ti tormenta. #rDevi #rnutrirti.",
      "Ti imbatti in alcune figure incappuciate intente ad eseguire un rito oscuro in un vicolo buio. Mentre ti avvicini, si girano verso di te. Il più alto mostra gli affilati canini, porgendo una mano pallida ed affusolata. NL ~\"Unisciti~ ~a~ ~noi~ ~anima~ ~infranta,~ ~e~ ~senti~ ~il~ ~calore~ ~della~ ~Guglia.\"~"
    ],
    "OPTIONS": [
      "[Accetta] #gRimuovi #gi Colpi, #gRicevi #g5 Morsi. #rPerdi #ril #r",
      "% #rMAX #rPV.",
      "[Rifiuta]",
      "[Perdi ",
      "] #gRimuovi #gi Colpi #ged #gRicevi #g5 Morsi.",
      "[Prosegui]"
    ]
  },
  "Wheel of Change": {
    "NAME": "Ruota del Cambiamento",
    "DESCRIPTIONS": [
      "Incontri un goblin allegro e molto elegante. NL \"È tempo di girare la ruota! Sei ~P~ ~R~ ~O~ ~N~ ~T~ ~O~ ~?~ Certo che sì!\"",
      "\"Vinci #ydell'ORO! NL YAY!!!\"",
      "\"Ah, un #gregalo! NL Fanne buon uso!\"",
      "\"Oooh, #gCura gratuita in arrivo!\"",
      "\"A quanto pare hai vinto una #pMaledizione! NL Peccato. NL Oh beh! Andrà meglio la prossima volta!\"",
      "\"Ohh, il potere #r~oscuro...~ NL Scegli una carta da rimuovere dal mazzo!\"",
      "\"Oh-oh! NL Hai perso!\" NL Noti che prende un pugnale...",
      "Attacchi il gremlin impazzito, ma è troppo rapido! Alcuni fendenti ti raggiungono. NL \"Il prezzo è stato pagato!!\" NL E con ciò, gremlin e ruota spariscono in una nuvola di fumo."
    ],
    "OPTIONS": [
      "[Gioca]",
      "[Premio!] YAY!!!!",
      "[Premio!] #gOttieni #guna #gReliquia.",
      "[Premio!] #gTi #gCuri #gdel #gTutto.",
      "[Premio?] #rMaledizione #r- #rRovina.",
      "[Premio!] #gRimuovi #guna #gcarta #gdal #gtuo #gmazzo.",
      "[Premio?] #rPerdi #r",
      " #rPV.",
      "[Esci]",
      "Scegli una Carta da Rimuovere."
    ]
  },
  "Winding Halls": {
    "NAME": "Vie Tortuose",
    "DESCRIPTIONS": [
      "Avanzi a rilento, ma ti perdi comunque di continuo mentre mura e pavimento sembrano mutare forma inspiegabilmente. Il #p~bisbiglio~ #p~costante~ delle voci nella tua testa non ti aiuti a raccapezzarti.",
      "Costeggiando edifici che sei sicuro di aver già visto, ti domandi se stai impazzendo, o se sia solo l'assurda configurazione geografica di questo luogo ad influenzarti. Qualcosa deve cambiare, immediatamente. O perlomeno questo è quello che dicono le #p~voci...~ ~Perchè~ ~mai~ ~dovrebbero~ ~mentire?~",
      "Qualcosa in te si spezza. Solo un folle potrebbe comprendere un luogo come questo, quindi decidi di ascoltare i sussurri e proseguire con una #p~\"nuova\"~ prospettiva. Tutto sembra avere senso adesso.",
      "Fermandoti ad osservare il paesaggio cangiante, riesci ad intravedere un accenno di ordine nel caos. Ogni volta che i sussurri si intromettono nei tuoi pensieri, tu ti sforzi di ignorarli. NL NL Finalmente capisci come fare ad andare avanti, e prosegui, immune alla nefasta natura di questo posto assurdo.",
      "Mentre percorri il labirinto sembra passare un'eternità. Lentamente, ma inesorabilmente, sei in grado ti ritornare sui tuoi passi, orientarti di nuovo, e uscire da questo garbuglio di passaggi. NL NL Ti senti #r~prosciugato~ dall'esperienza."
    ],
    "OPTIONS": [
      "...",
      "[Accogli la Follia] #gRicevi #g2 Follia. #rPerdi #r",
      " #rPV.",
      "[Concentrati] #rVieni #rMaledetto #r- #rConvulsioni. #gTi #gCuri #gdi #g",
      "[Esci]",
      " #gPV.",
      "[Torna Indietro] #rPerdi #r",
      " #rPV #rMassimi."
    ]
  },
  "World of Goop": {
    "NAME": "Mondo Appiccicoso",
    "DESCRIPTIONS": [
      "Cadi in una pozzanghera. NL @IL@ @MONDO@ @DIVENTA@ @UN@ #g@MARE@ #g@DI@ #g@MELMA!!@ NL Dopo aver combattuto freneticamente con la melma corrosiva riesci a liberarti. NL Sei inzaccherato dalla testa ai piedi. NL NL Una volta fuori, noti che hai perso #ydell'oro. Eh già, il liquido appiciccoso ora contiene anche i tuoi soldi, oltre #yall'oro di qualche altro avventuriero sfortunato.",
      "A contatto con la melma, la tua pelle brucia e si ustiona, ma riesci a recuperare #yl'oro.",
      "Decidi che il gioco non vale la candela."
    ],
    "OPTIONS": [
      "[Raccogli l'Oro] #gGuadagni #g",
      " #gOro. #rPerdi #r",
      " #rPV.",
      "[Ignoralo] #rPerdi #r",
      " #rOro.",
      "[Esci]"
    ]
  },
  "MindBloom": {
    "NAME": "Fioritura Mentale",
    "DESCRIPTIONS": [
      "Mentre cammini nel caos nella Guglia, i tuoi pensieri sembrano quasi... #p~Reali....~ NL NL Semplici immagini mentali si manifestano, trasformandosi in #rmostri e #yricchezza e diventando realtà. NL Hai la sensazione che tutto tornerà alla normalità in fretta. Che cosa fai?",
      "È davvero così facile?",
      "Tutto ha senso, ora. NL La perdita di memoria, l'ascesa,  #yl'Antico. NL NL È così che è sempre stato. NL È così che sarà sempre. NL Presto, non rimarrà più alcuna memoria..."
    ],
    "OPTIONS": [
      "[Guerra!] #rAffronti #run  #rBoss #rdel #rprimo #rAtto. #gOttieni #guna #gReliquia #gRara.",
      "[Ricchezza!] #gGuadagni #g999 #gOro. #rVieni #rmaledetto #r- #r2 #rNormalità.",
      "[Potere!] #gTi #gcuri #gcompletamente. #rVieni #rmaledetto #r- #rDubbio.",
      "[Risvegliati!] #gPotenzi #gtutte #gle #gtue #gCarte. #rNon #rpuoi #rpiù #rcurarti.",
      "[Prosegui]"
    ]
  },
  "Nest": {
    "NAME": "Il Nido",
    "DESCRIPTIONS": [
      "Vedi una lunga fila di #b~figure~ #b~incappucciate~ che entra in una #pcattedrale di comune aspetto.",
      "Ti unisci naturalmente alla coda e vieni subito circondato dai #rCultisti! NL Questi ti ignorano, mentre innalzano @inni@ estatici e ~scuotono~ le armi. NL NL #r@\"OMOCIDIO!!@ #r@OMOCIDIO@ #r@OMOCIDIO\"@ NL #b~\"CRA~ #b~CRA~ #b~CRAAAAA!\"~ NL #r@\"OMOCIDIO!!@ #r@OMOCIDIO@ #r@OMOCIDIO\"@ NL  #b~\"CRA~ #b~CRA~ #b~CRAAAAA!\"~ NL NL Noti una #yCesta per #yDonazioni...",
      "Rimani in fila (fare altrimenti sembra pericoloso) e guardi che succede. NL NL Alla fine, ti trovi davanti al capo: un cultista vestito riccamente ti porge un #yOrnato #yPugnale. Come gli altri prima di te, ti pratichi un taglio sull'avambraccio e lasci che il tuo sangue goccioli in una ciotola deforme. NL NL I cultisti @cantano@ e @gridano@ in tuo onore! NL NL #b~\"CRAA~ #b~CRA~ #b~CRAAAAAA!!\"~ NL NL Canti anche tu. Perché non dovresti?",
      "Non ti hanno nemmeno notato.",
      "",
      ""
    ],
    "OPTIONS": [
      "[Unisciti al Culto] #gRicevi #gla Lama Rituale. #rPerdi #r",
      " #rPV.",
      "[Distruggi e Arraffa] #gGuadagni #g",
      " #gOro.",
      "[Ignora]",
      "[Prosegui]"
    ]
  },
  "FaceTrader": {
    "NAME": "Mercante di Volti",
    "DESCRIPTIONS": [
      "Superi un'inquietante statua con diverse maschere in mano... NL Dietro di te un flebile sussurro ti intima: NL ~\"Fermati.\"~",
      "Ti giri e ti trovi faccia a faccia con la statua! NL A farci caso, non è affatto una statua, ma un esile uomo di stazza statuaria. Ma respira? NL NL  ~\"Faccia.~ ~Posso~ ~toccare?~ ~O~ ~forse~ ~scambio?\"~ ",
      "~\"Ricompensa?~ ~Ricompensa.\"~ NL Meccanicamente, pesca una bella pila d'oro e te la mette in tasca. NL NL ~\"Che~ ~bel~ ~viso.~ ~Bel~ ~viso.\"~ NL Mentre sfiora il tuo volto, senti che assorbe la tua energia! NL Durante il processo, gli cade la maschera, che si infrange sul pavimento. Gridando, si copre in fretta il volto con tutte e sei le braccia, facendo cadere ancora più maschere! Nel caos che ne segue, fuggi. NL NL Il suo volto era completamente privo di connotati!",
      "~\"Per~ ~me?~ @PER@ @ME?@ ~Oh~ ~sì..~ ~Sì.~ ~Sì..~ ~mmm...\"~ NL NL Una delle sue braccia si allunga per un istante e il tuo volto è fra le sue mani! Adesso, hai una faccia nuova. NL NL ~\"Bella~ ~faccia.~ ~Bella~ ~faccia.\"~",
      "~\"Fermati.~ ~Fermati.~ ~Fermati.~ ~Fermati.~ ~Fermati.\"~ NL NL Sì, probabilmente era la cosa giusta da fare."
    ],
    "OPTIONS": [
      "[Tocca] #rPerdi #r",
      " #gOro.",
      "[Scambia] #g50%: #gViso #gMigliore. #r50%: #rViso #rPeggiore.",
      "[Ignora]",
      "[Prosegui]",
      " #rPV, #gGuadagni #g"
    ]
  },
  "NoteForYourself": {
    "NAME": "Promemoria per Me",
    "DESCRIPTIONS": [
      "Noti che in un pilastro ~particolare~ un mattone può essere rimosso facilmente.",
      "Nella cavità sotto il mattone, trovi una nota ed una #ycarta. C'è scritto, NL \"Il Cuore Nero ti attende\" NL NL È la tua scrittura.",
      "Scegli una carta da nascondere.",
      "Che cosa sta succedendo?"
    ],
    "OPTIONS": [
      "[Prosegui]",
      "[Prendi e Nascondi] #gRicevi ",
      " #ge #gNascondi #guna #gCarta.",
      "[Ignora]",
      "[Prosegui]"
    ]
  },
  "WeMeetAgain": {
    "NAME": "Seconda Impressione",
    "DESCRIPTIONS": [
      "\"Ehi! Ci incontriamo di nuovo!\" NL Un individuo esuberante e un po' trasandato ti si avvicina allegramente. Non lo conosci. NL NL \"Sono io, #yRanwid! Hai qualcosa per me oggi? Il solito? Uno come me, da solo non ce la può fare sai?\" NL Lo osservi con sospetto e consideri il da farsi...",
      "\"Meraviglioso! Avevo davvero sete.\" NL #b~Glup~ #b~glup~ #b~glup~ NL NL Trangugia la pozione in un colpo solo ed emette un sonoro e soddisfatto rutto.",
      "\"Magnifico! Mi sarà molto utile se dovessi incrociare quei #rcriminali #rmascherati di nuovo.\"",
      "\"Straordinario! Ne farò uno studio approfondito nel mio laboratorio.\"",
      "\" @Aaaaahh!!@ Che canaglia che sei alle volte! NL Si dà alla fuga.",
      "  NL NL Rovista nelle sue svariate tasche... NL \"Ecco qua, guarda cos'ho per te oggi! Prendi, prendi!\""
    ],
    "OPTIONS": [
      "[Dai Pozione] #rPerdi ",
      "[Bloccato] Richiede: Pozione",
      "[Dai Oro] #rPerdi #r",
      "[Bloccato] Richiede: almeno 50 Oro.",
      "[Dai Carta] #rPerdi ",
      "[Bloccato] Richiede: una carta",
      ". #gOttieni #guna #gReliquia",
      "[Attacca]",
      "[Prosegui]",
      " #rOro"
    ]
  },
  "Designer": {
    "NAME": "Designer In-spirato",
    "DESCRIPTIONS": [
      "Trovi un negozio #g~colorato~ con l'insegna \"IN-SPIRAZIONE\" e ti avvicini per vedere cosa c'è dentro. NL \"No, non si può. Assolutamente. Non puoi entrare!\" Un uomo vestito in maniera ridicola appare all'entrata per bloccarti.",
      "\"Così non va, no no. Come sei conciato? @Rivoltante!@ Cos'è quello, sangue? #p~Schiiifoooo.~ @Affari??@ Sei un cliente? Bene. ~Quel che vuoi.\"~ NL Sospira in maniera esagerata e indica una lista di servizi. NL NL Le offerte sembrano ok, ma preferiresti rifilare a questo pagliaccio un pugno in quella sua faccia da buffone.",
      "\"Okay, ciao ciao ora.\" NL NL ...avresti dovuto dargli un pugno.",
      "Gli tiri un pugno così forte che ti fai male allla mano. NL \"La mia @FACCIA!!@ Adesso dovrò-\" NL NL Sviene. Chi è #p~Rivoltante~ e #p~sanguinante~ ora?"
    ],
    "OPTIONS": [
      "[Prosegui]",
      "[Modifiche] #rPerdi #r",
      "[Ripulisciti] #rPerdi #r",
      "[Servizio Completo] #rPerdi #r",
      "[Pugno]  #rPerdi #r",
      " #rPV.",
      " #rOro. ",
      "#gPotenzia #g",
      " #gcarte #gcasuali.",
      "#gPotenzi #guna #gcarta.",
      "#gRimuovi #guna #gcarta.",
      "#gTrasformi #g",
      " #gcarte.",
      "#gRemuovi #guna #gcarta #ge #gpotenzi #guna #gcarta #gcasuale.",
      "[Prosegui]",
      "Scegli una Carta da Potenziare",
      "Scegli 2 Carte da Trasformare",
      "Scegli una carta da Rimuovere"
    ]
  },
  "Colosseum": {
    "NAME": "Il Colosseo",
    "DESCRIPTIONS": [
      "@Thwack!!!@ NL .. NL ...... NL ... NL ~Sei~ ~svenuto...~",
      "~Confuso~ e con la testa che @pulsa,@ ti svegli trovandoti nel centro di uno stadio immenso e un pubblico sovrabbondante di #bSchiavisti, #pCultisti, e altri abitanti della Città! NL ",
      " NL Un gigante in armatura e #ycorona #rd'oro ti urla dall'alto, NL @\"ORA@ @COMINCIA@ @LA@ ",
      "@FESTA!!!!\"@ NL Un cancello dall'altro lato dell'arena si apre...",
      "@\"BEN@ @FATTO,@ @MOLLACCIONE!\"@ NL Il gigante applauda ironicamente mentre incita la folla con gesti esagerati. NL #y~Oro~ ~e~ #y~coriandoli~ ~ti~ ~ricoprono!~ NL @\"E@ @ORA@ @LA@ @VERA@ @SFIDA!!\"@ NL NL Nell'ultima battaglia, un muro è stato sfondato e puoi facilmente fuggire mentre la folla è sovraeccitata. NL Vuoi rimanere a combattere?"
    ],
    "OPTIONS": [
      "[Prosegui]",
      "[Combatti]",
      "[CODARDIA] Fuggi.",
      "[VITTORIA] Una grossa battaglia con ottime ricompense."
    ]
  }
}