{
  "Accuracy": {
    "NAME": "Меткость",
    "DESCRIPTIONS": [
      "#yЗаточки наносят на #b",
      " урона больше."
    ]
  },
  "After Image": {
    "NAME": "След в воздухе",
    "DESCRIPTIONS": [
      "Даёт #b",
      " #yЗащиты, когда вы разыгрываете карту."
    ]
  },
  "Amplify": {
    "NAME": "Усиление",
    "DESCRIPTIONS": [
      "В этом ходу след. #yТалант разыгрывается дважды.",
      "В этом ходу ",
      " след. #yТаланта разыгрываются дважды."
    ]
  },
  "Anger": {
    "NAME": "Бешенство",
    "DESCRIPTIONS": [
      "Получает #b",
      " #yСилы, когда вы разыгрываете #yНавык."
    ]
  },
  "Angry": {
    "NAME": "Злоба",
    "DESCRIPTIONS": [
      "",
      " повышает #yСилу на #b",
      ", получая урон от #yАтак."
    ]
  },
  "Artifact": {
    "NAME": "Артефакт",
    "DESCRIPTIONS": [
      "Отменяет #b",
      " отриц. эффект.",
      " отриц. эффекта."
    ]
  },
  "Attack Burn": {
    "NAME": "Выжигание атак",
    "DESCRIPTIONS": [
      "#yСжигает разыгрываемые #yАтаки в течение #b",
      " хода.",
      "#yСжигает разыгрываемые #yАтаки в течение #b",
      " ходов."
    ]
  },
  "Barricade": {
    "NAME": "Баррикада",
    "DESCRIPTIONS": [
      "#yЗащита не исчезает в начале вашего хода.",
      "Не теряет #yЗащиту в начале своего хода."
    ]
  },
  "Berserk": {
    "NAME": "Берсерк",
    "DESCRIPTIONS": [
      "Даёт ",
      " в начале вашего хода."
    ]
  },
  "Bias": {
    "NAME": "Предвзятость",
    "DESCRIPTIONS": [
      "Отнимает #b",
      " #yФокуса в начале вашего хода."
    ]
  },
  "Blur": {
    "NAME": "Неуловимость",
    "DESCRIPTIONS": [
      "#yЗащита не исчезнет в начале вашего след. хода.",
      "#yЗащита не исчезнет в начале #b",
      " ваших след. ходов."
    ]
  },
  "Brutality": {
    "NAME": "Зверство",
    "DESCRIPTIONS": [
      "Вы теряете #b",
      " ОЗ и берёте #b",
      " карту в начале вашего хода.",
      "Вы теряете #b",
      " ОЗ и берёте #b",
      " карты в начале вашего хода."
    ]
  },
  "Buffer": {
    "NAME": "Буфер",
    "DESCRIPTIONS": [
      "Предотвращает след. потерю ОЗ.",
      "Предотвращает #b",
      " след. потери ОЗ."
    ]
  },
  "Bullet Time": {
    "NAME": "Замедленное время",
    "DESCRIPTIONS": [
      "Все карты в руке стоят #b0."
    ]
  },
  "Burst": {
    "NAME": "Прилив сил",
    "DESCRIPTIONS": [
      "В этом ходу следующий #yНавык разыгрывается дважды.",
      "В этом ходу ",
      " следующих #yНавыка разыгрываются дважды."
    ]
  },
  "Choked": {
    "NAME": "Удушение",
    "DESCRIPTIONS": [
      "Теряет #b",
      " ОЗ, когда вы разыгрываете карты в этом ходу."
    ]
  },
  "Combust": {
    "NAME": "Самовозгорание",
    "DESCRIPTIONS": [
      "Отнимает #b",
      " ОЗ и наносит #b",
      " урона ВСЕМ врагам в конце вашего хода."
    ]
  },
  "Confusion": {
    "NAME": "Замешательство",
    "DESCRIPTIONS": [
      "Каждая взятая карта имеет случайную стоимость."
    ]
  },
  "Conserve": {
    "NAME": "Подзарядка",
    "DESCRIPTIONS": [
      "Сохраняет #yЭнергию на ваш след. ход.",
      "Сохраняет #yЭнергию на #b",
      " ваших след. хода."
    ]
  },
  "Constricted": {
    "NAME": "Сдавленность",
    "DESCRIPTIONS": [
      "Вы получаете #b",
      " урона в конце вашего хода."
    ]
  },
  "CorpseExplosionPower": {
    "NAME": "Взрывоопасность",
    "DESCRIPTIONS": [
      "Когда этот враг погибнет, урон в размере его Макс. ОЗ будет нанесён ВСЕМ врагам.",
      "Когда этот враг погибнет, урон в #b",
      " раза превышающий его Макс. ОЗ будет нанесён ВСЕМ врагам. "
    ]
  },
  "Corruption": {
    "NAME": "Скверна",
    "DESCRIPTIONS": [
      "Навыки стоят #b0. Каждый разыгрываемый #yНавык #yСжигается.",
      "Каждый разыгрываемый #yНавык #yСжигается."
    ]
  },
  "Creative AI": {
    "NAME": "Творческий ИИ",
    "DESCRIPTIONS": [
      "Добавляет в руку #b",
      " случайный Талант в начале вашего хода.",
      " случайных Талантов в начале вашего хода."
    ]
  },
  "Curiosity": {
    "NAME": "Любопытство",
    "DESCRIPTIONS": [
      "Получает #b",
      " #yСилы, когда вы разыгрываете #yТалант."
    ]
  },
  "Curl Up": {
    "NAME": "Свернуться",
    "DESCRIPTIONS": [
      "Получает ",
      " #yЗащиты, потеряв ОЗ от #yАтак (один раз за бой)."
    ]
  },
  "Dance Puppet": {
    "NAME": "Марионетка",
    "DESCRIPTIONS": [
      "Вы получаете #b",
      " урона, когда разыгрываете что-либо, кроме #yНавыков (Тип карты меняется каждый ход).",
      "Вы получаете #b",
      " урона и повышаете Марионетку на 1, когда разыгрываете что-либо, кроме #yАтак."
    ]
  },
  "Dark Embrace": {
    "NAME": "Объятия тьмы",
    "DESCRIPTIONS": [
      "Вы берёте #b1 карту, когда #yСжигается карта.",
      "Вы берёте #b",
      " карты, когда #yСжигается карта."
    ]
  },
  "Demon Form": {
    "NAME": "Демонический облик",
    "DESCRIPTIONS": [
      "Даёт #b",
      " #yСилы в начале вашего хода."
    ]
  },
  "DexLoss": {
    "NAME": "Понижение Ловкости",
    "DESCRIPTIONS": [
      "Отнимает #b",
      " #yЛовкости в конце вашего хода."
    ]
  },
  "Dexterity": {
    "NAME": "Ловкость",
    "DESCRIPTIONS": [
      "Повышает получаемую от карт #yЗащиту на #b",
      "Снижает получаемую от карт #yЗащиту на #b",
      "."
    ]
  },
  "Double Damage": {
    "NAME": "Двойной урон",
    "DESCRIPTIONS": [
      "В течение #b",
      " вашего хода карты #yАтаки наносят двойной урон.",
      " ваших ходов карты #yАтаки наносят двойной урон."
    ]
  },
  "Double Tap": {
    "NAME": "Двойной спуск",
    "DESCRIPTIONS": [
      "В этом ходу след. #yАтака разыгрывается дважды.",
      "В этом ходу ",
      " след. #yАтаки разыгрываются дважды."
    ]
  },
  "Draw": {
    "NAME": "Раздача",
    "DESCRIPTIONS": [
      "Вы берёте на #b",
      " карту больше в начале вашего хода.",
      " карту меньше в начале вашего хода.",
      " карты больше в начале вашего хода.",
      " карты меньше в начале вашего хода."
    ]
  },
  "Draw Card": {
    "NAME": "Добор карт",
    "DESCRIPTIONS": [
      "В след. ходу вы возьмёте на #b",
      " карты больше.",
      " карту больше."
    ]
  },
  "Draw Down": {
    "NAME": "Понижение добора",
    "DESCRIPTIONS": [
      "В начале вашего след. хода вы возьмёте на #b",
      " карту меньше.",
      " карты меньше."
    ]
  },
  "Draw Reduction": {
    "NAME": "Сокращение добора",
    "DESCRIPTIONS": [
      "В начале вашего след. хода вы возьмёте на #b1 карту меньше.",
      "Вы берёте на #b1 карту меньше в начале #b",
      " ваших след. ходов."
    ]
  },
  "Echo Form": {
    "NAME": "Облик эхо",
    "DESCRIPTIONS": [
      "В начале каждого вашего хода первая карта разыгрывается дважды.",
      "В начале каждого вашего хода первые #b",
      " карты разыгрываются дважды."
    ]
  },
  "Electro": {
    "NAME": "Электро",
    "DESCRIPTIONS": [
      "#yСферы Молнии бьют по ВСЕМ врагам",
      "",
      ""
    ]
  },
  "Energized": {
    "NAME": "Энергичность",
    "DESCRIPTIONS": [
      "Даёт #b",
      " [G] в вашем след. ходу.",
      " [G] в вашем след. ходу.",
      " - TRANSLATOR NOTE: - The above line is for plural if needed to distinguish from singular."
    ]
  },
  "EnergizedBlue": {
    "NAME": "Энергичность",
    "DESCRIPTIONS": [
      "Даёт #b",
      " [B] в вашем след. ходу.",
      " [B] в вашем след. ходу.",
      " - TRANSLATOR NOTE: - The above line is for plural if needed to distinguish from singular."
    ]
  },
  "Entangled": {
    "NAME": "Путы",
    "DESCRIPTIONS": [
      "Вы не можете разыгрывать #yАтаки в течение текущего хода."
    ]
  },
  "Envenom": {
    "NAME": "Отравленные клинки",
    "DESCRIPTIONS": [
      "Накладывает на врага #b",
      " #yЯда, когда Атака наносит урон по его ОЗ."
    ]
  },
  "Equilibrium": {
    "NAME": "Эквилибриум",
    "DESCRIPTIONS": [
      "В конце текущего хода вы оставите все карты в руке.",
      "В конце #b",
      " ваших след. ходов вы оставите все карты в руке."
    ]
  },
  "Evolve": {
    "NAME": "Эволюция",
    "DESCRIPTIONS": [
      "Вы добираете #b1 карту, когда берёте #yСтатус.",
      "Вы добираете #b",
      " карты, когда берёте #yСтатус."
    ]
  },
  "Explosive": {
    "NAME": "Взрывчатка",
    "DESCRIPTIONS": [
      "Взорвётся через #b",
      " хода, нанеся #b",
      " урона.",
      "Взорвётся во время своего хода, нанеся #b"
    ]
  },
  "Extra Cards": {
    "NAME": "Дополнительные карты",
    "DESCRIPTIONS": [
      "В след. ходу вы возьмёте на #b1 карту больше.",
      "В след. ходу вы возьмёте на #b",
      " карты больше."
    ]
  },
  "Fading": {
    "NAME": "Увядает",
    "DESCRIPTIONS": [
      "Умрёт через #b",
      " ход(а).",
      "Умрёт в этом ходу."
    ]
  },
  "Feel No Pain": {
    "NAME": "Забыть о боли",
    "DESCRIPTIONS": [
      "Даёт #b",
      " #yЗащиты, когда #yСжигается карта."
    ]
  },
  "Fire Breathing": {
    "NAME": "Огненное дыхание",
    "DESCRIPTIONS": [
      "Наносит по #b",
      " урону за каждую разыгранную в этом ходу #yАтаку ВСЕМ врагам в конце вашего хода."
    ]
  },
  "Flame Barrier": {
    "NAME": "Огненный барьер",
    "DESCRIPTIONS": [
      "Наносит #b",
      " урона в ответ на каждую #yАтаку."
    ]
  },
  "Flex": {
    "NAME": "Понижение Силы",
    "DESCRIPTIONS": [
      "Отнимает #b",
      " #yСилы в конце вашего хода."
    ]
  },
  "Flight": {
    "NAME": "Полёт",
    "DESCRIPTIONS": [
      "Снижает урон от #yАтак на #b50%. Снимается, если урон от #yАтак получен #b",
      " раза в одном ходу"
    ]
  },
  "Focus": {
    "NAME": "Фокус",
    "DESCRIPTIONS": [
      "Повышает эффективность сфер на #b",
      "Понижает эффективность сфер на #b",
      "."
    ]
  },
  "Frail": {
    "NAME": "Хрупкость",
    "DESCRIPTIONS": [
      "Понижает получаемую от карт #yЗащиту на #b25% в течение #b",
      " хода.",
      " ходов."
    ]
  },
  "Gambit": {
    "NAME": "Гамбит",
    "DESCRIPTIONS": [
      "Через #b",
      " ход вы получите ",
      " хода вы получите ",
      " [B] ."
    ]
  },
  "Generic Strength Up Power": {
    "NAME": "",
    "DESCRIPTIONS": [
      "Получает #b",
      " #yСилы в конце своего хода."
    ]
  },
  "GrowthPower": {
    "NAME": "Рост",
    "DESCRIPTIONS": [
      "Получает #b",
      " #yСилы в конце своего хода."
    ]
  },
  "Heatsink": {
    "NAME": "Теплоотвод",
    "DESCRIPTIONS": [
      "Вы берёте #b",
      " карту, когда разыгрываете Талант.",
      " карты, когда разыгрываете Талант."
    ]
  },
  "Hello": {
    "NAME": "Привет",
    "DESCRIPTIONS": [
      "Добавляет в руку #b",
      " случайную Обычную карту в начале вашего хода.",
      " случайные Обычные карты в начале вашего хода."
    ]
  },
  "Hex": {
    "NAME": "Сглаз",
    "DESCRIPTIONS": [
      "Добавляет в стопку добора #b",
      " #yГоловокружение, когда вы разыгрываете что-либо, кроме #yАтак."
    ]
  },
  "Hide": {
    "NAME": "Укрытие",
    "DESCRIPTIONS": [
      "Предотвращает урон до начала вашего след. хода.",
      "Предотвращает урон в течение #b",
      " ваших след. ходов."
    ]
  },
  "Infinite Blades": {
    "NAME": "Уйма клинков",
    "DESCRIPTIONS": [
      "Добавляет в руку #b",
      " #yЗаточки в начале вашего хода.",
      " #yЗаточку в начале вашего хода."
    ]
  },
  "Intangible": {
    "NAME": "Неосязаемость",
    "DESCRIPTIONS": [
      "Понижает ЛЮБОЙ получаемый урон и потерю ОЗ #b1 в этом ходу. Действует каждый второй ход."
    ]
  },
  "IntangiblePlayer": {
    "NAME": "Неосязаемость",
    "DESCRIPTIONS": [
      "Понижает ЛЮБОЙ получаемый урон и потерю ОЗ до #b1."
    ]
  },
  "Inverted": {
    "NAME": "Инверсия",
    "DESCRIPTIONS": [
      "Имеет иммунитет к урону. Теряет ОЗ, равное кол-ву получаемой вами #yЗащиты."
    ]
  },
  "Juggernaut": {
    "NAME": "Джаггернаут",
    "DESCRIPTIONS": [
      "Наносит #b",
      " урона случайному врагу, когда вы получаете #yЗащиту."
    ]
  },
  "Knowledge": {
    "NAME": "Знания",
    "DESCRIPTIONS": [
      "Вы берёте #b",
      " карты, когда разыгрываете #yТалант."
    ]
  },
  "Life Link": {
    "NAME": "Канал жизни",
    "DESCRIPTIONS": [
      "Воскрешается через #b2 хода с #b50% ОЗ, если другие враги живы."
    ]
  },
  "Lockon": {
    "NAME": "Захват цели",
    "DESCRIPTIONS": [
      "Получает на #b",
      "% больше урона от сфер в течении #b",
      " хода.",
      " ходов."
    ]
  },
  "Loop": {
    "NAME": "Цикл",
    "DESCRIPTIONS": [
      "Активирует пассивный эффект след. в очереди сферы в начале вашего хода.",
      "Активирует пассивный эффект след. в очереди сферы #b",
      " раза в начале вашего хода."
    ]
  },
  "Machine Learning": {
    "NAME": "Машинное обучение",
    "DESCRIPTIONS": [
      "Вы берёте #b",
      " доп. карту в начале каждого вашего хода.",
      " доп. карты в начале каждого вашего хода."
    ]
  },
  "Magnetism": {
    "NAME": "Притяжение",
    "DESCRIPTIONS": [
      "Добавляет в руку #b%s случайную бесцветную карту в начале вашего хода.",
      "Добавляет в руку #b%s случайных бесцветных карт в начале вашего хода."
    ]
  },
  "Malleable": {
    "NAME": "Податливость",
    "DESCRIPTIONS": [
      "Получает #b",
      " #yЗащиты и повышает ",
      " на 1, когда теряет ОЗ от #yАтак. Сбрасывается до #b",
      " в начале вашего хода."
    ]
  },
  "Mayhem": {
    "NAME": "Беспредел",
    "DESCRIPTIONS": [
      "Вы разыгрываете карту с верха стопки добора в начале вашего хода.",
      "Вы разыгрываете #b",
      " карты с верха стопки добора в начале вашего хода."
    ]
  },
  "Metallicize": {
    "NAME": "Металлизация",
    "DESCRIPTIONS": [
      "Даёт #b",
      " #yЗащиты в конце вашего хода.",
      "Получает #b",
      " #yЗащиты в конце своего хода."
    ]
  },
  "Minion": {
    "NAME": "Прислужник",
    "DESCRIPTIONS": [
      "Прислужники покидают бой, потеряв лидера."
    ]
  },
  "Mode Shift": {
    "NAME": "Смена режима",
    "DESCRIPTIONS": [
      "Перейдёт в оборонительный режим, получив ещё #b",
      " урона."
    ]
  },
  "Next Turn Block": {
    "NAME": "Защита в след. ходу",
    "DESCRIPTIONS": [
      "Даёт #b",
      " #yЗащиты в начале вашего след. хода."
    ]
  },
  "Night Terror": {
    "NAME": "Кошмар",
    "DESCRIPTIONS": [
      "Добавит в руку #b",
      " в начале вашего след. хода."
    ]
  },
  "No Attack": {
    "NAME": "Запрет атак",
    "DESCRIPTIONS": [
      "Вы не можете разыгрывать #yАтаки в этом ходу."
    ]
  },
  "No Draw": {
    "NAME": "Запрет добора",
    "DESCRIPTIONS": [
      "Вы не можете брать карты до конца вашего хода."
    ]
  },
  "NoBlockPower": {
    "NAME": "Запрет защиты",
    "DESCRIPTIONS": [
      "Вы не можете получать #yЗащиту от карт."
    ]
  },
  "Noxious Fumes": {
    "NAME": "Едкие испарения",
    "DESCRIPTIONS": [
      "Накладывает #b",
      " #yЯда на ВСЕХ врагов в начале вашего хода."
    ]
  },
  "Nullify Attack": {
    "NAME": "Обнуление атаки",
    "DESCRIPTIONS": [
      "Полностью #yЗащищается от одной #yАтаки каждый ход."
    ]
  },
  "Painful Stabs": {
    "NAME": "Болезненные порезы",
    "DESCRIPTIONS": [
      "Добавляет #yРану в стопку сброса, когда вы получаете урон по ОЗ от атак этого врага."
    ]
  },
  "Panache": {
    "NAME": "Харизма",
    "DESCRIPTIONS": [
      "Разыграв в этом ходу ещё #b",
      " карту, вы нанесёте #b",
      " урона ВСЕМ врагам.",
      " карт(ы), вы нанесёте #b"
    ]
  },
  "Pen Nib": {
    "NAME": "Кончик пера",
    "DESCRIPTIONS": [
      "Следующая #yАтака нанесёт двойной урон."
    ]
  },
  "Phantasmal": {
    "NAME": "Фантом",
    "DESCRIPTIONS": [
      "#yУдваивает #yурон от #yАтак в след. ходу.",
      "#yУдваивает #yурон от #yАтак в течение след. ",
      " ходов."
    ]
  },
  "Plated Armor": {
    "NAME": "Панцирь",
    "DESCRIPTIONS": [
      "Даёт #b",
      " #yЗащиты в конце вашего хода. Понижается на #b1 при потере ОЗ от атак.",
      "Получает #b",
      " #yЗащиты в конце своего хода. #yПанцирь понижается на #b1 при потере ОЗ от #yАтак."
    ]
  },
  "Poison": {
    "NAME": "Яд",
    "DESCRIPTIONS": [
      "Вы потеряете #b",
      " ОЗ в начале вашего хода, после чего #yЯд уменьшится на #b1.",
      "Потеряет #b"
    ]
  },
  "Prime": {
    "NAME": "Зарядить",
    "DESCRIPTIONS": [
      "Вы берёте #b",
      " карту, когда #yЗаряжаете сферу.",
      " карты, когда #yЗаряжаете сферу."
    ]
  },
  "Primitive": {
    "NAME": "Примитивность",
    "DESCRIPTIONS": [
      "Вы берёте #b",
      " карту, когда разыгрываете Обычные карты.",
      " карты, когда разыгрываете Обычные карты."
    ]
  },
  "Rage": {
    "NAME": "Ярость",
    "DESCRIPTIONS": [
      "Даёт #b",
      " #yЗащиты, когда вы разыгрываете #yАтаки в этом ходу."
    ]
  },
  "Rebound": {
    "NAME": "Отдача",
    "DESCRIPTIONS": [
      "Вы положите след. разыгранную в этом ходу карту на верх стопки добора.",
      "Вы положите #b",
      " след. разыгранные в этом ходу карты на верх стопки добора."
    ]
  },
  "Reduce Damage": {
    "NAME": "Понижение урона",
    "DESCRIPTIONS": [
      "Понижает получаемый урон на #b"
    ]
  },
  "Regenerate": {
    "NAME": "Регенерировать",
    "DESCRIPTIONS": [
      "Восполняет #b",
      " #yОЗ в конце своего хода."
    ]
  },
  "Regeneration": {
    "NAME": "Регенерация",
    "DESCRIPTIONS": [
      "Восполняет #b",
      " #yОЗ в конце вашего хода, затем понижается на #b1.",
      ""
    ]
  },
  "Repair": {
    "NAME": "Починка",
    "DESCRIPTIONS": [
      "Восполняет #b",
      " ОЗ в конце боя."
    ]
  },
  "Repulse": {
    "NAME": "Отпор",
    "DESCRIPTIONS": [
      "Добавляет #yРану в вашу руку, когда ",
      " получает урон."
    ]
  },
  "Retain Cards": {
    "NAME": "Оставить карты",
    "DESCRIPTIONS": [
      "Позволяет оставить #b",
      " карту в конце вашего хода.",
      " карты в конце вашего хода."
    ]
  },
  "Retain Hand": {
    "NAME": "Оставить руку",
    "DESCRIPTIONS": [
      "Вы не сбрасываете карты в конце вашего хода; длится #b",
      " хода.",
      "Вы не сбрасываете карты в конце вашего хода."
    ]
  },
  "Riposte": {
    "NAME": "Ответная атака",
    "DESCRIPTIONS": [
      "Наносит #b",
      " урона в ответ каждой #yАтаке в этом ходу."
    ]
  },
  "Ritual": {
    "NAME": "Ритуал",
    "DESCRIPTIONS": [
      "Получает #b",
      " #yСилы в конце своего хода."
    ]
  },
  "Rupture": {
    "NAME": "Разрыв",
    "DESCRIPTIONS": [
      "Даёт #b",
      " #yСилы, когда вы теряете ОЗ из-за карт."
    ]
  },
  "Sadistic": {
    "NAME": "Садизм",
    "DESCRIPTIONS": [
      "Наносит #b",
      " урона врагу, на которого вы накладываете отриц. эффект."
    ]
  },
  "Serpentine": {
    "NAME": "Змеевик",
    "DESCRIPTIONS": [
      "Имеет иммунитет к #yзельям."
    ]
  },
  "Shackled": {
    "NAME": "Оковы",
    "DESCRIPTIONS": [
      "Получит #b",
      " #yСилы обратно в конце своего хода."
    ]
  },
  "Sharp Hide": {
    "NAME": "Колючая шкура",
    "DESCRIPTIONS": [
      "Вы получаете #b",
      " урона, когда разыгрываете #yАтаку."
    ]
  },
  "Shifting": {
    "NAME": "Искажается",
    "DESCRIPTIONS": [
      "",
      " теряет #yСилу в кол-ве полученного урона до конца текущего хода."
    ]
  },
  "Shriek From Beyond": {
    "NAME": "Вопль из бездны",
    "DESCRIPTIONS": [
      "Вы сбрасываете случайную карту, когда разыгрываете #yАтаку."
    ]
  },
  "Skill Burn": {
    "NAME": "Выжигание навыков",
    "DESCRIPTIONS": [
      "#yСжигает разыгрываемые #yНавыки в течение #b",
      " хода.",
      "#yСжигает разыгрываемые #yНавыки в течение #b",
      " ходов."
    ]
  },
  "Slow": {
    "NAME": "Медлительность",
    "DESCRIPTIONS": [
      "За каждую разыгранную вами карту ",
      " получает на #b10% больше урона от #yАтак в этом ходу.",
      " (Получает на #b",
      "% больше урона)."
    ]
  },
  "Split": {
    "NAME": "Деление",
    "DESCRIPTIONS": [
      "Делится на #b2 меньших слизня, потеряв #b50% ОЗ. Запас ОЗ, который имеет ",
      " на момент деления, определяет ОЗ слизней."
    ]
  },
  "Spore Cloud": {
    "NAME": "Споровое облако",
    "DESCRIPTIONS": [
      "Погибая, накладывает на вас #b",
      " #yУязвимости."
    ]
  },
  "Stasis": {
    "NAME": "Стазис",
    "DESCRIPTIONS": [
      "Погибнув, возвращает ",
      " обратно к вам в руку."
    ]
  },
  "StaticDischarge": {
    "NAME": "Статический разряд",
    "DESCRIPTIONS": [
      "#yЗаряжает #b",
      " #yСфер Молнии, когда вы теряете ОЗ от атак."
    ]
  },
  "Storm": {
    "NAME": "Шторм",
    "DESCRIPTIONS": [
      "#yЗаряжает #b ",
      " #yСфер Молнии, когда вы разыгрываете Талант."
    ]
  },
  "Strength": {
    "NAME": "Сила",
    "DESCRIPTIONS": [
      "Повышает урон от атак на #b",
      "Понижает урон от атак на #b",
      "."
    ]
  },
  "TheBomb": {
    "NAME": "Тик-ток",
    "DESCRIPTIONS": [
      "Нанесёт %1$s урона ВСЕМ врагам через %2$s хода.",
      "Нанесёт %1$s урона ВСЕМ врагам в конце этого хода."
    ]
  },
  "Thievery": {
    "NAME": "Грабёж",
    "DESCRIPTIONS": [
      " крадёт #b",
      " #yзолота, когда атакует."
    ]
  },
  "Thorns": {
    "NAME": "Шипы",
    "DESCRIPTIONS": [
      "Наносит #b",
      " урона в ответ на каждую #yАтаку."
    ]
  },
  "Thousand Cuts": {
    "NAME": "Тысяча порезов",
    "DESCRIPTIONS": [
      "Наносит #b",
      " урона ВСЕМ врагам, когда вы разыгрываете карту."
    ]
  },
  "Time Warp": {
    "NAME": "Искажение времени",
    "DESCRIPTIONS": [
      "Когда вы разыграете #b",
      " карт, ваш ход завершится, и Пожиратель времени получит #b",
      " #yСилы."
    ]
  },
  "TimeMazePower": {
    "NAME": "Лабиринт времени",
    "DESCRIPTIONS": [
      "Когда вы разыграете #b",
      " карт, ваш ход завершится"
    ]
  },
  "Tools Of The Trade": {
    "NAME": "Знаток своего дела",
    "DESCRIPTIONS": [
      "Вы берёте #b",
      " карту, затем сбрасываете #b",
      " карту в начале вашего хода.",
      " карты, затем сбрасываете #b",
      " карты в начале вашего хода."
    ]
  },
  "Unawakened": {
    "NAME": "Не пробуждён",
    "DESCRIPTIONS": [
      "Этот враг ещё не пробудился..."
    ]
  },
  "Unstable": {
    "NAME": "Нестабильность",
    "DESCRIPTIONS": [
      "Нанесите достаточно урона, чтобы сбить врага с ног."
    ]
  },
  "Venomology": {
    "NAME": "Ядоведение",
    "DESCRIPTIONS": [
      "С каждым вашим ходом Яд не понижается, а возрастает на #b",
      "."
    ]
  },
  "Vulnerable": {
    "NAME": "Уязвимость",
    "DESCRIPTIONS": [
      "Повышает получаемый от #yАтак урон на #b",
      "% в течение #b",
      " хода.",
      " ходов."
    ]
  },
  "Weakened": {
    "NAME": "Слабость",
    "DESCRIPTIONS": [
      "Понижает наносимый #yАтаками урон на #b",
      "% в течение #b",
      " хода.",
      " ходов."
    ]
  },
  "Wraith Form v2": {
    "NAME": "Облик призрака",
    "DESCRIPTIONS": [
      "Отнимает #b ",
      " #yЛовкости в конце вашего хода."
    ]
  }
}