{
  "Dark": {
    "DESCRIPTION": [
      "#y지속: 내 턴이 끝날 때, 이 구체의 피해량이 #b",
      " 증가합니다. NL #y발현: 체력이 가장 낮은 적에게 #b",
      " 의 피해를 줍니다."
    ],
    "NAME": "암흑"
  },
  "Empty": {
    "DESCRIPTION": [
      "구체는 이 슬롯에 영창될 수 있습니다."
    ],
    "NAME": "구체 슬롯"
  },
  "Frost": {
    "DESCRIPTION": [
      "#y지속: 내 턴이 끝날 때, #y방어도 를 #b",
      " 얻습니다. NL #y발현: #y방어도 를 #b",
      " 얻습니다."
    ],
    "NAME": "냉기"
  },
  "Lightning": {
    "DESCRIPTION": [
      "#y지속: 내 턴이 끝날 때, 무작위 적에게 피해를 #b",
      " 줍니다. NL #y발현: 무작위 적에게 피해를 #b",
      " 줍니다."
    ],
    "NAME": "전기"
  },
  "Plasma": {
    "DESCRIPTION": [
      "#y지속: 내 턴이 시작될 때, [B] 를 얻습니다. NL #y발현: #b",
      " [B] 를 얻습니다. NL 플라즈마는 #y밀집 의 효과를 받지 않습니다."
    ],
    "NAME": "플라즈마"
  }
}