{
  "Cancel Button": {
    "TEXT": [
      "세이브 삭제"
    ]
  },
  "Confirm Button": {
    "TEXT": [
      "확인"
    ]
  },
  "End Turn Button": {
    "TEXT": [
      "턴 종료",
      "적 턴"
    ]
  },
  "LeaderboardsScreen": {
    "TEXT": [
      "돌아가기",
      "필터",
      "캐릭터",
      "지역",
      "종류",
      "내 점수 보기",
      "순위",
      "이름",
      "점수",
      "정보를 불러오는 중입니다...",
      "리더보드 (주의: 매 주 초기화됩니다.)",
      "스팀 서버에 연결되어 있지 않습니다.",
      "등록된 점수가 없습니다. \n Slay the Spire를 플레이 하세요!"
    ]
  },
  "LanguageDropdown": {
    "TEXT": [
      "브라질 포르투갈어",
      "중국어 (간체)",
      "중국어 (번체)",
      "영어",
      "프랑스어",
      "독일어",
      "이탈리아어",
      "일본어",
      "한국어",
      "폴란드어",
      "러시아어",
      "스페인어",
      "히브리어",
      "터키어",
      "스웨덴어",
      "노르웨이어",
      "태국어",
      "세르비아어",
      "우크라이나어",
      "베트남어",
      "헝가리어",
      "세르비아어 (라틴)",
      "카탈로니아어",
      "그리스어",
      "인도네시아어",
      "에스페란토어"
    ]
  },
  "Proceed Button": {
    "TEXT": [
      "다음"
    ]
  },
  "GamblingChipAction": {
    "TEXT": [
      "교체할 카드를 모두 선택하십시오 (도박 칩)",
      "교체"
    ]
  },
  "RetainCardsAction": {
    "TEXT": [
      "보존할 카드를 선택하십시오"
    ]
  },
  "AbstractChest": {
    "TEXT": [
      "진행"
    ]
  },
  "BossChest": {
    "TEXT": [
      "진행"
    ]
  },
  "ShopRoom": {
    "TEXT": [
      "상인 넘기기"
    ]
  },
  "TreasureRoom": {
    "TEXT": [
      "상자 넘기기"
    ]
  },
  "TreasureRoomBoss": {
    "TEXT": [
      "상자 넘기기"
    ]
  },
  "SetupAction": {
    "TEXT": [
      "뽑을 카드 더미의 가장 위에 놓을 카드를 선택하십시오"
    ]
  },
  "SkillFromDeckToHandAction": {
    "TEXT": [
      "손으로 가져올 스킬 카드를 선택하십시오"
    ]
  },
  "Legend": {
    "TEXT": [
      "미지",
      "???",
      "미지의 방입니다. NL NL 몬스터, 보물, 상점 혹은 완전히 색다른 것을 마주칠 수 있습니다.",
      "상인",
      "상점",
      "신비로운 상인의 상점입니다. NL NL 그 동안 모은 #y골드 를 사용합시다!",
      "보물",
      "보물 방",
      "#y유물 과 #y골드 를 얻을 수 있는 방입니다.",
      "휴식",
      "휴식 장소",
      "체력을 #g회복 하거나 카드를 #y강화 할 수 있는 방입니다.",
      "적",
      "적",
      "적대적인 존재들이 기다리고 있는 방입니다.",
      "엘리트",
      "엘리트",
      "강력한 적들이 기다리고 있습니다. NL NL 그들을 물리치면 유물을 얻을 수 있습니다.",
      "범례"
    ]
  },
  "Unlock Confirm Button": {
    "TEXT": [
      "계속"
    ]
  },
  "Dig Option": {
    "TEXT": [
      "발굴",
      "무작위로 유물을 발굴합니다."
    ]
  },
  "Lift Option": {
    "TEXT": [
      "체력 단련",
      "힘 +1 인 상태로 전투를 시작합니다. (최대 3번)"
    ]
  },
  "Rest Option": {
    "TEXT": [
      "휴식",
      "최대 체력의 20%를 회복합니다. (",
      " 체력을 다음의 효과로 추가로 회복합니다 : ",
      "최대 체력의 30%를 회복합니다. ("
    ]
  },
  "Smith Option": {
    "TEXT": [
      "재련",
      "덱에 있는 카드를 1개 강화합니다.",
      "강화할 수 있는 카드가 없습니다."
    ]
  },
  "Toke Option": {
    "TEXT": [
      "흡연",
      "덱에서 카드 1장을 제거합니다."
    ]
  },
  "DiscardPilePanel": {
    "TEXT": [
      "버린 카드 더미가 #r비어있다."
    ]
  },
  "DrawPilePanel": {
    "TEXT": [
      "뽑을 카드 더미가 #r비어있다."
    ]
  },
  "PotionPopUp": {
    "TEXT": [
      "투척",
      "섭취",
      "버리기",
      "물약은 사용할 수 없다.",
      "전투 중에는 할 수 없다."
    ]
  },
  "RenamePanel": {
    "TEXT": [
      "<no name>",
      "이름을 입력하세요",
      "확인",
      "취소"
    ]
  },
  "AbstractCard": {
    "TEXT": [
      "잠김",
      "미지"
    ]
  },
  "AbstractPlayer": {
    "TEXT": [
      "방어됨",
      "아이언클래드",
      "사일런트",
      "디펙트"
    ]
  },
  "AbstractCreature": {
    "TEXT": [
      "죽음",
      "방어됨",
      "최대 체력 +",
      "기절 시킴!",
      "방해함!",
      "유물"
    ]
  },
  "TopPanel": {
    "TEXT": [
      " 층",
      " - 승천",
      " (최고 단계)"
    ]
  },
  "UnlockCharacterScreen": {
    "TEXT": [
      "새로운 카드가 해금되었습니다!",
      "",
      "새로운 유물이 해금되었습니다!",
      "새로운 캐릭터",
      "알림: 앞으로 해금된 카드를 발견할 수 있습니다.",
      "알림: 앞으로 해금된 유물을 발견할 수 있습니다."
    ]
  },
  "UnlockScreen": {
    "TEXT": [
      "새로운 카드가 해금되었습니다!",
      "새로운 유물이 해금되었습니다!",
      "새로운 캐릭터",
      "알림: 앞으로 해금된 카드를 발견할 수 있습니다.",
      "알림: 앞으로 해금된 유물을 발견할 수 있습니다."
    ]
  },
  "StorePotion": {
    "TEXT": [
      "공간이 부족합니다."
    ]
  },
  "AbstractRoom": {
    "TEXT": [
      "털렸다...",
      "도망갔다..."
    ]
  },
  "SingleViewRelicPopup": {
    "TEXT": [
      "보스",
      "일반",
      "설명이 없습니다.",
      "희귀",
      "상점",
      "이벤트",
      "시작",
      "고급",
      "잠김",
      "미지",
      " 유물",
      "아직 해금되지 않은 유물입니다.",
      "아직 발견되지 않은 유물입니다."
    ]
  },
  "SingleCardViewPopup": {
    "TEXT": [
      "공격",
      "스킬",
      "파워",
      "저주",
      "잠김",
      "미지",
      "강화 상태 보기",
      "상태이상",
      "탄약",
      "내 턴에만 카드를 사용할 수 있다.",
      "#r속박 되었다! NL 공격 카드를 사용할 수 없어.",
      "#r에너지 가 부족해.",
      "#r충전 이 충분하지 않아.",
      "이 카드는 NL 사용할 수 없어."
    ]
  },
  "MasterDeckViewScreen": {
    "TEXT": [
      "이 카드들을 가지고 전투를 시작하게 됩니다.",
      "돌아가기"
    ]
  },
  "DungeonTransitionScreen": {
    "TEXT": [
      "튜토리얼",
      "게임을 진행하며 게임 진행 힌트를 받으시겠습니까?",
      "1 단계",
      "태초",
      "2 단계",
      "도시",
      "3 단계",
      "저편",
      "? 단계",
      "???",
      "아무 곳이나 클릭하십시오"
    ]
  },
  "DungeonMapScreen": {
    "TEXT": [
      "시작 지점을 선택하십시오.",
      "돌아가기"
    ]
  },
  "DrawPileViewScreen": {
    "TEXT": [
      "자신의 턴이 시작될 때 이 곳에서 카드를 가져옵니다.",
      "(카드는 희귀도 순으로 정렬되어 있습니다.)",
      "돌아가기",
      "뽑을 카드 더미"
    ]
  },
  "DiscardPileViewScreen": {
    "TEXT": [
      "가져올 카드가 남아있지 않으면 이 카드들을 섞어 뽑을 카드 더미로 가져옵니다.",
      "돌아가기",
      "버린 카드 더미"
    ]
  },
  "CopyAction": {
    "TEXT": [
      "복사할 카드를 선택하십시오"
    ]
  },
  "DiscardAction": {
    "TEXT": [
      "버릴 카드를 선택하십시오"
    ]
  },
  "ArmamentsAction": {
    "TEXT": [
      "강화할 카드를 선택하십시오"
    ]
  },
  "DualWieldAction": {
    "TEXT": [
      "복사할 카드를 선택하십시오"
    ]
  },
  "HiddenChamberAction": {
    "TEXT": [
      "복사할 카드를 선택하십시오"
    ]
  },
  "DeathScreen": {
    "TEXT": [
      "계속",
      "승리?",
      "오른 층 수",
      "처치된 보스",
      "플레이 시간",
      "플레이 시간",
      "점수",
      "굴복",
      "죽음...",
      "패배",
      "격파됨!",
      "더럽혀짐",
      "초토화",
      "완패",
      "당신은 죽었습니다!",
      "친숙한 느낌이군요.",
      "낮잠이나 자는 게 좋겠네요.",
      "뿌린 대로 거두어 들일 것입니다.",
      "잘 안 풀렸어.",
      "이런 것을 대비하진 못했어.",
      "내일 다시 오겠다.",
      "새로운 지도가 필요해지겠군.",
      "준비가 부족했어.",
      "생각도 못했어!",
      "내 가능성은 이 정도 뿐인 건가?",
      "운이 나빴어...",
      "이건 아니야...",
      "아직 꼭대기가 아니야.",
      "첨탑이 또 한 명을 흡수합니다...",
      "당신의 의식이 희미해집니다...",
      "패배",
      "승인",
      "계속",
      "재도전",
      "메인 메뉴",
      "진행",
      "해금",
      "메인 메뉴",
      "재도전",
      "진행",
      "해금",
      "남은 해금: ",
      "남은 해금: ",
      "처치한 적",
      "처치한 엘리트",
      "미사용 골드",
      "체력 보너스"
    ],
    "EXTRA_TEXT": [
      "태초 엘리트 처치",
      "도시 엘리트 처치",
      "저 편 엘리트 처치",
      "속도광",
      "광속",
      "하이랜더",
      "수집가",
      "완전무장",
      "거지",
      "사서",
      "백과사전",
      "잘먹었습니다",
      "배부르네요",
      "저주!",
      "내 의지로?",
      "영웅",
      "완벽함",
      "완벽조차 넘어선",
      "오버킬",
      "코오오옴보",
      ""
    ]
  },
  "CombatRewardScreen": {
    "TEXT": [
      "진행",
      "카드 넘기기",
      "골드 넘기기",
      "포션 넘기기",
      "유물 넘기기",
      "보상 넘기기",
      "닫기",
      "보물이다!",
      "안에 무엇이 있을까?",
      "보상!",
      "전리품!",
      "전리품!",
      "팁: "
    ]
  },
  "ChooseOneScreen": {
    "TEXT": [
      "하나를 선택하십시오"
    ]
  },
  "CardRewardScreen": {
    "TEXT": [
      "넘기기",
      "카드를 선택하십시오",
      "최대 체력 +2",
      "투표하십시오: ",
      "초 남았습니다.",
      "강화 상태 보기"
    ]
  },
  "BossRelicSelectScreen": {
    "TEXT": [
      "확인",
      "선택한 것을 확인하십시오",
      "유물을 선택하십시오",
      "넘기기",
      "투표하십시오: ",
      "초 남았습니다.",
      "역병을 선택하십시오"
    ]
  },
  "GridCardSelectScreen": {
    "TEXT": [
      "확인",
      "취소",
      "선택한 것을 확인하십시오",
      "떠나기"
    ]
  },
  "HandCardSelectScreen": {
    "TEXT": [
      "카드 확인 : ",
      "카드 확인 : ",
      "카드 ",
      " 장 선택 : ",
      "원하는 만큼 카드를 선택 : ",
      "카드 선택 : "
    ]
  },
  "AbandonRunButton": {
    "TEXT": [
      "전투 포기"
    ]
  },
  "ConfirmPopup": {
    "TEXT": [
      "돌아가기",
      "세이브 삭제",
      "네",
      "아니오"
    ]
  },
  "ExitGameButton": {
    "TEXT": [
      "게임 종료"
    ]
  },
  "OptionsPanel": {
    "TEXT": [
      "",
      "게임 설정",
      "그래픽",
      "해상도: NL 최대 프레임:",
      "전체화면 NL 경계선 없는 전체화면 (추천) NL 화면 흔들림",
      "음량",
      "전체 음량 NL 배경음 NL 효과음",
      "백그라운드 소리 효과 NL 백그라운드에서 음소거",
      "편의 사항",
      "합산 피해량을 #y노란색 으로 표시 NL 방어된 피해량을 #b파란색 으로 표시 NL 카드 획득 시 확인 단계를 건너뛰기",
      "빠른 전투",
      "",
      "기타",
      "언어:",
      "게임 플레이 정보를 업로드 #b(?)",
      "게임 종료",
      "저장 후 종료",
      "NL NL 수직 동기화",
      "플레이 테스터용 아트모드",
      "빠른 카드 선택 키 보기",
      "입력 설정"
    ]
  },
  "SettingsScreen": {
    "TEXT": [
      "확실합니까?",
      "진행도는 자동으로 저장됩니다.",
      "전투를 포기하면 패배로 처리됩니다.",
      "경고:\n저장이 불가능합니다.\n\n저장하시려면 다음 층까지 도달하십시오.",
      "돌아가기",
      "일일 도전에서는 저장이 불가능합니다."
    ]
  },
  "CardLibraryScreen": {
    "TEXT": [
      "돌아가기",
      "빨강",
      "초록",
      "파랑",
      "무색",
      "저주",
      "상태이상",
      "강화 상태 보기"
    ]
  },
  "CardLibSortHeader": {
    "TEXT": [
      "희귀도",
      "종류",
      "이름순",
      "비용",
      "다음으로 넘어가기:"
    ]
  },
  "EarlyAccessPopup": {
    "TEXT": [
      "얼리 엑세스란?",
      "오픈 베타란?",
      "Slay the Spire는 아직 개발 중 입니다! NL 많은 특성들, 카드들, 그리고 적들은 수정 중입니다. NL NL 만약 실행 중에 문제가 발생하거나 의견이 있으시면 #b스팀 #b논의 페이지에 알려주시기 바랍니다. NL NL 다 읽으셨다면 이제 첨탑을 등반해 주시길 바랍니다!",
      "Slay the Spire의 베타 버전을 플레이 중입니다! NL 베타 버전은 많은 내용들이 수시로 수정될 수 있습니다. NL NL 만약 실행 중에 문제가 발생했다면 당황하지 마시고 그 문제를 보관하여 알려주시기 바랍니다. NL NL 베타 버전에는 반영되지 않은 번역이 다수 있을 수 있습니다.",
      "아무 곳이나 클릭하십시오",
      "계속하기"
    ]
  },
  "MainMenuScreen": {
    "TEXT": [
      "#y빌드: ",
      "출정",
      "돌아가기",
      "수정",
      "수정하시려면"
    ]
  },
  "MenuButton": {
    "TEXT": [
      "카드 모음집",
      "게임 시작",
      "일일 도전",
      "유물 모음집",
      "계속",
      "리더보드",
      "통계",
      "크레딧",
      "종료",
      "패치 노트",
      "전투를 포기",
      "전투를 포기 (재확인)",
      "설정",
      "도전 이력",
      "백과사전"
    ]
  },
  "PatchNotesScreen": {
    "TEXT": [
      "돌아가기",
      "#y패치 #y노트",
      " NL (임시: 이전 기록을 열람하려면 화살표 버튼을 누르십시오)"
    ]
  },
  "RelicViewScreen": {
    "TEXT": [
      "돌아가기",
      "시작:",
      "각 캐릭터가 처음부터 갖고 시작하는 유물입니다.",
      "일반:",
      "쉽게 찾을 수 있는 평범한 유물입니다.",
      "고급:",
      "일반적으로 쉽게 찾을 수 없는 강력한 유물입니다.",
      "희귀:",
      "발견하기 어렵고 매우 강력한 유물입니다.",
      "보스:",
      "보스 처치 시에만 획득할 수 있는 유물입니다.",
      "이벤트:",
      "이벤트를 통해서만 획득할 수 있는 유물입니다.",
      "상점:",
      "상인에게서만 구매할 수 있는 유물입니다."
    ]
  },
  "CharacterOption": {
    "TEXT": [
      "잠김",
      "게임을 한 번 플레이하면 해금되는 캐릭터입니다.",
      "얼리 엑세스에는 추가되지 않은 캐릭터입니다.",
      "사일런트로 도전을 성공하면 해금되는 캐릭터입니다.",
      "체력: ",
      "골드: ",
      " 번의 해금이 남았습니다",
      "미지",
      "???",
      " 다음 해금"
    ]
  },
  "CharacterSelectScreen": {
    "TEXT": [
      "캐릭터를 선택하십시오",
      "출정",
      "아이언클래드",
      "사일런트",
      "디펙트",
      "뒤로",
      "승천 모드 ",
      "단계",
      "승천",
      "당신이 승리할수록 도전은 어려워질 것입니다... (연승 기록에 영향을 주지 않습니다.)",
      "시드 ",
      "무작위 시드",
      "시드는 도전에서 무작위로 나타나는 요소를 결정합니다.",
      "시드 설정"
    ]
  },
  "AbstractMonster": {
    "TEXT": [
      "공격",
      "이 적은 #b",
      " 의 피해로 #b",
      " 번 #y공격 하려고 합니다.",
      "이 적은 #b",
      " 의 피해로 #y공격 하려고 합니다.",
      "공격",
      "이 적은 #y이로운 #y효과 를 사용하고, #b",
      " 번 #y공격 하려고 합니다.",
      "이 적은 #y이로운 #y효과 를 사용하고, #b",
      "복합",
      "이 적은 당신에게 #y해로운 #y효과 를 사용하고, #b",
      "이 적은 #y방어도 를 얻고, #b",
      "방어",
      "도망",
      "마법",
      "수면",
      "기절",
      "미지",
      "이 적은 #y이로운 #y효과 를 사용하려고 합니다. ",
      "이 적은 당신에게 #y해로운 #y효과 를 사용하려고 합니다. ",
      "이 적은 당신에게 강력한 #y해로운 #y효과 를 사용하려고 합니다. ",
      "이 적은 #y방어도 를 얻으려고 합니다. ",
      "이 적은 #y방어도 를 얻고, 당신에게 #y해로운 #y효과 를 사용하려고 합니다.",
      "이 적은 #y방어도 를 얻고, #y이로운 #y효과 를 사용하려고 합니다.",
      "이 적은 #y도망 갈 생각입니다. ",
      "이 적은 신비한 #y마법 을 사용하려고 합니다.",
      "이 적은 #y수면 중에 있습니다.",
      "이 적은 #y기절 중 입니다. ",
      "이 적의 의도를 #y알 #y수 #y없습니다 (공격은 아님).",
      "방어됨"
    ]
  },
  "AbstractDungeon": {
    "TEXT": [
      "진행",
      "역병:"
    ]
  },
  "Exordium": {
    "TEXT": [
      "태초"
    ]
  },
  "TheCity": {
    "TEXT": [
      "도시"
    ]
  },
  "GameSavedEffect": {
    "TEXT": [
      "#y~게임~ #y~저장됨~"
    ]
  },
  "BattleStartEffect": {
    "TEXT": [
      "전투 시작",
      "내 턴",
      "적 턴",
      " 턴"
    ]
  },
  "RewardItem": {
    "TEXT": [
      " 골드 (탈환)",
      " 골드",
      "덱에 카드를 추가",
      "",
      "카드를 선택하십시오"
    ]
  },
  "CampfireUI": {
    "TEXT": [
      "무엇을 해야 할까?",
      "흠...",
      "어떻게 할까?",
      "쉴 때가 됐군.",
      "선택지가 정말 많군...",
      "쉬어야겠어.",
      "피곤하군..."
    ]
  },
  "CampfireSmithEffect": {
    "TEXT": [
      "강화할 카드를 선택하십시오"
    ]
  },
  "CampfireSleepEffect": {
    "TEXT": [
      "꿈인가...?"
    ]
  },
  "CampfireTokeEffect": {
    "TEXT": [
      "제거할 카드를 선택하십시오"
    ]
  },
  "UnlockTextEffect": {
    "TEXT": [
      "새로 해금됨!"
    ]
  },
  "AbstractPotion": {
    "TEXT": [
      "포션은 더 들 수 없어."
    ]
  },
  "TipHelper": {
    "TEXT": [
      "에너지"
    ]
  },
  "ExhaustAction": {
    "TEXT": [
      "소멸"
    ]
  },
  "ExhumeAction": {
    "TEXT": [
      "손으로 가져올 카드를 선택하십시오"
    ]
  },
  "PowerExpireTextEffect": {
    "TEXT": [
      "효과 끝남"
    ]
  },
  "RestartForChangesEffect": {
    "TEXT": [
      "화면 설정을 적용하려면 게임을 재시작 해 주십시오."
    ]
  },
  "OpeningAction": {
    "TEXT": [
      "이 적은 공격할 생각이 없어 보인다!"
    ]
  },
  "ApplyPowerAction": {
    "TEXT": [
      "무효화",
      "면역",
      "무효",
      "\n 감소"
    ]
  },
  "PutOnDeckAction": {
    "TEXT": [
      "뽑을 카드 더미 맨 위에 놓을 카드를 선택하십시오"
    ]
  },
  "ImmolateAction": {
    "TEXT": [
      "소멸"
    ]
  },
  "TheBeyond": {
    "TEXT": [
      "저편"
    ]
  },
  "DiscardPileToTopOfDeckAction": {
    "TEXT": [
      "뽑을 카드 더미 맨 위로 올릴 카드를 선택하십시오"
    ]
  },
  "LeaderboardFilters": {
    "TEXT": [
      "아이언클래드",
      "사일런트",
      "디펙트",
      "평균 층 도달 (최근 20번의 도전)",
      "평균 점수 (최근 20번의 도전)",
      "최고 연승",
      "가장 빠른 승리",
      "최고 점수",
      "Option 6. DO NOT TRANSLATE",
      "친구들",
      "글로벌"
    ]
  },
  "ExhaustViewScreen": {
    "TEXT": [
      "이 카드들은 전투 중에 소멸되었습니다.",
      "돌아가기"
    ]
  },
  "AscensionModeDescriptions": {
    "TEXT": [
      "엘리트가 더 많이 발생합니다.",
      "일반적인 적들이 더 많은 피해를 줍니다.",
      "엘리트들이 더 많은 피해를 줍니다.",
      "보스들이 더 많은 피해를 줍니다.",
      "보스 전투 이후에 회복량이 감소합니다.",
      "피해를 입은 채로 시작합니다.",
      "일반적인 적들이 더 많은 체력을 가집니다.",
      "엘리트들이 더 많은 체력을 가집니다.",
      "보스들이 더 많은 체력을 가집니다.",
      "저주받은 상태로 시작합니다.",
      "포션 슬롯이 줄어듭니다.",
      "강화 상태의 카드가 더 적게 나타납니다.",
      "보스가 가난해집니다.",
      "최대 체력이 감소합니다.",
      "이벤트가 부정적으로 변합니다.",
      "상점을 이용하기 위한 비용이 증가합니다.",
      "일반적인 적들이 더 난이도 있는 행동 패턴과 능력치를 지닙니다.",
      "엘리트들이 더 난이도 있는 행동 패턴과 능력치를 지닙니다.",
      "보스들이 더 난이도 있는 행동 패턴과 능력치를 지닙니다.",
      "(최고 단계) 두 마리의 보스."
    ]
  },
  "MerchantImageTextNotInGame": {
    "TEXT": [
      "카드 제거 서비스",
      "판매",
      "비매품",
      "매진",
      "오 안돼!"
    ]
  },
  "DeathScreenUi": {
    "TEXT": [
      "승천 모드 ",
      " 단계 해금!"
    ]
  },
  "AscensionTextEffect": {
    "TEXT": [
      "승천 모드 ",
      " 단계 해금!"
    ]
  },
  "RunHistoryScreen": {
    "TEXT": [
      "아이언클래드",
      "사일런트",
      "디펙트",
      "돌아가기",
      "도전 이력을 찾을 수 없습니다. NL 첨탑을 등반하세요!",
      "승천 단계 : ",
      "%1$d층에서 %2$s에 의해 사망했습니다.",
      "%d층에서 도전을 포기하셨습니다.",
      "승리!",
      "카드",
      "유물",
      "시작",
      "일반",
      "고급",
      "희귀",
      "이벤트",
      "저주",
      "보스",
      "상점",
      "미지",
      "%1$d %2$s",
      "%1$s (%2$d):",
      "점수: %d",
      "모든 캐릭터",
      "승/패",
      "승리만",
      "패배만",
      "일일 도전",
      "모든 게임 모드",
      "일반 모드만",
      "승천 모드만",
      "일일 도전 모드만",
      "시드: %s",
      "임의로 입력한 시드: %s"
    ]
  },
  "CreditsScreen": {
    "TEXT": [
      "종료하시려면 한번 더 클릭하십시오",
      "클릭하십시오"
    ]
  },
  "TwitchVoter": {
    "TEXT": [
      "투표하십시오: "
    ]
  },
  "DailyScreen": {
    "TEXT": [
      "일일 도전",
      "시간 서버와 연결하는 중...",
      "오늘의 일일 도전을 이미 완료했습니다.",
      "돌아가기",
      "출정",
      "오늘의 캐릭터: ",
      "yyyy/MM/dd HH:mm:ss",
      "남은 시간: ",
      "#y도달한 #y층: NL  ",
      " NL NL  #y카드: NL ",
      " NL NL  #y유물: NL  ",
      " NL 오늘의 일일 도전: NL TAB #y직업: NL TAB ",
      " NL TAB #y모드: ",
      "적용되는 모드: ",
      "리더보드",
      "*일일 도전에서는 도전 과제를 달성할 수 없습니다.",
      "  [오프라인 모드]"
    ]
  },
  "MenuPanels": {
    "TEXT": [
      "일반",
      "",
      "첨탑을 무찌르기 위해 모험을 떠나보세요.",
      "일일 도전",
      "",
      "하루에 한 번, 새로운 도전이 제공됩니다.\n\n다른 플레이어들과 가장 높은 점수를 겨뤄보세요!",
      "승천",
      "",
      "승리함에 따라 첨탑은 강해집니다.\n\n여러분의 가장 강력한 전략의 한계를 시험해보세요.",
      "카드 모음집",
      "",
      "첨탑에서 마주했던 모든 카드들을 확인해보세요.",
      "유물 모음집",
      "",
      "도전 중에 얻은 다양한 유물들을 확인해보세요.",
      "괴물 도감",
      "",
      "이 기능은 아직 사용할 수 없습니다.",
      "캐릭터 통계",
      "",
      "각 캐릭터의 진행 상황과 통계를 볼 수 있습니다.",
      "리더보드",
      "",
      "점수를 확인하고, 친구나 다른 플레이어들과 비교해보세요.",
      "도전 기록",
      "",
      "첨탑을 무찌르려 했던 과거의 도전들을 다시 살펴보세요.",
      "게임 설정",
      "",
      "해상도를 변경하고 다양한 옵션을 켜거나 끌 수 있습니다.",
      "입력 설정",
      "",
      "이 기능은 아직 사용할 수 없습니다.",
      "크레딧",
      "",
      "Slay the Spire에 기여한 모든 사람들을 확인해보세요!",
      "미지",
      "일일 도전을 플레이하면 해금되는 모드입니다.",
      "이 기능은 아직 사용할 수 없습니다.",
      "커스텀",
      "특별한 모드를 사용하여 자신이 원하는 형태로 도전할 수 있습니다."
    ]
  },
  "RunHistoryPathNodes": {
    "TEXT": [
      "미지",
      "적",
      "엘리트",
      "이벤트",
      "보스",
      "상자",
      "보스 상자",
      "모닥불",
      "상인",
      "미지 (적)",
      "미지 (상인)",
      "미지 (상자)",
      "%1$s 층 - %2$s",
      "%s 층",
      "받은 피해: #r%s",
      "#r%s 턴",
      "#r%s #r/ #r%s #r체력",
      "#y%s #y골드",
      "선택한 카드: ",
      "선택하지 않음: ",
      "놓친 정보들",
      "+2 최대 체력",
      "[C] ",
      "[T] ",
      "[P] ",
      "[S] ",
      "#b휴식함",
      "#b다음 카드를 재련함: %s",
      "#b다음 카드를 제거함: %s",
      "#b발굴함",
      "#b캐냄 %s/%s",
      "#y구매함:"
    ]
  },
  "AttackFromDeckToHandAction": {
    "TEXT": [
      "손으로 가져올 공격 카드를 선택하십시오."
    ]
  },
  "SeedPanel": {
    "TEXT": [
      "0000000000",
      "새로운 시드를 입력하세요",
      "확인",
      "취소",
      "*임의의 시드를 사용할 경우 도전 과제 달성이 불가능하며 리더보드에 기록되지 않습니다."
    ]
  },
  "InputSettingsScreen": {
    "TEXT": [
      "입력 설정",
      "게임 설정",
      "돌아가기",
      "명령어",
      "키보드",
      "컨트롤러",
      "기본 설정으로",
      "카드 확인",
      "취소 / 나가기",
      "지도",
      "전체 덱",
      "뽑을 카드 더미",
      "버린 카드 더미",
      "소멸된 카드 더미",
      "턴 종료",
      "왼쪽",
      "오른쪽",
      "1번째 카드 선택",
      "2번째 카드 선택",
      "3번째 카드 선택",
      "4번째 카드 선택",
      "5번째 카드 선택",
      "6번째 카드 선택",
      "7번째 카드 선택",
      "8번째 카드 선택",
      "9번째 카드 선택",
      "10번째 카드 선택",
      "카드 놓기",
      "선택*",
      "취소*",
      "진행 / 턴 종료*",
      "왼쪽 탭 / 전체 덱*",
      "오른쪽 탭 / 소멸된 카드 더미*",
      "지도*",
      "설정*",
      "뽑을 카드 더미*",
      "버린 카드 더미*",
      "위*",
      "아래*",
      "왼쪽*",
      "오른쪽*",
      "위 (Alt)*",
      "아래 (Alt)*",
      "왼쪽 (Alt)*",
      "오른쪽 (Alt)*",
      "위",
      "아래",
      "컨트롤러 사용 가능",
      "Controller Enabled"
    ]
  },
  "InputKeyNames": {
    "TEXT_DICT": {
      "Escape": "ESC",
      "Forward Delete": "Delete",
      "Delete": "백스페이스"
    }
  },
  "ReprogramAction": {
    "TEXT": [
      "버리기"
    ]
  },
  "CacheAction": {
    "TEXT": [
      "뽑을 카드 더미의 가장 위에 놓을 카드를 선택하십시오",
      "뽑을 카드 더미의 가장 위에 놓을 카드를 모두 선택하십시오"
    ]
  },
  "RecycleAction": {
    "TEXT": [
      "소멸"
    ]
  },
  "AnyCardFromDeckToHandAction": {
    "TEXT": [
      "손으로 가져올 카드를 선택하십시오.",
      "손으로 가져올 카드를 모두 선택하십시오."
    ]
  },
  "ReprieveAction": {
    "TEXT": [
      "그 적은 공격할 의도가 있다!"
    ]
  },
  "DiscardPileToHandAction": {
    "TEXT": [
      "손으로 가져올 카드를 선택하십시오"
    ]
  },
  "AscensionUnlockEffect": {
    "TEXT": [
      "승천 해금됨!"
    ]
  },
  "CustomModeScreen": {
    "TEXT": [
      "커스텀 모드",
      "도전 과제 및 리더보드는 사용할 수 없습니다.",
      "캐릭터",
      "승천",
      "단계 ",
      "승천 모드",
      "모드",
      "시드",
      "시드 설정"
    ]
  },
  "ForethoughtAction": {
    "TEXT": [
      "뽑을 카드 더미 맨 밑에 배치합니다."
    ]
  },
  "GainGoldTextEffect": {
    "TEXT": [
      " 골드"
    ]
  },
  "SaveSlot": {
    "TEXT": [
      "플레이 시간 ",
      "빈 슬롯"
    ]
  },
  "DeletePopup": {
    "TEXT": [
      "해당 세이브를 삭제하시겠습니까?",
      "예",
      "아니오",
      "주의: 삭제할 시 되돌릴 수 없습니다."
    ]
  },
  "SaveSlotScreen": {
    "TEXT": [
      "세이브 슬롯을 선택하세요",
      "이름 변경",
      "해당 세이브 삭제"
    ]
  },
  "RunHistoryMonsterNames": {
    "TEXT": [
      "그렘린 패거리",
      "슬라임 (대)",
      "태초의 폭력단",
      "태초의 야생동물",
      "슬라임 떼",
      "작은 슬라임들",
      "도시의 강도들",
      "3 섀",
      "4 섀",
      "광신자 3마리",
      "선택받은 자 무리",
      "보초기와 구체 수호자",
      "백부장과 신비주의자",
      "기생충과 동물하초",
      "가면 쓴 도적단",
      "콜로세움 귀족",
      "콜로세움 노예 상인들",
      "덩어리 셋",
      "턱벌레 군단",
      "덩어리 넷",
      "구체 방랑자와 덩어리들",
      "2 구체 방랑자",
      "도누와 데카",
      "보초기들",
      "선택받은 자와 광신자",
      "(삭제됨) 화염 싸움꾼",
      "(삭제됨) 노예 상인과 갑각기생충",
      "(삭제됨) 스네코와 신비주의자"
    ]
  }
}