{
  "AchievementGrid": {
    "NAMES": [
      "Abaikan Saja",
      "Kemurnian",
      "Ayo Sini",
      "Pakta",
      "Adrenalin",
      "Kuat",
      "Perkasa",
      "Tahan Tembus",
      "Barikade",
      "Katalis",
      "Wabah",
      "Ninja",
      "Tak Terhingga",
      "Kamu Bukan Apa-apa",
      "Sempurna",
      "Sang Penjaga",
      "Sang Hantu",
      "Sang Bos",
      "Sang Robot",
      "Sang Kolektor",
      "Sang Juara",
      "Sang Gagak",
      "Para Bentuk Ruang",
      "Sang Pelahap Waktu",
      "Rubi",
      "Zamrud",
      "Tersembunyi",
      "Kata Siapa Perlu Pusaka?",
      "Pendaki Cepat",
      "Kenaikan 0",
      "Kenaikan 10",
      "Minimalis",
      "Ooh Donat!",
      "Safir",
      "Pemikiran Umum",
      "Fokus",
      "Neon",
      "Energi Terlalu Overrated",
      "Hari Keberuntunganku",
      "Sang Sesaat",
      "Kenaikan 20"
    ],
    "TEXT": [
      "Menangkan sebuah pertarungan dengan sisa 1 HP.",
      "Kurangi kartu dekmu sampai tersisa 3 baik di dek ambil, dek buang, maupun di tangan.",
      "Menangkan sebuah pertarungan tanpa memainkan kartu Serang.",
      "Hangus 20 kartu pada suatu pertarungan.",
      "Miliki setidaknya 9 Energi pada suatu giliran.",
      "Miliki 10 atau lebih buff pada suatu pertarungan.",
      "Miliki 50 atau lebih Daya pada suatu pertarungan.",
      "Miliki 99 atau lebih Blok pada suatu pertarungan.",
      "Miliki 999 Blok pada suatu pertarungan.",
      "Terapkan 99 atau lebih Racun ke satu musuh.",
      "Kalahkan 3 musuh dengan Racun pada sebuah pertarungan.",
      "Mainkan 10 Shiv pada satu giliran.",
      "Mainkan 25 kartu pada satu giliran.",
      "Kalahkan bos pada giliran 1.",
      "Kalahkan bos tanpa menerima damage.",
      "Sang Penjaga telah dikalahkan.",
      "Hexaghost telah dikalahkan.",
      "Bos Lendir telah dikalahkan.",
      "Robot Perunggu telah dikalahkan.",
      "Sang Kolektor telah dikalahkan.",
      "Sang Juara telah dikalahkan.",
      "Yang Terbangun telah dikalahkan.",
      "Dona & Deka telah dikalahkan.",
      "Pelahap Waktu telah dikalahkan.",
      "Menangkan game dengan Ironclad.",
      "Menangkan game dengan Silent.",
      "Info rinci pencapaian ini akan dijelaskan setelah kamu memperolehnya.",
      "Menangkan game hanya dengan satu pusaka.",
      "Menangkan game di bawah 20 menit.",
      "Buka mode Kenaikan.",
      "Selesaikan Kenaikan level 10.",
      "Menangkan game dengan dek 5 kartu atau lebih kecil.",
      "Habisi Dona dengan Makan.",
      "Menangkan game dengan Defect.",
      "Menangkan game dengan dek tanpa kartu jarang dan langka.",
      "Miliki 25 Fokus atau lebih pada suatu pertarungan.",
      "Salur 9 Plasma di satu giliran.",
      "Mainkan 10 atau lebih kartu 0 energi di satu giliran.",
      "Menangkan Dakian Harian.",
      "Kalahkan Sang Sesaat sebelum dia menghilang.",
      "Selesaikan Kenaikan level 20."
    ]
  },
  "CharStat": {
    "NAMES": [],
    "TEXT": [
      "Total Waktu Main: ",
      "Total Kemenangan: #y",
      "Total Kekalahan: #y",
      "Total Lantai Didaki: #y",
      "Total Bos Dikalahkan: #y",
      "Total Musuh Dikalahkan: #y",
      "Total Kristal Dimakan: #y",
      "Kartu Yang Dimiliki: #y",
      "Kartu Yang Terbuka: #y",
      "Pusaka Yang Dimiliki: #y",
      "Pusaka Yang Terbuka: #y",
      "Lantai Tertinggi: #y",
      "Harian Tertinggi: #y",
      "Kemenangan Tercepat: ",
      "Telah Mengalahkan ",
      ": #gYa NL ",
      ": #rBelum NL ",
      "Kemenangan: #y",
      "Kekalahan: #y",
      "Lantai Didaki: #y",
      "Bos Terkalahkan: #y",
      "Musuh Terkalahkan: #y",
      "Runtutan Kemenangan Tertinggi: #y",
      "Skor Tertinggi: #y"
    ]
  },
  "StatsScreen": {
    "NAMES": [
      "#yRangkuman #yStatistik",
      "#yPencapaian",
      "#rIronclad",
      "#gSilent",
      "#bDefect"
    ],
    "TEXT": [
      "Kembali"
    ]
  }
}