{
  "Allstar": {
    "NAME": "Toda una Estrella",
    "DESCRIPTION": "Empieza con 5 cartas incoloras."
  },
  "Binary": {
    "NAME": "Binario",
    "DESCRIPTION": "Las recompensas de cartas solo contienen 2 cartas."
  },
  "Blight Chests": {
    "NAME": "Cofres de Plaga",
    "DESCRIPTION": "Los cofres de los jefes contienen plagas tras vencer el Acto 3 en el modo Sin Fin."
  },
  "Brewmaster": {
    "NAME": "Maestro Alquimista",
    "DESCRIPTION": "Empieza con 5 copias de la carta 'Alquimia' y la reliquia 'Estatua de la Bestia Blanca'."
  },
  "Cursed Run": {
    "NAME": "Partida Maldita",
    "DESCRIPTION": "Cuando derrotes a un Jefe, ganas una Maldición. Tu reliquia inicial es reemplazada por 'Llave Maldita', 'Amuleto de Piedraoscura', y 'Muñeco de Du-Vu'"
  },
  "Diverse": {
    "NAME": "Diversidad",
    "DESCRIPTION": "Las cartas no están restringidas por el color de tu personaje."
  },
  "Draft": {
    "NAME": "Selección",
    "DESCRIPTION": "Monta un mazo inicial personalizado."
  },
  "Elite Swarm": {
    "NAME": "Cazador de Caza Mayor",
    "DESCRIPTION": "Enemigos Elite estan invadiendo la Torre y dejan mejores recompensas"
  },
  "Endless": {
    "NAME": "Sin Fin",
    "DESCRIPTION": "Ganar te devolverá al Acto 1 con el mismo mazo. Pero cuidado, la plaga lo consume todo..."
  },
  "Heirloom": {
    "NAME": "Reliquia Familiar",
    "DESCRIPTION": "Empieza con 1 Reliquia Rara."
  },
  "Hoarder": {
    "NAME": "Acaparador",
    "DESCRIPTION": "Cuando añades una carta a tu mazo, agrega dos copias adicionales. Ya no puedes remover cartas de tu mazo con el Vendedor."
  },
  "Inception": {
    "NAME": "Comienzo",
    "DESCRIPTION": "Reemplaza tu reliquia inicial con Peonza Incesante."
  },
  "Insanity": {
    "NAME": "Locura",
    "DESCRIPTION": "Empieza con un mazo de 50 cartas al azar."
  },
  "Lethality": {
    "NAME": "Letalidad",
    "DESCRIPTION": "Empiezas cada combate con +3 de Fuerza. Todos los enemigos empiezan el combate con +3 de Fuerza."
  },
  "Midas": {
    "NAME": "Midas",
    "DESCRIPTION": "Los enemigos sueltan un 200% más de oro, pero ya no puedes mejorar cartas en Áreas de Descanso."
  },
  "My True Form": {
    "NAME": "Mi Verdadera Forma",
    "DESCRIPTION": "Empieza con una copia de Forma Demoníaca, Forma Espectral y Forma Eco."
  },
  "Night Terrors": {
    "NAME": "Terrores Nocturnos",
    "DESCRIPTION": "Decansar en Áreas de Descanso te cura 100% de tus PV, pero te cuesta 5 PV Máximos"
  },
  "One Hit Wonder": {
    "NAME": "Un Golpe Mata",
    "DESCRIPTION": "Empieza la partida con 1 PV máximo."
  },
  "Praise Snecko": {
    "NAME": "Alabad a Snecko",
    "DESCRIPTION": "Reemplaza tu reliquia inicial con el Ojo de Snecko."
  },
  "Shiny": {
    "NAME": "Brillante",
    "DESCRIPTION": "Tu baraja inicial es reemplazada con una copia de cada carta rara."
  },
  "Specialized": {
    "NAME": "Especialista",
    "DESCRIPTION": "Empieza con 5 copias de una carta rara al azar."
  },
  "Starter Deck": {
    "NAME": "Mazo Inicial",
    "DESCRIPTION": "Empieza con Corona Reventada y Binario, por lo que los enemigos ya no sueltan cartas."
  },
  "Terminal": {
    "NAME": "Terminal",
    "DESCRIPTION": "Cuando entras a una nueva habitación, pierde 1 PV máximo. Comienza cada combate con 5x 'Armadura de Placas'."
  },
  "Time Dilation": {
    "NAME": "Dilatación Temporal",
    "DESCRIPTION": "Todos los enemigos comienzan con el perjuicio de Lento."
  },
  "Uncertain Future": {
    "NAME": "Futuro Cierto",
    "DESCRIPTION": "El mapa solo contine un camino."
  },
  "Vintage": {
    "NAME": "Clásico",
    "DESCRIPTION": "Los enemigos normales dejan reliquias en vez de cartas"
  },
  "Red Cards": {
    "NAME": "Cartas Rojas",
    "DESCRIPTION": "Las cartas rojas aparecen en tiendas y recompensas."
  },
  "Green Cards": {
    "NAME": "Cartas Verdes",
    "DESCRIPTION": "Las cartas verdes aparecen en tiendas y recompensas."
  },
  "Blue Cards": {
    "NAME": "Cartas Azules",
    "DESCRIPTION": "Las cartas azules aparecen en tiendas y recompensas."
  },
  "Colorless Cards": {
    "NAME": "Cartas Incoloras",
    "DESCRIPTION": "Las cartas incoloras aparecen en recompensas."
  },
  "Stunted Growth": {
    "NAME": "Crecimiento atrofiado",
    "DESCRIPTION": "Los enemigos ya no sueltan cartas como recompensa después de superar el Acto 3 en Endless."
  },
  "SealedDeck": {
    "NAME": "Sealed Deck",
    "DESCRIPTION": "Craft a deck from 30 random cards."
  },
  "IntelligentEnemies": {
    "NAME": "Intelligent Enemies",
    "DESCRIPTION": "All enemies have more challenging movesets and abilities."
  },
  "MonsterHunter": {
    "NAME": "Monster Hunter",
    "DESCRIPTION": "Enemies have bonus HP but drop better rewards."
  },
  "NeowTime": {
    "NAME": "Neow Time",
    "DESCRIPTION": "Receive 3 blessings and 1 blight from Neow."
  },
  "Flight": {
    "NAME": "Flight",
    "DESCRIPTION": "You may ignore paths when choosing the next room to travel to."
  },
  "ControlledChaos": {
    "NAME": "Controlled Chaos",
    "DESCRIPTION": "Start with Frozen Eye. At the start of your turn add 10 random cards to the bottom of your draw pile."
  },
  "Careless": {
    "NAME": "Careless",
    "DESCRIPTION": "At the start of every turn, discard the top card of your draw pile."
  },
  "Chimera": {
    "NAME": "Chimera",
    "DESCRIPTION": "Your starting deck is a fusion of 3 characters."
  },
  "DeadlyEvents": {
    "NAME": "Deadly Events",
    "DESCRIPTION": "? rooms can now contain Elites but are more likely to contain Treasure rooms."
  },
  "Daily Mods": {
    "NAME": "Daily Mods",
    "DESCRIPTION": "Embark on a run with exactly 3 random Daily Mods."
  }
}