{
  "Allstar": {
    "NAME": "Gwiazdor",
    "DESCRIPTION": "Rozpoczynasz z 5 bezbarwnymi kartami."
  },
  "Binary": {
    "NAME": "Binarnie",
    "DESCRIPTION": "Tylko 2 karty na ekranie wyboru kart."
  },
  "Brewmaster": {
    "NAME": "Piwowar",
    "DESCRIPTION": "Rozpoczynasz z 5 kopiami Alchemizacji oraz Statuetką białej bestii."
  },
  "Cursed Run": {
    "NAME": "Przeklęta próba",
    "DESCRIPTION": "Za każdym razem, gdy pokonasz bossa, otrzymujesz #rKlątwę. Zamiast początkowego artefatku otrzymujesz: Przeklęty klucz, Kamienny amulet i Lalkę Du-Vu."
  },
  "Diverse": {
    "NAME": "Różnorodność",
    "DESCRIPTION": "Karty nie są ograniczone klasami."
  },
  "Draft": {
    "NAME": "Plan",
    "DESCRIPTION": "Ułóż startową talię, dobierając po 1 karcie z 3 losowych kart, 15 razy."
  },
  "Elite Swarm": {
    "NAME": "Rój Elitarnych",
    "DESCRIPTION": "W Iglicy roi się od Elitarnych. Elitarni zostawiają po sobie lepsze łupy."
  },
  "Heirloom": {
    "NAME": "Dziedzictwo",
    "DESCRIPTION": "Zaczynasz grę z 1 rzadkim artefaktem."
  },
  "Hoarder": {
    "NAME": "Syllogomania",
    "DESCRIPTION": "Za każdym razem, gdy dodasz kartę do talii, dodaj dodatkowo jej dwie kopie. Nie możesz już usuwać kart u Handlarza."
  },
  "Insanity": {
    "NAME": "Szaleństwo",
    "DESCRIPTION": "Rozpoczynasz z talią 50 losowych kart."
  },
  "Lethality": {
    "NAME": "Śmiertelność",
    "DESCRIPTION": "Rozpoczynasz walkę z dodatkowymi 3 pkt. Siły. Przeciwnicy rozpoczynają walkę z dodatkowymi 3 pkt. Siły."
  },
  "Midas": {
    "NAME": "Midas",
    "DESCRIPTION": "Przeciwnicy zostawiają 200% więcej złota, ale nie możesz już ulepszać kart w Obozowiskach."
  },
  "Night Terrors": {
    "NAME": "Koszmary",
    "DESCRIPTION": "Odpoczywając odzyskujesz 100% PŻ, ale tracisz 5 maksymalnych PŻ."
  },
  "Shiny": {
    "NAME": "Świecidełko",
    "DESCRIPTION": "Rozpoczynasz z 1 kopią każdej rzadkiej katy."
  },
  "Specialized": {
    "NAME": "Specjalista",
    "DESCRIPTION": "Rozpoczynasz z 5 kopiami rzadkiej karty."
  },
  "Terminal": {
    "NAME": "Śmiertelna choroba",
    "DESCRIPTION": "Za każdym razem, gdy wchodzisz do pokoju, tracisz 1 maksymalny PŻ. Rozpoczynasz walkę z Pancerzem(5)."
  },
  "Time Dilation": {
    "NAME": "Zakrzywienie czasu",
    "DESCRIPTION": "Przeciwnicy są Ślamazarni."
  },
  "Uncertain Future": {
    "NAME": "Pewna przyszłość",
    "DESCRIPTION": "Tylko jedna ścieżka."
  },
  "Vintage": {
    "NAME": "Antyk",
    "DESCRIPTION": "Zwykli przeciwnicy zostawiają po sobie artefakty zamiast kart."
  },
  "Endless": {
    "NAME": "Endless",
    "DESCRIPTION": "Winning will return you to Act 1 with the same deck. But beware, the blight eventually consumes all..."
  },
  "One Hit Wonder": {
    "NAME": "One Hit Wonder",
    "DESCRIPTION": "Start the game with 1 max HP."
  },
  "Starter Deck": {
    "NAME": "Starter Deck",
    "DESCRIPTION": "Start with Busted Crown and Binary, so enemies no longer drop cards."
  },
  "Praise Snecko": {
    "NAME": "Praise Snecko",
    "DESCRIPTION": "Replaces your starting relic with Snecko Eye."
  },
  "Inception": {
    "NAME": "Inception",
    "DESCRIPTION": "Replaces your starting relic with Unceasing Top."
  },
  "My True Form": {
    "NAME": "My True Form",
    "DESCRIPTION": "Start with a copy of Demon Form, Wraith Form and Echo Form."
  },
  "Blight Chests": {
    "NAME": "Blight Chests",
    "DESCRIPTION": "Boss chests contain blights after beating Act 3 on Endless."
  },
  "Stunted Growth": {
    "NAME": "Stunted Growth",
    "DESCRIPTION": "Enemies no longer drop card rewards after beating Act 3 on Endless."
  },
  "Blue Cards": {
    "NAME": "Blue Cards",
    "DESCRIPTION": "Blue cards now appear in rewards and shops."
  },
  "Red Cards": {
    "NAME": "Red Cards",
    "DESCRIPTION": "Red cards now appear in rewards and shops."
  },
  "Colorless Cards": {
    "NAME": "Colorless Cards",
    "DESCRIPTION": "Colorless cards appear more often."
  },
  "Green Cards": {
    "NAME": "Green Cards",
    "DESCRIPTION": "Green cards now appear in rewards and shops."
  },
  "SealedDeck": {
    "NAME": "Sealed Deck",
    "DESCRIPTION": "Craft a deck from 30 random cards."
  },
  "IntelligentEnemies": {
    "NAME": "Intelligent Enemies",
    "DESCRIPTION": "All enemies have more challenging movesets and abilities."
  },
  "MonsterHunter": {
    "NAME": "Monster Hunter",
    "DESCRIPTION": "Enemies have bonus HP but drop better rewards."
  },
  "NeowTime": {
    "NAME": "Neow Time",
    "DESCRIPTION": "Receive 3 blessings and 1 blight from Neow."
  },
  "Flight": {
    "NAME": "Flight",
    "DESCRIPTION": "You may ignore paths when choosing the next room to travel to."
  },
  "ControlledChaos": {
    "NAME": "Controlled Chaos",
    "DESCRIPTION": "Start with Frozen Eye. At the start of your turn add 10 random cards to the bottom of your draw pile."
  },
  "Careless": {
    "NAME": "Careless",
    "DESCRIPTION": "At the start of every turn, discard the top card of your draw pile."
  },
  "Chimera": {
    "NAME": "Chimera",
    "DESCRIPTION": "Your starting deck is a fusion of 3 characters."
  },
  "DeadlyEvents": {
    "NAME": "Deadly Events",
    "DESCRIPTION": "? rooms can now contain Elites but are more likely to contain Treasure rooms."
  },
  "Daily Mods": {
    "NAME": "Daily Mods",
    "DESCRIPTION": "Embark on a run with exactly 3 random Daily Mods."
  }
}