{
  "Game Dictionary": {
    "ARTIFACT": {
      "NAMES": [
        "artefato"
      ],
      "DESCRIPTION": "Nega o próximo efeito negativo."
    },
    "BLOCK": {
      "NAMES": [
        "proteção",
        "proteções"
      ],
      "DESCRIPTION": "Até o próximo turno, previne dano."
    },
    "CURSE": {
      "NAMES": [
        "maldição"
      ],
      "DESCRIPTION": "Cartas de maldição são cartas negativas que permanecem no seu baralho."
    },
    "DEXTERITY": {
      "NAMES": [
        "destreza"
      ],
      "DESCRIPTION": "Destreza melhora a Proteção ganha de Cartas."
    },
    "ETHEREAL": {
      "NAMES": [
        "etérea"
      ],
      "DESCRIPTION": "Se esta carta estiver em sua mão no fim do turno, ela será exaurida. Cartas exauridas são removidas do seu baralho até o fim do combate."
    },
    "EXHAUST": {
      "NAMES": [
        "exaurida",
        "exaurir",
        "exaura"
      ],
      "DESCRIPTION": "Removida até o fim do combate."
    },
    "INNATE": {
      "NAMES": [
        "inata"
      ],
      "DESCRIPTION": "Comece cada combate com esta carta em sua mão."
    },
    "LOCKED": {
      "NAMES": [
        "bloqueada"
      ],
      "DESCRIPTION": "Esta carta ainda deve ser desbloqueada."
    },
    "POISON": {
      "NAMES": [
        "veneno",
        "envenenado"
      ],
      "DESCRIPTION": "Criaturas envenenadas perdem PV no início de seus turnos. A cada turno, o Veneno é reduzido em #b1."
    },
    "RETAIN": {
      "NAMES": [
        "manter",
        "mantenha"
      ],
      "DESCRIPTION": "Cartas mantidas não são descartadas no fim do turno."
    },
    "SHIV": {
      "NAMES": [
        "estoque",
        "estoques"
      ],
      "DESCRIPTION": "Estoques são cartas de Ataque com custo #b0 com Exaurir."
    },
    "STATUS": {
      "NAMES": [
        "condição"
      ],
      "DESCRIPTION": "Cartas de condição são removidas no fim do combate."
    },
    "STRENGTH": {
      "NAMES": [
        "força"
      ],
      "DESCRIPTION": "Força adiciona dano adicional a Ataques."
    },
    "TRANSFORM": {
      "NAMES": [
        "transformar"
      ],
      "DESCRIPTION": "Cartas transformadas se tornam cartas aleatórias de qualquer raridade."
    },
    "UNKNOWN": {
      "NAMES": [
        "desconhecida"
      ],
      "DESCRIPTION": "Essa carta ainda não foi encontrada."
    },
    "UNPLAYABLE": {
      "NAMES": [
        "injogável"
      ],
      "DESCRIPTION": "Cartas injogáveis não podem ser jogadas da sua mão."
    },
    "UPGRADE": {
      "NAMES": [
        "aprimorar",
        "aprimorada",
        "aprimore"
      ],
      "DESCRIPTION": "Aprimorar cartas as fazem mais poderosas. Cartas só podem ser aprimoradas uma vez."
    },
    "VULNERABLE": {
      "NAMES": [
        "vulnerável",
        "vulnerabilidade"
      ],
      "DESCRIPTION": "Criaturas vulneráveis recebem #b50% a mais de dano de Ataques."
    },
    "WEAK": {
      "NAMES": [
        "enfraquecido",
        "fraqueza",
        "enfraquecer",
        "enfraquece"
      ],
      "DESCRIPTION": "Criaturas enfraquecidas causam #b25% a menos de dano em Ataques."
    },
    "WOUND": {
      "NAMES": [
        "ferida",
        "feridas"
      ],
      "DESCRIPTION": "Feridas são cartas de condição injogáveis."
    },
    "DAZED": {
      "NAMES": [
        "atordoado"
      ],
      "DESCRIPTION": "Atordoato são cartas de condição não-jogáveis."
    },
    "BURN": {
      "NAMES": [
        "queimadura",
        "queima",
        "queimaduras"
      ],
      "DESCRIPTION": "Queimaduras são cartas de condição não-jogáveios que lhe causam dano."
    },
    "FRAIL": {
      "NAMES": [
        "fragilizado"
      ],
      "DESCRIPTION": "Enquanto Fragilizado, ganhe #b25% menos #yProteção de cartas."
    },
    "STRIKE": {
      "NAMES": [
        "golpe"
      ],
      "DESCRIPTION": "Qualquer carta que contenha \"Golpe\" em seu nome."
    },
    "CONFUSED": {
      "NAMES": [
        "confuso"
      ],
      "DESCRIPTION": "Sempre que você comprar uma carta, aleatorize seu custo."
    },
    "INTANGIBLE": {
      "NAMES": [
        "intangível"
      ],
      "DESCRIPTION": "Reduza TODO dano recebido e perda de PV para #b1."
    },
    "TODO": {
      "NAMES": [
        "to do",
        "JUST FOR DEVS, DONT TRANSLATE",
        "JUST FOR DEVS, DONT TRANSLATE",
        "JUST FOR DEVS, DONT TRANSLATE",
        "JUST FOR DEVS, DONT TRANSLATE"
      ],
      "DESCRIPTION": "This card is NOT IMPLEMENTED. Someone should really fix that..."
    },
    "TEXT": [
      "Energia é utilizada para jogar cartas da sua mão."
    ],
    "VOID": {
      "NAMES": [
        "void",
        "voids"
      ],
      "DESCRIPTION": "Voids are unplayable status cards that consume energy when drawn."
    },
    "FOCUS": {
      "NAMES": [
        "focus"
      ],
      "DESCRIPTION": "Focus increases the effectiveness of #yChanneled Orbs."
    },
    "EVOKE": {
      "NAMES": [
        "evoke",
        "evoked"
      ],
      "DESCRIPTION": "Consume your rightmost Orb and use its Evoke effect."
    },
    "PLASMA": {
      "NAMES": [
        "plasma",
        "plasma+"
      ],
      "DESCRIPTION": "Orb: Gains Energy."
    },
    "CHANNEL": {
      "NAMES": [
        "channel",
        "channeled"
      ],
      "DESCRIPTION": "Channeling an Orb puts it into your first empty slot. If you have no empty slots, your first Orb is automatically #yEvoked to make room."
    },
    "DARK": {
      "NAMES": [
        "dark",
        "dark+"
      ],
      "DESCRIPTION": "Orb: Increases damage every turn. When #yEvoked, deals damage to the enemy with the least HP."
    },
    "OPENER": {
      "NAMES": [
        "opener"
      ],
      "DESCRIPTION": "Opener cards may only be played as the first card each turn."
    },
    "LIGHTNING": {
      "NAMES": [
        "lightning",
        "lightning+"
      ],
      "DESCRIPTION": "Orb: Deals damage to random enemies."
    },
    "FROST": {
      "NAMES": [
        "frost",
        "frost+"
      ],
      "DESCRIPTION": "Orb: Gains #yBlock."
    },
    "THORNS": {
      "NAMES": [
        "thorns"
      ],
      "DESCRIPTION": "When receiving #yAttack damage, deals damage back."
    },
    "LOCK_ON": {
      "NAMES": [
        "lock-on"
      ],
      "DESCRIPTION": "Lock-On targets receive #b50% more damage from Orbs."
    }
  }
}