{
  "Ascension": {
    "NAME": "Ascensão",
    "DESCRIPTIONS": [
      "+5% de pontuação por Nível de Ascensão."
    ]
  },
  "Beyond Elites Killed": {
    "NAME": "Elites Mortos no Além",
    "DESCRIPTIONS": []
  },
  "Bosses Slain": {
    "NAME": "Chefes Mortos",
    "DESCRIPTIONS": []
  },
  "City Elites Killed": {
    "NAME": "Elites Mortos na Cidade",
    "DESCRIPTIONS": []
  },
  "Exordium Elites Killed": {
    "NAME": "Elites Mortos no Exórdio",
    "DESCRIPTIONS": []
  },
  "Champion": {
    "NAME": "Campeão",
    "DESCRIPTIONS": [
      "Derrote um Elite sem sofrer danos."
    ]
  },
  "Perfect": {
    "NAME": "Perfeição",
    "DESCRIPTIONS": [
      "Derrote um chefe sem sofrer danos."
    ]
  },
  "Beyond Perfect": {
    "NAME": "Além da Perfeição",
    "DESCRIPTIONS": [
      "Derrote 3 chefes sem sofrer danos."
    ]
  },
  "Overkill": {
    "NAME": "Exagero",
    "DESCRIPTIONS": [
      "Dê 99 de dano com um único ataque."
    ]
  },
  "Combo": {
    "NAME": "C-c-c-combo",
    "DESCRIPTIONS": [
      "Jogue 20 cartas em um único turno."
    ]
  },
  "Poopy": {
    "NAME": "Cocôzinho",
    "DESCRIPTIONS": [
      "Recebeu o Cocô Espiritual."
    ]
  },
  "Cheater": {
    "NAME": "Trapaceiro",
    "DESCRIPTIONS": [
      "Pego trapaceando. Se pego duas vezes, sua pontuação nunca mais será enviada para as Tabelas de Classificação."
    ]
  },
  "Speedster": {
    "NAME": "Velocista",
    "DESCRIPTIONS": [
      "Vitória em menos de 60 minutos."
    ]
  },
  "Light Speed": {
    "NAME": "Velocidade da Luz",
    "DESCRIPTIONS": [
      "Vitória em menos de 45 minutos."
    ]
  },
  "Money Money": {
    "NAME": "Dinheiro, Dinheiro",
    "DESCRIPTIONS": [
      "Acumulou 1.000 de ouro."
    ]
  },
  "Raining Money": {
    "NAME": "Chovendo Dinheiro",
    "DESCRIPTIONS": [
      "Acumulou 2.000 de ouro."
    ]
  },
  "I Like Gold": {
    "NAME": "Eu gosto de ouro",
    "DESCRIPTIONS": [
      "Acumulou 3.000 de ouro."
    ]
  },
  "Minimalist": {
    "NAME": "Minimalista",
    "DESCRIPTIONS": [
      "Removeu 5+ cartas do seu deck."
    ]
  },
  "Highlander": {
    "NAME": "Highlander",
    "DESCRIPTIONS": [
      "Seu baralho não contém duplicatas (tirando cartas iniciais)."
    ]
  },
  "Shiny": {
    "NAME": "Eu Gosto de Brilhantes",
    "DESCRIPTIONS": [
      "Tenha 25+ relíquias."
    ]
  },
  "Collector": {
    "NAME": "Colecionador",
    "DESCRIPTIONS": [
      "Tenha 4 cópias de qualquer carta não inicial."
    ]
  },
  "Pauper": {
    "NAME": "Pobre",
    "DESCRIPTIONS": [
      "Tenha 0 cartas raras."
    ]
  },
  "Librarian": {
    "NAME": "Bibliotecário",
    "DESCRIPTIONS": [
      "Tamanho do baralho de pelo menos 35 cartas"
    ]
  },
  "Encyclopedian": {
    "NAME": "Enciclopédia",
    "DESCRIPTIONS": [
      "Tamanho do baralho de pelo menos 50 cartas."
    ]
  },
  "Well Fed": {
    "NAME": "Bem Alimentado",
    "DESCRIPTIONS": [
      "Aumentou seu PV máximo em 15+."
    ]
  },
  "Stuffed": {
    "NAME": "Estufado",
    "DESCRIPTIONS": [
      "Aumentou seu PV máximo em 30+."
    ]
  },
  "Curses": {
    "NAME": "Maldições!",
    "DESCRIPTIONS": [
      "Seu baralho contém 5 maldições."
    ]
  },
  "Alchemist": {
    "NAME": "Alquimista",
    "DESCRIPTIONS": [
      "Comprou 5 poções."
    ]
  },
  "Mystery Machine": {
    "NAME": "Máquina Misteriosa",
    "DESCRIPTIONS": [
      "Viajou para 15+ salas de ?"
    ]
  },
  "On My Own Terms": {
    "NAME": "Nos Meus Próprios Termos",
    "DESCRIPTIONS": [
      "Se matou."
    ]
  }
}