{
  "Ancient Potion": {
    "NAME": "Antika İksir",
    "DESCRIPTIONS": [
      " #b",
      " #yDokunulmazlık kazan."
    ]
  },
  "Block Potion": {
    "NAME": "Blok İksiri",
    "DESCRIPTIONS": [
      "#b",
      " #yBlok kazan."
    ]
  },
  "Dexterity Potion": {
    "NAME": "Beceri İksiri",
    "DESCRIPTIONS": [
      "#b",
      " #yBeceri kazan."
    ]
  },
  "Elixir": {
    "NAME": "Eliksir",
    "DESCRIPTIONS": [
      "",
      "",
      "Elindeki tüm #yDurum  ve #yLanet kartlarını #yTüket.",
      "",
      "Bir etki göstermedi..."
    ]
  },
  "Energy Potion": {
    "NAME": "Enerji İksiri",
    "DESCRIPTIONS": [
      "#b",
      " Enerji kazan."
    ]
  },
  "Explosive Potion": {
    "NAME": "Patlayıcı İksir",
    "DESCRIPTIONS": [
      "TÜM düşmanlara #b",
      " hasar ver."
    ]
  },
  "Fire Potion": {
    "NAME": "Ateş İksiri",
    "DESCRIPTIONS": [
      "#b",
      " hasar ver."
    ]
  },
  "Health Potion": {
    "NAME": "Can İksiri",
    "DESCRIPTIONS": [
      "#b",
      " HP iyileş."
    ]
  },
  "Poison Potion": {
    "NAME": "Zehir İksiri",
    "DESCRIPTIONS": [
      "#b",
      " #yZehirle."
    ]
  },
  "Potion Slot": {
    "NAME": "İksir Slotu",
    "DESCRIPTIONS": [
      "Dövüş sırasında #gbonus kazan veya düşmanları #rengelle.",
      "İksir Slotu"
    ]
  },
  "Regen Potion": {
    "NAME": "Yenileme İksiri",
    "DESCRIPTIONS": [
      "Her turun sonunda #b",
      " #yHP iyileş #b",
      " tur boyunca."
    ]
  },
  "Strength Potion": {
    "NAME": "Kuvvet İksiri",
    "DESCRIPTIONS": [
      "#b",
      " #yKuvvet kazan."
    ]
  },
  "Swift Potion": {
    "NAME": "Çeviklik İksiri",
    "DESCRIPTIONS": [
      "",
      "#b",
      " kart çek."
    ]
  },
  "Weak Potion": {
    "NAME": "Zayıflatma İksiri",
    "DESCRIPTIONS": [
      "#b",
      " #yZayıflat."
    ]
  },
  "Fruit Juice": {
    "NAME": "Fruit Juice",
    "DESCRIPTIONS": [
      "Gain #b",
      " Max HP."
    ]
  },
  "FearPotion": {
    "NAME": "Fear Potion",
    "DESCRIPTIONS": [
      "Apply #b",
      " #yVulnerable."
    ]
  },
  "SkillPotion": {
    "NAME": "Skill Potion",
    "DESCRIPTIONS": [
      "Add a random Skill card to your hand, it costs #b0."
    ]
  },
  "AttackPotion": {
    "NAME": "Attack Potion",
    "DESCRIPTIONS": [
      "Add a random Attack card to your hand, it costs #b0."
    ]
  },
  "PowerPotion": {
    "NAME": "Potion Potion",
    "DESCRIPTIONS": [
      "Add a random Power card to your hand, it costs #b0."
    ]
  },
  "SteroidPotion": {
    "NAME": "Steroid  Potion",
    "DESCRIPTIONS": [
      "Gain #b",
      " Strength. At the end of your turn, lose #b",
      " Strength."
    ]
  },
  "SpeedPotion": {
    "NAME": "Speed  Potion",
    "DESCRIPTIONS": [
      "Gain #b",
      " Dexterity. At the end of your turn, lose #b",
      " Dexterity."
    ]
  },
  "GhostInAJar": {
    "NAME": "Ghost In A Jar",
    "DESCRIPTIONS": [
      "Gain #b",
      " #yIntangible"
    ]
  },
  "FocusPotion": {
    "NAME": "Focus Potion",
    "DESCRIPTIONS": [
      "Gain #b",
      " #yFocus"
    ]
  },
  "SneckoOil": {
    "NAME": "Snecko Oil",
    "DESCRIPTIONS": [
      "Draw #b",
      "cards. Become #yConfused.",
      "card."
    ]
  },
  "LiquidBronze": {
    "NAME": "Liquid Bronze",
    "DESCRIPTIONS": [
      "Gain #b",
      " #yThorns."
    ]
  },
  "GamblersBrew": {
    "NAME": "Gambler's Brew",
    "DESCRIPTIONS": [
      "Discard any number of cards then draw that many."
    ]
  },
  "EssenceOfSteel": {
    "NAME": "Essence Of Steel",
    "DESCRIPTIONS": [
      "Gain #b",
      " #yPlated #yArmor."
    ]
  },
  "BloodPotion": {
    "NAME": "Blood Potion",
    "DESCRIPTIONS": [
      "Heal for #b",
      "% of your Max HP."
    ]
  },
  "FairyPotion": {
    "NAME": "Fairy Potion",
    "DESCRIPTIONS": [
      "When you would die, heal to #b10% of your Max HP instead and discard this potion."
    ]
  },
  "SmokeBomb": {
    "NAME": "Smoke Bomb",
    "DESCRIPTIONS": [
      "Escape from a non-boss combat. Receive no rewards."
    ]
  },
  "EntropicBrew": {
    "NAME": "Entropic Brew",
    "DESCRIPTIONS": [
      "Fill all your empty potion slots with random potions."
    ]
  }
}