{
  "MerchantImageTextNotInGame": {
    "TEXT": [
      "Kart Silme Servisi",
      "SATILIK",
      "Satılık Değil",
      "Satıldı",
      "Oh hayır!"
    ]
  },
  "Cancel Button": {
    "TEXT": [
      "Kayıtı Sil"
    ]
  },
  "Confirm Button": {
    "TEXT": [
      "Onayla"
    ]
  },
  "End Turn Button": {
    "TEXT": [
      "Turu Bitir",
      "Sıra Düşmanda"
    ]
  },
  "RunHistoryScreen": {
    "TEXT": [
      "Demirkaplı",
      "Sessiz",
      "",
      "Geri Dön",
      "Oyun geçmişi bulunamadı. NL Yürü Slay the Spire!",
      "Basamak Modu: ",
      "Ölünen Kat %1$d , %2$s tarafından",
      "Oyundan Çıkılan Kat %d",
      "Zafer!",
      "Kartlar",
      "Kalıntılar",
      "Başlangıç",
      "Yaygın",
      "Yaygın Olmayan",
      "Nadir",
      "Özel",
      "Lanet",
      "Boss",
      "Dükkan",
      "Bilinmiyor",
      "%1$d %2$s",
      "%1$s (%2$d):",
      "Skor: %d",
      "Tüm Karakterler",
      "Kazanma ve Kayıplar",
      "Kazanmalar",
      "Kayıplar",
      "Günlük Mücadele",
      "Herhangi Oyun Türü",
      "Yalnızca Normal",
      "Yalnızca Basamak",
      "Yalnızca Günlük Mücadele",
      "Seed: %s",
      "Custom Seed: %s"
    ]
  },
  "LeaderboardsScreen": {
    "TEXT": [
      "Geri Dön",
      "Filtreler",
      "Karakter",
      "Bölge",
      "Tip",
      "Puanıma Bak",
      "Sıra",
      "İsim",
      "Skor",
      "Veriler Alınıyor...",
      "Liderlik Tablosu (NOT: Haftalık olarak yenilenecektir)",
      "Steam'e Bağlı Değilsiniz",
      "Skor Yok \n Yürü Slay the Spire!"
    ]
  },
  "LeaderboardFilters": {
    "TEXT": [
      "Demirkaplı",
      "Sessiz",
      "3rd Char. DO NOT TRANSLATE",
      "Ulaşılan Ortalama Kat (Son 20 Deneme)",
      "Ortalama Skor (Son 20 Deneme)",
      "En İyi Kazanma Serisi",
      "En Hızlı Galibiyet",
      "Yüksek Skor",
      "Option 6. DO NOT TRANSLATE",
      "Arkadaşlar",
      "Dünya Çapında"
    ]
  },
  "LanguageDropdown": {
    "TEXT": [
      "Brezilyan Portekizcesi",
      "Çince (Basitleştirilmiş)",
      "Çince (Geleneksel)",
      "İngilizce",
      "Fransızca",
      "Almanca",
      "İtalyanca",
      "Japonca",
      "Korece",
      "Polonyaca",
      "Rusça",
      "İspanyolca",
      "İbranice",
      "Türkçe",
      "İsveççe",
      "Norveççe",
      "Tayvanca",
      "Sırpça",
      "Ukraynaca",
      "Vietnamca",
      "Macarca",
      "Serbian (Latin)",
      "Catalan",
      "Greek",
      "Indonesian",
      "Esperanto"
    ]
  },
  "Proceed Button": {
    "TEXT": [
      "Devam Et"
    ]
  },
  "GamblingChipAction": {
    "TEXT": [
      "Değiştir (Kumar Çipi)",
      "Replace"
    ]
  },
  "RetainCardsAction": {
    "TEXT": [
      "Elinde Tut"
    ]
  },
  "AbstractChest": {
    "TEXT": [
      "Devam Et"
    ]
  },
  "BossChest": {
    "TEXT": [
      "Devam Et"
    ]
  },
  "ShopRoom": {
    "TEXT": [
      "Tüccarı Geç"
    ]
  },
  "TreasureRoom": {
    "TEXT": [
      "Sandığı Geç"
    ]
  },
  "TreasureRoomBoss": {
    "TEXT": [
      "Sandığı Geç"
    ]
  },
  "SetupAction": {
    "TEXT": [
      "dağıtma yığınının en üstüne koy."
    ]
  },
  "SkillFromDeckToHandAction": {
    "TEXT": [
      "Bir Yetenek Seç ve Eline Ekle"
    ]
  },
  "DiscardPileToTopOfDeckAction": {
    "TEXT": [
      "Dağıtma Yığınının En Üstüne Koymak için bir Kart Seç."
    ]
  },
  "Legend": {
    "TEXT": [
      "Bilinmiyor",
      "???",
      "Bilinmeyen oda. NL NL Canavarlarla, definelerle, dükkanlarla veya tamamen farklı bir şeyle karşılaşabilirsiniz.",
      "Tüccar",
      "Dükkanlar",
      "Gizemli bir tüccar eşyalarını bu odalarda satıyor. NL NL Kazandığın #yAltınlar burada harca!",
      "Hazine",
      "Hazine Odaları",
      "#Kalıntılar ve #yAltın bu odalarda bulunabilir.",
      "Dinlen",
      "Dinleme Yerleri",
      "#gİyileşmek veya kart #yGeliştirmek için bu odalara uğra.",
      "Düşman",
      "Düşmanlar",
      "Düşmanlar bu odalarda bulunurlar.",
      "Elit",
      "Elitler",
      "Güçlü düşmanlar bu odalarda bulunur. NL NL Onları yenmek sana Kalıntı kazandırır.",
      "Anlam Listesi"
    ]
  },
  "Unlock Confirm Button": {
    "TEXT": [
      "Devam Et"
    ]
  },
  "Dig Option": {
    "TEXT": [
      "Kaz",
      "Rastgele bir kalıntı için kaz."
    ]
  },
  "Lift Option": {
    "TEXT": [
      "Ağırlık Kaldır",
      "Dövüşlere +1 Kuvvet ile başla. (en fazla 3)"
    ]
  },
  "Rest Option": {
    "TEXT": [
      "Dinlen",
      "Maksimum HP'nin %20si kadar can doldur (",
      " HP ",
      "Maksimum HP'nin %30'u kadar HP doldur ("
    ]
  },
  "Smith Option": {
    "TEXT": [
      "Nalbant",
      "Destendeki bir kartı geliştir.",
      "Geliştirilebilir kart yok."
    ]
  },
  "Toke Option": {
    "TEXT": [
      "Tüttür",
      "Destenden bir kart sil."
    ]
  },
  "DiscardPilePanel": {
    "TEXT": [
      "Atma yığınım #rboş."
    ]
  },
  "DrawPilePanel": {
    "TEXT": [
      "Dağıtma yığınım #rboş."
    ]
  },
  "PotionPopUp": {
    "TEXT": [
      "Kullan",
      "İç",
      "At",
      "İksir kullanamam!",
      "Dövüş sırasında bunu yapamam!"
    ]
  },
  "RenamePanel": {
    "TEXT": [
      "<isimsiz>",
      "İsmini Yaz",
      "Onayla",
      "İptal Et"
    ]
  },
  "AbstractCard": {
    "TEXT": [
      "Kilitli",
      "Bilinmiyor"
    ]
  },
  "AbstractPlayer": {
    "TEXT": [
      "Bloklanmış",
      "Demirkaplı",
      "Sessiz",
      "Nişancı"
    ]
  },
  "AbstractCreature": {
    "TEXT": [
      "Ölü",
      "Bloklanmış",
      "Maksimum HP +",
      "Sersemletildi!",
      "Yarıda Kesildi!",
      "Relics"
    ]
  },
  "TopPanel": {
    "TEXT": [
      ". Kat",
      " - Basamak ",
      " (Maksimum Seviye)"
    ]
  },
  "UnlockCharacterScreen": {
    "TEXT": [
      "Kartlar Açıldı!",
      "",
      "Kalıntılar Açıldı!",
      "Yeni Karakter",
      "Not: Açılan kartlar sıradaki oyunlarda görülecek.",
      "Not: Açılan kalıntılar sıradaki oyunlarda görülecek."
    ]
  },
  "UnlockScreen": {
    "TEXT": [
      "Kartlar Açıldı!",
      "Kalıntılar Açıldı!",
      "Yeni Karakter",
      "Not: Açılan kartlar sıradaki oyunlarda görülecek.",
      "Not: Açılan kalıntılar sıradaki oyunlarda görülecek."
    ]
  },
  "StorePotion": {
    "TEXT": [
      "Bunun için yerin yok"
    ]
  },
  "AbstractRoom": {
    "TEXT": [
      "Yağmalandın...",
      "Fled..."
    ]
  },
  "SingleViewRelicPopup": {
    "TEXT": [
      "Boss",
      "Yaygın",
      "Kullanılamaz",
      "Nadir",
      "Dükkan",
      "Olay",
      "Başlangıç",
      "Yaygın Olmayan",
      "Kilitli",
      "Bilinmiyor",
      " Kalıntı",
      "Bu kalıntı henüz açılmadı.",
      "Bu kalıntıyla henüz karşılaşılmadı."
    ]
  },
  "SingleCardViewPopup": {
    "TEXT": [
      "Atak",
      "Yetenek",
      "Güç",
      "Lanet",
      "Kilitli",
      "Bilinmeyen",
      "Geliştirilmiş Hali Göster",
      "Durum",
      "Cephane",
      "Yalnızca sıra bendeyken kart oynayabilirim.",
      "#rElim #rAyağıma #rDolaşmış halde! NL Atak oynayamam",
      "Yeterli #rEnerji yok.",
      "Yeterli #rYük yok.",
      "Bu kartı NL oynayamam"
    ]
  },
  "MasterDeckViewScreen": {
    "TEXT": [
      "Her dövüşe buradaki kartlarla başlayacaksın.",
      "Geri Dön"
    ]
  },
  "ExhaustViewScreen": {
    "TEXT": [
      "Bu kartlar dövüş sırasında tüketildi.",
      "Geri Dön"
    ]
  },
  "DungeonTransitionScreen": {
    "TEXT": [
      "Öğretici",
      "Oyunu oynarken nasıl oynanacağına dair ipuçları ister misin?",
      "1. Sahne",
      "Exordium",
      "2. Sahne",
      "Şehir",
      "3. Sahne",
      "Ötesi",
      "?. Sahne",
      "???",
      "Devam Etmek için herhangi bir yere tıkla"
    ]
  },
  "DungeonMapScreen": {
    "TEXT": [
      "Başlamak için bir Oda Seç",
      "Geri Dön"
    ]
  },
  "DrawPileViewScreen": {
    "TEXT": [
      "Kartlar her turun başında buradan çekilir.",
      "(Kartlar nadirliklerine göre gösterilmektedir)",
      "Geri Dön",
      "Dağıtma Yığını"
    ]
  },
  "DiscardPileViewScreen": {
    "TEXT": [
      "Buradaki kartlar dağıtma yığınında kart kalmadığı zaman, dağıtma yığınına karıştırılır.",
      "Geri Dön",
      "Atma Yığını"
    ]
  },
  "CopyAction": {
    "TEXT": [
      "Kopyala"
    ]
  },
  "DiscardAction": {
    "TEXT": [
      "At"
    ]
  },
  "ArmamentsAction": {
    "TEXT": [
      "Geliştir"
    ]
  },
  "DualWieldAction": {
    "TEXT": [
      "Kopyala"
    ]
  },
  "HiddenChamberAction": {
    "TEXT": [
      "Kopyala"
    ]
  },
  "DeathScreenUi": {
    "TEXT": [
      "Basamak Modu Seviye ",
      " Açıldı!"
    ]
  },
  "DeathScreen": {
    "TEXT": [
      "Devam Et",
      "Galibiyet?",
      "Kat Çıkıldı",
      "Boss Yenildi",
      "Oynama Süresi",
      "Oynama Süresi",
      "Skor",
      "Zafer",
      "Ölüm...",
      "Kayıp",
      "Kaybettin!",
      "Kutsallık Bozuldu",
      "Tahribat",
      "Mağlubiyet",
      "Öldün!",
      "Tanıdık bir his.",
      "Uyku kulağa hoş geliyor.",
      "Ne ekersen onu biçersin.",
      "Bir şeyler yanlış gitti.",
      "Buna hazır değildim.",
      "Yarın tekrar deneyeceğim.",
      "Yeni bir haritaya ihtiyacım var.",
      "Yetersiz hazırlandım.",
      "Akıl almaz!",
      "Benim gerçek potansiyelim bu mu?",
      "Sadece şanstı...",
      "Böyle olmamalı...",
      "Tam olarak zirve sayılmaz.",
      "Spiral bir başkasını daha yutar...",
      "Bilincin soluklaşıyor...",
      "Yenilgi",
      "Kabullenme",
      "Devam Et",
      "Tekrar Dene",
      "Ana Menü",
      "Devam Et",
      "Aç",
      "Ana Menü",
      "Tekrar Dene",
      "İlerle",
      "Aç",
      "Kalan Kilitliler: ",
      "Kalan Kilitli: ",
      "Öldürülen Düşmanlar",
      "Öldürülen Elitler",
      "Harcanmanış Altın",
      "HP Bonusu"
    ],
    "EXTRA_TEXT": [
      "Exordium Elitleri Öldürüldü",
      "Şehir Elitleri Öldürüldü",
      "Ötesi Elitleri Öldürüldü",
      "Hızlısın",
      "Işık Hızı",
      "Yüksekte Oturan",
      "Koleksiyon",
      "Tam Set",
      "Yoksul",
      "Kütüphaneci",
      "Ansiklopedi",
      "İyi Beslenmiş",
      "Tıka Basa Dolmuş",
      "Lanetler!",
      "Kendi Şartlarım",
      "Şampiyon",
      "Mükemmel",
      "Mükemmel Ötesi",
      "Fazladan Hasar",
      "K-k-k-kombo",
      ""
    ]
  },
  "CombatRewardScreen": {
    "TEXT": [
      "Devam Et",
      "Kartı Geç",
      "Altını Geç",
      "İksiri Geç",
      "Kalıntıyı Geç",
      "Ödülleri Geç",
      "Kapat",
      "Hazine!",
      "İçinde Ne Var?",
      "Ödüller!",
      "Yağma Malları!",
      "Ganimet!",
      "Öneri: "
    ]
  },
  "ChooseOneScreen": {
    "TEXT": [
      "Birini Seç"
    ]
  },
  "CardRewardScreen": {
    "TEXT": [
      "Geç",
      "Bir Kart Seç",
      "+2 Maks HP",
      "ŞİMDİ OYLA: ",
      "s kaldı.",
      "View Upgrade"
    ]
  },
  "BossRelicSelectScreen": {
    "TEXT": [
      "Onayla",
      "Seçimini Onayla",
      "Kalıntı Seç",
      "Geç",
      "ŞİMDİ OYLA: ",
      "s kaldı.",
      "Choose a Blight"
    ]
  },
  "GridCardSelectScreen": {
    "TEXT": [
      "Onayla",
      "İptal Et",
      "Seçimini Onayla",
      "Ayrıl"
    ]
  },
  "HandCardSelectScreen": {
    "TEXT": [
      "Kartları Onayla ve ",
      "Kartları Onayla ve ",
      "Seç ",
      " Kartları ve ",
      "İstediğini Sayıda Kartı Seç ve ",
      "Kartları Seç ve "
    ]
  },
  "AbandonRunButton": {
    "TEXT": [
      "Devam Eden Oyunu Bitir"
    ]
  },
  "ConfirmPopup": {
    "TEXT": [
      "Geri",
      "Kayıtı Sil",
      "Evet",
      "Hayır"
    ]
  },
  "ExitGameButton": {
    "TEXT": [
      "Oyundan Çık"
    ]
  },
  "OptionsPanel": {
    "TEXT": [
      "",
      "Oyun Menüsü",
      "Grafikler",
      "Çözünürlük: NL Maksimum Kare Sayısı:",
      "Tam Ekran NL Kenarsız Tam Ekran (önerilir) NL Ekran Sallanması",
      "Ses",
      "Ana Seviye NL Müzik Seviyesi NL Efekt Seviyesi",
      "Çevre Ses Efektleri NL Arka Plandayken Sesi Kapat",
      "Tercihler",
      "Toplam hasarı altın renginde göster NL Bloklanan hasarı mavi renkte göster NL 1 Kart seçerken gelen onayı kapat",
      "Hızlı Mod",
      "",
      "Çeşitli",
      "Dil:",
      "Oyun verisini yükle #b(?)",
      "Oyundan Çık",
      "Kaydet & Çık",
      "NL NL VSync",
      "Test Eden Modu",
      "Show Card Quick Select Keys",
      "Input Settings"
    ]
  },
  "SettingsScreen": {
    "TEXT": [
      "Emin Misin?",
      "İlerlemeniz otomatik olarak kaydedilir.",
      "Oyunu terk etmek yenilgi ile sonuçlanır.",
      "Uyarı:\nİlerleme KaydedilMEdi.\n\nBu oyunu kaydetmek için sıradaki kata ulaşın.",
      "Geri Dön",
      "Günlük Oyunlar için ilerleme kaydedilmez."
    ]
  },
  "CardLibraryScreen": {
    "TEXT": [
      "Geri Dön",
      "Kırmızı",
      "Yeşil",
      "Mavi",
      "Renksiz",
      "Lanetler",
      "Durumlar",
      "Geliştirmeye Bak"
    ]
  },
  "CardLibSortHeader": {
    "TEXT": [
      "Nadirlik",
      "Tip",
      "A-Z",
      "Cost",
      "Jump To:"
    ]
  },
  "EarlyAccessPopup": {
    "TEXT": [
      "Erken Erişim Nedir?",
      "Açık Beta Nedir?",
      "Slay the Spire hala aktif geliştirme sürecinde! NL Bir çok özellik, kartlar, düşmanlar hala değişikliklerden geçiyor. NL NL Eğer sorunlarla karşılaşırsanız ya da geri dönüş yapmak isterseniz, lütfen #bSteam #bTartışmaları sayfamıza uğrayın. NL NL Bu kadar okuma yeter, tırmanacak bir spiral sizi bekliyor!",
      "Slay the Spire hala aktif geliştirme sürecinde! NL Üstelik, Beta versiyonunu oynuyorsunuz. NL NL Lütfen karşılaştığınız sorunları bize bildirin, ancak daha gelmemiş içeriğin yerini tutan resimler sizi şaşırtmasın. NL NL Bu kadar okuma yeter, tırmanacak bir spiral sizi bekliyor!",
      "Başlamak için herhangi bir yere tıklayın",
      "Continue"
    ]
  },
  "MainMenuScreen": {
    "TEXT": [
      "#ySürüm : ",
      "Başla",
      "Geri Dön",
      "düzenlemek için tıklayın",
      "to edit"
    ]
  },
  "MenuButton": {
    "TEXT": [
      "",
      "Oyna",
      "",
      "",
      "Devam Et",
      "",
      "İstatistikler",
      "",
      "Çık",
      "Yama Notları",
      "Oyunu İptal Et",
      "",
      "Ayarlar",
      "",
      "Kılavuz"
    ]
  },
  "PatchNotesScreen": {
    "TEXT": [
      "Geri Dön",
      "#yYama #yNotları",
      " NL (GEÇİCİ: Eski kayıtlar arasında gezmek için yön tuşlarını kullanın)"
    ]
  },
  "RelicViewScreen": {
    "TEXT": [
      "Geri Dön",
      "Başlangıç:",
      "Bu kalıntılarla başlayabilen karakterler.",
      "Yaygın:",
      "Zayıf kalıntılar yaygın olarak bulunabilir.",
      "Yaygın Olmayan:",
      "Daha güçlü kalıntılar yaygın olanlara göre daha az bulunurlar.",
      "Nadir:",
      "Nadiren görülen özel ve güçlü kalıntılar.",
      "Boss:",
      "Boss sandıklarında bulunabilen kalıntılar.",
      "Olay:",
      "Yalnızca olaylar sonuncunda elde edilebilen kalıntılar.",
      "Dükkan:",
      "Yalnızca tüccardan alınabilen kalıntılar."
    ]
  },
  "CharacterOption": {
    "TEXT": [
      "Kilitli",
      "Bu karakter bir oyun bitirdiğinizde açılacak.",
      "Bu karakter Erken Erişimde kullanılabilir değil.",
      "Bu karakter Spiralin en üstüne ulaşıldığında açılabilir.",
      "HP: ",
      "Altın: ",
      " Kalan Kilitli İçerik",
      "Bilinmiyor",
      "???",
      " Yeni Açılacak İçerik İçin Kalan"
    ]
  },
  "CharacterSelectScreen": {
    "TEXT": [
      "Karakterini Seç",
      "Başla",
      "Demirkaplı",
      "Sessiz",
      "Kargabot",
      "Geri",
      "Basamak",
      "Seviye ",
      "Basamak Modu",
      "Kazandığın sürece oyun zorlaşır... (kazanma serileri etkilenmez)",
      "Seed ",
      "Random Seed",
      "The starting seed used to determine what randomly appears in the run.",
      "Set Seed"
    ]
  },
  "AscensionModeDescriptions": {
    "TEXT": [
      "Elitler daha sık çıkar.",
      "Normal düşmanlar daha ölümcül.",
      "Elitler daha ölümcül.",
      "Bosslar daha ölümcül.",
      "Boss dövüşlerinden sonra daha az iyileş.",
      "Her dövüşe hasar almış şekilde başla.",
      "Normal düşmanlar daha zor.",
      "Elitler daha zor.",
      "Bosslar daha zor.",
      "Parazit!",
      "İksirler daha az etkili.",
      "Geliştirilmiş kartlar daha az görünür.",
      "Fakir Bosslar.",
      "Daha düşük maksimum HP.",
      "Dezavantajlı olaylar.",
      "Shops are more costly. ",
      "Normal enemies have more challenging AI. ",
      "Elites have more challenging AI. ",
      "Bosses have more challenging AI. ",
      "(Max Level) Double Boss"
    ]
  },
  "AbstractMonster": {
    "TEXT": [
      "Agresif",
      "Bu düşman NL #b",
      " hasar vererek #b",
      " kere #ySaldırmak istiyor.",
      "Bu düşman NL #b",
      " hasar vererek #ySaldırmak istiyor.",
      "Agresif",
      "Bu düşman #yBuff kullanmak ve #b",
      " kere #ySaldırmak istiyor.",
      "Bu düşman #yBuff kullanmak istiyor, vermek istediği #yHasar #b",
      "Stratejik",
      "Bu düşman #yNegatif #yEtki uygulamak istiyor, vermek istediği #yHasar #b",
      "Bu düşman #yBlok kullanmak istiyor, vermek istediği #yHasar #b",
      "Defansif",
      "Korkak",
      "Büyülü",
      "Uyuyor",
      "Sersemlemiş",
      "Bilinmiyor",
      "Bu düşman #yBuff kullanmak istiyor.",
      "Bu düşman üzerinde #yNegatif #yEtki kullanmak istiyor.",
      "Bu düşman üzerinde güçlü bir #yNegatif #yEtki kullanmak istiyor.",
      "Bu düşman kendi turunda #yBlok kullanmak istiyor.",
      "Bu düşman #yBlok kullanmak ve sana #yNegatif #yEtki kullanmak istiyor.",
      "Bu düşman #yBlok ve #yBuff kullanmak istiyor.",
      "Bu düşman #yKaçmak istiyor.",
      "Bu düşman kendi turunda gizemli bir #yBüyü kullanmak istiyor.",
      "Bu düşman uyuyor.",
      "Bu düşman #ySersemletilmiş.",
      "Bu düşmanın niyeti #yBilinmiyor (saldırmayacak).",
      "Bloklandı"
    ]
  },
  "AbstractDungeon": {
    "TEXT": [
      "Devam Et",
      "Blights:"
    ]
  },
  "Exordium": {
    "TEXT": [
      "Exordium"
    ]
  },
  "TheCity": {
    "TEXT": [
      "Şehir"
    ]
  },
  "GameSavedEffect": {
    "TEXT": [
      "#y~Oyun~ #y~Kaydedildi~"
    ]
  },
  "BattleStartEffect": {
    "TEXT": [
      "Dövüş Başlasın",
      "Sıra Sende",
      "Sıra Düşmanda",
      " tur"
    ]
  },
  "RewardItem": {
    "TEXT": [
      " Altın (Geri Alındı)",
      " Altın",
      "Destene bir kart ekle",
      "",
      "Bir Kart Seç"
    ]
  },
  "CampfireUI": {
    "TEXT": [
      "Ne yapacağım?",
      "Hmm...",
      "Ne yapmalıyım?",
      "Ara verme zamanı",
      "Çok fazla seçenek var...",
      "Dinlenmem gerek",
      "Çok yoruldum..."
    ]
  },
  "CampfireSmithEffect": {
    "TEXT": [
      "Geliştirmek için bir Kart Seç"
    ]
  },
  "CampfireSleepEffect": {
    "TEXT": [
      "Rüya mı görüyordum?"
    ]
  },
  "CampfireTokeEffect": {
    "TEXT": [
      "Silmek için bir Kart Seç."
    ]
  },
  "UnlockTextEffect": {
    "TEXT": [
      "Yeni Açılanlar!"
    ]
  },
  "AscensionTextEffect": {
    "TEXT": [
      "Basamak Modu Seviye ",
      " Açıldı!"
    ]
  },
  "AbstractPotion": {
    "TEXT": [
      "Daha fazla İksir taşıyamam."
    ]
  },
  "TipHelper": {
    "TEXT": [
      "Enerji"
    ]
  },
  "ExhaustAction": {
    "TEXT": [
      "Tüken"
    ]
  },
  "ExhumeAction": {
    "TEXT": [
      "Eline döndürmek için bir kart seç"
    ]
  },
  "PowerExpireTextEffect": {
    "TEXT": [
      "Etkisi Geçti"
    ]
  },
  "RestartForChangesEffect": {
    "TEXT": [
      "Görüntü değişikliklerinin etki etmesi için oyunu yeniden başlat."
    ]
  },
  "OpeningAction": {
    "TEXT": [
      "Bu düşman saldırmak istemiyor!"
    ]
  },
  "ApplyPowerAction": {
    "TEXT": [
      "Geri Çevrildi",
      "Etki Etmedi",
      "Boşa Çıkartıldı",
      "\n Azalt"
    ]
  },
  "PutOnDeckAction": {
    "TEXT": [
      "dağıtma yığınıın en üstüne koy"
    ]
  },
  "ImmolateAction": {
    "TEXT": [
      "Tüken"
    ]
  },
  "TheBeyond": {
    "TEXT": [
      "Ötesi"
    ]
  },
  "CreditsScreen": {
    "TEXT": [
      "çıkmak için tekrar tıklayın",
      "to exit"
    ]
  },
  "TwitchVoter": {
    "TEXT": [
      "Şimdi Oyla: "
    ]
  },
  "DailyScreen": {
    "TEXT": [
      "Günlük Mücadele",
      "Zaman Sunucusuna Bağlanılıyor...",
      "#yNOT: Bugünün mücadelesini yaptın. NL Tekrar yapılan denemelerin skorları yüklenmez.",
      "Geri Dön",
      "Başla",
      "Bugünün Karakteri: ",
      "dd/MM/yyyy HH:mm:ss",
      "Kalan Zaman: ",
      "#yUlaşılan #yKat: NL  ",
      " NL NL  #yDeste: NL ",
      " NL NL  #yKalıntılar: NL  ",
      " NL Bugünün Mücadelesi: NL TAB #ySınıf: NL TAB ",
      " NL TAB #yModlar: ",
      "Düzenleyiciler: ",
      "Leaderboards",
      "*Achievements are off for Daily Climb.",
      "  [OFFLINE MODE]"
    ]
  },
  "MenuPanels": {
    "TEXT": [
      "Standart",
      "",
      "Slay the Spire'da göreve çık.",
      "Günlük Tırmanış",
      "",
      "Günde bir kez yeni bir mücadele gelir.\n\nEn yüksek skor için diğer oyuncularla yarış!",
      "Basamak",
      "",
      "Spiral her galibiyetle daha da güçlenir.\n\nEn iyi stratejilerinin sınırlarını dene.",
      "Kart Kütüphanesi",
      "",
      "Spiral'de karşılaştığın kartların hepsine bak.",
      "Kalıntı Koleksiyonu",
      "",
      "Oyunların boyunca elde ettiğin çeşitli kalıntılara bak.",
      "Sözlük",
      "",
      "Bu özellik henüz kullanılabilir değil.",
      "İstatistikler",
      "",
      "Her karakter için ilerleme ve istatistiklere buradan bakılabilir.",
      "Liderlik Tablosu",
      "",
      "Skorunu arkadaşların ve diğer oyuncularla karşılaştır.",
      "Oyun Geçmişi",
      "",
      "Slay the Spire'daki eski denemelerine tekrar bak.",
      "Oyun Ayarları",
      "",
      "Çözünürlüğü değiştir ve çeşitli ayarları aç/kapa.",
      "Giriş Ayarları",
      "",
      "Bu özellik henüz kullanılabilir değil.",
      "Emeği Geçenler",
      "",
      "Slay the Spire'a katkıda bulunan herkesi gör!",
      "Bilinmiyor",
      "",
      "Bu özellik henüz kullanılabilir değil.",
      "Endless",
      "Climb a Spire that never ends."
    ]
  },
  "RunHistoryPathNodes": {
    "TEXT": [
      "Unknown",
      "Enemy",
      "Elite",
      "Event",
      "Boss",
      "Treasure",
      "Boss Treasure",
      "Rest",
      "Merchant",
      "Unknown (Enemy)",
      "Unknown (Merchant)",
      "Unknown (Treasure)",
      "Floor %1$s - %2$s",
      "Floor %s",
      "#r%s Damage",
      "#r%s Turns",
      "#r%s #r/ #r%s #rHP",
      "#y%s #yGold",
      "Picked %s",
      "Skipped:",
      "Missing Info",
      "+2 Max HP",
      "#bC ",
      "#bR ",
      "#bP ",
      "#bS ",
      "#bRested",
      "#bUpgraded %s",
      "#bRemoved %s",
      "#bDug",
      "#bLifted %s/%s",
      "#yPurchased:"
    ]
  },
  "AttackFromDeckToHandAction": {
    "TEXT": [
      "Choose an Attack to Add to Your Hand"
    ]
  },
  "SeedPanel": {
    "TEXT": [
      "0000000000",
      "Enter a new Seed",
      "Confirm",
      "Cancel",
      "*Achievements and Leaderboards are disabled if a custom Seed is used."
    ]
  },
  "InputSettingsScreen": {
    "TEXT": [
      "Input Settings",
      "Game Settings",
      "Return",
      "Commands",
      "Keyboard",
      "Controller (Not Yet Available)",
      "Reset to Default",
      "Confirm",
      "Cancel / Exit",
      "Map",
      "Master Deck",
      "Draw Pile",
      "Discard Pile",
      "Exhaust Pile",
      "End Turn",
      "Left",
      "Right",
      "Select Card #1",
      "Select Card #2",
      "Select Card #3",
      "Select Card #4",
      "Select Card #5",
      "Select Card #6",
      "Select Card #7",
      "Select Card #8",
      "Select Card #9",
      "Select Card #10",
      "Drop Card",
      "Up",
      "Down",
      "Select",
      "End Turn / Info",
      "Tab Left",
      "Tab Right",
      "Settings",
      "Settings*",
      "Draw Pile*",
      "Discard Pile*",
      "Up*",
      "Down*",
      "Left*",
      "Right*",
      "Up (Alt)*",
      "Down (Alt)*",
      "Left (Alt)*",
      "Right (Alt)*",
      "Up",
      "Down",
      "Controller Enabled"
    ]
  },
  "InputKeyNames": {
    "TEXT_DICT": {
      "Escape": "ESC",
      "Forward Delete": "Delete",
      "Delete": "Backspace"
    }
  },
  "ReprogramAction": {
    "TEXT": [
      "Discard"
    ]
  },
  "CacheAction": {
    "TEXT": [
      "Choose a Card to Put on Top of Your Draw Pile.",
      "Choose Cards to Put on Top of Your Draw Pile."
    ]
  },
  "RecycleAction": {
    "TEXT": [
      "Exhaust"
    ]
  },
  "AnyCardFromDeckToHandAction": {
    "TEXT": [
      "Choose a card to Add to Your Hand",
      "Choose cards to Add to Your Hand"
    ]
  },
  "ReprieveAction": {
    "TEXT": [
      "That enemy intends to attack!"
    ]
  },
  "DiscardPileToHandAction": {
    "TEXT": [
      "Select a card to return to your hand."
    ]
  },
  "AscensionUnlockEffect": {
    "TEXT": [
      "Ascension Unlocked!"
    ]
  },
  "CustomModeScreen": {
    "TEXT": [
      "Custom Mode",
      "Achievements and Leaderboards are off.",
      "Character",
      "Ascension",
      "Level ",
      "Ascension Mode",
      "Modifiers",
      "Seed",
      "Set Seed"
    ]
  },
  "ForethoughtAction": {
    "TEXT": [
      "put on bottom of your draw pile."
    ]
  },
  "GainGoldTextEffect": {
    "TEXT": [
      " Gold"
    ]
  },
  "SaveSlot": {
    "TEXT": [
      "Playtime ",
      "Empty Slot"
    ]
  },
  "DeletePopup": {
    "TEXT": [
      "Delete this save?",
      "Yes",
      "No",
      "WARNING: This action cannot be undone."
    ]
  },
  "SaveSlotScreen": {
    "TEXT": [
      "Choose a Save Slot",
      "Rename",
      "Delete this Save"
    ]
  },
  "RunHistoryMonsterNames": {
    "TEXT": [
      "Gang of Gremlins",
      "Large Slime",
      "Excordium Thugs",
      "Excordium Wildlife",
      "Swarm of Slimes",
      "Small Slimes",
      "City Muggers",
      "Three Byrds",
      "Four Byrds",
      "Triple Cultists",
      "Chosen Flock",
      "Sentry and Spheric Guardian",
      "Centurion and Mystic",
      "Parasite and Fungi Beast",
      "Masked Bandits Gang",
      "Colosseum Nobs",
      "Colosseum Slavers",
      "Three Shapes",
      "Jaw Worm Horde",
      "Four Shapes",
      "Spheric Guardian with Shapes",
      "Double Orb Walkers",
      "Donu and Deca",
      "Sentries",
      "Chosen and Cultist",
      "(Deprecated) Flame Bruiser",
      "(Deprecated) Slaver and Parasite",
      "(Deprecated) Snecko and Mystics"
    ]
  },
  "Period": {
    "TEXT": [
      "."
    ]
  }
}