{
  "A Thousand Cuts": {
    "NAME": "Tausend Schnitte",
    "DESCRIPTION": "Immer wenn du eine Karte ausspielst, NL füge ALLEN Gegnern !M! Schaden zu."
  },
  "Accuracy": {
    "NAME": "Genauigkeit",
    "DESCRIPTION": "Messer fügen !M! mehr Schaden zu."
  },
  "Acrobatics": {
    "NAME": "Akrobatik",
    "DESCRIPTION": "Ziehe !M! Karten. NL Wirf 1 Karte ab."
  },
  "Adrenaline": {
    "NAME": "Adrenalin",
    "DESCRIPTION": "Erhalte [G]. NL Ziehe 2 Karten. NL Erschöpft.",
    "UPGRADE_DESCRIPTION": "Erhalte [G] [G]. NL Ziehe 2 Karten. NL Erschöpft."
  },
  "After Image": {
    "NAME": "Nachbild",
    "DESCRIPTION": "Immer wenn du eine Karte ausspielst, erhalte 1 Block.",
    "UPGRADE_DESCRIPTION": "Angeboren. NL Immer wenn du eine Karte ausspielst, erhalte 1 Block."
  },
  "Aggregate": {
    "NAME": "Ansammeln",
    "DESCRIPTION": "Erhalte [B] für NL jede !M!. Karte im Nachziehstapel."
  },
  "All For One": {
    "NAME": "Alle für Einen",
    "DESCRIPTION": "Füge !D! Schaden zu. Nimm alle Karten mit Kosten 0 vom Abwurfstapel auf die Hand."
  },
  "All Out Attack": {
    "NAME": "Großangriff",
    "DESCRIPTION": "Füge ALLEN Gegnern !D! Schaden zu. NL Wirf 1 zufällige Karte ab."
  },
  "Allocate": {
    "NAME": "Umlegen",
    "DESCRIPTION": "Erhalte !M! Fokus. NL Verliere 1 Stärke. NL Verliere 1 Geschicklichkeit."
  },
  "Amplify": {
    "NAME": "Verstärken",
    "DESCRIPTION": "Deine nächste Macht in diesem Zug wird zweimal gespielt.",
    "UPGRADE_DESCRIPTION": "Deine nächsten !M! Mächte in diesem Zug werden zweimal gespielt."
  },
  "Anger": {
    "NAME": "Zorn",
    "DESCRIPTION": "Füge !D! Schaden zu. NL Erhalte ein Exemplar dieser Karte auf den Abwurfstapel."
  },
  "Apotheosis": {
    "NAME": "Apotheose",
    "DESCRIPTION": "Verbessere ALLE deine Karten für den Rest des Kampfes. NL Erschöpft."
  },
  "Armaments": {
    "NAME": "Aufrüsten",
    "DESCRIPTION": "Erhalte !B! Block. NL Verbessere eine Handkarte bis zum Kampfende.",
    "UPGRADE_DESCRIPTION": "Erhalte !B! Block. NL Verbessere ALLE Handkarten bis zum Kampfende."
  },
  "AscendersBane": {
    "NAME": "Aufstiegsfluch",
    "DESCRIPTION": "Unspielbar. NL Flüchtig. NL Kann nicht aus dem Deck entfernt werden."
  },
  "Auto Shields": {
    "NAME": "Schilde hoch!",
    "DESCRIPTION": "Wenn du 0 Block hast, erhalte !B! Block."
  },
  "Axe Kick": {
    "NAME": "Axttritt",
    "DESCRIPTION": "Füge !D! Schaden zu. NL Entlade deinen vordersten Orb."
  },
  "Backflip": {
    "NAME": "Rückwärtssalto",
    "DESCRIPTION": "Erhalte !B! Block. NL Ziehe 2 Karten."
  },
  "Backstab": {
    "NAME": "Meucheln",
    "DESCRIPTION": "Füge !D! Schaden zu. NL Angeboren. NL Erschöpft."
  },
  "Ball Lightning": {
    "NAME": "Kugelblitz",
    "DESCRIPTION": "Füge !D! Schaden zu. Erschaffe !M! Blitz."
  },
  "Bandage Up": {
    "NAME": "Bandagieren",
    "DESCRIPTION": "Heile !M! TP. NL Erschöpft."
  },
  "Bane": {
    "NAME": "Unheil",
    "DESCRIPTION": "Füge !D! Schaden zu. NL Ist dein Gegner vergiftet, füge nochmal !D! Schaden zu."
  },
  "Barrage": {
    "NAME": "Sperrfeuer",
    "DESCRIPTION": "Füge pro erschaffenem Orb !D! Schaden zu."
  },
  "Barricade": {
    "NAME": "Barrikade",
    "DESCRIPTION": "Dein Block verfällt nicht mehr zu Beginn deines Zuges."
  },
  "Bash": {
    "NAME": "Schmettern",
    "DESCRIPTION": "Füge !D! Schaden zu. NL Wende !M! Verwundbar an."
  },
  "Battle Trance": {
    "NAME": "Kampftrance",
    "DESCRIPTION": "Ziehe !M! Karten. NL Du kannst in diesem Zug keine weiteren Karten ziehen."
  },
  "Beam Cell": {
    "NAME": "Strahlenzelle",
    "DESCRIPTION": "Füge !D! Schaden zu und wende !M! Verwundbar an."
  },
  "Berserk": {
    "NAME": "Berserker",
    "DESCRIPTION": "Erhalte !M! Verwundbar. NL Erhalte zu Beginn jedes Zuges [R]."
  },
  "Biased Cognition": {
    "NAME": "Verzerrter Fokus",
    "DESCRIPTION": "Erhalte !M! Fokus. NL Verliere zu Beginn deines Zuges 1 Fokus."
  },
  "Bite": {
    "NAME": "Biss",
    "DESCRIPTION": "Füge !D! Schaden zu. NL Heile !M! TP."
  },
  "Blade Dance": {
    "NAME": "Messertanz",
    "DESCRIPTION": "Erhalte !M! Messer auf die Hand."
  },
  "Blaster": {
    "NAME": "Blaster",
    "DESCRIPTION": "Füge ALLEN Gegnern !D! Schaden zu. NL Erhalte [B] pro erschaffenem Orb. NL Erschöpft."
  },
  "Blind": {
    "NAME": "Blenden",
    "DESCRIPTION": "Wende !M! Schwach an.",
    "UPGRADE_DESCRIPTION": "Wende !M! Schwach auf ALLE Gegner an."
  },
  "Blizzard": {
    "NAME": "Schneesturm",
    "DESCRIPTION": "Füge ALLEN Gegnern Schaden zu in Höhe !M! Mal des in diesem Kampf erschaffenen Frosts.",
    "EXTENDED_DESCRIPTION": [
      " NL (Fügt !D! Schaden zu.)",
      ""
    ],
    "UPGRADE_DESCRIPTION": ""
  },
  "Blood for Blood": {
    "NAME": "Blut um Blut",
    "DESCRIPTION": "Kostet 1 [R] weniger für jedes Mal, wenn du TP im Kampf verlierst. NL Füge !D! Schaden zu."
  },
  "Bloodletting": {
    "NAME": "Aderlass",
    "DESCRIPTION": "Erhalte [R]. NL Du verlierst 3 TP.",
    "UPGRADE_DESCRIPTION": "Erhalte [R] [R]. NL Du verlierst 3 TP."
  },
  "Bludgeon": {
    "NAME": "Knüppeln",
    "DESCRIPTION": "Füge !D! Schaden zu."
  },
  "Blur": {
    "NAME": "Verschwimmen",
    "DESCRIPTION": "Erhalte !B! Block. NL Dein Block wird zu Beginn deines nächsten Zuges nicht entfernt."
  },
  "Body Slam": {
    "NAME": "Bodyslam",
    "DESCRIPTION": "Füge Schaden in Höhe deines aktuellen Blockens zu.",
    "UPGRADE_DESCRIPTION": " NL (Fügt !D! Schaden zu.)"
  },
  "BootSequence": {
    "NAME": "Systemstart",
    "DESCRIPTION": "Erhalte !B! Block. NL Angeboren. NL Erschöpft."
  },
  "Bouncing Flask": {
    "NAME": "Springende Flasche",
    "DESCRIPTION": "Wende !M! Mal 3 Gift an einem zufälligen Gegner an."
  },
  "Brutality": {
    "NAME": "Brutalität",
    "DESCRIPTION": "Verliere zu Beginn deines Zuges 1 TP und ziehe 1 Karte.",
    "UPGRADE_DESCRIPTION": "Angeboren. NL Verliere zu Beginn deines Zuges 1 TP und ziehe 1 Karte."
  },
  "Buffer": {
    "NAME": "Puffer",
    "DESCRIPTION": "Verhindere den nächsten TP-Verlust.",
    "UPGRADE_DESCRIPTION": "Verhindere die nächsten !M! TP-Verluste."
  },
  "Bullet Time": {
    "NAME": "Zeitlupe",
    "DESCRIPTION": "Du kannst in diesem Zug keine Karten ziehen. NL Deine Handkarten kosten in diesem Zug 0."
  },
  "Burn": {
    "NAME": "Brennen",
    "DESCRIPTION": "Unspielbar. NL Erleide am Ende deines Zuges 2 Schaden.",
    "UPGRADE_DESCRIPTION": "Unspielbar. NL Erleide am Ende deines Zuges 4 Schaden."
  },
  "Burning Pact": {
    "NAME": "Feuerpakt",
    "DESCRIPTION": "Erschöpfe 1 Karte. NL Ziehe !M! Karten."
  },
  "Burst": {
    "NAME": "Sprint",
    "DESCRIPTION": "Deine nächste Fertigkeit in diesem Zug wird zweimal ausgespielt.",
    "UPGRADE_DESCRIPTION": "Deine nächsten !M! Fertigkeiten in diesem Zug werden zweimal ausgespielt."
  },
  "Cache": {
    "NAME": "Versteck",
    "DESCRIPTION": "Nicht mehr verwendet."
  },
  "Calculated Gamble": {
    "NAME": "Kalkuliertes Risiko",
    "DESCRIPTION": "Wirf deine Hand ab und ziehe genauso viele Karten. NL Erschöpft.",
    "UPGRADE_DESCRIPTION": "Wirf deine Hand ab und ziehe genauso viele Karten."
  },
  "Caltrops": {
    "NAME": "Krähenfüße",
    "DESCRIPTION": "Immer wenn du angegriffen wirst, füge dem Angreifer NL !M! Schaden zu."
  },
  "Capacitor": {
    "NAME": "Kapazität",
    "DESCRIPTION": "Erhalte !M! Orb-Slots.",
    "UPGRADE_DESCRIPTION": "Erhalte !M! Orb-Slots."
  },
  "Carnage": {
    "NAME": "Blutbad",
    "DESCRIPTION": "Flüchtig. NL Füge !D! Schaden zu."
  },
  "Catalyst": {
    "NAME": "Katalysator",
    "DESCRIPTION": "Verdoppele das Gift auf einem Gegner. NL Erschöpft.",
    "UPGRADE_DESCRIPTION": "Verdreifache das Gift auf einem Gegner. NL Erschöpft."
  },
  "Channel": {
    "NAME": "Erschaffen",
    "DESCRIPTION": "Nicht mehr verwendet."
  },
  "Chaos": {
    "NAME": "Chaos",
    "DESCRIPTION": "Erschaffe !M! zufälligen Orb.",
    "UPGRADE_DESCRIPTION": "Erschaffe !M! zufällige Orbs."
  },
  "Chill": {
    "NAME": "Kälte",
    "DESCRIPTION": "Erschaffe !M! Frost NL pro Gegner. NL Erschöpft.",
    "UPGRADE_DESCRIPTION": "Angeboren. NL Erschaffe !M! Frost NL pro Gegner. NL Erschöpft."
  },
  "Choke": {
    "NAME": "Würgen",
    "DESCRIPTION": "Füge !D! Schaden zu. Immer wenn du in diesem Zug eine Karte spielst, verliert das Ziel !M! TP."
  },
  "Chrysalis": {
    "NAME": "Eingepuppt",
    "DESCRIPTION": "Erhalte !M! zufällige Fertigkeiten in deinen Nachziehstapel. Sie kosten in diesem Kampf 0. NL Erschöpft."
  },
  "Clash": {
    "NAME": "Zusammenstoß",
    "DESCRIPTION": "Nur spielbar, wenn alle Handkarten Angriffe sind. NL Füge !D! Schaden zu.",
    "EXTENDED_DESCRIPTION": [
      "Ich habe andere Karten als Angriffe auf der Hand."
    ]
  },
  "Cleave": {
    "NAME": "Spalten",
    "DESCRIPTION": "Füge ALLEN Gegnern !D! Schaden zu."
  },
  "Cloak And Dagger": {
    "NAME": "Dolch und Mantel",
    "DESCRIPTION": "Erhalte !B! Block. NL Erhalte !M! Messer auf die Hand.",
    "UPGRADE_DESCRIPTION": "Erhalte !B! Block. NL Erhalte !M! Messer auf die Hand."
  },
  "Clothesline": {
    "NAME": "Niederreißen",
    "DESCRIPTION": "Füge !D! Schaden zu. NL Wende !M! Schwach an."
  },
  "Clumsy": {
    "NAME": "Ungeschickt",
    "DESCRIPTION": "Unspielbar. NL Flüchtig."
  },
  "Cold Snap": {
    "NAME": "Kälteeinbruch",
    "DESCRIPTION": "Füge !D! Schaden zu. Erschaffe !M! Frost."
  },
  "Combust": {
    "NAME": "Verbrennen",
    "DESCRIPTION": "Verliere am Ende deines Zuges 1 TP und füge ALLEN Gegnern !M! Schaden zu."
  },
  "Compile Driver": {
    "NAME": "Kompilieren",
    "DESCRIPTION": "Füge !D! Schaden zu. NL Ziehe !M! Karte pro unterschiedlichem Orb."
  },
  "Concentrate": {
    "NAME": "Konzentrieren",
    "DESCRIPTION": "Wirf !M! Karten ab. NL Erhalte [G] [G]."
  },
  "Conserve Battery": {
    "NAME": "Batterie laden",
    "DESCRIPTION": "Erhalte !B! Block. NL Im nächsten Zug erhalte [B]."
  },
  "Consume": {
    "NAME": "Konsumieren",
    "DESCRIPTION": "Erhalte !M! Fokus. NL Verliere 1 Orb-Slot."
  },
  "Coolheaded": {
    "NAME": "Kühler Kopf",
    "DESCRIPTION": "Erschaffe 1 Frost. NL Ziehe !M! Karte.",
    "UPGRADE_DESCRIPTION": "Erschaffe 1 Frost. NL Ziehe !M! Karten."
  },
  "Core Surge": {
    "NAME": "Kraft des Kerns",
    "DESCRIPTION": "Füge !D! Schaden zu. NL Erhalte !M! Artefakt. NL Erschöpft."
  },
  "Corpse Explosion": {
    "NAME": "Leichenexplosion",
    "DESCRIPTION": "Wende !M! Gift an. NL Sobald der Gegner stirbt, füge ALLEN Gegnern Schaden in Höhe seiner max. TP zu.",
    "UPGRADE_DESCRIPTION": "",
    "EXTENDED_DESCRIPTION": [
      ""
    ]
  },
  "Corruption": {
    "NAME": "Verderbnis",
    "DESCRIPTION": "Fertigkeiten kosten 0. NL Immer wenn du eine Fertigkeit ausspielst, erschöpfe sie."
  },
  "Creative AI": {
    "NAME": "Kreative KI",
    "DESCRIPTION": "Erhalte zu Beginn deines Zuges eine zufällige Macht auf die Hand."
  },
  "Crippling Poison": {
    "NAME": "Lähmende Wolke",
    "DESCRIPTION": "Wende an ALLEN Gegnern !M! Gift und 2 Schwach an. NL Erschöpft."
  },
  "Dagger Spray": {
    "NAME": "Dolchfächer",
    "DESCRIPTION": "Füge ALLEN Gegnern zweimal !D! Schaden zu."
  },
  "Dagger Throw": {
    "NAME": "Dolchwurf",
    "DESCRIPTION": "Füge !D! Schaden zu. NL Ziehe 1 Karte. NL Wirf 1 Karte ab."
  },
  "Dark Embrace": {
    "NAME": "Dunkle Hingabe",
    "DESCRIPTION": "Immer wenn eine Karte erschöpft wird, NL ziehe 1 Karte."
  },
  "Dark Shackles": {
    "NAME": "Dunkle Fesseln",
    "DESCRIPTION": "Dein Gegner verliert für den Rest dieses Zuges !M! Stärke. NL Erschöpft."
  },
  "Darkness": {
    "NAME": "Dunkelheit",
    "DESCRIPTION": "Erschaffe NL !M! Schatten.",
    "UPGRADE_DESCRIPTION": "Erschaffe NL !M! Schatten. NL Löse den passiven Effekt aller Schattenorbs aus."
  },
  "Dash": {
    "NAME": "Vorpreschen",
    "DESCRIPTION": "Erhalte !B! Block. NL Füge !D! Schaden zu."
  },
  "Dazed": {
    "NAME": "Benommen",
    "DESCRIPTION": "Unspielbar. NL Flüchtig."
  },
  "Deadly Poison": {
    "NAME": "Tödliches Gift",
    "DESCRIPTION": "Wende !M! Gift an."
  },
  "Decay": {
    "NAME": "Verfall",
    "DESCRIPTION": "Unspielbar. NL Erleide am Ende deines Zuges 2 Schaden."
  },
  "Deep Breath": {
    "NAME": "Tiefer Atemzug",
    "DESCRIPTION": "Mische den Abwurfstapel in den Nachziehstapel. NL Ziehe !M! Karte.",
    "UPGRADE_DESCRIPTION": "Mische den Abwurfstapel in den Nachziehstapel. NL Ziehe !M! Karten."
  },
  "Defend_B": {
    "NAME": "Verteidigen",
    "DESCRIPTION": "Erhalte !B! Block."
  },
  "Defend_G": {
    "NAME": "Verteidigen",
    "DESCRIPTION": "Erhalte !B! Block."
  },
  "Defend_R": {
    "NAME": "Verteidigen",
    "DESCRIPTION": "Erhalte !B! Block."
  },
  "Deflect": {
    "NAME": "Abwehr",
    "DESCRIPTION": "Erhalte !B! Block."
  },
  "Defragment": {
    "NAME": "Defragmentieren",
    "DESCRIPTION": "Erhalte !M! Fokus."
  },
  "Demon Form": {
    "NAME": "Dämonenform",
    "DESCRIPTION": "Erhalte zu Beginn deines Zuges !M! Stärke."
  },
  "Die Die Die": {
    "NAME": "Stirb, stirb, stirb",
    "DESCRIPTION": "Füge ALLEN Gegnern !D! Schaden zu. NL Erschöpft."
  },
  "Disarm": {
    "NAME": "Entwaffnen",
    "DESCRIPTION": "Dein Gegner verliert für den Rest dieses Kampfes !M! Stärke. NL Erschöpft."
  },
  "Discovery": {
    "NAME": "Entdeckung",
    "DESCRIPTION": "Wähle 1 von 3 zufälligen Karten, die du auf die Hand erhältst und in diesem Zug 0 kostet. NL Erschöpft.",
    "UPGRADE_DESCRIPTION": "Wähle 1 von 3 zufälligen Karten, die du auf die Hand erhältst und in diesem Zug 0 kostet."
  },
  "Distraction": {
    "NAME": "Ablenkung",
    "DESCRIPTION": "Erhalte eine zufällige Fertigkeit auf die Hand. Diese kostet 0 in diesem Zug. NL Erschöpft."
  },
  "Dodge and Roll": {
    "NAME": "Ausweichrolle",
    "DESCRIPTION": "Erhalte !B! Block. NL Im nächsten Zug erhalte !B! Block."
  },
  "Doom and Gloom": {
    "NAME": "Dunkles Schicksal",
    "DESCRIPTION": "Füge ALLEN Gegnern !D! Schaden zu. NL Erschaffe NL !M! Schatten."
  },
  "Doppelganger": {
    "NAME": "Doppelgänger",
    "DESCRIPTION": "Im nächsten Zug NL ziehe X Karten und erhalte X [G]. NL Erschöpft.",
    "UPGRADE_DESCRIPTION": "Im nächsten Zug NL ziehe X+1 Karten und erhalte X+1 [G]. NL Erschöpft."
  },
  "Double Energy": {
    "NAME": "Doppelte Energie",
    "DESCRIPTION": "Verdopple deine Energie. NL Erschöpft.",
    "UPGRADE_DESCRIPTION": "Verdopple deine Energie."
  },
  "Double Tap": {
    "NAME": "Doppeltreffer",
    "DESCRIPTION": "Dein nächster Angriff in diesem Zug wird zweimal ausgespielt.",
    "UPGRADE_DESCRIPTION": "Deine nächsten !M! Angriffe in diesem Zug werden zweimal ausgespielt."
  },
  "Doubt": {
    "NAME": "Zweifel",
    "DESCRIPTION": "Unspielbar. NL Erhalte am Ende deines Zuges NL 1 Schwach."
  },
  "Dramatic Entrance": {
    "NAME": "Dramatischer Auftritt",
    "DESCRIPTION": "Angeboren. NL Füge ALLEN Gegnern !D! Schaden zu. NL Erschöpft."
  },
  "Dropkick": {
    "NAME": "Sprungtritt",
    "DESCRIPTION": "Füge !D! Schaden zu. NL Ist der Gegner Verwundbar, NL erhalte [R] und NL ziehe 1 Karte."
  },
  "Dual Wield": {
    "NAME": "Zweiwaffenkampf",
    "DESCRIPTION": "Erzeuge eine Kopie einer Angriffs- oder Machtkarte auf deiner Hand.",
    "UPGRADE_DESCRIPTION": "Erzeuge 2 Kopien einer Angriffs- oder Machtkarte auf deiner Hand."
  },
  "Dualcast": {
    "NAME": "Doppelentladung",
    "DESCRIPTION": "Entlade deinen vordersten Orb zweimal."
  },
  "Echo Form": {
    "NAME": "Echoform",
    "DESCRIPTION": "In jedem Zug wird die erste gespielte Karte zweimal gespielt. NL Flüchtig.",
    "UPGRADE_DESCRIPTION": "In jedem Zug wird die erste gespielte Karte zweimal gespielt."
  },
  "Electrodynamics": {
    "NAME": "Elektrodynamik",
    "DESCRIPTION": "Blitze treffen jetzt ALLE Gegner. NL Erschaffe !M! Blitze.",
    "UPGRADE_DESCRIPTION": ""
  },
  "Endless Agony": {
    "NAME": "Endlose Qual",
    "DESCRIPTION": "Immer wenn du diese Karte ziehst, erhalte ein weiteres Exemplar auf die Hand. NL Füge !D! Schaden zu. NL Erschöpft."
  },
  "Energy Pulse": {
    "NAME": "Energie-Puls",
    "DESCRIPTION": "Erhalte Block in Höhe deiner Energie.",
    "UPGRADE_DESCRIPTION": "Erhalte Block in Höhe deiner doppelten Energie."
  },
  "Enlightenment": {
    "NAME": "Erleuchtung",
    "DESCRIPTION": "Die Kosten deiner Handkarten reduzieren sich in diesem Zug auf 1.",
    "UPGRADE_DESCRIPTION": "Die Kosten deiner Handkarten reduzieren sich für diesen Kampf auf 1."
  },
  "Entrench": {
    "NAME": "Verschanzen",
    "DESCRIPTION": "Verdopple dein aktuelles Block.",
    "UPGRADE_DESCRIPTION": "Verdopple dein aktuelles Block."
  },
  "Envenom": {
    "NAME": "Klinge vergiften",
    "DESCRIPTION": "Immer wenn ein Angriff ungeblockten Schaden zufügt, NL wende 1 Gift an."
  },
  "Escape Plan": {
    "NAME": "Fluchtplan",
    "DESCRIPTION": "Ziehe 1 Karte. NL Ist die Karte eine Fertigkeit, NL erhalte !B! Block."
  },
  "Eviscerate": {
    "NAME": "Vernichten",
    "DESCRIPTION": "Kostet 1 [G] weniger pro in diesem Zug abgeworfener Karte. NL Füge dreimal NL !D! Schaden zu."
  },
  "Evolve": {
    "NAME": "Entwickeln",
    "DESCRIPTION": "Immer wenn du einen Status ziehst, ziehe !M! Karte.",
    "UPGRADE_DESCRIPTION": "Immer wenn du einen Status ziehst, ziehe !M! Karten."
  },
  "Exhume": {
    "NAME": "Exhumieren",
    "DESCRIPTION": "Wähle eine erschöpfte Karte und nimm sie zurück auf die Hand. NL Erschöpft."
  },
  "Expertise": {
    "NAME": "Expertise",
    "DESCRIPTION": "Ziehe Karten, bis du !M! Handkarten hast."
  },
  "FTL": {
    "NAME": "FTL",
    "DESCRIPTION": "Füge !D! Schaden zu. Wenn du diesen Zug weniger als !M! Karten ausgepielt hast, NL ziehe 1 Karte.",
    "EXTENDED_DESCRIPTION": [
      " NL (",
      " Karte gespielt.)",
      " Karten gespielt.)"
    ]
  },
  "Feed": {
    "NAME": "Verschlingen",
    "DESCRIPTION": "Füge !D! Schaden zu. NL Stirbt dadurch ein Gegner außer Untertanen, erhöhe deine max. TP um !M!. Erschöpft."
  },
  "Feel No Pain": {
    "NAME": "Schmerzfrei",
    "DESCRIPTION": "Immer wenn eine Karte erschöpft wird, NL erhalte !M! Block."
  },
  "Fiend Fire": {
    "NAME": "Teufelsfeuer",
    "DESCRIPTION": "Erschöpfe deine Hand. Füge pro erschöpfter Karte !D! Schaden zu. NL Erschöpft."
  },
  "Finesse": {
    "NAME": "Finesse",
    "DESCRIPTION": "Erhalte !B! Block. NL Ziehe 1 Karte."
  },
  "Finisher": {
    "NAME": "Vollstrecker",
    "DESCRIPTION": "Füge pro in diesem Zug gespieltem Angriff !D! Schaden zu.",
    "EXTENDED_DESCRIPTION": [
      " NL (",
      " Angriff gespielt.)",
      " Angriffe gespielt.)"
    ]
  },
  "Fire Breathing": {
    "NAME": "Feueratem",
    "DESCRIPTION": "Füge am Ende deines Zuges ALLEN Gegnern 1 Schaden pro in diesem Zug gespieltem Angriff zu."
  },
  "Fission": {
    "NAME": "Spaltung",
    "DESCRIPTION": "Entferne alle deine Orbs. Erhalte [B] und ziehe !M! Karte pro entferntem Orb. NL Erschöpft.",
    "UPGRADE_DESCRIPTION": "Entlade alle deine Orbs. Erhalte [B] und ziehe !M! Karte pro entladenem Orb. NL Erschöpft."
  },
  "Flame Barrier": {
    "NAME": "Flammenwall",
    "DESCRIPTION": "Erhalte !B! Block. NL Immer wenn dich in diesem Zug ein Gegner angreift, füge ihm !M! Schaden zu. "
  },
  "Flash of Steel": {
    "NAME": "Stahlblitz",
    "DESCRIPTION": "Füge !D! Schaden zu. NL Ziehe 1 Karte."
  },
  "Flechettes": {
    "NAME": "Wurfpfeile",
    "DESCRIPTION": "Füge pro Fertigkeit auf deiner Hand NL !D! Schaden zu.",
    "EXTENDED_DESCRIPTION": [
      " NL (Du hast ",
      " Fertigkeit).",
      " Fertigkeiten)."
    ]
  },
  "Flex": {
    "NAME": "Muskelspiel",
    "DESCRIPTION": "Erhalte !M! Stärke. NL Verliere am Ende deines Zuges !M! Stärke."
  },
  "Flux Capacitor": {
    "NAME": "Fluxkompensator",
    "DESCRIPTION": "Ersetze alle erschaffenen Orbs mit Plasma. NL Erschöpft."
  },
  "Flying Knee": {
    "NAME": "Kniestoß",
    "DESCRIPTION": "Füge !D! Schaden zu. NL Im nächsten Zug erhalte [G]."
  },
  "Footwork": {
    "NAME": "Beinarbeit",
    "DESCRIPTION": "Erhalte !M! Geschicklichkeit."
  },
  "Force Field": {
    "NAME": "Kraftfeld",
    "DESCRIPTION": "Kostet 1 [B] weniger pro in diesem Kampf gespielter Machtkarte. NL Erhalte !B! Block."
  },
  "Forethought": {
    "NAME": "Planung",
    "DESCRIPTION": "Lege eine Handkarte unter deinen Nachziehstapel. NL Sie kostet 0, bis du sie spielst.",
    "UPGRADE_DESCRIPTION": "Lege eine beliebige Anzahl Handkarten unter deinen Nachziehstapel. NL Sie kosten 0, bis du sie spielst."
  },
  "Fusion": {
    "NAME": "Fusion",
    "DESCRIPTION": "Erschaffe !M! Plasma."
  },
  "Gash": {
    "NAME": "Kralle",
    "DESCRIPTION": "Füge !D! Schaden zu. NL Alle Krallen fügen in diesem Kampf NL !M! Schaden mehr zu."
  },
  "Genetic Algorithm": {
    "NAME": "Gen-Algorithmus",
    "DESCRIPTION": "Erhalte !B! Block. NL Erhöhe den Block dieser Karte permanent um !M!. NL Erschöpft."
  },
  "Ghostly": {
    "NAME": "Apparieren",
    "DESCRIPTION": "Erhalte 1 Immateriell. NL Erschöpft. NL Flüchtig.",
    "UPGRADE_DESCRIPTION": "Erhalte 1 Immateriell. NL Erschöpft."
  },
  "Ghostly Armor": {
    "NAME": "Geisterhafte Rüstung",
    "DESCRIPTION": "Flüchtig. NL Erhalte !B! Block."
  },
  "Glacier": {
    "NAME": "Gletscher",
    "DESCRIPTION": "Erhalte !B! Block. NL Erschaffe !M! Frost.",
    "UPGRADE_DESCRIPTION": "Erhalte !B! Block. NL Erschaffe !M! Frost."
  },
  "Glass Knife": {
    "NAME": "Glasmesser",
    "DESCRIPTION": "Füge zweimal NL !D! Schaden zu. NL Der Schaden dieser Karte verringert sich für diesen Kampf um 2."
  },
  "Go for the Eyes": {
    "NAME": "In die Augen",
    "DESCRIPTION": "Füge !D! Schaden zu. Wenn der Gegner beabsichtigt anzugreifen, NL wende !M! Schwach an."
  },
  "Good Instincts": {
    "NAME": "Gute Instinkte",
    "DESCRIPTION": "Erhalte !B! Block."
  },
  "Grand Finale": {
    "NAME": "Großes Finale",
    "DESCRIPTION": "Nur spielbar, wenn keine Karten im Nachziehstapel sind. NL Füge ALLEN Gegnern !D! Schaden zu.",
    "UPGRADE_DESCRIPTION": "Mein Nachziehstapel NL muss #rleer sein."
  },
  "Havoc": {
    "NAME": "Verwüstung",
    "DESCRIPTION": "Spiele die oberste Karte des Nachziehstapels aus und erschöpfe sie."
  },
  "HandOfGreed": {
    "NAME": "Arm der Gier",
    "DESCRIPTION": "Füge !D! Schaden zu. NL Stirbt dadurch ein Gegner außer Untertanen, erhalte !M! Gold."
  },
  "Headbutt": {
    "NAME": "Kopfnuss",
    "DESCRIPTION": "Füge !D! Schaden zu. NL Lege eine Karte aus dem Abwurfstapel auf den Nachziehstapel."
  },
  "Heatsinks": {
    "NAME": "Wärmetauscher",
    "DESCRIPTION": "Immer wenn du eine Machtkarte spielst, ziehe !M! Karte.",
    "UPGRADE_DESCRIPTION": "Immer wenn du eine Machtkarte spielst, ziehe !M! Karten."
  },
  "Heavy Blade": {
    "NAME": "Schweres Schwert",
    "DESCRIPTION": "Füge !D! Schaden zu. NL Stärke beeinflusst Schweres Schwert !M! Mal.",
    "UPGRADE_DESCRIPTION": "Füge !D! Schaden zu. NL Stärke beeinflusst Schweres Schwert !M! Mal."
  },
  "Heel Hook": {
    "NAME": "Fersenklemme",
    "DESCRIPTION": "Füge !D! Schaden zu. NL Ist der Gegner Schwach, erhalte [G] und ziehe 1 Karte."
  },
  "Hello World": {
    "NAME": "Hallo Welt",
    "DESCRIPTION": "Erhalte zu Beginn deines Zuges eine zufällige gewöhnliche Karte auf die Hand.",
    "UPGRADE_DESCRIPTION": "Angeboren. NL Erhalte zu Beginn deines Zuges eine zufällige gewöhnliche Karte auf die Hand."
  },
  "Hemokinesis": {
    "NAME": "Hämokinese",
    "DESCRIPTION": "Verliere !M! TP. NL Füge !D! Schaden zu."
  },
  "Hide": {
    "NAME": "Verstecken",
    "DESCRIPTION": "Du kannst bis zum Beginn deines nächsten Zuges keine TP verlieren. NL Erschöpft."
  },
  "Hologram": {
    "NAME": "Hologramm",
    "DESCRIPTION": "Erhalte !B! Block. NL Nimm eine Karte aus dem Abwurfstapel zurück auf die Hand. NL Erschöpft.",
    "UPGRADE_DESCRIPTION": "Erhalte !B! Block. NL Nimm eine Karte aus dem Abwurfstapel zurück auf die Hand."
  },
  "Hyperbeam": {
    "NAME": "Hyperstrahl",
    "DESCRIPTION": "Füge ALLEN Gegnern !D! Schaden zu. NL Verliere !M! Fokus."
  },
  "Ice Wall": {
    "NAME": "Eiswall",
    "DESCRIPTION": "Erhalte !B! Block. Erhalte +3 Block pro erschaffenem Frost.",
    "UPGRADE_DESCRIPTION": "Erhalte !B! Block. Erhalte +5 Block pro erschaffenem Frost."
  },
  "Immolate": {
    "NAME": "Opfern",
    "DESCRIPTION": "Füge ALLEN Gegnern !D! Schaden zu. NL Erhalte ein Brennen auf den Abwurfstapel."
  },
  "Impatience": {
    "NAME": "Ungeduld",
    "DESCRIPTION": "Wenn du keine Angriffe auf der Hand hast, ziehe !M! Karten."
  },
  "Impervious": {
    "NAME": "Unempfindlich",
    "DESCRIPTION": "Erhalte !B! Block. NL Erschöpft."
  },
  "Impulse": {
    "NAME": "Impuls",
    "DESCRIPTION": "Nutze den passiven Effekt aller erschaffenen Orbs. NL Erschöpft.",
    "UPGRADE_DESCRIPTION": "Nutze den passiven Effekt aller erschaffenen Orbs."
  },
  "Infernal Blade": {
    "NAME": "Teuflische Klinge",
    "DESCRIPTION": "Erhalte einen zufälligen Angriff auf die Hand. NL Dieser kostet 0 in diesem Zug. NL Erschöpft."
  },
  "Infinite Blades": {
    "NAME": "Zahllose Klingen",
    "DESCRIPTION": "Erhalte zu Beginn deines Zuges ein Messer auf die Hand.",
    "UPGRADE_DESCRIPTION": "Angeboren. NL Erhalte zu Beginn deines Zuges ein Messer auf die Hand."
  },
  "Inflame": {
    "NAME": "Entflammen",
    "DESCRIPTION": "Erhalte !M! Stärke."
  },
  "Injury": {
    "NAME": "Verletzung",
    "DESCRIPTION": "Unspielbar."
  },
  "Intimidate": {
    "NAME": "Einschüchtern",
    "DESCRIPTION": "Wende !M! Schwach NL auf ALLE Gegner an. NL Erschöpft."
  },
  "Iron Wave": {
    "NAME": "Eisenwelle",
    "DESCRIPTION": "Erhalte !B! Block. NL Füge !D! Schaden zu."
  },
  "J.A.X.": {
    "NAME": "J.A.X.",
    "DESCRIPTION": "Verliere 3 TP. NL Erhalte !M! Stärke."
  },
  "Jack Of All Trades": {
    "NAME": "Alleskönner",
    "DESCRIPTION": "Erhalte !M! zufällige farblose Karte auf die Hand. NL Erschöpft.",
    "UPGRADE_DESCRIPTION": "Erhalte !M! zufällige farblose Karten auf die Hand. NL Erschöpft."
  },
  "Juggernaut": {
    "NAME": "Moloch",
    "DESCRIPTION": "Immer wenn du Block erhältst, füge einem zufälligen Gegner !M! Schaden zu."
  },
  "Leap": {
    "NAME": "Sprung",
    "DESCRIPTION": "Erhalte !B! Block."
  },
  "Leg Sweep": {
    "NAME": "Fußfeger",
    "DESCRIPTION": "Wende !M! Schwach an. NL Erhalte !B! Block."
  },
  "Limit Break": {
    "NAME": "Ekstase",
    "DESCRIPTION": "Verdoppele deine Stärke. NL Erschöpft.",
    "UPGRADE_DESCRIPTION": "Verdoppele deine Stärke."
  },
  "Lockon": {
    "NAME": "Ins Schwarze",
    "DESCRIPTION": "Füge !D! Schaden zu. NL Wende !M! Anvisieren an."
  },
  "Loop": {
    "NAME": "Schleife",
    "DESCRIPTION": "Nutze zu Beginn deines Zuges die passive Fähigkeit deines vordersten Orbs.",
    "UPGRADE_DESCRIPTION": "Nutze zu Beginn deines Zuges die passive Fähigkeit deines vordersten Orbs !M! Mal."
  },
  "Machine Learning": {
    "NAME": "Lernende Maschine",
    "DESCRIPTION": "Ziehe zu Beginn jedes Zuges !M! Karte mehr.",
    "UPGRADE_DESCRIPTION": "Angeboren. NL Ziehe zu Beginn jedes Zuges !M! Karte mehr."
  },
  "Madness": {
    "NAME": "Wahnsinn",
    "DESCRIPTION": "Eine zufällige Handkarte kostet für den Rest des Kampfes 0. NL Erschöpft."
  },
  "Magnetism": {
    "NAME": "Magnetismus",
    "DESCRIPTION": "Erhalte zu Beginn deines Zuges eine zufällige farblose Karte auf die Hand."
  },
  "Malaise": {
    "NAME": "Unwohlsein",
    "DESCRIPTION": "Das Ziel verliert NL X Stärke. NL Wende X Schwach an. NL Erschöpft.",
    "UPGRADE_DESCRIPTION": "Das Ziel verliert NL X+1 Stärke. Wende X+1 Schwach an. NL Erschöpft."
  },
  "Master of Strategy": {
    "NAME": "Meisterstratege",
    "DESCRIPTION": "Ziehe !M! Karten. NL Erschöpft."
  },
  "Masterful Stab": {
    "NAME": "Meisterstich",
    "DESCRIPTION": "Füge !D! Schaden zu. NL Immer wenn du Schaden erleidest, steigen die Kosten dieser Karte um 1.",
    "UPGRADE_DESCRIPTION": ""
  },
  "Mayhem": {
    "NAME": "Wilder Kampf",
    "DESCRIPTION": "Spiele zu Beginn deines Zuges die oberste Karte des Nachziehstapels."
  },
  "Melter": {
    "NAME": "Schmelzen",
    "DESCRIPTION": "Entferne allen Block von einem Gegner. NL Füge !D! Schaden zu."
  },
  "Metallicize": {
    "NAME": "Metallschicht",
    "DESCRIPTION": "Erhalte am Ende deines Zuges !M! Block."
  },
  "Metamorphosis": {
    "NAME": "Metamorphose",
    "DESCRIPTION": "Erhalte !M! zufällige Angriffe in deinen Nachziehstapel. Sie kosten in diesem Kampf 0. NL Erschöpft."
  },
  "Meteor Strike": {
    "NAME": "Meteorschlag",
    "DESCRIPTION": "Füge !D! Schaden zu. NL Erschaffe !M! Plasma."
  },
  "Mind Blast": {
    "NAME": "Gedankenstrahl",
    "DESCRIPTION": "Angeboren. NL Füge Schaden zu in Höhe der Kartenzahl im Nachziehstapel.",
    "UPGRADE_DESCRIPTION": "",
    "EXTENDED_DESCRIPTION": [
      " NL (Fügt !D! Schaden zu.)"
    ]
  },
  "Multi-Cast": {
    "NAME": "Multi-Entladung",
    "DESCRIPTION": "Entlade deinen vordersten Orb X Mal.",
    "UPGRADE_DESCRIPTION": "Entlade deinen vordersten Orb X+1 Mal."
  },
  "Necronomicurse": {
    "NAME": "Nekronomischer Fluch",
    "DESCRIPTION": "Unspielbar. NL Du kannst diesem Fluch nicht entgehen."
  },
  "Neutralize": {
    "NAME": "Neutralisieren",
    "DESCRIPTION": "Füge !D! Schaden zu. NL Wende !M! Schwach an."
  },
  "Night Terror": {
    "NAME": "Albtraum",
    "DESCRIPTION": "Wähle eine Karte. NL Erhalte im nächsten Zug !M! Exemplare dieser Karte auf die Hand. Erschöpft.",
    "EXTENDED_DESCRIPTION": [
      "Ich kann NL ",
      " NL nur einmal pro Zug verwenden."
    ]
  },
  "Normality": {
    "NAME": "Normalität",
    "DESCRIPTION": "Unspielbar. NL Du kannst in diesem Zug nicht mehr als NL 3 Karten ausspielen.",
    "EXTENDED_DESCRIPTION": [
      "Ich kann diesen Zug nur NL #r3 Karten spielen.",
      "Unspielbar. NL Du kannst nicht mehr als ",
      " Karten pro Zug spielen.",
      " Karten pro Zug spielen. NL Du hast in diesem Zug ",
      " Karte gespielt.",
      " Karten gespielt."
    ]
  },
  "Nova": {
    "NAME": "Nova",
    "DESCRIPTION": "Füge ALLEN Gegnern Schaden zu NL in Höhe !M! Mal der Zahl in diesem Kampf gespielter Mächte.",
    "EXTENDED_DESCRIPTION": [
      " NL Erschöpft.",
      " NL (Fügt !D! Schaden zu.)"
    ],
    "UPGRADE_DESCRIPTION": ""
  },
  "Noxious Fumes": {
    "NAME": "Giftige Dämpfe",
    "DESCRIPTION": "Wende zu Beginn deines Zuges auf ALLE Gegner !M! Gift an."
  },
  "Offering": {
    "NAME": "Opfergabe",
    "DESCRIPTION": "Verliere 6 TP. NL Erhalte [R] [R]. NL Ziehe !M! Karten. NL Erschöpft.",
    "UPGRADE_DESCRIPTION": "Verliere 6 TP. NL Erhalte [R] [R]. NL Ziehe !M! Karten. NL Erschöpft."
  },
  "Outmaneuver": {
    "NAME": "Ausmanövrieren",
    "DESCRIPTION": "Im nächsten Zug erhalte [G] [G].",
    "UPGRADE_DESCRIPTION": "Im nächsten Zug erhalte [G] [G] [G]."
  },
  "Overclock": {
    "NAME": "Übertakten",
    "DESCRIPTION": "Nicht mehr verwendet.",
    "UPGRADE_DESCRIPTION": "Erhalte !B! Block. Verbessere alle Orbs."
  },
  "Pain": {
    "NAME": "Schmerz",
    "DESCRIPTION": "Unspielbar. NL Ist diese Karte auf der Hand, verliere beim Ausspielen anderer Karten 1 TP."
  },
  "Panacea": {
    "NAME": "Allheilmittel",
    "DESCRIPTION": "Erhalte !M! Artefakt. NL Erschöpft."
  },
  "Panache": {
    "NAME": "Elan",
    "DESCRIPTION": "Immer wenn du in einem einzigen Zug NL 5 Karten ausspielst, NL füge ALLEN Gegnern !M! Schaden zu."
  },
  "PanicButton": {
    "NAME": "Panikknopf",
    "DESCRIPTION": "Erhalte !B! Block. NL Du kannst für die nächsten !M! Züge keinen Block von Karten erhalten. NL Erschöpft."
  },
  "Parasite": {
    "NAME": "Parasit",
    "DESCRIPTION": "Unspielbar. NL Wird diese Karte transformiert oder aus dem Deck entfernt, verliere 3 max. TP."
  },
  "Perfected Strike": {
    "NAME": "Perfekter Schlag",
    "DESCRIPTION": "Füge !D! Schaden zu. NL Fügt für JEDE deiner \"Schlag\" beinhaltenden Karten +2 Schaden zu.",
    "UPGRADE_DESCRIPTION": "Füge !D! Schaden zu. NL Fügt für JEDE deiner \"Schlag\" beinhaltenden Karten +3 Schaden zu."
  },
  "Phantasmal Killer": {
    "NAME": "Phantomkiller",
    "DESCRIPTION": "In deinem nächsten Zug ist dein Angriffsschaden verdoppelt."
  },
  "PiercingWail": {
    "NAME": "Schrilles Heulen",
    "DESCRIPTION": "ALLE Gegner verlieren 1 Zug lang !M! Stärke. NL Erschöpft."
  },
  "Poisoned Stab": {
    "NAME": "Giftiger Stich",
    "DESCRIPTION": "Füge !D! Schaden zu und wende !M! Gift an."
  },
  "Pommel Strike": {
    "NAME": "Knaufschlag",
    "DESCRIPTION": "Füge !D! Schaden zu. NL Ziehe !M! Karte.",
    "UPGRADE_DESCRIPTION": "Füge !D! Schaden zu. NL Ziehe !M! Karten."
  },
  "Power Through": {
    "NAME": "Durchkämpfen",
    "DESCRIPTION": "Erhalte 2 Wunden auf die Hand. NL Erhalte !B! Block."
  },
  "Predator": {
    "NAME": "Jäger",
    "DESCRIPTION": "Füge !D! Schaden zu. NL Ziehe im nächsten Zug 2 Karten mehr."
  },
  "Prepared": {
    "NAME": "Vorbereitet",
    "DESCRIPTION": "Ziehe !M! Karte. NL Wirf !M! Karte ab.",
    "UPGRADE_DESCRIPTION": "Ziehe !M! Karten. NL Wirf !M! Karten ab."
  },
  "Pride": {
    "NAME": "Stolz",
    "DESCRIPTION": "Angeboren. Erschöpft. NL Lege am Ende deines Zuges ein Exemplar dieser Karte auf den Nachziehstapel."
  },
  "Prime": {
    "NAME": "Scharfmachen",
    "DESCRIPTION": "Immer wenn du einen Orb erschaffst, NL ziehe !M! Karte."
  },
  "Primitive Tech": {
    "NAME": "Primitive Technik",
    "DESCRIPTION": "Nicht mehr verwendet."
  },
  "Pummel": {
    "NAME": "Prügeln",
    "DESCRIPTION": "Füge !M! Mal NL !D! Schaden zu. NL Erschöpft.",
    "UPGRADE_DESCRIPTION": "Füge !M! Mal NL !D! Schaden zu. NL Erschöpft."
  },
  "Purity": {
    "NAME": "Reinheit",
    "DESCRIPTION": "Erschöpfe bis zu NL !M! Karten deiner Wahl aus deiner Hand. NL Erschöpft."
  },
  "Quick Slash": {
    "NAME": "Schneller Hieb",
    "DESCRIPTION": "Füge !D! Schaden zu. NL Ziehe 1 Karte."
  },
  "Rage": {
    "NAME": "Wut",
    "DESCRIPTION": "Immer wenn du in diesem Zug einen Angriff ausspielst, erhalte !M! Block."
  },
  "Rainbow": {
    "NAME": "Regenbogen",
    "DESCRIPTION": "Erschaffe 1 Blitz, NL 1 Frost und NL 1 Schatten. NL Erschöpft.",
    "UPGRADE_DESCRIPTION": "Erschaffe 1 Blitz, NL 1 Frost und NL 1 Schatten."
  },
  "Rampage": {
    "NAME": "Toben",
    "DESCRIPTION": "Füge !D! Schaden zu. NL Mit jedem Spielen dieser Karte erhöht sich ihr Schaden in diesem Kampf um !M!."
  },
  "Reaper": {
    "NAME": "Schnitter",
    "DESCRIPTION": "Füge ALLEN Gegnern !D! Schaden zu. NL Heile so viele TP, wie die Gegner TP verloren haben. Erschöpft."
  },
  "Reboot": {
    "NAME": "Neustart",
    "DESCRIPTION": "Mische alle Karten in den Nachziehstapel. NL Ziehe !M! Karten. NL Erschöpft."
  },
  "Rebound": {
    "NAME": "Rückstoß",
    "DESCRIPTION": "Füge !D! Schaden zu. NL Lege die nächste in diesem Zug gespielte Karte auf den Nachziehstapel."
  },
  "Reckless Charge": {
    "NAME": "Gewagter Ansturm",
    "DESCRIPTION": "Füge !D! Schaden zu. NL Mische ein Benommen in den Nachziehstapel."
  },
  "Recycle": {
    "NAME": "Recyclen",
    "DESCRIPTION": "Erschöpfe eine Karte. NL Erhalte [B] in Höhe ihrer Kosten."
  },
  "Redo": {
    "NAME": "Rekursion",
    "DESCRIPTION": "Entlade deinen vordersten Orb. NL Erschaffe den Orb, NL der gerade entladen wurde."
  },
  "Reflex": {
    "NAME": "Reflex",
    "DESCRIPTION": "Unspielbar. NL Wenn du diese Karte abwirfst, NL ziehe !M! Karte.",
    "UPGRADE_DESCRIPTION": "Unspielbar. NL Wenn du diese Karte abwirfst, NL ziehe !M! Karten.",
    "EXTENDED_DESCRIPTION": [
      "Ich kann diese Karte nicht ausspielen."
    ]
  },
  "Regret": {
    "NAME": "Reue",
    "DESCRIPTION": "Unspielbar. NL Verliere am Ende deines Zuges pro Handkarte 1 TP."
  },
  "Reinforced Body": {
    "NAME": "Verstärkte Hülle",
    "DESCRIPTION": "Erhalte X Mal !B! Block."
  },
  "Reprieve": {
    "NAME": "Atempause",
    "DESCRIPTION": "Wenn ein Gegner nicht beabsichtigt anzugreifen, NL erhalte !M! Fokus."
  },
  "Reprogram": {
    "NAME": "Umprogrammieren",
    "DESCRIPTION": "Schau die obersten !M! Karten des Nachziehstapels an. Wirf beliebig viele davon ab.",
    "UPGRADE_DESCRIPTION": "Schau die obersten !M! Karten des Nachziehstapels an. Wirf beliebig viele davon ab."
  },
  "Riddle With Holes": {
    "NAME": "Zerlöchern",
    "DESCRIPTION": "Füge 5 Mal NL !D! Schaden zu."
  },
  "Rip and Tear": {
    "NAME": "Zerfetzen",
    "DESCRIPTION": "Füge !M! Mal einem zufälligen Gegner NL !D! Schaden zu."
  },
  "RitualDagger": {
    "NAME": "Ritueller Dolch",
    "DESCRIPTION": "Füge !D! Schaden zu. NL Stirbt dadurch ein Gegner, erhöhe den Schaden dieser Karte permanent um !M!. NL Erschöpft."
  },
  "Rupture": {
    "NAME": "Blutfluss",
    "DESCRIPTION": "Immer wenn du TP durch eine Karte verlierst, NL erhalte 1 Stärke."
  },
  "Sadistic Nature": {
    "NAME": "Sadistische Natur",
    "DESCRIPTION": "Immer wenn du einen Debuff auf einen Gegner anwendest, erleidet er !M! Schaden."
  },
  "Scrape": {
    "NAME": "Ausschlachten",
    "DESCRIPTION": "Füge !D! Schaden zu. NL Ziehe !M! Karten. NL Wirf jede so gezogene Karte ab, die nicht 0 kostet."
  },
  "Searing Blow": {
    "NAME": "Flammender Hieb",
    "DESCRIPTION": "Füge !D! Schaden zu. NL Kann beliebig oft verbessert werden."
  },
  "Second Wind": {
    "NAME": "Kräfte bündeln",
    "DESCRIPTION": "Erschöpfe alle Handkarten außer Angriffen und erhalte !B! Block für jede."
  },
  "Secret Technique": {
    "NAME": "Geheime Technik",
    "DESCRIPTION": "Wähle eine Fertigkeit aus dem Nachziehstapel und nimm sie auf die Hand. NL Erschöpft.",
    "UPGRADE_DESCRIPTION": "Wähle eine Fertigkeit aus dem Nachziehstapel und nimm sie auf die Hand.",
    "EXTENDED_DESCRIPTION": [
      "Es befinden sich keine Fertigkeiten NL in meinem Nachziehstapel."
    ]
  },
  "Secret Weapon": {
    "NAME": "Geheimwaffe",
    "DESCRIPTION": "Wähle einen Angriff aus dem Nachziehstapel und nimm ihn auf die Hand. NL Erschöpft.",
    "UPGRADE_DESCRIPTION": "Wähle einen Angriff aus dem Nachziehstapel und nimm ihn auf die Hand.",
    "EXTENDED_DESCRIPTION": [
      "Es befinden sich keine Angriffe NL in meinem Nachziehstapel."
    ]
  },
  "Seeing Red": {
    "NAME": "Durchdrehen",
    "DESCRIPTION": "Erhalte [R] [R]. NL Erschöpft."
  },
  "Seek": {
    "NAME": "Suchen",
    "DESCRIPTION": "Wähle !M! Karte aus dem Nachziehstapel. Nimm sie auf die Hand. NL Erschöpft.",
    "UPGRADE_DESCRIPTION": "Wähle !M! Karten aus dem Nachziehstapel. Nimm sie auf die Hand. NL Erschöpft."
  },
  "Self Repair": {
    "NAME": "Selbstreparatur",
    "DESCRIPTION": "Heile am Ende des Kampfes !M! TP."
  },
  "Sentinel": {
    "NAME": "Wächter",
    "DESCRIPTION": "Erhalte !B! Block. NL Wird diese Karte erschöpft, NL erhalte [R] [R].",
    "UPGRADE_DESCRIPTION": "Erhalte !B! Block. NL Wird diese Karte erschöpft, NL erhalte [R] [R] [R]."
  },
  "Setup": {
    "NAME": "Abgekartet",
    "DESCRIPTION": "Lege eine Handkarte auf den Nachziehstapel. NL Sie kostet 0, bis sie gespielt wird."
  },
  "Sever Soul": {
    "NAME": "Seele trennen",
    "DESCRIPTION": "Erschöpfe alle Handkarten außer Angriffen. NL Füge !D! Schaden zu."
  },
  "Shiv": {
    "NAME": "Messer",
    "DESCRIPTION": "Füge !D! Schaden zu. NL Erschöpft."
  },
  "Shame": {
    "NAME": "Scham",
    "DESCRIPTION": "Unspielbar. NL Erhalte am Ende deines Zuges 1 Gebrechlich."
  },
  "Shockwave": {
    "NAME": "Schockwelle",
    "DESCRIPTION": "Wende !M! Schwach und Verwundbar auf ALLE Gegner an. NL Erschöpft."
  },
  "Shrug It Off": {
    "NAME": "Nimm's gelassen",
    "DESCRIPTION": "Erhalte !B! Block. NL Ziehe 1 Karte."
  },
  "Skewer": {
    "NAME": "Aufspießen",
    "DESCRIPTION": "Füge X Mal NL !D! Schaden zu."
  },
  "Skim": {
    "NAME": "Abschöpfen",
    "DESCRIPTION": "Ziehe !M! Karten."
  },
  "Slice": {
    "NAME": "Schnitt",
    "DESCRIPTION": "Füge !D! Schaden zu."
  },
  "Slimed": {
    "NAME": "Verschleimt",
    "DESCRIPTION": "Erschöpft."
  },
  "Spot Weakness": {
    "NAME": "Schwäche erkennen",
    "DESCRIPTION": "Wenn ein Gegner beabsichtigt anzugreifen, NL erhalte !M! Stärke."
  },
  "Stack": {
    "NAME": "Stapel",
    "DESCRIPTION": "Erhalte Block in Höhe der Kartenzahl im Abwurfstapel.",
    "UPGRADE_DESCRIPTION": "Erhalte Block in Höhe der Kartenzahl im Abwurfstapel +3.",
    "EXTENDED_DESCRIPTION": [
      " NL (Erhalte !B! Block.)"
    ]
  },
  "Static Discharge": {
    "NAME": "Statische Entladung",
    "DESCRIPTION": "Immer wenn du Angriffsschaden erleidest, NL erschaffe !M! Blitz.",
    "UPGRADE_DESCRIPTION": "Immer wenn du Angriffsschaden erleidest, NL erschaffe !M! Blitze."
  },
  "Steam": {
    "NAME": "Dampfwall",
    "DESCRIPTION": "Erhalte !B! Block. NL Der Block dieser Karte wird für diesen Kampf um 1 verringert."
  },
  "Steam Power": {
    "NAME": "Übertakten",
    "DESCRIPTION": "Ziehe !M! Karten. NL Erhalte ein Brennen auf den Abwurfstapel."
  },
  "Storm": {
    "NAME": "Sturm",
    "DESCRIPTION": "Immer wenn du eine Macht spielst, erschaffe 1 Blitz.",
    "UPGRADE_DESCRIPTION": "Angeboren. NL Immer wenn du eine Macht spielst, erschaffe 1 Blitz."
  },
  "Storm of Steel": {
    "NAME": "Stahlsturm",
    "DESCRIPTION": "Wirf deine Hand ab. NL Erhalte pro abgeworfener Karte 1 Messer auf die Hand.",
    "UPGRADE_DESCRIPTION": "Wirf deine Hand ab. NL Erhalte pro abgeworfener Karte 1 verbessertes Messer auf die Hand."
  },
  "Streamline": {
    "NAME": "Stromlinie",
    "DESCRIPTION": "Füge !D! Schaden zu. NL Immer wenn du diese Karte spielst, senke ihre Kosten für diesen Kampf um !M! ."
  },
  "Strike_B": {
    "NAME": "Schlag",
    "DESCRIPTION": "Füge !D! Schaden zu."
  },
  "Strike_G": {
    "NAME": "Schlag",
    "DESCRIPTION": "Füge !D! Schaden zu."
  },
  "Strike_R": {
    "NAME": "Schlag",
    "DESCRIPTION": "Füge !D! Schaden zu."
  },
  "Sucker Punch": {
    "NAME": "Unerwarteter Hieb",
    "DESCRIPTION": "Füge !D! Schaden zu. NL Wende !M! Schwach an."
  },
  "Sunder": {
    "NAME": "Trennen",
    "DESCRIPTION": "Füge !D! Schaden zu. NL Falls der Gegner dadurch getötet wird, erhalte [B] [B] [B]."
  },
  "Survivor": {
    "NAME": "Überlebenskünstler",
    "DESCRIPTION": "Erhalte !B! Block. NL Wirf eine Karte ab."
  },
  "Sweeping Beam": {
    "NAME": "Breiter Strahl",
    "DESCRIPTION": "Füge ALLEN Gegnern !D! Schaden zu. NL Ziehe !M! Karte."
  },
  "Swift Strike": {
    "NAME": "Schneller Schlag",
    "DESCRIPTION": "Füge !D! Schaden zu."
  },
  "Sword Boomerang": {
    "NAME": "Bumerangschwert",
    "DESCRIPTION": "Füge !M! Mal einem zufälligen Gegner !D! Schaden zu."
  },
  "Tactician": {
    "NAME": "Taktiker",
    "DESCRIPTION": "Unspielbar. NL Wenn du diese Karte abwirfst, erhalte [G].",
    "UPGRADE_DESCRIPTION": "Unspielbar. NL Wenn du diese Karte abwirfst, erhalte [G] [G].",
    "EXTENDED_DESCRIPTION": [
      "Ich kann diese Karte nicht ausspielen."
    ]
  },
  "Tempest": {
    "NAME": "Gewitter",
    "DESCRIPTION": "Erschaffe X Blitze. NL Erschöpft.",
    "UPGRADE_DESCRIPTION": "Erschaffe X+1 Blitze. NL Erschöpft."
  },
  "Terror": {
    "NAME": "Terror",
    "DESCRIPTION": "Wende NL 99 Verwundbar an. NL Erschöpft."
  },
  "The Bomb": {
    "NAME": "Die Bombe",
    "DESCRIPTION": "Füge nach 3 Zügen ALLEN Gegnern !M! Schaden zu."
  },
  "Thinking Ahead": {
    "NAME": "Vorausdenken",
    "DESCRIPTION": "Ziehe 2 Karten. NL Lege eine Handkarte auf den Nachziehstapel. NL Erschöpft.",
    "UPGRADE_DESCRIPTION": "Ziehe 2 Karten. NL Lege eine Handkarte auf den Nachziehstapel."
  },
  "Thunder Strike": {
    "NAME": "Donnerschlag",
    "DESCRIPTION": "Füge pro in diesem Kampf erschaffenem Blitz einem zufälligen Gegner !D! Schaden zu.",
    "EXTENDED_DESCRIPTION": [
      " (Greift !M! Mal an.)"
    ]
  },
  "Thunderclap": {
    "NAME": "Blitz und Donner",
    "DESCRIPTION": "Füge ALLEN Gegnern !D! Schaden zu und wende bei ihnen 1 Verwundbar an."
  },
  "Tools of the Trade": {
    "NAME": "Handwerkszeug",
    "DESCRIPTION": "Ziehe zu Beginn deines Zuges 1 Karte und wirf 1 Karte ab."
  },
  "Transmutation": {
    "NAME": "Umwandlung",
    "DESCRIPTION": "Erhalte X zufällige farblose Karten auf die Hand. Sie kosten in diesem Zug 0. NL Erschöpft.",
    "UPGRADE_DESCRIPTION": "Erhalte X zufällige verbesserte farblose Karten auf die Hand. Sie kosten in diesem Zug 0. NL Erschöpft."
  },
  "Trip": {
    "NAME": "Straucheln",
    "DESCRIPTION": "Wende !M! Verwundbar an.",
    "UPGRADE_DESCRIPTION": "Wende !M! Verwundbar auf ALLE Gegner an."
  },
  "True Grit": {
    "NAME": "Standhaft",
    "DESCRIPTION": "Erhalte !B! Block. NL Erschöpfe eine zufällige Handkarte.",
    "UPGRADE_DESCRIPTION": "Erhalte !B! Block. NL Erschöpfe eine Handkarte."
  },
  "Turbo": {
    "NAME": "TURBO",
    "DESCRIPTION": "Erhalte [B] [B]. NL Erhalte eine Leere auf den Abwurfstapel.",
    "UPGRADE_DESCRIPTION": "Erhalte [B] [B] [B]. NL Erhalte eine Leere auf den Abwurfstapel."
  },
  "Twin Strike": {
    "NAME": "Doppelschlag",
    "DESCRIPTION": "Füge zweimal NL !D! Schaden zu."
  },
  "Underhanded Strike": {
    "NAME": "Tückischer Schlag",
    "DESCRIPTION": "Füge !D! Schaden zu. NL Wenn du in diesem Zug eine Karte abgeworfen hast, NL erhalte [G] [G].",
    "EXTENDED_DESCRIPTION": [
      "Ich kann diese Karte nicht ausspielen."
    ]
  },
  "Undo": {
    "NAME": "Ausgeglichenheit",
    "DESCRIPTION": "Erhalte !B! Block. NL Behalte deine Hand in diesem Zug."
  },
  "Unload": {
    "NAME": "Entlasten",
    "DESCRIPTION": "Füge !D! Schaden zu. NL Wirf ALLE Karten außer Angriffen ab."
  },
  "Uppercut": {
    "NAME": "Kinnhaken",
    "DESCRIPTION": "Füge !D! Schaden zu. NL Wende !M! Schwach und !M! Verwundbar an."
  },
  "Venomology": {
    "NAME": "Alchemisieren",
    "DESCRIPTION": "Erhalte einen zufälligen Trank. NL Erschöpft."
  },
  "Violence": {
    "NAME": "Gewalt",
    "DESCRIPTION": "Nimm !M! zufällige Angriffskarten aus dem Nachziehstapel auf die Hand. NL Erschöpft."
  },
  "Void": {
    "NAME": "Leere",
    "DESCRIPTION": "Unspielbar. NL Wenn diese Karte gezogen wird, NL verliere 1 Energie. NL Flüchtig."
  },
  "Warcry": {
    "NAME": "Schlachtruf",
    "DESCRIPTION": "Ziehe !M! Karte. NL Lege eine Handkarte auf den Nachziehstapel. NL Erschöpft.",
    "UPGRADE_DESCRIPTION": "Ziehe !M! Karten. NL Lege eine Handkarte auf den Nachziehstapel. NL Erschöpft."
  },
  "Well Laid Plans": {
    "NAME": "Gut ausgeklügelt",
    "DESCRIPTION": "Behalte am Ende deines Zuges NL bis zu !M! Karte.",
    "UPGRADE_DESCRIPTION": "Behalte am Ende deines Zuges NL bis zu !M! Karten."
  },
  "Whirlwind": {
    "NAME": "Wirbelwind",
    "DESCRIPTION": "Füge ALLEN Gegnern X Mal !D! Schaden zu."
  },
  "White Noise": {
    "NAME": "Rauschen",
    "DESCRIPTION": "Erhalte eine zufällige Macht auf die Hand. Diese kostet 0 in diesem Zug. NL Erschöpft."
  },
  "Wild Strike": {
    "NAME": "Wilder Schlag",
    "DESCRIPTION": "Füge !D! Schaden zu. NL Mische eine Wunde in den Nachziehstapel."
  },
  "Winter": {
    "NAME": "Winter",
    "DESCRIPTION": "Nicht mehr verwendet."
  },
  "Wound": {
    "NAME": "Wunde",
    "DESCRIPTION": "Unspielbar."
  },
  "Wraith Form v2": {
    "NAME": "Geistform",
    "DESCRIPTION": "Erhalte !M! Immateriell. NL Verliere am Ende NL jedes Zuges NL 1 Geschicklichkeit."
  },
  "Writhe": {
    "NAME": "Leid",
    "DESCRIPTION": "Unspielbar. NL Angeboren."
  },
  "Zap": {
    "NAME": "Stromschlag",
    "DESCRIPTION": "Erschaffe !M! Blitz."
  }
}