{
  "AchievementGrid": {
    "NAMES": [
      "Раз плюнути",
      "Вузька талія",
      "Легка гра",
      "Пакт",
      "Адреналін",
      "Міць",
      "Накачаний",
      "Як скеля",
      "Забарикадований",
      "Каталізатор",
      "Чума",
      "Ніндзя",
      "Нескінченність",
      "Ти ніщо",
      "Ідеально",
      "Вартовий",
      "Потороча",
      "Князь",
      "Робіт",
      "Колекціонер",
      "Чемпіон",
      "Ворона",
      "Дует",
      "Часоїд",
      "Рубін",
      "Смарагд",
      "Прихований",
      "Кому потрібні амулети?",
      "Альпініст",
      "0-ве вознесіння",
      "10-те вознесіння ",
      "Мінімаліст",
      "Солодка іронія!",
      "Сапфір",
      "Здоровий розсуд",
      "Орієнтований",
      "Неоновий",
      "Енергія - вкрай переоцінена",
      "Вдалий день",
      "Скороминучник",
      "20-те вознесіння"
    ],
    "TEXT": [
      "Виграли бій з 1 ОЗ.",
      "Мали 3 або менше карти загалом -  в руці, доборі, чи відбої.",
      "Виграли бій, не граючи жодну Атаку.",
      "Спаліть 20 карт за один бій.",
      "Здобули 9 Енергії у одному ході.",
      "Здобули 10 або більше статус ефектів під час бою.",
      "Здобули 50 або більше Міці під час бою.",
      "Здобули 99 або більше Броні під час бою.",
      "Здобули 999 Броні під час бою.",
      "Нанесли 99 або більше Отрути на одного ворога.",
      "Знищили 3 ворога Отрутою у одному бою.",
      "Зіграли 10 Запоясників за один хід.",
      "Зіграли 25 карт за один хід.",
      "Побили Князя за один хід.",
      "Побили Князя не зазнаючи шкоди.",
      "Прикінчили Вартового.",
      "Прикінчили Шестикутну Поторочу.",
      "Прикінчили Князя Слинька.",
      "Прикінчили Робіта.",
      "Прикінчили Колекціонера.",
      "Прикінчили Чемпіона.",
      "Прикінчили Пробуджену.",
      "Прикінчили Понч & Дека.",
      "Прикінчили Часоїда.",
      "Здолали гру за Броненосця.",
      "Здолали гру за Тінь.",
      "Деталі цього досягнення з’являться після розблокування.",
      "Здолали гру з одним амулетом.",
      "Здолали гру за 20 (або менше) хвилин.",
      "Розблокували Режим Вознесіння.",
      "Пройшли 10-те Вознесіння.",
      "Побили гру з колодою в 5 (або менше) карт.",
      "Добили Понча картою Пожирання.",
      "Здолали гру за Ґанджа.",
      "Здолали гру з колодою звичайних карт.",
      "Мали 25 або більше Зосередження у бою.",
      "Спрямували 9 Плазми за один хід.",
      "Зіграли 10 або більше безкоштовних (0 енергії) карт за один хід.",
      "Здолали Щоденний виклик.",
      "Прикінчили Скороминучника перш ніж він зникне.",
      "Дістатися 20-ого вознесіння."
    ]
  },
  "CharStat": {
    "NAMES": [],
    "TEXT": [
      "Всього часу у грі: ",
      "Всього перемог: #y",
      "Всього смертей: #y",
      "Всього кімнат пройдено: #y",
      "Всього Князів вбито: #y",
      "Всього ворогів вбито: #y",
      "Всього кристалів нагодовано: #y",
      "Карт знайдено: #y",
      "Карт розблоковано: #y",
      "Амулетів знайдено: #y",
      "Амулетів розблоковано: #y",
      "Найбільше кімнат: #y",
      "Найвища щоденно: #y",
      "Найшвидша перемога: ",
      "Побили ",
      ": #gТак NL ",
      ": #rНі NL ",
      "Перемог: #y",
      "Смертей: #y",
      "Кімнат пройдено: #y",
      "Князів вбито: #y",
      "Ворогів вбито: #y",
      "Краща серія виграшів: #y",
      "Найвищий рахунок: #y"
    ]
  },
  "StatsScreen": {
    "NAMES": [
      "#yЗагальна #yстатистика",
      "#yДосягнення",
      "#rБроненосець",
      "#gТінь",
      "#bҐандж"
    ],
    "TEXT": [
      "Назад"
    ]
  }
}