{
  "ANIMATION": {
    "HEADER": "Animacje postaci",
    "NAMES": [
      "Julio Duque Montero",
      "Jon Sandler"
    ]
  },
  "DEV": {
    "HEADER": "Projekt i programowanie",
    "NAMES": [
      "Anthony Giovannetti",
      "Casey Yano"
    ]
  },
  "ILLUSTRATION": {
    "HEADER": "Grafiki tła i promocyjne",
    "NAMES": [
      "Bruce Brenneise"
    ]
  },
  "LOC_ADDITIONAL": {
    "HEADER": "Dodatkowe tłumaczenia",
    "NAMES": [
      "MoGi Group"
    ]
  },
  "LOC_CAT": {
    "HEADER": "Tłumaczenie na kataloński",
    "NAMES": []
  },
  "LOC_DEU": {
    "HEADER": "Tłumaczenie na niemiecki",
    "NAMES": [
      "Joshua \"Joshipon\" Wiegand ",
      "Dustin \"Skrelpoid\" Kristen",
      "Jonas Trodler",
      "Hongkong Koma",
      "Moly",
      "koykoy13",
      "Magnus Upmann"
    ]
  },
  "LOC_FRA": {
    "HEADER": "Tłumaczenie na francuski",
    "NAMES": [
      "Xavier \"Blagatt\" Dupont",
      "Malik \"Devexia\" Leonarski",
      "Thomas \"Elgerine\" Ferry",
      "Vincent \"Hénip\" Barthoux",
      "Alexandre \"Judgy\" Gaubert",
      "Vincent \"MissingNoShiny\" Larcin",
      "Nicky \"Qazahar\" Dehout",
      "Julien \"RoPeTTe\" Ropero",
      "Hugo \"Tagadda\" Vurpillot",
      "Corentin \"Tchus\" Monfort",
      "Zachary \"WyvernZed\" Janisse"
    ]
  },
  "LOC_ITA": {
    "HEADER": "Tłumaczenie na włoski",
    "NAMES": [
      "Hob",
      "Mero Marco",
      "Luigi Squarzina"
    ]
  },
  "LOC_JPN": {
    "HEADER": "Tłumaczenie na japoński",
    "NAMES": [
      "Grezzz"
    ]
  },
  "LOC_KOR": {
    "HEADER": "Tłumaczenie na koreański",
    "NAMES": [
      "Koordynacja tłumaczenia:",
      "Eteriny",
      "Tłumaczenie:",
      "Simcoding",
      "DesFrog",
      "insight",
      "K4lium",
      "hina",
      "Tłumaczenie strony Steam:",
      "GyeRyak",
      "GyeRyak"
    ]
  },
  "LOC_NOR": {
    "HEADER": "Tłumaczenie na norweski",
    "NAMES": [
      "Eystein Jarp"
    ]
  },
  "LOC_POL": {
    "HEADER": "Tłumaczenie na polski",
    "NAMES": [
      "Tłumaczenie i koordynacja:",
      "Stanisław \"ST4H\" Borkowski",
      "Oskar \"volf3n\" Nowak",
      "Dodatkowe tłumaczenie:",
      "Adrian \"xeros\" Rolka",
      "Korekta tekstu:",
      "Oskar \"volf3n\" Nowak",
      "Sugestie i poprawki:",
      "Kasper \"Awokado\" Berć",
      "Paweł \"BASTIL\" Kaleta",
      "Grzegorz \"GregPL\" Bogusławski",
      "Erwin \"mateusz3010\" Matys",
      "Mettie",
      "Rafał \"SponTon83\" Szyszko"
    ]
  },
  "LOC_PTB": {
    "HEADER": "Tłumaczenie na portugalski",
    "NAMES": [
      "Guilherme \"GPerego\" Perego",
      "Gustavo \"KomKlave\" Duarte",
      "José \"Maneimax\" Vasconcelos",
      "Leonardo \"Iikat\" Takii",
      "Nathan \"NoxShadow\" Cervieri",
      "Paulo \"SilverTape\" Hauck"
    ]
  },
  "LOC_RUS": {
    "HEADER": "Tłumaczenie na rosyjski",
    "NAMES": [
      "Tłumaczenie i koordynacja:",
      "Ivan \"Ingrett\" Khoroshunenko",
      "Tłumaczenie i repozytorium:",
      "Vladislav \"Vlad-00003\" Bolshakov",
      "Sugestie i poprawki:",
      "Mikhail \"Outmind\" Dyuzhev",
      "Bohdan \"DarkRosse\" Kalytiuk",
      "Sergey \"lol10801lol\" K.",
      "Ascimator",
      "Kateryna \"Meds\" Belimenko-Bolger",
      "Alexey \"Surrealistic Ganerson\" Popov",
      "Alexandr \"LiaNdrY\" Mazistov",
      "Dmitry \"Regallion\" Zhiryakov",
      "Shop Asset Translation:",
      "Urist McFerrum"
    ]
  },
  "LOC_SRB": {
    "HEADER": "Tłumaczenie na serbski",
    "NAMES": [
      "Nikola \"hauzer\" Vukosavljević"
    ]
  },
  "LOC_TUR": {
    "HEADER": "Tłumaczenie na turecki",
    "NAMES": [
      "Erdem Gürbüz"
    ]
  },
  "LOC_UKR": {
    "HEADER": "Tłumaczenie na ukraiński",
    "NAMES": [
      "Vladyslav \"DarkXylese\" Kashtelyanov",
      "Vasyl \"RDSk\" Mykhaliuk"
    ]
  },
  "LOC_ZHS": {
    "HEADER": "Tłumaczenie na chiński (uproszczony)",
    "NAMES": [
      "Sound of Mystery"
    ]
  },
  "LOC_ZHT": {
    "HEADER": "Tłumaczenie na chiński (tradycyjny)",
    "NAMES": [
      "professor",
      "bowans",
      "Angryfox"
    ]
  },
  "OPS": {
    "HEADER": "Usługi i telemetria",
    "NAMES": [
      "Danielle Jenkins",
      "Jake Rabinowitz"
    ]
  },
  "PORTRAITS": {
    "HEADER": "Grafika kart i wydarzeń",
    "NAMES": [
      "Anailis Dorta"
    ]
  },
  "SOUND": {
    "HEADER": "Muzyka i dźwięki",
    "NAMES": [
      "Clark Aboud"
    ]
  },
  "SPECIAL": {
    "HEADER": "Specjalne podziękowania",
    "NAMES": [
      "Harry Rabinowitz",
      "Kevin \"Billy\" Matheson",
      "Anthony Roybal",
      "Lee Beckman",
      "Sam Welch",
      "feedbackbot",
      "Evan Howell",
      "Justin Myhres",
      "robojumper"
    ]
  },
  "TEST": {
    "HEADER": "Testerzy",
    "NAMES": [
      "Agari",
      "Daria Anderson",
      "Zac Bauermeister",
      "Nick Becker",
      "Esther Beckman",
      "Leo Chen",
      "Brian Chau",
      "Dan D'Argenio",
      "David Delorenzo",
      "Tim Erskine",
      "Benjamin Finkel",
      "Rajiv Giridharagopal",
      "Wyatt Grodzins",
      "Ren Howell",
      "Kyle James",
      "Ryan Mathisen",
      "Anthony McMillian",
      "Brad Meine",
      "Jacob Morris",
      "Alex Rockwell",
      "Greg Scheopner",
      "John \"Slide20xl\" Smith",
      "Aaron Taggart",
      "Alexander Toy",
      "Merijn van der Vliet",
      "David Von Derau",
      "Conor Watson",
      "David \"divadus\" Withington"
    ]
  },
  "THANKS_MSG": {
    "HEADER": "...a Tobie dziękujemy za grę!",
    "NAMES": []
  },
  "VOICE": {
    "HEADER": "Aktorzy głosowi",
    "NAMES": [
      "Tamara Ryan",
      "Michael Schwalbe"
    ]
  },
  "LOC_GRE": {
    "HEADER": "French Localization",
    "NAMES": [
      "Kotsos \"Iglor\" Diamond"
    ]
  },
  "LOC_IND": {
    "HEADER": "Indonesian Localization",
    "NAMES": [
      "Aditya \"RiSQ.\" Arifin",
      "Daryan \"Samus\" Ramadhany",
      "Szaal"
    ]
  },
  "LOC_SPA": {
    "HEADER": "Spanish Localization",
    "NAMES": [
      "Translation and Coordination:",
      "Pedro Luis \"PerikiyoXD\" Valadés Viera",
      "Translation:",
      "xabad98",
      "Skiddome",
      "Juanjo \"ajuanjojjj\" Martinez",
      "Grammar and Cleanup:",
      "Joaquín \"Pip1n\" López",
      "Joaquín \"Pip1n\" López"
    ]
  },
  "LOC_EPO": {
    "HEADER": "Esperanto Localization",
    "NAMES": [
      "Vincent \"Babelismoj\" Oostelbos"
    ]
  }
}