{
  "AchievementGrid": {
    "NAMES": [
      "Mačji kašalj",
      "Pročišćen",
      "Stoik",
      "Pakt",
      "Adrenalin",
      "Moćan",
      "Izdžeksovan",
      "Neprobojiv",
      "Zabarikadiran",
      "Katalizator",
      "Pošast",
      "Nindža",
      "Vrzino kolo",
      "Ti si ništa",
      "Savršen",
      "Čuvar",
      "Duh",
      "Šef",
      "Automaton",
      "Kolekcionar",
      "Šampion",
      "Vrana",
      "Oblici",
      "Gutač vremena",
      "Rubin",
      "Smaragd",
      "Neotkriveno",
      "Kome trebaju relikvije?",
      "Brzi penjač",
      "Uspinjanje 0",
      "Uspinjanje 10",
      "Minimalista",
      "Njam, krofna!",
      "Safir",
      "Sve će to narod pozlatiti",
      "Potentan",
      "Neon",
      "Energija je precenjena",
      "Moj srećan dan",
      "Nepostojani",
      "Ascend 20"
    ],
    "TEXT": [
      "Završi bitku sa jednim ž. p.",
      "Nađi se sa sveukupno tri ili manje karata u ruci, gomili za vučenje, i gomili za odbacivanje.",
      "Dobi bitku bez odigravanja ijednog napada.",
      "Iscrpi 20 karata tokom jedne bitke.",
      "Skupi devet energije tokom jednog poteza.",
      "Skupi 10 ili više pozitivnih statusa tokom borbe.",
      "Povećaj svoju snagu za 50 ili više tokom borbe.",
      "Skupi 99 ili više odbrane tokom borbe.",
      "Skupi 999 ili više odbrane tokom borbe.",
      "Nanesi 99 ili više otrova jednom neprijatelju.",
      "Porazi otrovom tri neprijatelja u jednoj borbi.",
      "Odigraj 10 Noževa u jednom potezu.",
      "Odigraj 25 karata u jednom potezu.",
      "Porazi bilo kog vožda na prvom potezu.",
      "Porazi bilo kog vožda bez primanja štete.",
      "Porazi Čuvara.",
      "Porazi Šestoduha.",
      "Porazi Veliku sluz.",
      "Porazi Bronzanog automatona.",
      "Porazi Kolekcionara.",
      "Porazi Šampiona.",
      "Porazi Probuđenog.",
      "Porazi Krofna & Kaedru.",
      "Porazi Gutača vremena.",
      "Pređi igru kao Železni.",
      "Pređi igru kao Nema.",
      "Detalji ovog dostignuća će biti otkriveni kad se otključa.",
      "Pređi igru sa jednom relikvijom.",
      "Pređi igru ispod 20 minuta.",
      "Otključaj Uspinjanje.",
      "Pređi deseti nivo Uspinjanja.",
      "Pređi igru sa špilom od pet ili manje karata.",
      "Pojedi Krofna.",
      "Pređi igru kao Promašaj.",
      "Pređi igru samo sa običnim kartama u špilu.",
      "Imaj 25 ili više potentnosti tokom borbe.",
      "Prizovi devet plazmi u jednom potezu.",
      "Odigraj 10 ili više besplatnih karata u jednom potezu.",
      "Pobedi jedan dnevni izazov.",
      "Porazi Nepostojanog pre nego što iščezne.",
      "Complete Ascension Level 20."
    ]
  },
  "CharStat": {
    "NAMES": [],
    "TEXT": [
      "Vreme u pohodima: ",
      "Broj pobeda: #y",
      "Broj poraza: #y",
      "Spratova posećeno: #y",
      "Ubijenih voždova: #y",
      "Ubijenih neprijatelja: #y",
      "",
      "Otkrivenih karata: #y",
      "Otključanih karata: #y",
      "Otkrivenih relikvija: #y",
      "Otključanih relikvija: #y",
      "",
      "",
      "Najbrža pobeda: ",
      "",
      "",
      "",
      "Broj pobeda: #y",
      "Broj smrti: #y",
      "Spratova posećeno: #y",
      "Ubijenih voždova: #y",
      "Ubijenih neprijatelja: #y",
      "Najviše uzastopnih pobeda: #y",
      "Najviše poena: #y"
    ]
  },
  "StatsScreen": {
    "NAMES": [
      "#ySveukupna #ystatistika",
      "#yDostignuća",
      "#rŽelezni",
      "#gNema",
      ""
    ],
    "TEXT": [
      "Nazad"
    ]
  }
}