{
  "Ancient Potion": {
    "NAME": "Drevni napitak",
    "DESCRIPTIONS": [
      "Zadobi #b",
      " #yzaštitu."
    ]
  },
  "AttackPotion": {
    "NAME": "Napitak napada",
    "DESCRIPTIONS": [
      "Dodaj u ruku #bjedan od #btri nasumična napada. #bBesplatan je ovaj potez."
    ]
  },
  "Block Potion": {
    "NAME": "Napitak odbrane",
    "DESCRIPTIONS": [
      "Zadobi #b",
      " #yodbrane."
    ]
  },
  "BloodPotion": {
    "NAME": "Napitak krvi",
    "DESCRIPTIONS": [
      "Zaleči #b",
      "% svojih maks. z. p."
    ]
  },
  "Dexterity Potion": {
    "NAME": "Napitak okretnosti",
    "DESCRIPTIONS": [
      "Zadobi #b",
      " #yokretnosti."
    ]
  },
  "Elixir": {
    "NAME": "Eliksir",
    "DESCRIPTIONS": [
      "",
      "",
      "#yIscrpi sve #ystatuse i #ykletve iz ruke.",
      "",
      "Nije imalo efekta..."
    ]
  },
  "Energy Potion": {
    "NAME": "Energetski napitak",
    "DESCRIPTIONS": [
      "Zadobi #b",
      " energije."
    ]
  },
  "EntropicBrew": {
    "NAME": "Entropijska smeša",
    "DESCRIPTIONS": [
      "Ispuni pojas za napitke nasumičnim napicima."
    ]
  },
  "EssenceOfSteel": {
    "NAME": "Esencije čelika",
    "DESCRIPTIONS": [
      "Zadobi #b",
      " #yoptočenog #yoklopa."
    ]
  },
  "Explosive Potion": {
    "NAME": "Eksplozivni napitak",
    "DESCRIPTIONS": [
      "Zadaj #b",
      " štete SVIM neprijateljima."
    ]
  },
  "FairyPotion": {
    "NAME": "Vila u tegli",
    "DESCRIPTIONS": [
      "Umesto da umreš, zaleči #b10% svojih maks. z. p. i odbaci ovaj napitak."
    ]
  },
  "FearPotion": {
    "NAME": "Napitak straha",
    "DESCRIPTIONS": [
      "Nanesi #b",
      " #yranjivosti."
    ]
  },
  "Fire Potion": {
    "NAME": "Vatreni napitak",
    "DESCRIPTIONS": [
      "Zadaj #b",
      " štete."
    ]
  },
  "FocusPotion": {
    "NAME": "Napitak potentnosti",
    "DESCRIPTIONS": [
      "Zadobi #b",
      " #ypotentnosti."
    ]
  },
  "Fruit Juice": {
    "NAME": "Đus",
    "DESCRIPTIONS": [
      "Zadobi #b",
      " maks. z.p."
    ]
  },
  "GamblersBrew": {
    "NAME": "Kartaški koktel",
    "DESCRIPTIONS": [
      "Odbaci bilo koji broj karata, potom vuci isto toliko."
    ]
  },
  "GhostInAJar": {
    "NAME": "Duh u tegli",
    "DESCRIPTIONS": [
      "Zadobi #b",
      " #yneopipljivost."
    ]
  },
  "Health Potion": {
    "NAME": "Eliksir života",
    "DESCRIPTIONS": [
      "Zaleči #b",
      " ž. p."
    ]
  },
  "LiquidBronze": {
    "NAME": "Tečna bronza",
    "DESCRIPTIONS": [
      "Zadobi #b",
      " #ybodljikavosti."
    ]
  },
  "Poison Potion": {
    "NAME": "Otrovni napitak",
    "DESCRIPTIONS": [
      "Nanesi #b",
      " #yotrova."
    ]
  },
  "Potion Slot": {
    "NAME": "Mesto za napitak",
    "DESCRIPTIONS": [
      "Tokom borbe se napicima #gpoboljšaj ili #rometi neprijatelje.",
      "Mesto za napitak"
    ]
  },
  "PowerPotion": {
    "NAME": "Napitak moći",
    "DESCRIPTIONS": [
      "Dodaj u ruku #bjednu od #btri nasumične moći. #bBesplatna je ovaj potez."
    ]
  },
  "Regen Potion": {
    "NAME": "Lekoviti napitak",
    "DESCRIPTIONS": [
      "Zadobi #b",
      " #ylečenja.",
      ""
    ]
  },
  "SkillPotion": {
    "NAME": "Napitak umeća",
    "DESCRIPTIONS": [
      "Dodaj u ruku #bjednu od #btri nasumične veštine. #bBesplatna je ovaj potez."
    ]
  },
  "SmokeBomb": {
    "NAME": "Dimna bomba",
    "DESCRIPTIONS": [
      "Pobegni iz ne-voždovske borbe. Ne dobijaš nikakve nagrade."
    ]
  },
  "SneckoOil": {
    "NAME": "Zmijkovo ulje",
    "DESCRIPTIONS": [
      "Postani #yzbunjen. Vuci #b",
      " karte.",
      "kartu."
    ]
  },
  "SpeedPotion": {
    "NAME": "Napitak brzine",
    "DESCRIPTIONS": [
      "Povećaj svoju #yokretnost za #b",
      ". Smanji je za #b",
      " na kraju poteza."
    ]
  },
  "SteroidPotion": {
    "NAME": "Steroidska mućka",
    "DESCRIPTIONS": [
      "Povećaj svoju #ysnagu za #b",
      ". Smanji je za #b",
      " na kraju poteza."
    ]
  },
  "Strength Potion": {
    "NAME": "Napitak snage",
    "DESCRIPTIONS": [
      "Zadobi #b",
      " #ysnage."
    ]
  },
  "Swift Potion": {
    "NAME": "Napitak hitrosti",
    "DESCRIPTIONS": [
      "",
      "Vuci #b",
      " karte."
    ]
  },
  "Weak Potion": {
    "NAME": "Napitak slabosti",
    "DESCRIPTIONS": [
      "Nanesi #b",
      " #yslabosti."
    ]
  }
}