{
  "AchievementGrid": {
    "NAMES": [
      "Ерунда",
      "Очищение",
      "Налетай",
      "Пакт",
      "Адреналин",
      "Могущество",
      "Мощь",
      "Непробиваемость",
      "Баррикада",
      "Катализатор",
      "Чума",
      "Ниндзя",
      "Бесконечность",
      "Ты — ничтожество",
      "Идеально",
      "Страж",
      "Призрак",
      "Босс",
      "Автоматон",
      "Коллекционер",
      "Чемпион",
      "Ворон",
      "Фигуры",
      "Пожиратель времени",
      "Рубин",
      "Изумруд",
      "Скрыто",
      "Кому сдались реликвии?",
      "Быстрый скалолаз",
      "Возвышение 0",
      "Возвышение 10",
      "Минималист",
      "Мм, пончик!",
      "Сапфир",
      "Обычное дело",
      "Фокусировка",
      "Неон",
      "Энергию переоценивают",
      "Сегодня мой день",
      "Преходящий",
      "Возвышение 20"
    ],
    "TEXT": [
      "Выиграть бой, оставшись с 1 ОЗ.",
      "Не более 3 карт в руке, стопке добора и стопке сброса вместе взятых.",
      "Выиграть бой, не используя карт Атаки.",
      "Сжечь 20 карт за один бой.",
      "9 Энергии в одном ходу боя.",
      "Не менее 10 положительных эффектов в одном бою.",
      "Не менее 50 Силы в одном бою.",
      "Не менее 99 Защиты в одном бою.",
      "999 Защиты в одном бою.",
      "Наложить не менее 99 Яда на одного врага.",
      "Победить 3 врагов Ядом в одном бою.",
      "Разыграть 10 Заточек в одном ходу.",
      "Разыграть 25 карт в одном ходу.",
      "Победить босса в первом ходу.",
      "Победить босса, не получив урона.",
      "Повержен Страж.",
      "Повержен Гексадух.",
      "Повержен Слизнебосс.",
      "Повержен Бронзовый Автоматон.",
      "Повержен Коллекционер.",
      "Повержен Чемпион.",
      "Повержен Пробуждённый.",
      "Повержены Дону и Дека.",
      "Повержен Пожиратель времени.",
      "Пройти игру за Латоносца.",
      "Пройти игру за Безмолвную.",
      "Подробности этого достижения станут доступны после его открытия.",
      "Пройти игру с одной реликвией.",
      "Пройти игру менее чем за 20 минут.",
      "Открыть режим Возвышения.",
      "Пройти игру на 10-ом уровне Возвышения.",
      "Пройти игру с колодой из 5 или менее карт.",
      "Прикончить Дону картой «Поглотить».",
      "Пройти игру за Дефекта.",
      "Пройти игру с колодой, не содержащей Необычные или Редкие карты.",
      "Не менее 25 Фокуса в одном бою.",
      "Призвать 9 Сфер Плазмы в одном ходу.",
      "Разыграть 10 карт с ценой 0 в одном ходу.",
      "Победить в Ежедневной вылазке.",
      "Победить Преходящего прежде, чем он исчезнет.",
      "Пройти игру на 20-ом уровне Возвышения."
    ]
  },
  "CharStat": {
    "NAMES": [],
    "TEXT": [
      "Общее время игры: ",
      "Всего побед: #y",
      "Всего смертей: #y",
      "Всего уровней пройдено: #y",
      "Всего боссов убито: #y",
      "Всего врагов убито: #y",
      "Всего скормлено кристаллов: #y",
      "Карт найдено: #y",
      "Карт открыто: #y",
      "Реликвий найдено: #y",
      "Реликвий открыто: #y",
      "Наивысший уровень: #y",
      "Лучшая Ежедневная вылазка: #y",
      "Самая быстрая победа: ",
      "Повержен ",
      ": #gДа NL ",
      ": #rНет NL ",
      "Побед: #y",
      "Смертей: #y",
      "Уровней пройдено: #y",
      "Боссов убито: #y",
      "Врагов убито: #y",
      "Лучшая череда побед: #y",
      "Лучший счёт: #y"
    ]
  },
  "StatsScreen": {
    "NAMES": [
      "#yОбщая #yстатистика",
      "#yДостижения",
      "#rЛатоносец",
      "#gБезмолвная",
      "#bДефект"
    ],
    "TEXT": [
      "Назад"
    ]
  }
}