{
  "A Thousand Cuts": {
    "NAME": "Тысяча порезов",
    "DESCRIPTION": "Наносит !M! урона ВСЕМ врагам, когда вы разыгрываете карту."
  },
  "Accuracy": {
    "NAME": "Меткость",
    "DESCRIPTION": "Заточки наносят на !M! урона больше."
  },
  "Acrobatics": {
    "NAME": "Акробатика",
    "DESCRIPTION": "Вы берёте !M! карты, NL затем сбрасываете 1 карту."
  },
  "Adrenaline": {
    "NAME": "Адреналин",
    "DESCRIPTION": "Даёт [G]. NL Вы берёте 2 карты. NL Сжигается.",
    "UPGRADE_DESCRIPTION": "Даёт [G] [G]. NL Вы берёте 2 карты. NL Сжигается."
  },
  "After Image": {
    "NAME": "След в воздухе",
    "DESCRIPTION": "Даёт 1 Защиты, когда вы разыгрываете карту.",
    "UPGRADE_DESCRIPTION": "Начальная. NL Даёт 1 Защиты, когда вы разыгрываете карту."
  },
  "Aggregate": {
    "NAME": "Агрегирование",
    "DESCRIPTION": "Даёт по [B] за каждые !M! карт в стопке добора."
  },
  "All For One": {
    "NAME": "Все за одного",
    "DESCRIPTION": "Наносит !D! урона. Вы кладёте все карты с ценой 0 из стопки сброса в руку."
  },
  "All Out Attack": {
    "NAME": "Атака напролом",
    "DESCRIPTION": "Наносит !D! урона ВСЕМ врагам. NL Вы сбрасываете 1 случ. карту."
  },
  "Allocate": {
    "NAME": "Распределение",
    "DESCRIPTION": "Даёт !M! Фокуса. NL Отнимает 1 Силы. NL Отнимает 1 Ловкости."
  },
  "Amplify": {
    "NAME": "Усилить",
    "DESCRIPTION": "В этом ходу след. Талант разыгрывается дважды.",
    "UPGRADE_DESCRIPTION": "В этом ходу !M! след. Таланта разыгрываются дважды."
  },
  "Anger": {
    "NAME": "Гнев",
    "DESCRIPTION": "Наносит !D! урона. NL Добавляет свою копию в стопку сброса."
  },
  "Apotheosis": {
    "NAME": "Апофеоз",
    "DESCRIPTION": "Улучшает ВСЕ карты до конца боя. NL Сжигается."
  },
  "Armaments": {
    "NAME": "Арсенал",
    "DESCRIPTION": "Даёт !B! Защиты. NL Улучшает карту в руке до конца боя.",
    "UPGRADE_DESCRIPTION": "Даёт !B! Защиты. NL Улучшает ВСЕ карты в руке до конца боя."
  },
  "AscendersBane": {
    "NAME": "Бремя возвышения",
    "DESCRIPTION": "Неиграбельная. NL Эфирная. Не может быть удалена из колоды."
  },
  "Auto Shields": {
    "NAME": "Авто-щиты",
    "DESCRIPTION": "Даёт !B! Защиты, если у вас 0 Защиты."
  },
  "Axe Kick": {
    "NAME": "Пинок сверху",
    "DESCRIPTION": "Наносит !D! урона. NL Разряжает след. в очереди сферу."
  },
  "Backflip": {
    "NAME": "Сальто назад",
    "DESCRIPTION": "Даёт !B! Защиты. NL Вы берёте 2 карты."
  },
  "Backstab": {
    "NAME": "Нож в спину",
    "DESCRIPTION": "Наносит !D! урона. NL Начальная. NL Сжигается."
  },
  "Ball Lightning": {
    "NAME": "Шаровая молния",
    "DESCRIPTION": "Наносит !D! урона. Заряжает !M! Сферу Молнии."
  },
  "Bandage Up": {
    "NAME": "Перевязка",
    "DESCRIPTION": "Восполняет !M! ОЗ. NL Сжигается."
  },
  "Bane": {
    "NAME": "Погибель",
    "DESCRIPTION": "Наносит !D! урона. NL Наносит ещё !D! урона, если враг отравлен Ядом."
  },
  "Barrage": {
    "NAME": "Обстрел",
    "DESCRIPTION": "Наносит по !D! урона за каждую Заряженную сферу."
  },
  "Barricade": {
    "NAME": "Баррикада",
    "DESCRIPTION": "Защита больше не исчезает в начале хода."
  },
  "Bash": {
    "NAME": "Проломить",
    "DESCRIPTION": "Наносит !D! урона. NL Накладывает !M! Уязвимости."
  },
  "Battle Trance": {
    "NAME": "Боевой транс",
    "DESCRIPTION": "Вы берёте !M! карты. NL Вы больше не сможете брать карты в этом ходу."
  },
  "Beam Cell": {
    "NAME": "Лучевая ячейка",
    "DESCRIPTION": "Наносит !D! урона и накладывает !M! Уязвимости."
  },
  "Berserk": {
    "NAME": "Берсерк",
    "DESCRIPTION": "Вы получаете !M! Уязвимости. NL Даёт [R] в начале вашего хода."
  },
  "Biased Cognition": {
    "NAME": "Предвзятость",
    "DESCRIPTION": "Даёт !M! Фокуса. NL Отнимает 1 Фокуса в начале вашего хода."
  },
  "Bite": {
    "NAME": "Укус",
    "DESCRIPTION": "Наносит !D! урона. NL Восполняет !M! ОЗ."
  },
  "Blade Dance": {
    "NAME": "Танец клинков",
    "DESCRIPTION": "Добавляет в руку !M! Заточки."
  },
  "Blaster": {
    "NAME": "Бластер",
    "DESCRIPTION": "Наносит !D! урона ВСЕМ врагам. NL Даёт по [B] за каждую Заряженную сферу. NL Сжигается."
  },
  "Blind": {
    "NAME": "Ослепление",
    "DESCRIPTION": "Накладывает !M! Слабости.",
    "UPGRADE_DESCRIPTION": "Накладывает !M! Слабости на ВСЕХ врагов."
  },
  "Blizzard": {
    "NAME": "Метель",
    "DESCRIPTION": "Наносит по !M! урона ВСЕМ врагам за каждую Заряженную Сферу Льда в этом бою",
    "UPGRADE_DESCRIPTION": "",
    "EXTENDED_DESCRIPTION": [
      " NL (Наносит !D! урона).",
      ""
    ]
  },
  "Blood for Blood": {
    "NAME": "Кровь за кровь",
    "DESCRIPTION": "Стоит на 1 [R] меньше после каждой потери вами ОЗ в бою. NL Наносит !D! урона."
  },
  "Bloodletting": {
    "NAME": "Кровопускание",
    "DESCRIPTION": "Даёт [R] и NL отнимает 3 ОЗ.",
    "UPGRADE_DESCRIPTION": "Даёт [R] [R] и NL отнимает 3 ОЗ."
  },
  "Bludgeon": {
    "NAME": "Костолом",
    "DESCRIPTION": "Наносит !D! урона."
  },
  "Blur": {
    "NAME": "Неуловимость",
    "DESCRIPTION": "Даёт !B! Защиты. NL Защита не исчезнет в начале след. хода."
  },
  "Body Slam": {
    "NAME": "Толчок корпусом",
    "DESCRIPTION": "Наносит урон, равный текущей Защите.",
    "UPGRADE_DESCRIPTION": " NL (Наносит !D! урона)."
  },
  "BootSequence": {
    "NAME": "Инициализация",
    "DESCRIPTION": "Даёт !B! Защиты. NL Начальная. NL Сжигается."
  },
  "Bouncing Flask": {
    "NAME": "Скачущая фляга",
    "DESCRIPTION": "Накладывает 3 Яда на случ. врага !M! раза."
  },
  "Brutality": {
    "NAME": "Зверство",
    "DESCRIPTION": "Вы теряете 1 ОЗ и берёте 1 карту в начале своего хода.",
    "UPGRADE_DESCRIPTION": "Начальная. NL Вы теряете 1 ОЗ и берёте 1 карту в начале своего хода."
  },
  "Buffer": {
    "NAME": "Буфер",
    "DESCRIPTION": "Предотвращает след. потерю ОЗ.",
    "UPGRADE_DESCRIPTION": "Предотвращает !M! след. потери ОЗ."
  },
  "Bullet Time": {
    "NAME": "Застывшее время",
    "DESCRIPTION": "Вы не сможете брать карты в этом ходу. В этом ходу карты стоят 0."
  },
  "Burn": {
    "NAME": "Ожог",
    "DESCRIPTION": "Неиграбельная. NL Вы получаете 2 урона в конце хода.",
    "UPGRADE_DESCRIPTION": "Неиграбельная. NL Вы получаете 4 урона в конце хода."
  },
  "Burning Pact": {
    "NAME": "Пламенный пакт",
    "DESCRIPTION": "Сжигает 1 карту. NL Вы берёте !M! карты."
  },
  "Burst": {
    "NAME": "Прилив сил",
    "DESCRIPTION": "В этом ходу следующий Навык разыгрывается дважды.",
    "UPGRADE_DESCRIPTION": "В этом ходу !M! следующих Навыка разыгрываются дважды."
  },
  "Cache": {
    "NAME": "Кэш",
    "DESCRIPTION": "Deprecated."
  },
  "Calculated Gamble": {
    "NAME": "Игра стоит свеч",
    "DESCRIPTION": "Вы сбрасываете все карты в руке, NL затем берёте столько же. NL Сжигается.",
    "UPGRADE_DESCRIPTION": "Вы сбрасываете все карты в руке, NL затем берёте столько же."
  },
  "Caltrops": {
    "NAME": "Шипы",
    "DESCRIPTION": "Наносит врагу !M! урона в ответ на каждую атаку."
  },
  "Capacitor": {
    "NAME": "Конденсатор",
    "DESCRIPTION": "Добавляет !M! слота для сфер.",
    "UPGRADE_DESCRIPTION": "Добавляет !M! слота для сфер."
  },
  "Carnage": {
    "NAME": "Резня",
    "DESCRIPTION": "Эфирная. NL Наносит !D! урона."
  },
  "Catalyst": {
    "NAME": "Катализатор",
    "DESCRIPTION": "Удваивает наложенный на врага Яд. NL Сжигается.",
    "UPGRADE_DESCRIPTION": "Утраивает наложенный на врага Яд. NL Сжигается."
  },
  "Channel": {
    "NAME": "Channel",
    "DESCRIPTION": "Deprecated."
  },
  "Chaos": {
    "NAME": "Хаос",
    "DESCRIPTION": "Заряжает !M! случайную сферу.",
    "UPGRADE_DESCRIPTION": "Заряжает !M! случайные сферы."
  },
  "Chill": {
    "NAME": "Заморозка",
    "DESCRIPTION": "Заряжает по !M! Сфере Льда за каждого врага в бою. NL Сжигается.",
    "UPGRADE_DESCRIPTION": "Начальная. NL Заряжает по !M! Сфере Льда за каждого врага в бою. NL Сжигается."
  },
  "Choke": {
    "NAME": "Удушение",
    "DESCRIPTION": "Наносит !D! урона. NL В этом ходу выбранный враг теряет !M! ОЗ, когда вы разыгрываете карту."
  },
  "Chrysalis": {
    "NAME": "Линька",
    "DESCRIPTION": "Добавляет !M! случайных Навыков в стопку добора. Они стоят 0 в этом бою. NL Сжигается."
  },
  "Clash": {
    "NAME": "Скрестить мечи",
    "DESCRIPTION": "Можно разыграть, если в руке только карты Атаки. NL Наносит !D! урона.",
    "EXTENDED_DESCRIPTION": [
      "В моей руке не только карты Атаки."
    ]
  },
  "Cleave": {
    "NAME": "Рассечение",
    "DESCRIPTION": "Наносит !D! урона ВСЕМ врагам."
  },
  "Cloak And Dagger": {
    "NAME": "Плащ и кинжал",
    "DESCRIPTION": "Даёт !B! Защиты. NL Добавляет в руку !M! Заточку.",
    "UPGRADE_DESCRIPTION": "Даёт !B! Защиты. NL Добавляет в руку !M! Заточки."
  },
  "Clothesline": {
    "NAME": "Сбить с ног",
    "DESCRIPTION": "Наносит !D! урона. NL Накладывает !M! Слабости."
  },
  "Clumsy": {
    "NAME": "Неуклюжесть",
    "DESCRIPTION": "Неиграбельная. NL Эфирная."
  },
  "Cold Snap": {
    "NAME": "Стужа",
    "DESCRIPTION": "Наносит !D! урона. Заряжает !M! Сферу Льда."
  },
  "Combust": {
    "NAME": "Самовозгорание",
    "DESCRIPTION": "Отнимает 1 ОЗ и наносит !M! урона ВСЕМ врагам в конце вашего хода."
  },
  "Compile Driver": {
    "NAME": "Компиляция",
    "DESCRIPTION": "Наносит !D! урона. NL Вы берёте по !M! карте за каждый вид Заряженных сфер."
  },
  "Concentrate": {
    "NAME": "Концентрация",
    "DESCRIPTION": "Вы сбрасываете !M! карты. NL Даёт [G] [G]."
  },
  "Conserve Battery": {
    "NAME": "Подзарядка",
    "DESCRIPTION": "Даёт !B! Защиты. NL Даёт [B] в вашем след. ходу."
  },
  "Consume": {
    "NAME": "Поглощение",
    "DESCRIPTION": "Даёт !M! Фокуса. NL Отнимает 1 слот для сфер."
  },
  "Coolheaded": {
    "NAME": "Невозмутимость",
    "DESCRIPTION": "Заряжает 1 Сферу Льда. NL Вы берёте !M! карту.",
    "UPGRADE_DESCRIPTION": "Заряжает 1 Сферу Льда. NL Вы берёте !M! карты."
  },
  "Core Surge": {
    "NAME": "Перегрузка ядра",
    "DESCRIPTION": "Наносит !D! урона. NL Даёт !M! Артефакта. NL Сжигается."
  },
  "Corpse Explosion": {
    "NAME": "Взрыв трупа",
    "DESCRIPTION": "Накладывает !M! Яда. NL Нанесёт ВСЕМ врагам урон, равный Макс. ОЗ выбранного врага, когда он погибнет.",
    "UPGRADE_DESCRIPTION": "устарело",
    "EXTENDED_DESCRIPTION": [
      "устарело"
    ]
  },
  "Corruption": {
    "NAME": "Скверна",
    "DESCRIPTION": "Навыки стоят 0. NL Каждый разыгрываемый Навык Сжигается."
  },
  "Creative AI": {
    "NAME": "Творческий ИИ",
    "DESCRIPTION": "Добавляет в руку случ. Талант в начале вашего хода."
  },
  "Crippling Poison": {
    "NAME": "Облако слабости",
    "DESCRIPTION": "Накладывает !M! Яда и 2 Слабости на ВСЕХ врагов. NL Сжигается."
  },
  "Dagger Spray": {
    "NAME": "Шквал кинжалов",
    "DESCRIPTION": "Наносит !D! урона ВСЕМ врагам дважды."
  },
  "Dagger Throw": {
    "NAME": "Метнуть кинжал",
    "DESCRIPTION": "Наносит !D! урона. NL Вы берёте 1 карту, затем NL сбрасываете 1 карту."
  },
  "Dark Embrace": {
    "NAME": "Объятия тьмы",
    "DESCRIPTION": "Вы берёте 1 карту, NL когда Сжигается карта."
  },
  "Dark Shackles": {
    "NAME": "Оковы тьмы",
    "DESCRIPTION": "Враг теряет !M! Силы до конца своего хода. NL Сжигается."
  },
  "Darkness": {
    "NAME": "Мгла",
    "DESCRIPTION": "Заряжает !M! Сферу Тьмы.",
    "UPGRADE_DESCRIPTION": "Заряжает !M! Сферу Тьмы. Активирует пассивный эффект всех Сфер Тьмы."
  },
  "Dash": {
    "NAME": "Рывок",
    "DESCRIPTION": "Даёт !B! Защиты. NL Наносит !D! урона."
  },
  "Dazed": {
    "NAME": "Головокружение",
    "DESCRIPTION": "Неиграбельная. NL Эфирная."
  },
  "Deadly Poison": {
    "NAME": "Смертельный яд",
    "DESCRIPTION": "Накладывает !M! Яда."
  },
  "Decay": {
    "NAME": "Гниение",
    "DESCRIPTION": "Неиграбельная. NL Вы получите 2 урона в конце хода, если эта карта в руке."
  },
  "Deep Breath": {
    "NAME": "Глубокий вдох",
    "DESCRIPTION": "Вы перетасовываете карты из стопки сброса в стопку добора и NL берёте !M! карту.",
    "UPGRADE_DESCRIPTION": "Вы перетасовываете карты из стопки сброса в стопку добора и NL берёте !M! карты."
  },
  "Defend_B": {
    "NAME": "Оборона",
    "DESCRIPTION": "Даёт !B! Защиты."
  },
  "Defend_G": {
    "NAME": "Оборона",
    "DESCRIPTION": "Даёт !B! Защиты."
  },
  "Defend_R": {
    "NAME": "Оборона",
    "DESCRIPTION": "Даёт !B! Защиты."
  },
  "Deflect": {
    "NAME": "Парировать",
    "DESCRIPTION": "Даёт !B! Защиты."
  },
  "Defragment": {
    "NAME": "Дефрагментация",
    "DESCRIPTION": "Даёт !M! Фокуса."
  },
  "Demon Form": {
    "NAME": "Облик демона",
    "DESCRIPTION": "Даёт !M! Силы в начале вашего хода."
  },
  "Die Die Die": {
    "NAME": "Умри, умри, умри",
    "DESCRIPTION": "Наносит !D! урона ВСЕМ врагам. NL Сжигается."
  },
  "Disarm": {
    "NAME": "Обезоружить",
    "DESCRIPTION": "Враг теряет !M! Силы. NL Сжигается."
  },
  "Discovery": {
    "NAME": "Находка",
    "DESCRIPTION": "Вы выбираете 1 из 3 случайных карт и добавляете её в руку. В этом ходу она стоит 0. NL Сжигается.",
    "UPGRADE_DESCRIPTION": "Вы выбираете 1 из 3 случайных карт и добавляете её в руку. В этом ходу она стоит 0."
  },
  "Distraction": {
    "NAME": "Уловка",
    "DESCRIPTION": "Добавляет в руку случ. Навык. NL В этом ходу он стоит 0. NL Сжигается."
  },
  "Dodge and Roll": {
    "NAME": "Уворот и перекат",
    "DESCRIPTION": "Даёт !B! Защиты. NL Даёт ещё !B! Защиты в начале след. хода."
  },
  "Doom and Gloom": {
    "NAME": "Мрак и погибель",
    "DESCRIPTION": "Наносит !D! урона ВСЕМ врагам. NL Заряжает !M! Сферу Тьмы."
  },
  "Doppelganger": {
    "NAME": "Двойник",
    "DESCRIPTION": "Тратит всю [G]. NL Вы возьмёте X карт и получите X [G] в след. ходу. NL Сжигается.",
    "UPGRADE_DESCRIPTION": "Тратит всю [G]. NL Вы возьмёте X+1 карт и получите X+1 [G] в след. ходу. NL Сжигается."
  },
  "Double Energy": {
    "NAME": "Удвоить энергию",
    "DESCRIPTION": "Удваивает Энергию. NL Сжигается.",
    "UPGRADE_DESCRIPTION": "Удваивает Энергию."
  },
  "Double Tap": {
    "NAME": "Двойной спуск",
    "DESCRIPTION": "В этом ходу следующая Атака разыгрывается дважды.",
    "UPGRADE_DESCRIPTION": "В этом ходу !M! следующие Атаки разыгрываются дважды."
  },
  "Doubt": {
    "NAME": "Сомнения",
    "DESCRIPTION": "Неиграбельная. NL Вы получите 1 Слабости в конце хода, если эта карта в руке."
  },
  "Dramatic Entrance": {
    "NAME": "Драматичный дебют",
    "DESCRIPTION": "Начальная. NL Наносит !D! урона ВСЕМ врагам. NL Сжигается."
  },
  "Dropkick": {
    "NAME": "Ногой в прыжке",
    "DESCRIPTION": "Наносит !D! урона. NL Если враг Уязвим, то вы получаете [R] и NL берёте 1 карту."
  },
  "Dual Wield": {
    "NAME": "Парное оружие",
    "DESCRIPTION": "Выберите карту Атаки или Таланта в руке. Добавляет в руку её копию.",
    "UPGRADE_DESCRIPTION": "Выберите карту Атаки или Таланта в руке. Добавляет в руку две её копии."
  },
  "Dualcast": {
    "NAME": "Сдвоенный разряд",
    "DESCRIPTION": "Разряжает след. в очереди сферу 2 раза."
  },
  "Echo Form": {
    "NAME": "Облик эхо",
    "DESCRIPTION": "Первая разыгранная в каждом ходу карта разыгрывается дважды. NL Эфирная.",
    "UPGRADE_DESCRIPTION": "Первая разыгранная в каждом ходу карта разыгрывается дважды."
  },
  "Electrodynamics": {
    "NAME": "Электродинамика",
    "DESCRIPTION": "Сферы Молнии бьют по ВСЕМ врагам. NL Заряжает !M! Сферы Молнии.",
    "UPGRADE_DESCRIPTION": ""
  },
  "Endless Agony": {
    "NAME": "Вечная агония",
    "DESCRIPTION": "Добавляет в руку свою копию, когда берётся. NL Наносит !D! урона. NL Сжигается."
  },
  "Energy Pulse": {
    "NAME": "Выброс энергии",
    "DESCRIPTION": "Даёт Защиту, равную кол-ву Энергии.",
    "UPGRADE_DESCRIPTION": "Даёт Защиту, двукратную кол-ву Энергии."
  },
  "Enlightenment": {
    "NAME": "Просветление",
    "DESCRIPTION": "Уменьшает стоимость карт в руке до 1 в этом ходу.",
    "UPGRADE_DESCRIPTION": "Уменьшает стоимость карт в руке до 1 на весь бой."
  },
  "Entrench": {
    "NAME": "Окопаться",
    "DESCRIPTION": "Удваивает вашу текущую Защиту.",
    "UPGRADE_DESCRIPTION": "Удваивает вашу текущую Защиту."
  },
  "Envenom": {
    "NAME": "Покрыть ядом",
    "DESCRIPTION": "Накладывает на врага 1 Яда, когда Атака наносит урон по его ОЗ."
  },
  "Escape Plan": {
    "NAME": "План побега",
    "DESCRIPTION": "Вы берёте 1 карту. NL Даёт !B! Защиты, если это Навык."
  },
  "Eviscerate": {
    "NAME": "Потрошение",
    "DESCRIPTION": "Дешевле на 1 [G] за каждую сброшенную в этом ходу карту. NL Наносит !D! урона три раза."
  },
  "Evolve": {
    "NAME": "Эволюция",
    "DESCRIPTION": "Вы добираете !M! карту, когда берёте Статус.",
    "UPGRADE_DESCRIPTION": "Вы добираете !M! карты, когда берёте Статус."
  },
  "Exhume": {
    "NAME": "Эксгумация",
    "DESCRIPTION": "Вы кладёте в руку выбранную Сожжённую карту. NL Сжигается."
  },
  "Expertise": {
    "NAME": "Мастерство",
    "DESCRIPTION": "Вы берёте карты, пока не наберёте в руке !M!."
  },
  "FTL": {
    "NAME": "Быстрее света",
    "DESCRIPTION": "Наносит !D! урона. Вы берёте 1 карту, если разыграли меньше !M! карт в этом ходу.",
    "EXTENDED_DESCRIPTION": [
      " NL (Разыграно карт: ",
      ".)",
      ".)"
    ]
  },
  "Feed": {
    "NAME": "Сожрать",
    "DESCRIPTION": "Наносит !D! урона. NL Убив врага, повышает Макс. ОЗ на !M! (кроме прислужников). NL Сжигается."
  },
  "Feel No Pain": {
    "NAME": "Забыть о боли",
    "DESCRIPTION": "Даёт !M! Защиты, когда Сжигается карта."
  },
  "Fiend Fire": {
    "NAME": "Адское пламя",
    "DESCRIPTION": "Сжигает все карты в руке. NL Наносит !D! урона за каждую. NL Сжигается."
  },
  "Finesse": {
    "NAME": "Ловкость рук",
    "DESCRIPTION": "Даёт !B! Защиты. NL Вы берёте 1 карту."
  },
  "Finisher": {
    "NAME": "Добивание",
    "DESCRIPTION": "Наносит по !D! урона за каждую разыгранную в этом ходу Атаку.",
    "EXTENDED_DESCRIPTION": [
      " NL (Разыграно Атак: ",
      ").",
      ")."
    ]
  },
  "Fire Breathing": {
    "NAME": "Огненное дыхание",
    "DESCRIPTION": "Наносит по 1 урону за каждую разыгранную Атаку ВСЕМ врагам в конце вашего хода."
  },
  "Fission": {
    "NAME": "Расщепление",
    "DESCRIPTION": "Удаляет ВСЕ Заряженные сферы. За каждую удалённую сферу, даёт [B] и вы берёте !M! карт. NL Сжигается.",
    "UPGRADE_DESCRIPTION": "Разряжает ВСЕ Заряженные сферы. За каждую Разряженную сферу, даёт [B] и вы берёте !M! карт. NL Сжигается."
  },
  "Flame Barrier": {
    "NAME": "Огненный барьер",
    "DESCRIPTION": "Даёт !B! Защиты. NL Наносит врагу !M! урона в ответ на каждую атаку в этом ходу."
  },
  "Flash of Steel": {
    "NAME": "Отблеск стали",
    "DESCRIPTION": "Наносит !D! урона. NL Вы берёте 1 карту."
  },
  "Flechettes": {
    "NAME": "Дротики",
    "DESCRIPTION": "Наносит по !D! урона за каждый Навык в руке.",
    "EXTENDED_DESCRIPTION": [
      " NL (В руке ",
      " карта Навыка).",
      " карт(ы) Навыков)."
    ]
  },
  "Flex": {
    "NAME": "Игра мышцами",
    "DESCRIPTION": "Даёт !M! Силы. NL Отнимает !M! Силы в конце хода."
  },
  "Flux Capacitor": {
    "NAME": "Потоконакопитель",
    "DESCRIPTION": "Заменяет все Заряженные сферы на Сферы Плазмы. NL Сжигается."
  },
  "Flying Knee": {
    "NAME": "Коленом в лицо",
    "DESCRIPTION": "Наносит !D! урона. NL Даёт [G] в вашем след. ходу."
  },
  "Footwork": {
    "NAME": "Грация",
    "DESCRIPTION": "Даёт !M! Ловкости."
  },
  "Force Field": {
    "NAME": "Силовое поле",
    "DESCRIPTION": "Стоит на 1 [B] меньше за каждый разыгранный в этом бою Талант. NL Даёт !B! Защиты."
  },
  "Forethought": {
    "NAME": "Замысел",
    "DESCRIPTION": "Вы кладёте карту из руки в самый низ стопки добора. NL Она стоит 0, пока не разыграна",
    "UPGRADE_DESCRIPTION": "Вы кладёте любое количество карт из руки в самый низ стопки добора. NL Они стоят 0, пока не разыграны."
  },
  "Fusion": {
    "NAME": "Слияние",
    "DESCRIPTION": "Заряжает !M! Сферу Плазмы."
  },
  "Gash": {
    "NAME": "Исполосовать",
    "DESCRIPTION": "Наносит !D! урона. NL Повышает урон всех карт Исполосовать на !M! в этом бою."
  },
  "Genetic Algorithm": {
    "NAME": "Геном",
    "DESCRIPTION": "Даёт !B! Защиты. Навсегда повышает даваемую этой картой Защиту на !M!. NL Сжигается."
  },
  "Ghostly": {
    "NAME": "Призрачность",
    "DESCRIPTION": "Даёт 1 Неосязаемости. NL Сжигается. NL Эфирная.",
    "UPGRADE_DESCRIPTION": "Даёт 1 Неосязаемости. NL Сжигается."
  },
  "Ghostly Armor": {
    "NAME": "Призрачные латы",
    "DESCRIPTION": "Эфирная. NL Даёт !B! Защиты."
  },
  "Glacier": {
    "NAME": "Ледник",
    "DESCRIPTION": "Даёт !B! Защиты. NL Заряжает !M! Сферы Льда.",
    "UPGRADE_DESCRIPTION": "Даёт !B! Защиты. NL Заряжает !M! Сферы Льда."
  },
  "Glass Knife": {
    "NAME": "Хрустальный нож",
    "DESCRIPTION": "Наносит !D! урона дважды. Урон, наносимый этой картой, понижается на 2 в этом бою."
  },
  "Go for the Eyes": {
    "NAME": "Целься в глаза",
    "DESCRIPTION": "Наносит !D! урона. Накладывает !M! Слабости, если враг намеревается атаковать."
  },
  "Good Instincts": {
    "NAME": "Чуткие инстинкты",
    "DESCRIPTION": "Даёт !B! Защиты."
  },
  "Grand Finale": {
    "NAME": "Кульминация",
    "DESCRIPTION": "Можно разыграть, только если стопка добора пуста. NL Наносит !D! урона ВСЕМ врагам.",
    "UPGRADE_DESCRIPTION": "Моя стопка добора NL должна быть #rпуста."
  },
  "HandOfGreed": {
    "NAME": "Алчущая длань",
    "DESCRIPTION": "Наносит !D! урона. NL Убив врага, даёт !M! золота (кроме прислужников)."
  },
  "Havoc": {
    "NAME": "Опустошение",
    "DESCRIPTION": "Вы разыгрываете карту с верха стопки добора и Сжигаете её."
  },
  "Headbutt": {
    "NAME": "Таран",
    "DESCRIPTION": "Наносит !D! урона. NL Вы кладёте карту из стопки сброса на верх стопки добора."
  },
  "Heatsinks": {
    "NAME": "Теплоотводы",
    "DESCRIPTION": "Вы берёте !M! карту, когда разыгрываете Талант.",
    "UPGRADE_DESCRIPTION": "Вы берёте !M! карты, когда разыгрываете Талант."
  },
  "Heavy Blade": {
    "NAME": "Увесистый клинок",
    "DESCRIPTION": "Наносит !D! урона. NL Сила влияет на эту карту !M! раза.",
    "UPGRADE_DESCRIPTION": "Наносит !D! урона. NL Сила влияет на эту карту !M! раз."
  },
  "Heel Hook": {
    "NAME": "Захват ноги",
    "DESCRIPTION": "Наносит !D! урона. NL Если враг Ослаблен, NL то вы получаете [G] и NL вы берёте 1 карту."
  },
  "Hello World": {
    "NAME": "Привет, мир",
    "DESCRIPTION": "Добавляет в руку случ. Обычную карту в начале хода.",
    "UPGRADE_DESCRIPTION": "Начальная. NL Добавляет в руку случ. Обычную карту в начале хода."
  },
  "Hemokinesis": {
    "NAME": "Гемокинез",
    "DESCRIPTION": "Отнимает !M! ОЗ. NL Наносит !D! урона."
  },
  "Hide": {
    "NAME": "Спрятаться",
    "DESCRIPTION": "Предотвращает получение урона до след. хода. NL Сжигается."
  },
  "Hologram": {
    "NAME": "Голограмма",
    "DESCRIPTION": "Даёт !B! Защиты. NL Вы кладёте выбранную карту из стопки сброса в руку. NL Сжигается.",
    "UPGRADE_DESCRIPTION": "Даёт !B! Защиты. NL Вы кладёте выбранную карту из стопки сброса в руку."
  },
  "Hyperbeam": {
    "NAME": "Гиперлуч",
    "DESCRIPTION": "Наносит !D! урона ВСЕМ врагам. NL Отнимает !M! Фокуса."
  },
  "Ice Wall": {
    "NAME": "Ледяная стена",
    "DESCRIPTION": "Deprecated.",
    "UPGRADE_DESCRIPTION": "Deprecated."
  },
  "Immolate": {
    "NAME": "Жертвенный огонь",
    "DESCRIPTION": "Наносит !D! урона ВСЕМ врагам. NL Добавляет Ожог в стопку сброса."
  },
  "Impatience": {
    "NAME": "Рвение",
    "DESCRIPTION": "Вы берёте !M! карты, если в вашей руке нет карт Атаки."
  },
  "Impervious": {
    "NAME": "Непробиваемость",
    "DESCRIPTION": "Даёт !B! Защиты. NL Сжигается."
  },
  "Impulse": {
    "NAME": "Импульс",
    "DESCRIPTION": "Активирует пассивный эффект всех Заряженных сфер. NL Сжигается.",
    "UPGRADE_DESCRIPTION": "Активирует пассивный эффект всех Заряженных сфер."
  },
  "Infernal Blade": {
    "NAME": "Адский клинок",
    "DESCRIPTION": "Добавляет в руку случ. Атаку. NL В этом ходу она стоит 0. NL Сжигается."
  },
  "Infinite Blades": {
    "NAME": "Уйма клинков",
    "DESCRIPTION": "Добавляет в руку Заточку в начале вашего хода.",
    "UPGRADE_DESCRIPTION": "Начальная. NL Добавляет в руку Заточку в начале вашего хода."
  },
  "Inflame": {
    "NAME": "Воспламенение",
    "DESCRIPTION": "Даёт !M! Силы."
  },
  "Injury": {
    "NAME": "Травма",
    "DESCRIPTION": "Неиграбельная."
  },
  "Intimidate": {
    "NAME": "Устрашение",
    "DESCRIPTION": "Накладывает !M! Слабости на ВСЕХ врагов. NL Сжигается."
  },
  "Iron Wave": {
    "NAME": "Стальная волна",
    "DESCRIPTION": "Даёт !B! Защиты. NL Наносит !D! урона."
  },
  "J.A.X.": {
    "NAME": "М.О.Щ.",
    "DESCRIPTION": "Отнимает 3 ОЗ и NL даёт !M! Силы."
  },
  "Jack Of All Trades": {
    "NAME": "Мастер на все руки",
    "DESCRIPTION": "Добавляет в руку !M! случ. бесцветную карту. NL Сжигается.",
    "UPGRADE_DESCRIPTION": "Добавляет в руку !M! случ. бесцветные карты. NL Сжигается."
  },
  "Juggernaut": {
    "NAME": "Джаггернаут",
    "DESCRIPTION": "Наносит !M! урона случ. врагу, когда вы получаете Защиту."
  },
  "Leap": {
    "NAME": "Прыжок",
    "DESCRIPTION": "Даёт !B! Защиты."
  },
  "Leg Sweep": {
    "NAME": "Подсечка",
    "DESCRIPTION": "Накладывает !M! Слабости. NL Даёт !B! Защиты."
  },
  "Limit Break": {
    "NAME": "Превзойти себя",
    "DESCRIPTION": "Удваивает вашу текущую Силу. NL Сжигается.",
    "UPGRADE_DESCRIPTION": "Удваивает вашу текущую Силу."
  },
  "Lockon": {
    "NAME": "В яблочко",
    "DESCRIPTION": "Наносит !D! урона. NL Накладывает !M! Захват цели."
  },
  "Loop": {
    "NAME": "Цикл",
    "DESCRIPTION": "Активирует пассивный эффект след. в очереди сферы в начале вашего хода.",
    "UPGRADE_DESCRIPTION": "Активирует пассивный эффект след. в очереди сферы !M! раза в начале вашего хода."
  },
  "Machine Learning": {
    "NAME": "Машинное обучение",
    "DESCRIPTION": "Вы берёте !M! доп. карту в начале вашего хода.",
    "UPGRADE_DESCRIPTION": "Начальная. NL Вы берёте !M! доп. карту в начале вашего хода."
  },
  "Madness": {
    "NAME": "Безумие",
    "DESCRIPTION": "Случ. карта в руке стоит 0 до конца боя. NL Сжигается."
  },
  "Magnetism": {
    "NAME": "Притяжение",
    "DESCRIPTION": "Добавляет в руку случ. бесцветную карту в начале вашего хода."
  },
  "Malaise": {
    "NAME": "Хворь",
    "DESCRIPTION": "Тратит всю [G]. NL Враг теряет X Силы. Накладывает X Слабости. NL Сжигается.",
    "UPGRADE_DESCRIPTION": "Тратит всю [G]. NL Враг теряет X+1 Силы. Накладывает X+1 Слабости. NL Сжигается."
  },
  "Master of Strategy": {
    "NAME": "Гений тактики",
    "DESCRIPTION": "Вы берёте !M! карты. NL Сжигается."
  },
  "Masterful Stab": {
    "NAME": "Искусный выпад",
    "DESCRIPTION": "Стоит на 1 больше после каждой потери вами ОЗ в бою. NL Наносит !D! урона.",
    "UPGRADE_DESCRIPTION": ""
  },
  "Mayhem": {
    "NAME": "Беспредел",
    "DESCRIPTION": "Вы разыгрываете карту с верха стопки добора в начале своего хода."
  },
  "Melter": {
    "NAME": "Расплавить",
    "DESCRIPTION": "Сбивает всю Защиту врага. NL Наносит !D! урона."
  },
  "Metallicize": {
    "NAME": "Металлизация",
    "DESCRIPTION": "Даёт !M! Защиты в конце вашего хода."
  },
  "Metamorphosis": {
    "NAME": "Метаморфозы",
    "DESCRIPTION": "Добавляет !M! случайных Атак в стопку добора. Они стоят 0 в этом бою. NL Сжигается."
  },
  "Meteor Strike": {
    "NAME": "Метеоритный удар",
    "DESCRIPTION": "Наносит !D! урона. NL Заряжает !M! Сферы Плазмы."
  },
  "Mind Blast": {
    "NAME": "Ментальный взрыв",
    "DESCRIPTION": "Начальная. NL Наносит урон, равный количеству карт в стопке добора.",
    "UPGRADE_DESCRIPTION": "",
    "EXTENDED_DESCRIPTION": [
      " NL (Наносит !D! урона.)"
    ]
  },
  "Multi-Cast": {
    "NAME": "Цепная реакция",
    "DESCRIPTION": "Разряжает след. в очереди сферу X раз.",
    "UPGRADE_DESCRIPTION": "Разряжает след. в очереди сферу X+1 раз."
  },
  "Necronomicurse": {
    "NAME": "Некрономипорча",
    "DESCRIPTION": "Неиграбельная. NL От этого Проклятия не сбежать."
  },
  "Neutralize": {
    "NAME": "Обезвредить",
    "DESCRIPTION": "Наносит !D! урона. NL Накладывает !M! Слабости."
  },
  "Night Terror": {
    "NAME": "Кошмар",
    "DESCRIPTION": "Выберите карту в руке. Добавляет в руку !M! её копии в след. ходу. Сжигается.",
    "EXTENDED_DESCRIPTION": [
      "Я могу использовать NL ",
      " NL лишь один раз за ход."
    ]
  },
  "Normality": {
    "NAME": "Обыденность",
    "DESCRIPTION": "Неиграбельная. NL В этом ходу вы можете разыграть только 3 карты.",
    "EXTENDED_DESCRIPTION": [
      "В этом ходу я могу разыграть NL не более #r3 карт.",
      "Неиграбельная. NL В этом ходу вы можете разыграть только ",
      " карты.",
      " карты. NL Разыграно: ",
      " карта.",
      " карты."
    ]
  },
  "Nova": {
    "NAME": "Вспышка",
    "DESCRIPTION": "Наносит по !M! урона ВСЕМ врагам за каждый разыгранный в этом бою Талант.",
    "UPGRADE_DESCRIPTION": "",
    "EXTENDED_DESCRIPTION": [
      " NL Сжигается.",
      " NL (Наносит !D! урона)."
    ]
  },
  "Noxious Fumes": {
    "NAME": "Едкие испарения",
    "DESCRIPTION": "Накладывает !M! Яда на ВСЕХ врагов в начале вашего хода."
  },
  "Offering": {
    "NAME": "Подношение",
    "DESCRIPTION": "Отнимает 6 О3 и NL даёт [R] [R]. NL Вы берёте !M! карты. NL Сжигается.",
    "UPGRADE_DESCRIPTION": "Отнимает 6 О3 и NL даёт [R] [R]. NL Вы берёте !M! карт. NL Сжигается."
  },
  "Outmaneuver": {
    "NAME": "Перехитрить",
    "DESCRIPTION": "Даёт [G] [G] в NL вашем след. ходу.",
    "UPGRADE_DESCRIPTION": "Даёт [G] [G] [G] в NL вашем след. ходу."
  },
  "Overclock": {
    "NAME": "Overclock",
    "DESCRIPTION": "Deprecated.",
    "UPGRADE_DESCRIPTION": "Deprecated."
  },
  "Pain": {
    "NAME": "Боль",
    "DESCRIPTION": "Неиграбельная. NL Отнимает 1 ОЗ, когда вы разыгрываете карту."
  },
  "Panacea": {
    "NAME": "Панацея",
    "DESCRIPTION": "Даёт !M! Артефакта. NL Сжигается."
  },
  "Panache": {
    "NAME": "Харизма",
    "DESCRIPTION": "Наносит !M! урона ВСЕМ врагам, когда вы разыгрываете 5 карт в одном ходу."
  },
  "PanicButton": {
    "NAME": "Тревожная кнопка",
    "DESCRIPTION": "Даёт !B! Защиты. Вы не можете получать Защиту от карт следующие !M! хода. NL Сжигается."
  },
  "Parasite": {
    "NAME": "Паразит",
    "DESCRIPTION": "Неиграбельная. NL Вы потеряете 3 Макс. ОЗ, если преобразуете или удалите эту карту."
  },
  "Perfected Strike": {
    "NAME": "Отточенный удар",
    "DESCRIPTION": "Наносит !D! урона. NL Наносит по 2 доп. урона за КАЖДУЮ карту Удара в колоде.",
    "UPGRADE_DESCRIPTION": "Наносит !D! урона. NL Наносит по 3 доп. урона за КАЖДУЮ карту Удара в колоде."
  },
  "Phantasmal Killer": {
    "NAME": "Фантом-убийца",
    "DESCRIPTION": "Удваивает урон ваших Атак в следующем ходу."
  },
  "PiercingWail": {
    "NAME": "Оглушающий крик",
    "DESCRIPTION": "ВСЕ враги теряют !M! Силы до конца своего хода. NL Сжигается."
  },
  "Poisoned Stab": {
    "NAME": "Отравленный нож",
    "DESCRIPTION": "Наносит !D! урона. NL Накладывает !M! Яда."
  },
  "Pommel Strike": {
    "NAME": "Удар эфесом",
    "DESCRIPTION": "Наносит !D! урона. NL Вы берёте !M! карту.",
    "UPGRADE_DESCRIPTION": "Наносит !D! урона. NL Вы берёте !M! карты."
  },
  "Power Through": {
    "NAME": "Стиснуть зубы",
    "DESCRIPTION": "Добавляет в руку 2 Раны. NL Даёт !B! Защиты."
  },
  "Predator": {
    "NAME": "Хищник",
    "DESCRIPTION": "Наносит !D! урона. NL В след. ходу вы возьмёте на 2 карты больше."
  },
  "Prepared": {
    "NAME": "Всё схвачено",
    "DESCRIPTION": "Вы берёте !M! карту, NL затем сбрасываете !M! карту.",
    "UPGRADE_DESCRIPTION": "Вы берёте !M! карты, NL затем сбрасываете !M! карты."
  },
  "Pride": {
    "NAME": "Гордыня",
    "DESCRIPTION": "Начальная. Сжигается. NL Вы кладёте копию этой карты на верх стопки добора в конце вашего хода."
  },
  "Prime": {
    "NAME": "Подгрузка",
    "DESCRIPTION": "Вы берёте !M! карту, когда Заряжаете сферу."
  },
  "Primitive Tech": {
    "NAME": "Примитивные технологии",
    "DESCRIPTION": "Deprecated."
  },
  "Pummel": {
    "NAME": "Избиение",
    "DESCRIPTION": "Наносит !D! урона !M! раза. NL Сжигается.",
    "UPGRADE_DESCRIPTION": "Наносит !D! урона !M! раз. NL Сжигается."
  },
  "Purity": {
    "NAME": "Очищение",
    "DESCRIPTION": "Сжигает до !M! выбранных в руке карт. NL Сжигается."
  },
  "Quick Slash": {
    "NAME": "Резкий замах",
    "DESCRIPTION": "Наносит !D! урона. NL Вы берёте 1 карту."
  },
  "Rage": {
    "NAME": "Ярость",
    "DESCRIPTION": "Даёт !M! Защиты, когда вы разыгрываете Атаки в этом ходу."
  },
  "Rainbow": {
    "NAME": "Радуга",
    "DESCRIPTION": "Заряжает 1 Сферу Молнии, 1 Сферу Льда и 1 Сферу Тьмы. NL Сжигается.",
    "UPGRADE_DESCRIPTION": "Заряжает 1 Сферу Молнии, 1 Сферу Льда и 1 Сферу Тьмы."
  },
  "Rampage": {
    "NAME": "Раж",
    "DESCRIPTION": "Наносит !D! урона. NL Урон, наносимый этой картой, повышается на !M! в этом бою."
  },
  "Reaper": {
    "NAME": "Жнец",
    "DESCRIPTION": "Наносит !D! урона ВСЕМ врагам. Восполняет ОЗ за весь урон по ОЗ врагов. NL Сжигается."
  },
  "Reboot": {
    "NAME": "Перезагрузка",
    "DESCRIPTION": "Вы перетасовываете ВСЕ свои карты в стопку добора. Вы берёте !M! карт. NL Сжигается."
  },
  "Rebound": {
    "NAME": "Рикошет",
    "DESCRIPTION": "Наносит !D! урона. NL Вы кладёте след. разыгранную в этом ходу карту на верх стопки добора."
  },
  "Reckless Charge": {
    "NAME": "Рывок в пекло",
    "DESCRIPTION": "Наносит !D! урона. NL Добавляет Головокружение в стопку добора."
  },
  "Recycle": {
    "NAME": "Утилизация",
    "DESCRIPTION": "Сжигает выбранную карту. NL Даёт [B] , равную её цене."
  },
  "Redo": {
    "NAME": "Рекурсия",
    "DESCRIPTION": "Разряжает след. в очереди сферу. NL Заряжает только что Разряженную сферу."
  },
  "Reflex": {
    "NAME": "Рефлекс",
    "DESCRIPTION": "Неиграбельная. NL Вы берёте !M! карту, когда эта карта сбрасывается.",
    "UPGRADE_DESCRIPTION": "Неиграбельная. NL Вы берёте !M! карты, когда эта карта сбрасывается.",
    "EXTENDED_DESCRIPTION": [
      "Я не могу разыграть эту карту."
    ]
  },
  "Regret": {
    "NAME": "Сожаление",
    "DESCRIPTION": "Неиграбельная. NL Отнимает по 1 ОЗ за каждую карту в руке в конце хода."
  },
  "Reinforced Body": {
    "NAME": "Укрепить корпус",
    "DESCRIPTION": "Даёт !B! Защиты X раз."
  },
  "Reprieve": {
    "NAME": "Передышка",
    "DESCRIPTION": "Вы получаете !M! Фокуса, если выбранный враг НЕ собирается атаковать."
  },
  "Reprogram": {
    "NAME": "Программирование",
    "DESCRIPTION": "Просмотрите !M! карты на верху стопки добора. Вы сможете сбросить любые из них.",
    "UPGRADE_DESCRIPTION": "Просмотрите !M! карт на верху стопки добора. Вы сможете сбросить любые из них."
  },
  "Riddle With Holes": {
    "NAME": "Изрешетить",
    "DESCRIPTION": "Наносит !D! урона 5 раз."
  },
  "Rip and Tear": {
    "NAME": "Рвать и терзать",
    "DESCRIPTION": "Наносит !D! урона случ. врагу !M! раза."
  },
  "RitualDagger": {
    "NAME": "Ритуальный кинжал",
    "DESCRIPTION": "Наносит !D! урона. NL Убив врага, увеличивает свой урон на !M!. NL Сжигается."
  },
  "Rupture": {
    "NAME": "Разрыв",
    "DESCRIPTION": "Даёт 1 Силы, когда вы теряете ОЗ из-за карт."
  },
  "Sadistic Nature": {
    "NAME": "Садистская натура",
    "DESCRIPTION": "Враг получает !M! урона, когда вы накладываете на него отриц. эффект."
  },
  "Scrape": {
    "NAME": "Ободрать",
    "DESCRIPTION": "Наносит !D! урона. NL Вы берёте !M! карты, сбрасывая те из них, цена которых больше 0."
  },
  "Searing Blow": {
    "NAME": "Прожжение",
    "DESCRIPTION": "Наносит !D! урона. NL Можно улучшать неограниченное количество раз."
  },
  "Second Wind": {
    "NAME": "Второе дыхание",
    "DESCRIPTION": "Сжигает все карты в руке, кроме Атак. NL Даёт !B! Защиты за каждую."
  },
  "Secret Technique": {
    "NAME": "Тайная техника",
    "DESCRIPTION": "Вы кладёте выбранный из стопки добора Навык в руку. NL Сжигается.",
    "UPGRADE_DESCRIPTION": "Вы кладёте выбранный из стопки добора Навык в руку.",
    "EXTENDED_DESCRIPTION": [
      "В моей стопке добора NL нет Навыков."
    ]
  },
  "Secret Weapon": {
    "NAME": "Тайное оружие",
    "DESCRIPTION": "Вы кладёте выбранную из стопки добора Атаку в руку. NL Сжигается.",
    "UPGRADE_DESCRIPTION": "Вы кладёте выбранную из стопки добора Атаку в руку.",
    "EXTENDED_DESCRIPTION": [
      "В моей стопке добора NL нет Атак."
    ]
  },
  "Seeing Red": {
    "NAME": "Красная пелена",
    "DESCRIPTION": "Даёт [R] [R]. NL Сжигается."
  },
  "Seek": {
    "NAME": "Поиск",
    "DESCRIPTION": "Вы кладёте !M! выбранную карту из стопки добора в руку. NL Сжигается.",
    "UPGRADE_DESCRIPTION": "Вы кладёте !M! выбранные карты из стопки добора в руку. NL Сжигается."
  },
  "Self Repair": {
    "NAME": "Самопочинка",
    "DESCRIPTION": "Восполняет !M! ОЗ в конце боя."
  },
  "Sentinel": {
    "NAME": "Страж",
    "DESCRIPTION": "Даёт !B! Защиты. NL Даёт [R] [R] , NL когда Сжигается.",
    "UPGRADE_DESCRIPTION": "Даёт !B! защиты. NL Даёт [R] [R] [R] , когда Сжигается."
  },
  "Setup": {
    "NAME": "Заготовка",
    "DESCRIPTION": "Вы кладёте карту из руки на верх стопки добора. NL Она стоит 0, пока не разыграна."
  },
  "Sever Soul": {
    "NAME": "Раскол души",
    "DESCRIPTION": "Сжигает все карты в руке, кроме Атак. NL Наносит !D! урона."
  },
  "Shame": {
    "NAME": "Стыд",
    "DESCRIPTION": "Неиграбельная. NL Вы получите 1 Хрупкости в конце хода, если эта карта в руке."
  },
  "Shiv": {
    "NAME": "Заточка",
    "DESCRIPTION": "Наносит !D! урона. NL Сжигается."
  },
  "Shockwave": {
    "NAME": "Силовая волна",
    "DESCRIPTION": "Накладывает !M! Слабости и Уязвимости на ВСЕХ врагов. NL Сжигается."
  },
  "Shrug It Off": {
    "NAME": "Ерунда",
    "DESCRIPTION": "Даёт !B! Защиты. NL Вы берёте 1 карту."
  },
  "Skewer": {
    "NAME": "Пронзить",
    "DESCRIPTION": "Тратит всю [G]. NL Наносит !D! урона X раз."
  },
  "Skim": {
    "NAME": "Пролистать",
    "DESCRIPTION": "Вы берёте !M! карты."
  },
  "Slice": {
    "NAME": "Разрез",
    "DESCRIPTION": "Наносит !D! урона."
  },
  "Slimed": {
    "NAME": "В слизи",
    "DESCRIPTION": "Сжигается."
  },
  "Spot Weakness": {
    "NAME": "Слабое место",
    "DESCRIPTION": "Вы получаете !M! Силы, если выбранный враг собирается атаковать."
  },
  "Stack": {
    "NAME": "Стек",
    "DESCRIPTION": "Даёт Защиту, равную кол-ву карт в стопке сброса.",
    "UPGRADE_DESCRIPTION": "Даёт Защиту, равную кол-ву карт в стопке сброса +3.",
    "EXTENDED_DESCRIPTION": [
      " NL (Даёт !B! Защиты)."
    ]
  },
  "Static Discharge": {
    "NAME": "Разряд статики",
    "DESCRIPTION": "Заряжает !M! Сферу Молнии, когда вы теряете ОЗ от атак.",
    "UPGRADE_DESCRIPTION": "Заряжает !M! Сферы Молнии, когда вы теряете ОЗ от атак."
  },
  "Steam": {
    "NAME": "Паровая завеса",
    "DESCRIPTION": "Даёт !B! Защиты. Защита, даваемая этой картой, снижается на 1 в этом бою."
  },
  "Steam Power": {
    "NAME": "Разгон",
    "DESCRIPTION": "Вы берёте !M! карты. NL Добавляет Ожог в стопку сброса."
  },
  "Storm": {
    "NAME": "Шторм",
    "DESCRIPTION": "Заряжает 1 Сферу Молнии, когда вы разыгрываете Талант.",
    "UPGRADE_DESCRIPTION": "Начальная. NL Заряжает 1 Сферу Молнии, когда вы разыгрываете Талант."
  },
  "Storm of Steel": {
    "NAME": "Ураган стали",
    "DESCRIPTION": "Вы сбрасываете все карты. NL Добавляет в руку по 1 Заточке за каждую из них.",
    "UPGRADE_DESCRIPTION": "Вы сбрасываете все карты. NL Добавляет в руку по 1 улучшенной Заточке за каждую из них."
  },
  "Streamline": {
    "NAME": "Оптимизация",
    "DESCRIPTION": "Наносит !D! урона. NL Понижает свою цену на !M! в этом бою."
  },
  "Strike_B": {
    "NAME": "Удар",
    "DESCRIPTION": "Наносит !D! урона."
  },
  "Strike_G": {
    "NAME": "Удар",
    "DESCRIPTION": "Наносит !D! урона."
  },
  "Strike_R": {
    "NAME": "Удар",
    "DESCRIPTION": "Наносит !D! урона."
  },
  "Sucker Punch": {
    "NAME": "Выбить дух",
    "DESCRIPTION": "Наносит !D! урона. NL Накладывает !M! Слабости."
  },
  "Sunder": {
    "NAME": "Разлом",
    "DESCRIPTION": "Наносит !D! урона. NL Убив врага, даёт [B] [B] [B]."
  },
  "Survivor": {
    "NAME": "Выживание",
    "DESCRIPTION": "Даёт !B! Защиты. NL Вы сбрасываете 1 карту."
  },
  "Sweeping Beam": {
    "NAME": "Сметающий луч",
    "DESCRIPTION": "Наносит !D! урона ВСЕМ врагам. NL Вы берёте !M! карту."
  },
  "Swift Strike": {
    "NAME": "Мгновенный удар",
    "DESCRIPTION": "Наносит !D! урона."
  },
  "Sword Boomerang": {
    "NAME": "Меч-бумеранг",
    "DESCRIPTION": "Наносит !D! урона случ. врагу !M! раза."
  },
  "Tactician": {
    "NAME": "Стратег",
    "DESCRIPTION": "Неиграбельная. NL Даёт [G] , когда сбрасывается.",
    "UPGRADE_DESCRIPTION": "Неиграбельная. NL Даёт [G] [G] , когда сбрасывается.",
    "EXTENDED_DESCRIPTION": [
      "Я не могу разыграть эту карту."
    ]
  },
  "Tempest": {
    "NAME": "Буря",
    "DESCRIPTION": "Заряжает X Сфер Молнии. NL Сжигается.",
    "UPGRADE_DESCRIPTION": "Заряжает X+1 Сфер Молнии. NL Сжигается."
  },
  "Terror": {
    "NAME": "Ужас",
    "DESCRIPTION": "Накладывает 99 Уязвимости. NL Сжигается."
  },
  "The Bomb": {
    "NAME": "Бомба",
    "DESCRIPTION": "Нанесёт !M! урона ВСЕМ врагам через 3 хода."
  },
  "Thinking Ahead": {
    "NAME": "На шаг впереди",
    "DESCRIPTION": "Вы берёте 2 карты, NL затем кладёте карту из руки на верх стопки добора. NL Сжигается.",
    "UPGRADE_DESCRIPTION": "Вы берёте 2 карты, NL затем кладёте карту из руки на верх стопки добора."
  },
  "Thunder Strike": {
    "NAME": "Громовой удар",
    "DESCRIPTION": "Наносит по !D! урона случ. врагу за каждую Заряженную в этом бою Сферу Молнии.",
    "EXTENDED_DESCRIPTION": [
      " (Заряжено !M! Сфер Молнии.)"
    ]
  },
  "Thunderclap": {
    "NAME": "Раскат грома",
    "DESCRIPTION": "Наносит !D! урона и накладывает 1 Уязвимости на ВСЕХ врагов."
  },
  "Tools of the Trade": {
    "NAME": "Знаток дела",
    "DESCRIPTION": "Вы берёте 1 карту, затем сбрасываете 1 карту в начале своего хода."
  },
  "Transmutation": {
    "NAME": "Трансмутация",
    "DESCRIPTION": "Добавляет в руку Х случ. бесцветных карт. Они стоят 0 в этом ходу. NL Сжигается.",
    "UPGRADE_DESCRIPTION": "Добавляет в руку Х случ. улучшенных бесцветных карт. Они стоят 0 в этом ходу. NL Сжигается."
  },
  "Trip": {
    "NAME": "Подножка",
    "DESCRIPTION": "Накладывает !M! Уязвимости.",
    "UPGRADE_DESCRIPTION": "Накладывает !M! Уязвимости на ВСЕХ врагов."
  },
  "True Grit": {
    "NAME": "Железная воля",
    "DESCRIPTION": "Даёт !B! Защиты. NL Сжигает случ. карту в руке.",
    "UPGRADE_DESCRIPTION": "Даёт !B! Защиты. NL Сжигает выбранную из руки карту."
  },
  "Turbo": {
    "NAME": "ТУРБО",
    "DESCRIPTION": "Даёт [B] [B]. NL Добавляет Бездну в стопку сброса.",
    "UPGRADE_DESCRIPTION": "Даёт [B] [B] [B]. NL Добавляет Бездну в стопку сброса."
  },
  "Twin Strike": {
    "NAME": "Двойной удар",
    "DESCRIPTION": "Наносит !D! урона дважды."
  },
  "Underhanded Strike": {
    "NAME": "Коварный удар",
    "DESCRIPTION": "Наносит !D! урона. NL Даёт [G] [G] , если вы сбрасывали карты в этом ходу.",
    "EXTENDED_DESCRIPTION": [
      "Я не могу разыграть эту карту."
    ]
  },
  "Undo": {
    "NAME": "Эквилибриум",
    "DESCRIPTION": "Даёт !B! Защиты. NL В конце текущего хода вы оставите все карты в руке."
  },
  "Unload": {
    "NAME": "Во все тяжкие",
    "DESCRIPTION": "Наносит !D! урона. NL Вы сбрасываете все карты в руке, кроме Атак."
  },
  "Uppercut": {
    "NAME": "Апперкот",
    "DESCRIPTION": "Наносит !D! урона. NL Накладывает NL !M! Слабости. NL Накладывает NL !M! Уязвимости."
  },
  "Venomology": {
    "NAME": "Алхимия",
    "DESCRIPTION": "Даёт случ. зелье. NL Сжигается."
  },
  "Violence": {
    "NAME": "Воинственность",
    "DESCRIPTION": "Вы кладёте в руку !M! случайных Атак из стопки добора. NL Сжигается."
  },
  "Void": {
    "NAME": "Бездна",
    "DESCRIPTION": "Неиграбельная. NL Вы теряете 1 энергию, когда берёте эту карту. NL Эфирная."
  },
  "Warcry": {
    "NAME": "Боевой клич",
    "DESCRIPTION": "Вы берёте !M! карту и NL кладёте карту из руки на верх стопки добора. NL Сжигается.",
    "UPGRADE_DESCRIPTION": "Вы берёте !M! карты и NL кладёте карту из руки на верх стопки добора. NL Сжигается."
  },
  "Well Laid Plans": {
    "NAME": "Всё по плану",
    "DESCRIPTION": "В конце хода вы оставляете до !M! карты в руке.",
    "UPGRADE_DESCRIPTION": "В конце хода вы оставляете до !M! карт в руке."
  },
  "Whirlwind": {
    "NAME": "Вихрь",
    "DESCRIPTION": "Тратит всю [R]. NL Наносит !D! урона ВСЕМ врагам X раз."
  },
  "White Noise": {
    "NAME": "Белый шум",
    "DESCRIPTION": "Добавляет в руку случ. Талант. NL Он стоит 0 до конца хода. NL Сжигается."
  },
  "Wild Strike": {
    "NAME": "Неистовый  удар",
    "DESCRIPTION": "Наносит !D! урона. NL Добавляет Рану в стопку добора."
  },
  "Winter": {
    "NAME": "Зима",
    "DESCRIPTION": "Deprecated."
  },
  "Wound": {
    "NAME": "Рана",
    "DESCRIPTION": "Неиграбельная."
  },
  "Wraith Form v2": {
    "NAME": "Облик призрака",
    "DESCRIPTION": "Даёт !M! Неосязаемости. NL Отнимает 1 Ловкости в конце вашего хода."
  },
  "Writhe": {
    "NAME": "Муки",
    "DESCRIPTION": "Неиграбельная. NL Начальная."
  },
  "Zap": {
    "NAME": "Шок",
    "DESCRIPTION": "Заряжает !M! Сфер Молнии."
  }
}