{
  "Crowbot": {
    "NAMES": [
      "Воробот"
    ],
    "TEXT": [
      "БИП-БУП"
    ]
  },
  "Defect": {
    "NAMES": [
      "Дефект"
    ],
    "TEXT": [
      "Боевой автоматон, который обрёл самосознание. NL Древние технологии позволяют ему манипулировать сферами."
    ]
  },
  "Ironclad": {
    "NAMES": [
      "Латоносец"
    ],
    "TEXT": [
      "Последний солдат Латоносцев. NL Продал свою душу, чтобы овладеть демонической силой."
    ]
  },
  "Merchant": {
    "NAMES": [
      "Продолжить",
      "~Добро~ ~пожаловать!~"
    ],
    "TEXT": [
      "Привет! NL Купи что-нибудь! NL Купи-купи-купи!",
      "Мне нравится твоя причёска.",
      "Минутка не найдётся?",
      "Тебе больше по душе кошки или собаки?",
      "Ты выглядишь так ~опасно,~ NL хе-хе...",
      "Не торопись... NL ..... NL ... или торопись.",
      "Нравится мой коврик? NL Он не продаётся.",
      "Поддержи развивающийся бизнес!",
      "Маски — это круто, уж мне ли не знать!",
      "Хм-м... NL ...хм-м-м... NL О!",
      "Погоди да послушай!",
      "Опасно идти в одиночку! Отдай мне своё золото!",
      "Купи чего-нибудь.",
      "~*ЗЕВОК*~",
      "Я люблю золото.",
      "Мой любимый цвет — синий. NL А твой?"
    ]
  },
  "Neow Event": {
    "NAMES": [
      "Ньяу"
    ],
    "TEXT": [
      "~Приветствую...~ NL ~Я..~ ~Ньяу...~",
      "~Снова...~ NL ~Здравствуй...~",
      "~Приветствую...~",
      "~Попытаешься~ NL ~снова...?~",
      "~Дойди~ ~до~ ~босса...~ NL ~чтобы~ ~получить~ ~моё...~ ~благословение...~",
      "~Сразись...~ ~хотя~ ~бы~ NL ~с~ ~первым~ ~боссом...~",
      "~Мне~ ~удалось~ ~тебя~ ~вернуть...~",
      "~Выбирай...~",
      "~Исполнено...~",
      "~Риск...~ NL ~...награда....~",
      "~Время~ ~для~ NL ~ИСПЫТАНИЯ...~",
      "Награда.",
      "~Давай~ ~продолжим...~",
      "~Будет~ ~только~ ~хуже...~",
      "~Впечатляюще...~ ~продолжай...~",
      "Проклят!",
      "Растяпа!",
      "Трансформация!"
    ],
    "OPTIONS": [
      "[Продолжить]",
      "[Говорить]",
      "[Пропустить]",
      "[Уйти]"
    ]
  },
  "Neow Reward": {
    "NAMES": [],
    "TEXT": [
      "[ #gВыбрать #gи #gполучить #gкарту ]",
      "[ #gПолучить #gслучайную #gредкую #gкарту ]",
      "[ #gУбрать #gкарту #gиз #gколоды ]",
      "[ #gУлучшить #gкарту ]",
      "[ #gПреобразовать #gкарту ]",
      "[ #gПолучить #g3 #gслучайных #gзелья ]",
      "[ #gПолучить #gслучайную #gобычную #gреликвию ]",
      "[ #gМакс. #gОЗ #g+",
      "[ #gПолучить #g",
      " #gзолота ]",
      "#gУбрать #g2 #gкарты ]",
      "#gПолучить #gредкую #gреликвию ]",
      "#gПолучить #gредкую #gкарту ]",
      "#gПолучить #g",
      " #gзолота ]",
      "#gПреобразовать #g2 #gкарты ]",
      "#gМакс. #gОЗ #g+",
      "[ #rПотерять #r",
      " #rМакс. #rОЗ ",
      "[ #rПотерять #rвсё #rзолото ",
      "[ #rПолучить #rПроклятие ",
      "[ #rВы #rполучаете #r",
      "Выберите карту.",
      "Выберите карту, которую хотите убрать.",
      "Выберите 2 карты, которые хотите убрать.",
      "Выберите карту, которую хотите преобразовать.",
      "Выберите 2 карты, которые хотите преобразовать.",
      "Выберите карту, которую хотите улучшить.",
      "[ #gВраги #gв #g3 #gследующих #gбоях #gбудут #gиметь #g1 #gОЗ ]",
      " #rурона"
    ],
    "UNIQUE_REWARDS": [
      "[ #rПотерять #rстартовую #rреликвию #gПолучить #gреликвию #gбосса ]"
    ]
  },
  "Shop Screen": {
    "NAMES": [
      "~Приветствую,~ NL ~приветствую!~",
      "Придержи коней, NL тебе нужно NL больше #rзолота.",
      "Эй, дружище, у тебя нет #rденег!",
      "Дырка в кошельке?",
      "У тебя нет #rзолота.",
      "Тебе это не по карману.",
      "У меня тут не благотворительность.",
      "~Спаси-и-и-ибо.~",
      "Очередная продажа... NL хо-хо-хо! NL @Дз-ы-ы-нь!@",
      "@ПРОДАНО!@",
      "Возврату не подлежит.",
      "Хорошего дня.",
      "Уйти",
      "Выберите карту, которую хотите убрать."
    ],
    "TEXT": [
      "Привет! NL Купи что-нибудь! NL Купи-купи-купи!",
      "Мне нравится твоя причёска.",
      "Минутка не найдётся?",
      "Тебе больше по душе кошки или собаки?",
      "Ты выглядишь так ~опасно,~ NL хе-хе...",
      "Не торопись... NL ..... NL ... или торопись.",
      "Нравится мой коврик? NL Он не продаётся.",
      "Поддержи развивающийся бизнес!",
      "Маски — это круто, уж мне ли не знать!",
      "Тебе мой курьер не попадался?",
      "Погоди да послушай!",
      "Опасно идти в одиночку! Отдай мне своё золото!",
      "Купи чего-нибудь.",
      "~*ЗЕВОК*~",
      "Я люблю золото.",
      "Мой любимый цвет — синий. NL А твой?"
    ]
  },
  "Silent": {
    "NAMES": [
      "Безмолвная"
    ],
    "TEXT": [
      "Охотница из туманных земель. NL Уничтожает врагов с помощью кинжалов и ядов."
    ]
  }
}