{
  "ANIMATION": {
    "HEADER": "Анимация персонажей",
    "NAMES": [
      "Хулио Дуке Монтеро (Julio Duque Montero)",
      "Джон Сэндлер (Jon Sandler)"
    ]
  },
  "DEV": {
    "HEADER": "Разработка и дизайн",
    "NAMES": [
      "Энтони Джованнетти (Anthony Giovannetti)",
      "Кейси Яно (Casey Yano)"
    ]
  },
  "ILLUSTRATION": {
    "HEADER": "Иллюстрации фонов и промо",
    "NAMES": [
      "Брюс Бреннейс (Bruce Brenneise)"
    ]
  },
  "LOC_ADDITIONAL": {
    "HEADER": "Дополнительный перевод",
    "NAMES": [
      "MoGi Group"
    ]
  },
  "LOC_CAT": {
    "HEADER": "Перевод на каталанский",
    "NAMES": []
  },
  "LOC_DEU": {
    "HEADER": "Перевод на немецкий",
    "NAMES": [
      "Джошуа «Joshipon» Виганд (Joshua «Joshipon» Wiegand)",
      "Дастин «Skrelpoid» Кристен (Dustin «Skrelpoid» Kristen)",
      "Джонас Тродлер (Jonas Trodler)",
      "Hongkong Koma",
      "Moly",
      "koykoy13",
      "Магнус Упманн (Magnus Upmann)"
    ]
  },
  "LOC_EPO": {
    "HEADER": "перевод на эсперанто",
    "NAMES": [
      "Винсент «Babelismoj» Оостелбос (Vincent «Babelismoj» Oostelbos)"
    ]
  },
  "LOC_FRA": {
    "HEADER": "Перевод на французский",
    "NAMES": [
      "Ксавье «Blagatt» Дюпон (Xavier «Blagatt» Dupont)",
      "Малик «Devexia» Леонарски (Malik «Devexia» Leonarski)",
      "Томас «Elgerine» Ферри (Thomas «Elgerine» Ferry)",
      "Винсент «Henip» Барту (Vincent «Henip» Bartoux)",
      "Александр «Judgy» Гобер (Alexandre «Judgy» Gaubert)",
      "Винсент «MissingNoShiny» Ларсе (Vincent «MissingNoShiny» Larcin)",
      "Ники «Qazahar» Дехаут (Nicky «Qazahar» Dehout)",
      "Жюльен «RoPeTTe» Роперо (Julien «RoPeTTe» Ropero)",
      "Хьюго «Tagadda» Вурпилло (Hugo «Tagadda» Vurpillot)",
      "Корентен «Tchus» Монфор (Corentin «Tchus» Monfort)",
      "Закари «WyvernZed» Джанис (Zachary «WyvernZed» Janisse)"
    ]
  },
  "LOC_GRE": {
    "HEADER": "Перевод на греческий",
    "NAMES": [
      "Котсос «Iglor» Даймонд (Kotsos «Iglor» Diamond)"
    ]
  },
  "LOC_IND": {
    "HEADER": "Перевод на индонезийский",
    "NAMES": [
      "Адитя «RiSQ.» Арифин (Aditya «RiSQ.» Arifin)",
      "Дарьян «Samus» Рамадханы (Daryan «Samus» Ramadhany)",
      "Хэйвизал «Szaal» Фэрокуи (Haveiszal «Szaal» Faroqie)"
    ]
  },
  "LOC_ITA": {
    "HEADER": "Перевод на итальянский",
    "NAMES": [
      "Hob",
      "Марко Меро (Mero Marco)",
      "Луиджи Скварцина (Luigi Squarzina)"
    ]
  },
  "LOC_JPN": {
    "HEADER": "Перевод на японский",
    "NAMES": [
      "Grezzz"
    ]
  },
  "LOC_KOR": {
    "HEADER": "Перевод на корейский",
    "NAMES": [
      "Координация перевода:",
      "Eteriny",
      "Перевод:",
      "Simcoding",
      "DesFrog",
      "Fissh",
      "insight",
      "K4lium",
      "hina",
      "Перевод страницы магазина в Steam:",
      "GyeRyak"
    ]
  },
  "LOC_NOR": {
    "HEADER": "Перевод на норвежский",
    "NAMES": [
      "Эйстейн Ярп (Eystein Jarp)"
    ]
  },
  "LOC_POL": {
    "HEADER": "Перевод на польский",
    "NAMES": [
      "Перевод и координация:",
      "Станислав «ST4H» Борковский (Stanis³aw «ST4H» Borkowski)",
      "Оскар «volf3n» Новак (Oskar «volf3n» Nowak)",
      "Дополнительный перевод:",
      "Адриан «xeros» Ролка (Adrian «xeros» Rolka)",
      "Корректировка:",
      "Оскар «volf3n» Новак (Oskar «volf3n» Nowak)",
      "Предложения и отзывы:",
      "Каспер «Awokado» Бера (Kasper «Awokado» Beræ)",
      "Павел «BASTIL» Калета (Pawe³ «BASTIL» Kaleta)",
      "Гжегож «GregPL» Богуславский (Grzegorz «GregPL» Bogus³awski)",
      "Эрвин «mateusz3010» Матис (Erwin «mateusz3010» Matys)",
      "Mettie",
      "Рафал «SponTon83» Шишко (Rafa³ «SponTon83» Szyszko)"
    ]
  },
  "LOC_PTB": {
    "HEADER": "Перевод на бразильский португальский",
    "NAMES": [
      "Гильерме «GPerego» Перего (Guilherme «GPerego» Perego)",
      "Густаво «KomKlave» Дуарте (Gustavo «KomKlave» Duarte)",
      "Хосе «Maneimax» Васконселос (José «Maneimax» Vasconcelos)",
      "Леонардо «Iikat» Такии (Leonardo «Iikat» Takii)",
      "Натан «NoxShadow» Сервиери (Nathan «NoxShadow» Cervieri)",
      "Пауло «SilverTape» Хаук (Paulo «SilverTape» Hauck)"
    ]
  },
  "LOC_RUS": {
    "HEADER": "Перевод на русский",
    "NAMES": [
      "Перевод:",
      "Иван «Ingrett» Хорошуненко (Ivan «Ingrett» Khoroshunenko)",
      "Владислав «Vlad-00003» Большаков (Vladislav «Vlad-00003» Bolshakov)",
      "Дмитрий «Regallion» Жиряков (Dmitry «Regallion» Zhiryakov)",
      "Предложения и отзывы:",
      "Михаил «Outmind» Дюжев (Mikhail «Outmind» Dyuzhev)",
      "Богдан «DarkRosse» Калитюк (Bohdan «DarkRosse» Kalytiuk)",
      "Сергей «lol10801lol» К. (Sergey «lol10801lol» K.)",
      "Ascimator",
      "Екатерина «Meds» Белименко-Болджер (Kateryna «Meds» Belimenko-Bolger)",
      "Алексей «Surrealistic Ganerson» Попов (Alexey «Surrealistic Ganerson» Popov)",
      "Александр «LiaNdrY» Мазистов (Alexandr «LiaNdrY» Mazistov)",
      "Перевод графики магазина:",
      "Urist McFerrum"
    ]
  },
  "LOC_SPA": {
    "HEADER": "Перевод на испанский",
    "NAMES": [
      "Перевод и координация:",
      "Педро-Луис «PerikiyoXD» Валадес Виера (Pedro Luis «PerikiyoXD» Valadés Viera)",
      "Перевод:",
      "Ксавьер «xabad98» Абад Салинас (Xavier «xabad98» Abad Salinas)",
      "Skiddome",
      "Джуанджо «ajuanjojjj» Мартинез (Juanjo «ajuanjojjj» Martinez)",
      "Педро Дж. «PJJLegend» Хименес (Pedro J. «PJJLegend» Jiménez)",
      "Художественный текст и вычитка:",
      "Хоакин «Pip1n» Лопез (Joaquín «Pip1n» López)"
    ]
  },
  "LOC_SRB": {
    "HEADER": "Перевод на сербский",
    "NAMES": [
      "Никола «hauzer» Вукосавьевич (Nikola «hauzer» Vukosavljević)"
    ]
  },
  "LOC_TUR": {
    "HEADER": "Перевод на турецкий",
    "NAMES": [
      "Эрдем Гюрбюз (Erdem Gürbüz)"
    ]
  },
  "LOC_UKR": {
    "HEADER": "Перевод на украинский",
    "NAMES": [
      "Владислав «DarkXylese» Каштелянов (Vladyslav «DarkXylese» Kashtelyanov)",
      "Василь «RDSk» Майкалиак (Vasyl «RDSk» Mykhaliuk)"
    ]
  },
  "LOC_ZHS": {
    "HEADER": "Перевод на китайский (упрощённый)",
    "NAMES": [
      "Sound of Mystery"
    ]
  },
  "LOC_ZHT": {
    "HEADER": "Перевод на китайский (традиционный)",
    "NAMES": [
      "professor",
      "bowans",
      "Angryfox"
    ]
  },
  "OPS": {
    "HEADER": "Операции и метрики",
    "NAMES": [
      "Даниэлла Дженкинс (Danielle Jenkins)",
      "Джейк Рабиновиц (Jake Rabinowitz)"
    ]
  },
  "PORTRAITS": {
    "HEADER": "Графика карт и событий",
    "NAMES": [
      "Анаилис Дорта (Anailis Dorta)"
    ]
  },
  "SOUND": {
    "HEADER": "Звуковое сопровождение",
    "NAMES": [
      "Кларк Эбауд (Clark Aboud)"
    ]
  },
  "SPECIAL": {
    "HEADER": "Особая благодарность",
    "NAMES": [
      "Гарри Рабиновиц (Harry Rabinowitz)",
      "Кевин «Billy» Мэтисон (Kevin «Billy» Matheson)",
      "Энтони Ройбал (Anthony Roybal)",
      "Ли Бекман (Lee Beckman)",
      "Сэм Уэлч (Sam Welch)",
      "feedbackbot",
      "Эван Хауэлл (Evan Howell)",
      "Джастин Мюрес (Justin Myhres)",
      "robojumper"
    ]
  },
  "TEST": {
    "HEADER": "Тестеры",
    "NAMES": [
      "Agari",
      "Дарья Андерсон (Daria Anderson)",
      "Зак Бауэрмейстер (Zac Bauermeister)",
      "Ник Беккер (Nick Becker)",
      "Эстер Бекман (Esther Beckman)",
      "Лео Чен (Leo Chen)",
      "Брайан Чау (Brian Chau)",
      "Дэн Даргенио (Dan D'Argenio)",
      "Дэвид Делоренцо (David Delorenzo)",
      "Тим Эрскин (Tim Erskine)",
      "Бенджамин Финкель (Benjamin Finkel)",
      "Раджив Гиридхарагопал (Rajiv Giridharagopal)",
      "Уайат Гродзинс (Wyatt Grodzins)",
      "Рен Хауэлл (Ren Howell)",
      "Кайл Джеймс (Kyle James)",
      "Райан Матисен (Ryan Mathisen)",
      "Энтони Макмиллиан (Anthony McMillian)",
      "Брэд Майне (Brad Meine)",
      "Джейкоб Моррис (Jacob Morris)",
      "Алекс Рокуэлл (Alex Rockwell)",
      "Грег Шеопнер (Greg Scheopner)",
      "Джон «Slide20xl» Смит (John «Slide20x1» Smith)",
      "Аарон Таггерт (Aaron Taggart)",
      "Александр Той (Alexander Toy)",
      "Мерийн ван дер Влиет (Merijn van der Vliet)",
      "Дэвид Фон Дерау (David Von Derau)",
      "Конор Уотсон (Conor Watson)",
      "Дэвид «divadus» Уиттингтон (David «divadus» Withington)"
    ]
  },
  "THANKS_MSG": {
    "HEADER": "...и спасибо ВАМ за игру!",
    "NAMES": []
  },
  "VOICE": {
    "HEADER": "Озвучивание",
    "NAMES": [
      "Тамара Райан (Tamara Ryan)",
      "Майкл Швальбе (Michael Schwalbe)"
    ]
  }
}