{
  "Anchor": {
    "NAME": "Якорь",
    "FLAVOR": "С этой безделушкой вы словно твёрже стоите на ногах.",
    "DESCRIPTIONS": [
      "Даёт #b",
      " #yЗащиты в начале боя."
    ]
  },
  "Ancient Tea Set": {
    "NAME": "Древний чайный сервиз",
    "FLAVOR": "Главный атрибут полноценного вечернего отдыха.",
    "DESCRIPTIONS": [
      "Даёт [R] [R] в начале первого боя после лагеря.",
      "Даёт [G] [G] в начале первого боя после лагеря.",
      "Даёт [B] [B] в начале первого боя после лагеря."
    ]
  },
  "Art of War": {
    "NAME": "Искусство войны",
    "FLAVOR": "В этой древней рукописи содержится мудрость прошлых веков.",
    "DESCRIPTIONS": [
      "Даёт ",
      " [R] в след. ходу, если в текущем не разыгрывались #yАтаки.",
      " [G] в след. ходу, если в текущем не разыгрывались #yАтаки.",
      " [B] в след. ходу, если в текущем не разыгрывались #yАтаки."
    ]
  },
  "Astrolabe": {
    "NAME": "Астролябия",
    "FLAVOR": "Прибор, помогающий коснуться бесценных таинств звёзд.",
    "DESCRIPTIONS": [
      "При получении вы #yпреобразуете, а затем #yулучшите #b3 выбранные карты.",
      "Выберите 3 карты, на которые подействует "
    ]
  },
  "Bag of Marbles": {
    "NAME": "Мешочек с шариками",
    "FLAVOR": "Когда-то популярная городская забава. Помогает лишить врага равновесия.",
    "DESCRIPTIONS": [
      "Накладывает #b",
      " #yУязвимости на ВСЕХ врагов в начале боя."
    ]
  },
  "Bag of Preparation": {
    "NAME": "Сумка готовности",
    "FLAVOR": "Просторная сумка искателя приключений. Оснащена множеством карманов и ремешков.",
    "DESCRIPTIONS": [
      "Вы берёте на #b",
      " карты больше в начале боя."
    ]
  },
  "Bird Faced Urn": {
    "NAME": "Птицевидная урна",
    "FLAVOR": "Урна в виде хитро прищурившегося бога-ворона Мазалета.",
    "DESCRIPTIONS": [
      "Восполняет #b",
      " ОЗ, когда разыгрывается #yТалант."
    ]
  },
  "Black Blood": {
    "NAME": "Чёрная кровь",
    "FLAVOR": "Ярость затмевает разум.",
    "DESCRIPTIONS": [
      "Заменяет #r«Пылающую #rкровь». Восполняет #b",
      " ОЗ в конце боя."
    ]
  },
  "Black Star": {
    "NAME": "Чёрная звезда",
    "FLAVOR": "Была найдена в Городе Змея, лежавшая рядом с одинокой свечой.",
    "DESCRIPTIONS": [
      "Даёт дополнительную #yреликвию за победу над #yэлитными врагами."
    ]
  },
  "Blood Vial": {
    "NAME": "Пузырёк с кровью",
    "FLAVOR": "Пузырёк с кровью высокородного древнего вампира.",
    "DESCRIPTIONS": [
      "Восполняет #b",
      " ОЗ в начале боя."
    ]
  },
  "Bloody Idol": {
    "NAME": "Кровавый идол",
    "FLAVOR": "Теперь глаза идола истекают кровавыми слезами.",
    "DESCRIPTIONS": [
      "Восполняет #b",
      " ОЗ, когда вы получаете #yзолото."
    ]
  },
  "Blue Candle": {
    "NAME": "Синяя свеча",
    "FLAVOR": "Когда свеча окутана тьмой, её пламя загорается само собой.",
    "DESCRIPTIONS": [
      "Позволяет разыгрывать #yНеиграбельные #yПроклятия — они #yСжигаются и отнимают #b",
      " ОЗ."
    ]
  },
  "Boot": {
    "NAME": "Могучий ботинок",
    "FLAVOR": "Если ботинок завести, он станет больше.",
    "DESCRIPTIONS": [
      "Повышает наносимый #yАтаками урон с #b",
      " или менее до #b5."
    ]
  },
  "Bottled Flame": {
    "NAME": "Закупоренное пламя",
    "FLAVOR": "В этой банке хранится негасимое пламя.",
    "DESCRIPTIONS": [
      "При получении вы выберете Атаку. Эта карта будет в первой руке каждого боя.",
      "Выберите карту, на которую подействует ",
      "Вы берёте карту ",
      " в первую руку каждого боя."
    ]
  },
  "Bottled Lightning": {
    "NAME": "Закупоренная молния",
    "FLAVOR": "Вы заглядываете в бушующий вихрь и замечаете, что часть вас смотрит оттуда в ответ.",
    "DESCRIPTIONS": [
      "При получении вы выберете #yНавык. Эта карта будет в первой руке каждого боя.",
      "Выберите карту, на которую подействует ",
      "Вы берёте карту ",
      " в первую руку каждого боя."
    ]
  },
  "Bottled Tornado": {
    "NAME": "Закупоренное торнадо",
    "FLAVOR": "Из бутылки слышен тихий гул и свист ветра",
    "DESCRIPTIONS": [
      "При получении вы выберете #yТалант. Эта карта будет в первой руке каждого боя.",
      "Выберите карту, на которую подействует ",
      "Вы берёте карту ",
      " в первую руку каждого боя."
    ]
  },
  "Brimstone": {
    "NAME": "Сера",
    "FLAVOR": "Источает адский жар.",
    "DESCRIPTIONS": [
      "Даёт #b",
      " #yСилы ВСЕМ в начале вашего хода."
    ]
  },
  "Bronze Scales": {
    "NAME": "Бронзовая чешуя",
    "FLAVOR": "Острая чешуя Стража. Перестраивается для защиты носителя.",
    "DESCRIPTIONS": [
      "Даёт #b",
      " #yШипов в начале каждого боя."
    ]
  },
  "Burning Blood": {
    "NAME": "Пылающая кровь",
    "FLAVOR": "Кровь в ваших жилах пылает негасимой яростью.",
    "DESCRIPTIONS": [
      "Восполняет #b",
      " ОЗ в конце боя."
    ]
  },
  "Busted Crown": {
    "NAME": "Разбитая корона",
    "FLAVOR": "Корона Чемпиона... или плохая подделка?",
    "DESCRIPTIONS": [
      "Уменьшает число доступных карт при получении наград на #y2.",
      "Даёт [R] в начале вашего хода. ",
      "Даёт [G] в начале вашего хода. ",
      "Даёт [B] в начале вашего хода. "
    ]
  },
  "Cables": {
    "NAME": "Позолоченные провода",
    "FLAVOR": "«Прелюбопытно! Даже автоматоны подвергаются эффекту плацебо» — Ранвид",
    "DESCRIPTIONS": [
      "Пассивный эффект самой правой сферы активируется дважды."
    ]
  },
  "Calipers": {
    "NAME": "Кронциркуль",
    "FLAVOR": "«Механическая точность — залог успеха» — Архитектор",
    "DESCRIPTIONS": [
      "В начале вашего хода пропадает только #b",
      " #yЗащиты."
    ]
  },
  "Calling Bell": {
    "NAME": "Призывающий колокол",
    "FLAVOR": "Когда вы подобрали этот колокол из тёмного железа, он трижды прозвенел, однако с тех пор не издал ни звука.",
    "DESCRIPTIONS": [
      "Даёт #b3 #rПроклятия и #b3 #yреликвии.",
      "Колокол бьёт…",
      "Пропустить награды",
      "Закрыть"
    ]
  },
  "Cauldron": {
    "NAME": "Котёл",
    "FLAVOR": "Оказывается, что торговец весьма умело варит зелья. Купите четыре — одно в подарок.",
    "DESCRIPTIONS": [
      "При получении даёт #b5 случайных зелий.",
      "Бульк-бульк…!"
    ]
  },
  "Centennial Puzzle": {
    "NAME": "Столетняя головоломка",
    "FLAVOR": "После решения головоломки у вас в груди зародилось воодушевляющее тепло.",
    "DESCRIPTIONS": [
      "Вы берёте #b",
      " карты при первой потере ОЗ в бою."
    ]
  },
  "Chameleon Ring": {
    "NAME": "Кольцо хамелеона",
    "FLAVOR": "Оно обветшало.",
    "DESCRIPTIONS": [
      "Позволяет #yварить #yзелья в лагере."
    ]
  },
  "Champion Belt": {
    "NAME": "Пояс чемпиона",
    "FLAVOR": "Только величайшим дано носить этот пояс.",
    "DESCRIPTIONS": [
      "Накладывая #yУязвимость, вы также накладываете #b",
      " #yСлабости."
    ]
  },
  "Charon's Ashes": {
    "NAME": "Прах Харона",
    "FLAVOR": "Согласно легендам, Харон был богом перерождения, который извечно сгорал и возрождался во вспышке пламени.",
    "DESCRIPTIONS": [
      "Наносит #b",
      " урона ВСЕМ врагам, когда #yСжигается карта."
    ]
  },
  "Chemical X": {
    "NAME": "Вещество X",
    "FLAVOR": "ВНИМАНИЕ! Не добавлять сладости, пряности и прочие радости.",
    "DESCRIPTIONS": [
      "Когда вы разыгрываете карту ценой в #bX, её эффекты усиливаются на #b",
      "."
    ]
  },
  "Circlet": {
    "NAME": "Обруч",
    "FLAVOR": "Все остальные реликвии уже найдены. Впечатляет!",
    "DESCRIPTIONS": [
      "Соберите столько, сколько сможете."
    ]
  },
  "ClockworkSouvenir": {
    "NAME": "Заводная безделушка",
    "FLAVOR": "«Так много изящных шестеренок.»",
    "DESCRIPTIONS": [
      "Даёт #b1 #yАртефакта в начале каждого боя."
    ]
  },
  "Coffee Dripper": {
    "NAME": "Кофейное ситечко",
    "FLAVOR": "«Пожалуй, ещё одну чашечку. За работу. За работу!» — Архитектор",
    "DESCRIPTIONS": [
      "в начале вашего хода. Вы не можете отдыхать в лагере.",
      "Даёт [R] ",
      "Даёт [G] ",
      "Даёт [B] "
    ]
  },
  "Cracked Core": {
    "NAME": "Треснувшее ядро",
    "FLAVOR": "Таинственный источник энергии, оживляющий автоматонов в Шпиле. Данный экземпляр, похоже, дал трещину.",
    "DESCRIPTIONS": [
      "#yЗаряжает #b1 #yСферу Молнии в начале каждого боя."
    ]
  },
  "CultistMask": {
    "NAME": "Маска культиста",
    "FLAVOR": "Часть Стаи!",
    "DESCRIPTIONS": [
      "Вы стали на редкость говорливы.",
      "@КАР!@ NL @КАР-Р-Р!@"
    ]
  },
  "Cursed Key": {
    "NAME": "Проклятый ключ",
    "FLAVOR": "Вы чувствуете, как от ключа исходит губительная аура. У силы есть своя цена.",
    "DESCRIPTIONS": [
      " Даёт #rПроклятие, когда вы открываете сундуки (исключая сундуки боссов).",
      "Даёт [R] в начале вашего хода.",
      "Даёт [G] в начале вашего хода.",
      "Даёт [B] в начале вашего хода."
    ]
  },
  "Darkstone Periapt": {
    "NAME": "Амулет из тёмного камня",
    "FLAVOR": "Камень поглощает тёмную энергию, преобразуя её в жизненные силы для носителя.",
    "DESCRIPTIONS": [
      "Каждый раз, когда вы получаете #yПроклятие, увеличивает Макс. ОЗ на #b"
    ]
  },
  "DataDisk": {
    "NAME": "Диск с данными",
    "FLAVOR": "Содержит ценнейшие сведения о птицах и змеях.",
    "DESCRIPTIONS": [
      "Даёт #b",
      " #yФокуса в начале каждого боя."
    ]
  },
  "Dead Branch": {
    "NAME": "Сухая ветка",
    "FLAVOR": "Ветвь дерева из позабытой эпохи.",
    "DESCRIPTIONS": [
      "Добавляет в руку случайную карту, когда #yСжигается карта."
    ]
  },
  "Derp Rock": {
    "NAME": "Тупой камень",
    "FLAVOR": "Филлер",
    "DESCRIPTIONS": [
      "Даёт #b",
      " Заряда в начале вашего хода. NL (Нельзя удалить или преобразовать)."
    ]
  },
  "Discerning Monocle": {
    "NAME": "Незаурядный монокль",
    "FLAVOR": "Воистину изумительный монокль.",
    "DESCRIPTIONS": [
      "Цены торговца снижены на #b20%."
    ]
  },
  "Dodecahedron": {
    "NAME": "Рунический додекаэдр",
    "FLAVOR": "Руны на нём не разобрать.",
    "DESCRIPTIONS": [
      "Даёт ",
      "[R] в начале вашего хода, если у вас максимум ОЗ.",
      "[G] в начале вашего хода, если у вас максимум ОЗ.",
      "[B] в начале вашего хода, если у вас максимум ОЗ."
    ]
  },
  "DollysMirror": {
    "NAME": "Зеркало Долли",
    "FLAVOR": "«В нём я выгляжу забавно».",
    "DESCRIPTIONS": [
      "При получении вы выберете и скопируете карту в колоде.",
      "Выберите 1 карту, которую хотите скопировать."
    ]
  },
  "Dream Catcher": {
    "NAME": "Ловец снов",
    "FLAVOR": "Племена севера часто развешивали ловцы снов по ночам с верой в то, что те ведут к саморазвитию.",
    "DESCRIPTIONS": [
      "Позволяет добавлять карты в колоду при #yОтдыхе в лагере."
    ]
  },
  "Du-Vu Doll": {
    "NAME": "Кукла ду-ву",
    "FLAVOR": "Кукла, сделанная для концентрации тёмной энергии в силу.",
    "DESCRIPTIONS": [
      "Даёт по #b",
      " #yСилы за каждое #yПроклятие в колоде в начале боя.",
      " У вас нет #yПроклятий.",
      " #yПроклятий в колоде: #b",
      "."
    ]
  },
  "Ectoplasm": {
    "NAME": "Эктоплазма",
    "FLAVOR": "Этот липкий сгусток энергии, кажется, пульсирует, будто живой.",
    "DESCRIPTIONS": [
      " Вы не можете получать #yзолото.",
      "Даёт [R] в начале вашего хода.",
      "Даёт [G] в начале вашего хода.",
      "Даёт [B] в начале вашего хода."
    ]
  },
  "Emotion Chip": {
    "NAME": "Чип эмоций",
    "FLAVOR": "...<3...?",
    "DESCRIPTIONS": [
      "Активирует пассивный эффект всех #yЗаряженных сфер в начале вашего хода, если вы получали урон в прошлом ходу."
    ]
  },
  "Empty Cage": {
    "NAME": "Пустая клетка",
    "FLAVOR": "«Заточить своё божество в клетку... Необычный подход» — Ранвид",
    "DESCRIPTIONS": [
      "При получении вы удалите #b2 выбранные карты.",
      "Выберите 2 карты, которые хотите удалить."
    ]
  },
  "Enchiridion": {
    "NAME": "Энхиридион",
    "FLAVOR": "Легендарный дневник древнего лича.",
    "DESCRIPTIONS": [
      "Добавляет в руку случайный #yТалант в начале боя. Он стоит #b0 до конца вашего хода."
    ]
  },
  "Eternal Feather": {
    "NAME": "Вечное перо",
    "FLAVOR": "Похоже, что это перо никак не уничтожить. Какой же птице оно принадлежало? ",
    "DESCRIPTIONS": [
      "За каждые #b",
      " карт в колоде вы восполняете по #b",
      " ОЗ, посещая лагерь."
    ]
  },
  "FaceOfCleric": {
    "NAME": "Лицо Клирика",
    "FLAVOR": "Все любят Клирика.",
    "DESCRIPTIONS": [
      "После каждого боя поднимает Макс. ОЗ на #b1"
    ]
  },
  "FossilizedHelix": {
    "NAME": "Окаменевшая раковина",
    "FLAVOR": "Остаётся только гадать, какому существу могла принадлежать эта, практически неразрушимая, раковина.",
    "DESCRIPTIONS": [
      "Предотвращает первую потерю ОЗ в каждом бою."
    ]
  },
  "Frozen Egg": {
    "NAME": "Замёрзшее яйцо",
    "FLAVOR": "Яйцо не подаёт признаков жизни: из него никогда никто не вылупится.",
    "DESCRIPTIONS": [
      "При получении вы #yулучшите выбранный #yТалант.",
      "Выберите карту, на которую подействует "
    ]
  },
  "Frozen Egg 2": {
    "NAME": "Замёрзшее яйцо",
    "FLAVOR": "Яйцо не подаёт признаков жизни: из него никогда никто не вылупится.",
    "DESCRIPTIONS": [
      "#yУлучшает добавляемые в колоду #yТаланты."
    ]
  },
  "Frozen Eye": {
    "NAME": "Замёрзший глаз",
    "FLAVOR": "Всматриваясь в глаз, вы видите отблески своего будущего.",
    "DESCRIPTIONS": [
      "Позволяет видеть порядок карт в стопке добора."
    ]
  },
  "FrozenCore": {
    "NAME": "Замёрзшее ядро",
    "FLAVOR": "Трещина в ядре заполнилась пульсирующей, холодной энергией.",
    "DESCRIPTIONS": [
      "Заменяет #r«Треснувшее #rядро». #yЗаряжает #b1 #yСферу Льда, если в конце вашего хода есть пустые слоты для сфер."
    ]
  },
  "Fusion Hammer": {
    "NAME": "Неразлучный молот",
    "FLAVOR": "Заполучивший его никогда с ним не расстанется.",
    "DESCRIPTIONS": [
      "в начале вашего хода. Вы не можете ковать в лагере.",
      "Даёт [R] ",
      "Даёт [G] ",
      "Даёт [B] "
    ]
  },
  "Gambling Chip": {
    "NAME": "Игровая фишка",
    "FLAVOR": "На одной из сторон можно различить надпись. Она гласит: «Счастливая фишка Медведя!»",
    "DESCRIPTIONS": [
      "Позволяет сбросить любое кол-во карт и взять столько же в начале боя."
    ]
  },
  "Ginger": {
    "NAME": "Имбирь",
    "FLAVOR": "Основной ингредиент многих бодрящих напитков.",
    "DESCRIPTIONS": [
      "Даёт иммунитет к #yСлабости."
    ]
  },
  "Girya": {
    "NAME": "Гиря",
    "FLAVOR": "Эта гиря — безумно тяжёлая. С ней можно тренироваться и стать значительно сильнее.",
    "DESCRIPTIONS": [
      "Позволяет получать #yСилу в лагере (максимум 3 раза)."
    ]
  },
  "Golden Idol": {
    "NAME": "Золотой идол",
    "FLAVOR": "Отлит из чистого золота. Лишь держа его в руках, вы чувствуете себя богаче.",
    "DESCRIPTIONS": [
      "Вы получаете на #b25% больше #yзолота от врагов."
    ]
  },
  "Gremlin Horn": {
    "NAME": "Рог гремлина",
    "FLAVOR": "«Гремлины-верзилы порой не прекращают расти до самой смерти. Это впечатляет» — Ранвид",
    "DESCRIPTIONS": [
      "Вы получаете ",
      " [R] и берёте #b1 карту, когда умирает враг.",
      " [G] и берёте #b1 карту, когда умирает враг.",
      " [B] и берёте #b1 карту, когда умирает враг."
    ]
  },
  "GremlinMask": {
    "NAME": "Лик гремлина",
    "FLAVOR": "У вас поджилки трясутся.",
    "DESCRIPTIONS": [
      "Накладывает на вас #b1 #yСлабости в начале каждого боя."
    ]
  },
  "HandDrill": {
    "NAME": "Ручной бур",
    "FLAVOR": "«Спирали опасны.»",
    "DESCRIPTIONS": [
      "Накладывает на врага #b2 #yУязвимости, когда вы сбиваете всю его #yЗащиту."
    ]
  },
  "Happy Flower": {
    "NAME": "Счастливый цветок",
    "FLAVOR": "Этот невероятно радостный цветок пользуется популярностью среди знати.",
    "DESCRIPTIONS": [
      "Даёт [R] каждый #b",
      " ход.",
      " ход.",
      " ход."
    ]
  },
  "HoveringKite": {
    "NAME": "Парящий воздушный змей",
    "FLAVOR": "Змей кружит над вами во время битвы, движимый неведомой силой.",
    "DESCRIPTIONS": [
      "Вы получаете [G] и сбрасываете #b2 карты в начале вашего хода."
    ]
  },
  "Ice Cream": {
    "NAME": "Мороженое",
    "FLAVOR": "«Пальчики оближешь!»",
    "DESCRIPTIONS": [
      "Сохраняет энергию в конце вашего хода."
    ]
  },
  "Incense Burner": {
    "NAME": "Курительница",
    "FLAVOR": "Её дым наделяет владельца духом сожжённых.",
    "DESCRIPTIONS": [
      "Даёт #b1 #yНеосязаемости каждый #b6-ой ход."
    ]
  },
  "Inserter": {
    "NAME": "Манипулятор",
    "FLAVOR": "Подобрать, поднести, положить. Повторить.",
    "DESCRIPTIONS": [
      "Добавляет #b1 слот для сфер каждые #b2 хода."
    ]
  },
  "Juzu Bracelet": {
    "NAME": "Браслет дзюдзу",
    "FLAVOR": "Оберег от неизвестности.",
    "DESCRIPTIONS": [
      "В #y?-комнатах нет случайных боёв."
    ]
  },
  "Kunai": {
    "NAME": "Кунай",
    "FLAVOR": "Клинок, который ценится среди убийц за смертоносность на расстоянии.",
    "DESCRIPTIONS": [
      "Разыгрывая #b",
      " #yАтаки за ход, вы получаете #b",
      " #yЛовкости."
    ]
  },
  "Lantern": {
    "NAME": "Фонарь",
    "FLAVOR": "Жутковатый фонарь, освещающий путь только владельцу.",
    "DESCRIPTIONS": [
      "Даёт ",
      "[R] ",
      "[G] ",
      "[B] ",
      "в первом ходу каждого боя."
    ]
  },
  "Lee's Waffle": {
    "NAME": "Вафля Ли",
    "FLAVOR": "«Вкуснейшее угощение во всём Шпиле! С пылу с жару, специально для вас».",
    "DESCRIPTIONS": [
      "При получении повышает Макс. ОЗ на #b",
      " и полностью восполняет их запас."
    ]
  },
  "Letter Opener": {
    "NAME": "Нож для писем",
    "FLAVOR": "До неестественности острый.",
    "DESCRIPTIONS": [
      "Наносит #b",
      " урона ВСЕМ врагам, когда в одном ходу разыгрывется #b3 #yНавыка."
    ]
  },
  "Living Blade": {
    "NAME": "Живой клинок",
    "FLAVOR": "УСТАРЕВШАЯ",
    "DESCRIPTIONS": [
      "Позволяет получить безграничное число любых карт."
    ]
  },
  "Lizard Tail": {
    "NAME": "Хвост ящерицы",
    "FLAVOR": "Фальшивый хвост поможет обмануть врагов.",
    "DESCRIPTIONS": [
      "Вместо того, чтобы умереть, вы восполняете #b50% Макс. ОЗ (один раз)."
    ]
  },
  "Magic Flower": {
    "NAME": "Волшебный цветок",
    "FLAVOR": "Прекрасно сохранившийся каким-то чудом цветок, вид которого считался давно вымершим.",
    "DESCRIPTIONS": [
      "В бою вы восполняете на #b50% больше ОЗ."
    ]
  },
  "Mango": {
    "NAME": "Манго",
    "FLAVOR": "Самый манящий забытый плод. Он в безупречном виде и без следа шпиль-чумы.",
    "DESCRIPTIONS": [
      "При получении повышает Макс. ОЗ на #b"
    ]
  },
  "Mark of Pain": {
    "NAME": "Метка боли",
    "FLAVOR": "Этим клеймом племена севера отмечали тех, кто научились контролировать боль в бою.",
    "DESCRIPTIONS": [
      "Даёт [R] в начале вашего хода. Добавляет в стопку добора #b2 #rРаны в начале боя."
    ]
  },
  "Mark of the Bloom": {
    "NAME": "Метка расцвета",
    "FLAVOR": "В Запределье мысли и реальность — одно целое",
    "DESCRIPTIONS": [
      "Вы не можете восполнять здоровье."
    ]
  },
  "Matryoshka": {
    "NAME": "Матрёшка",
    "FLAVOR": "Разрисованные куклы, вложенные одна в другую. Украшены изображением неизвестной птицы с белыми глазами и синим оперением.",
    "DESCRIPTIONS": [
      "В след. #b2 сундуках, которые вы откроете, будет по #b2 #yреликвии (исключая сундуки боссов).",
      "В след. сундуке, который вы откроете, будет #b2 #yреликвии (исключая сундук босса).",
      "Эта реликвия израсходована."
    ]
  },
  "MawBank": {
    "NAME": "Пасть-копилка",
    "FLAVOR": "На удивление популярна, несмотря на частые атаки пастей.",
    "DESCRIPTIONS": [
      "При переходе на новый уровень даёт #b",
      " #yЗолота. Перестанет работать, если вы потратите #yЗолото в магазине."
    ]
  },
  "MealTicket": {
    "NAME": "Талон на питание",
    "FLAVOR": "«Бесплатные фрикадельки при каждом посещении!»",
    "DESCRIPTIONS": [
      "Восполняет #b7 ОЗ при каждом посещении магазина."
    ]
  },
  "Meat on the Bone": {
    "NAME": "Мясо на кости",
    "FLAVOR": "Мясо постоянно появляется снова, его как будто невозможно съесть до конца.",
    "DESCRIPTIONS": [
      "Восполняет #b",
      " ОЗ в конце боя, если у вас не более #b50% ОЗ."
    ]
  },
  "Medical Kit": {
    "NAME": "Аптечка",
    "FLAVOR": "«В ней есть всё, что вам нужно! Противочесоточные, противоожоговые, противоядия и многое другое!»",
    "DESCRIPTIONS": [
      "Позволяет разыгрывать #yНеиграбельные #yСтатусы — они #yСжигаются."
    ]
  },
  "Membership Card": {
    "NAME": "Абонемент",
    "FLAVOR": "«Специальное предложение для самых ценных клиентов!»",
    "DESCRIPTIONS": [
      "В последующих актах на #b50% больше магазинов. #yБОНУС: скидка #b50% на все товары!"
    ]
  },
  "Mercury Hourglass": {
    "NAME": "Ртутные часы",
    "FLAVOR": "Зачарованные часы, в которых вечно капает ртуть.",
    "DESCRIPTIONS": [
      "Наносит #b",
      " урона ВСЕМ врагам в начале вашего хода."
    ]
  },
  "Molten Egg": {
    "NAME": "Раскалённое яйцо",
    "FLAVOR": "Яйцо феникса. От бурлящей лавы в яйце исходит красное свечение.",
    "DESCRIPTIONS": [
      "При получении вы #yулучшите выбранную карту #yАтаки.",
      "Выберите карту, на которую подействует "
    ]
  },
  "Molten Egg 2": {
    "NAME": "Раскалённое яйцо",
    "FLAVOR": "Яйцо феникса. От бурлящей лавы в яйце исходит красное свечение.",
    "DESCRIPTIONS": [
      "#yУлучшает добавляемые в колоду #yАтаки."
    ]
  },
  "Mummified Hand": {
    "NAME": "Мумифицированная рука",
    "FLAVOR": "Часто подёргивается, особенно когда ваш пульс высок.",
    "DESCRIPTIONS": [
      "Случайная карта в руке стоит #b0, когда разыгрывается #yТалант."
    ]
  },
  "MutagenicStrength": {
    "NAME": "Мутаген силы",
    "FLAVOR": "«Результат, похоже, нестабилен. Срабатывает лишь тогда, когда субъекту угрожает опасность.» — Неизвестный",
    "DESCRIPTIONS": [
      "Даёт #b",
      " #yСилы в начале боя. Она исчезает в конце вашего хода."
    ]
  },
  "Necronomicon": {
    "NAME": "Некрономикон",
    "FLAVOR": "Только глупец попытается совладать с его зловещей силой. По ночам вам снится, как книга пожирает ваш разум.",
    "DESCRIPTIONS": [
      "Первая в ходу #yАтака с ценой не менее #b",
      " разыгрывается дважды. При получении даёт #rПроклятие.",
      " разыгрывается дважды."
    ]
  },
  "NeowsBlessing": {
    "NAME": "Благословение Ньяу",
    "FLAVOR": "Благословение, полученное от Ньяу.",
    "DESCRIPTIONS": [
      "Враги в #b3 первых боях будут иметь лишь #b1 ОЗ.",
      "Благословление израсходовано."
    ]
  },
  "Nilry's Codex": {
    "NAME": "Кодекс Нилри",
    "FLAVOR": "Создан лично пресловутым мастером игр. Говорят, что он позволяет расширить границы сознания.",
    "DESCRIPTIONS": [
      "Позволяет выбрать #b1 из #b3 случайных карт и добавить её в стопку добора в конце вашего хода."
    ]
  },
  "Nine Lives": {
    "NAME": "Девять жизней",
    "FLAVOR": "УСТАРЕВШАЯ.",
    "DESCRIPTIONS": [
      "Вместо того, чтобы умереть, вы восполняете все ОЗ. NL (Работает #b9 раз).",
      "Вместо того, чтобы умереть, вы восполняете все ОЗ. NL (Жизни закончились).",
      "Вместо того, чтобы умереть, вы восполняете все ОЗ. NL (Сработает еще #b",
      " раз(а))."
    ]
  },
  "Ninja Scroll": {
    "NAME": "Свиток ниндзя",
    "FLAVOR": "Хранит в себе секреты искусства убивать.",
    "DESCRIPTIONS": [
      "Добавляет в руку #b",
      " #yЗаточки в начале боя."
    ]
  },
  "Nloth's Gift": {
    "NAME": "Дар Н'лота",
    "FLAVOR": "Странный дар от Н'лота. Каждый раз, пытаясь его развернуть, вы натыкаетесь на одну завёрнутую коробку за другой.",
    "DESCRIPTIONS": [
      "#bУтраивает вероятность получения редких карт в награду за убийство врагов."
    ]
  },
  "NlothsMask": {
    "NAME": "Голодный рот Н'лота",
    "FLAVOR": "Вы голодны.",
    "DESCRIPTIONS": [
      "В след. сундуке, который вы откроете, не будет реликвий (исключая сундук босса).",
      ""
    ]
  },
  "Nuclear Battery": {
    "NAME": "Атомная батарея",
    "FLAVOR": "Оооу...",
    "DESCRIPTIONS": [
      "#yЗаряжает #y1 #yСферу Плазмы в начале каждого боя."
    ]
  },
  "Nullstone Periapt": {
    "NAME": "Амулет из нуль-камня",
    "FLAVOR": "УСТАРЕВШАЯ.",
    "DESCRIPTIONS": [
      "Отменяет следующий #yотриц. #yэффект от врага. NL Перезаряжается #b10 ходов."
    ]
  },
  "Nunchaku": {
    "NAME": "Нунчаки",
    "FLAVOR": "Хороший тренажёр. Улучшает осанку и тренирует ловкость владельца",
    "DESCRIPTIONS": [
      "Разыгрывая каждую #b",
      "-ую #yАтаку, NL вы получаете [R] .",
      "-ую #yАтаку, NL вы получаете [G] .",
      "-ую #yАтаку, NL вы получаете [B] ."
    ]
  },
  "Odd Mushroom": {
    "NAME": "Странный гриб",
    "FLAVOR": "«Употребив trichella parastius в пищу, я почувствовал, будто вырос и стал менее... восприимчивым» — Ранвид",
    "DESCRIPTIONS": [
      "Вы получаете только #b25% доп. урона из-за #yУязвимости (вместо #b50%)."
    ]
  },
  "Oddly Smooth Stone": {
    "NAME": "Подозрительная галька",
    "FLAVOR": "Ваши глаза ещё не видывали столь гладкой и идеальной формы. Здесь определённо замешаны силы Древних.",
    "DESCRIPTIONS": [
      "Даёт #b",
      " #yЛовкости в начале боя."
    ]
  },
  "Old Coin": {
    "NAME": "Старая монета",
    "FLAVOR": "Единственные в своём роде монеты очень популярны среди торговцев за историческую ценность и редкий металлический состав.",
    "DESCRIPTIONS": [
      "При получении даёт #b300 #yзолота."
    ]
  },
  "Omamori": {
    "NAME": "Омамори",
    "FLAVOR": "Часто встречающийся оберег от недобрых духов. Похоже, что в этом таится искра божественной энергии.",
    "DESCRIPTIONS": [
      "Вы игнорируете #b2 следующих полученных #rПроклятия.",
      "Вы игнорируете следующее полученное #rПроклятие.",
      "Силы реликвии израсходованы."
    ]
  },
  "OrangePellets": {
    "NAME": "Оранжевые пилюли",
    "FLAVOR": "«Созданные из различных видов грибов, которые можно найти в Шпиле, они способны избавить от любого недуга.»",
    "DESCRIPTIONS": [
      "Снимает все отриц. эффекты, когда вы разыгрываете #yТалант, #yАтаку и #yНавык в одном ходу."
    ]
  },
  "Orichalcum": {
    "NAME": "Орихалк",
    "FLAVOR": "Зеленоватый металл неизвестного происхождения. Создаётся впечатление, что он несокрушим.",
    "DESCRIPTIONS": [
      "Даёт #b",
      " #yЗащиты в конце вашего хода, если у вас её нет."
    ]
  },
  "Ornamental Fan": {
    "NAME": "Узорчатый веер",
    "FLAVOR": "Похоже, что когда проливается кровь, этот веер раскрывается и застывает.",
    "DESCRIPTIONS": [
      "Даёт #b",
      " #yЗащиты, когда в одном ходу разыгрывается #b3 #yАтаки."
    ]
  },
  "Orrery": {
    "NAME": "Оррери",
    "FLAVOR": "«Когда вы поймете вселенную…» — Зорот",
    "DESCRIPTIONS": [
      "Позволяет добавить в колоду #b5 выбранных карт.",
      "Учение — сила!"
    ]
  },
  "Pandora's Box": {
    "NAME": "Ящик Пандоры",
    "FLAVOR": "Вас терзает плохое предчувствие — стоит ли его открывать?...",
    "DESCRIPTIONS": [
      "#bПреобразует все карты «Удар» и «Оборона».",
      "Ящик Пандоры был открыт..."
    ]
  },
  "Pantograph": {
    "NAME": "Пантограф",
    "FLAVOR": "«Прочный фундамент не получается сам собой. Проект не составить без инструмента» — Архитектор",
    "DESCRIPTIONS": [
      "Восполняет #b",
      " ОЗ в начале боя с боссом."
    ]
  },
  "Paper Crane": {
    "NAME": "Бумажный журафль",
    "FLAVOR": "Фигурка-оригами существа из прошлых веков.",
    "DESCRIPTIONS": [
      "#yОслабленные враги наносят на #b40% меньше урона (вместо #b25%)."
    ]
  },
  "Paper Frog": {
    "NAME": "Бумажная лягуфка",
    "FLAVOR": "Бумага без конца раскладывается и снова складывается в фигурку маленького существа.",
    "DESCRIPTIONS": [
      "#yУязвимые враги получают на #b75% больше урона (вместо #b50%)."
    ]
  },
  "Peace Pipe": {
    "NAME": "Трубка мира",
    "FLAVOR": "Проясняет разум и очищает душу.",
    "DESCRIPTIONS": [
      "Позволяет убирать карты из колоды в лагере."
    ]
  },
  "Pear": {
    "NAME": "Груша",
    "FLAVOR": "Повсеместно распространённый до времён шпиль-чумы фрукт.",
    "DESCRIPTIONS": [
      "При получении повышает Макс. ОЗ на #b"
    ]
  },
  "Pen Nib": {
    "NAME": "Наконечник пера",
    "FLAVOR": "Когда вы его держите, перед вами предстают все жертвы предыдущего владельца пера. Жуткая перепись.",
    "DESCRIPTIONS": [
      "Удваивает урон каждой #b10 #yАтаки."
    ]
  },
  "Philosopher's Stone": {
    "NAME": "Философский камень",
    "FLAVOR": "Из камня исходит чистая энергия, придающая сил всем вокруг.",
    "DESCRIPTIONS": [
      " ВСЕ враги начинают бой с #b2 #yСилы.",
      "Даёт [R] в начале вашего хода.",
      "Даёт [G] в начале вашего хода.",
      "Даёт [B] в начале вашего хода."
    ]
  },
  "Pocketwatch": {
    "NAME": "Карманные часы",
    "FLAVOR": "Стрелки этих часов навечно застыли на отметке 3 часа.",
    "DESCRIPTIONS": [
      "Если вы разыграли #b3 или менее карты за ход, в след. ходу вы возьмёте на #b3 карты больше"
    ]
  },
  "Potion Belt": {
    "NAME": "Пояс для зелий",
    "FLAVOR": "Этот пояс позволит мне нести больше зелий!",
    "DESCRIPTIONS": [
      "При получении добавляет #b2 места для зелий."
    ]
  },
  "Prayer Wheel": {
    "NAME": "Молитвенный барабан",
    "FLAVOR": "Барабан крутится без остановки.",
    "DESCRIPTIONS": [
      "Даёт дополнительную #yнаградную #yкарту за победу над #yобычными врагами."
    ]
  },
  "PreservedInsect": {
    "NAME": "Сохранившееся насекомое",
    "FLAVOR": "Это удивительное насекомое создает уменьшающую ауру, воздействующую на особо крупных противников",
    "DESCRIPTIONS": [
      "Враги в комнатах элитных врагов имеют на #b",
      "% меньше ОЗ."
    ]
  },
  "PrismaticShard": {
    "NAME": "Радужный осколок",
    "FLAVOR": "Взгляд, брошенный через эту призму, раскрывает новые перспективы.",
    "DESCRIPTIONS": [
      "Награды теперь содержат карты других персонажей, а также бесцветные."
    ]
  },
  "Question Card": {
    "NAME": "Карта «Вопрос»",
    "FLAVOR": "«Чем больше выбор, тем менее беспорядочным кажется хаос» — Кубилай Великий",
    "DESCRIPTIONS": [
      "Увеличивает число доступных карт при получении наград на #y1."
    ]
  },
  "Red Circlet": {
    "NAME": "Красный обруч",
    "FLAVOR": "Реликвии закончились. Впечатляет!",
    "DESCRIPTIONS": [
      "Крайне миловидная вещица."
    ]
  },
  "Red Mask": {
    "NAME": "Красная маска",
    "FLAVOR": "Очень стильная маска, которая принадлежит предводителю банды Красных масок. Теперь, получается, их предводителем являетесь вы?",
    "DESCRIPTIONS": [
      "Накладывает #b",
      " #yСлабости на ВСЕХ врагов в начале боя."
    ]
  },
  "Red Skull": {
    "NAME": "Красный череп",
    "FLAVOR": "Маленький череп, разрисованный узорами.",
    "DESCRIPTIONS": [
      "Даёт #b",
      " #yСилы, если ваш запас ОЗ не более #b50%."
    ]
  },
  "Regal Pillow": {
    "NAME": "Королевская подушка",
    "FLAVOR": "Теперь-то вы как следует выспитесь.",
    "DESCRIPTIONS": [
      "#yОтдых в лагере восполняет на #b",
      " ОЗ больше."
    ]
  },
  "Ring of the Serpent": {
    "NAME": "Кольцо аспида",
    "FLAVOR": "Кольцо изменило цвет и форму.",
    "DESCRIPTIONS": [
      "Заменяет #g«Кольцо #gзмеи». ",
      "Вы берёте 1 доп. карту в начале вашего хода."
    ]
  },
  "Ring of the Snake": {
    "NAME": "Кольцо змеи",
    "FLAVOR": "Сделано из окаменелой змеи. Символизирует великое мастерство охотницы.",
    "DESCRIPTIONS": [
      "Вы берёте на #b",
      " карты больше в начале боя."
    ]
  },
  "Runic Capacitor": {
    "NAME": "Рунический конденсатор",
    "FLAVOR": "Больше — лучше.",
    "DESCRIPTIONS": [
      "Добавляет #b3 слота для сфер в начале боя."
    ]
  },
  "Runic Cube": {
    "NAME": "Рунический куб",
    "FLAVOR": "Руны на нём не разобрать.",
    "DESCRIPTIONS": [
      "Вы берёте #b",
      " карту, когда теряете ОЗ.",
      ""
    ]
  },
  "Runic Dome": {
    "NAME": "Рунический купол",
    "FLAVOR": "Руны на нём не разобрать.",
    "DESCRIPTIONS": [
      "в начале вашего хода. #bНамерения врагов неизвестны.",
      "Даёт [R] ",
      "Даёт [G] ",
      "Даёт [B] "
    ]
  },
  "Runic Pyramid": {
    "NAME": "Руническая пирамида",
    "FLAVOR": "Руны на ней не разобрать.",
    "DESCRIPTIONS": [
      "Вы не сбрасываете карты в конце вашего хода.",
      ""
    ]
  },
  "Self Forming Clay": {
    "NAME": "Самолепящаяся глина",
    "FLAVOR": "«Прелюбопытно! Глина лепится сама собой, стоит мне только подумать! Назвать её „телеглина“?» — Ранвид",
    "DESCRIPTIONS": [
      "Даёт по #b",
      " #yЗащиты в след. ходу за каждую потерю ОЗ в текущем."
    ]
  },
  "Shovel": {
    "NAME": "Лопата",
    "FLAVOR": "Шпиль хранит множество реликвий забытых цивилизаций и некогда великих странников. Пора их откопать!",
    "DESCRIPTIONS": [
      "Позволяет #yвыкапывать сокровища в лагере."
    ]
  },
  "Shuriken": {
    "NAME": "Сюрикен",
    "FLAVOR": "Лёгкое метательное оружие. Рекомендуется целиться в глаза.",
    "DESCRIPTIONS": [
      "Разыгрывая #b",
      " #yАтаки за ход, вы получаете #b",
      " #yСилы."
    ]
  },
  "Singing Bowl": {
    "NAME": "Поющая чаша",
    "FLAVOR": "Этот побитый временем артефакт издаёт мелодичный звон при ударе.",
    "DESCRIPTIONS": [
      "Вместо того, чтобы добавить карту в колоду, вы можете получить #b+2 Макс. ОЗ."
    ]
  },
  "Sling": {
    "NAME": "Праща отваги",
    "FLAVOR": "«Прекрасный инструмент для борьбы с крупными врагами.»",
    "DESCRIPTIONS": [
      "Даёт #b",
      " #yСилы в начале боя с элитным врагом."
    ]
  },
  "Smiling Mask": {
    "NAME": "Улыбающаяся маска",
    "FLAVOR": "Маска, которую носит торговец. Должно быть, у него их с запасом…",
    "DESCRIPTIONS": [
      "Услуга удаления карты у торговца всегда стоит #b",
      " #yзолота."
    ]
  },
  "Snake Skull": {
    "NAME": "Череп змекко",
    "FLAVOR": "Идеально сохранившийся череп змекко. Грязь и пыль будто исчезают с его гладкой поверхности сами собой.",
    "DESCRIPTIONS": [
      "Накладывает ещё #b",
      " #yЯда, когда вы отравляете врага."
    ]
  },
  "Snecko Eye": {
    "NAME": "Глаз змекко",
    "FLAVOR": "Глаз поверженного змекко. Он гораздо крупнее, чем вам казалось.",
    "DESCRIPTIONS": [
      "Вы берёте на #b2 карты больше каждый ход и начинаете каждый бой в #yЗамешательстве."
    ]
  },
  "Sozu": {
    "NAME": "Содзу",
    "FLAVOR": "Вы замечаете, что вблизи этой реликвии магические напитки теряют свои свойства.",
    "DESCRIPTIONS": [
      " Вы не можете получать зелья. ",
      "Даёт [R] в начале вашего хода.",
      "Даёт [G] в начале вашего хода.",
      "Даёт [B] в начале вашего хода."
    ]
  },
  "Spirit Poop": {
    "NAME": "Испражнения духов",
    "FLAVOR": "Обугленные остатки вашего подношения духам.",
    "DESCRIPTIONS": [
      "Неприятное зрелище."
    ]
  },
  "SsserpentHead": {
    "NAME": "Голова З-з-з-з-змея",
    "FLAVOR": "Самое приятное в жизни — возможность купить что угодно!",
    "DESCRIPTIONS": [
      "Даёт #b",
      " #yзолота при входе в тайные комнаты."
    ]
  },
  "StoneCalendar": {
    "NAME": "Каменный календарь",
    "FLAVOR": "Время в Шпиле течёт незаметно.",
    "DESCRIPTIONS": [
      "В конце #b",
      "-го хода, наносит #b",
      " урона ВСЕМ врагам."
    ]
  },
  "Strange Spoon": {
    "NAME": "Странная ложка",
    "FLAVOR": "Ложка будто искривляется и скручивается у вас на глазах.",
    "DESCRIPTIONS": [
      "Карты, которые при разыгрывании #yСжигаются, с #b50%-й вероятностью вместо этого сбрасываются."
    ]
  },
  "Strawberry": {
    "NAME": "Клубника",
    "FLAVOR": "«Пальчики оближешь! Впервые вижу её со времён чумы» — Ранвид",
    "DESCRIPTIONS": [
      "При получении повышает Макс. ОЗ на #b"
    ]
  },
  "Sundial": {
    "NAME": "Солнечные часы",
    "FLAVOR": "«Глупая озабоченность первобытного человека временем обратила его взор к небесам в поисках постоянства» — Зорот",
    "DESCRIPTIONS": [
      "За каждую #b",
      " перетасовку колоды вы получаете [R] [R] .",
      " перетасовку колоды вы получаете [G] [G] .",
      " перетасовку колоды вы получаете [B] [B] ."
    ]
  },
  "Symbiotic Virus": {
    "NAME": "Вирус-симбионт",
    "FLAVOR": "Щепотка плохого может сделать много хорошего...",
    "DESCRIPTIONS": [
      "#yЗаряжает #y1 #yСферу Тьмы в начале каждого боя."
    ]
  },
  "Test 1": {
    "NAME": "Тест 1",
    "FLAVOR": "Тестовая реликвия для закрытой бета-версии. Если она вам понравилась, напишите об этом разработчикам.",
    "DESCRIPTIONS": [
      "Даёт",
      " [R] , когда вы используете зелье.",
      " [G] , когда вы используете зелье.",
      " [B] , когда вы используете зелье."
    ]
  },
  "Test 2": {
    "NAME": "Тест 2",
    "FLAVOR": "Тестовая реликвия для закрытой бета-версии. Если она вам понравилась, напишите об этом разработчикам.",
    "DESCRIPTIONS": [
      "Карты в #yстопке #yдобора упорядочены."
    ]
  },
  "Test 3": {
    "NAME": "Тест 3",
    "FLAVOR": "Тестовая реликвия для закрытой бета-версии. Если она вам понравилась, напишите об этом разработчикам.",
    "DESCRIPTIONS": [
      "При получении вы #yулучшите все карты #yОборона."
    ]
  },
  "Test 4": {
    "NAME": "Тест 4",
    "FLAVOR": "Тестовая реликвия для закрытой бета-версии. Если она вам понравилась, напишите об этом разработчикам.",
    "DESCRIPTIONS": [
      "Снижает цену карт #yУдар до #b0 в начале боя."
    ]
  },
  "Test 5": {
    "NAME": "Тест 5",
    "FLAVOR": "Тестовая реликвия для закрытой бета-версии. Если она Вам понравилась, напишите об этом разработчикам.",
    "DESCRIPTIONS": [
      "При получении вы #yулучшите #b",
      " случайных #yНавыков."
    ]
  },
  "Test 6": {
    "NAME": "Тест 6",
    "FLAVOR": "Тестовая реликвия для закрытой бета-версии. Если она вам понравилась, напишите об этом разработчикам.",
    "DESCRIPTIONS": [
      "Даёт по #b",
      " #yЗащиты за каждые #b",
      " #yзолота в конце вашего хода."
    ]
  },
  "Test 7": {
    "NAME": "Тест 7",
    "FLAVOR": "Тестовая реликвия для закрытой бета-версии. Если она вам понравилась, напишите об этом разработчикам.",
    "DESCRIPTIONS": [
      "Победа над #yэлитными врагами теперь приносит #b2 #yреликвии."
    ]
  },
  "Test 8": {
    "NAME": "Тест 8",
    "FLAVOR": "Тестовая реликвия для закрытой бета-версии. Если она вам понравилась, напишите об этом разработчикам.",
    "DESCRIPTIONS": [
      "Вы берёте на #b2 карты больше каждый ход и начинаете каждый бой в #yзамешательстве."
    ]
  },
  "The Courier": {
    "NAME": "Курьер",
    "FLAVOR": "Любимец торговца!",
    "DESCRIPTIONS": [
      "Цены торговца снижены на #b20%, а его запас карт, реликвий и зелий не иссякает."
    ]
  },
  "The Specimen": {
    "NAME": "Экземпляр",
    "FLAVOR": "«Удивительно! У этого мутанта невероятные токсические свойства. Сохраню образец для исследования» — Ранвид",
    "DESCRIPTIONS": [
      "Когда враг умирает, весь его #yЯд передаётся другому, случайному, врагу."
    ]
  },
  "TheAbacus": {
    "NAME": "Счёты",
    "FLAVOR": "«Раз...Два...Три...»",
    "DESCRIPTIONS": [
      "Даёт #b6 #yЗащиты при перетасовке колоды."
    ]
  },
  "Thread and Needle": {
    "NAME": "Нитка с иголкой",
    "FLAVOR": "Вы оборачиваете волшебную нить вокруг тела и чувствуете, как ваша кожа твердеет.",
    "DESCRIPTIONS": [
      "Даёт #b",
      " #y«Панциря»."
    ]
  },
  "Tingsha": {
    "NAME": "Тингша",
    "FLAVOR": "Звук, издаваемый этим инструментом, отдаётся многократным эхом, становясь невыносимо громким.",
    "DESCRIPTIONS": [
      "Наносит по #b",
      " урона случайному врагу за каждую сбрасываемую в вашем ходу карту."
    ]
  },
  "Tiny Chest": {
    "NAME": "Крохотный сундук",
    "FLAVOR": "«Прекрасный образец» — Архитектор",
    "DESCRIPTIONS": [
      "Даёт #b",
      " #yзолота. Повышает шанс найти сокровища в ?-комнатах на #b10%.",
      "Повышает шанс найти сокровища в ?-комнатах на #b10%."
    ]
  },
  "Tiny House": {
    "NAME": "Крохотный дом",
    "FLAVOR": "«Почти идеал миниатюризации. Моя лучшая работа на данный момент, но совершенству нет предела» — Архитектор",
    "DESCRIPTIONS": [
      "При получении даёт #b1 зелье. NL Даёт #b",
      " #yзолота. NL Повышает Макс. ОЗ на #b",
      ". NL Даёт #b1 карту. NL Улучшает #b1 случайную карту.",
      "Крохотный дом!"
    ]
  },
  "Toolbox": {
    "NAME": "Набор инструментов",
    "FLAVOR": "Инструменты на все случаи жизни.",
    "DESCRIPTIONS": [
      "Добавляет в руку случайную бесцветную карту в начале боя."
    ]
  },
  "Torii": {
    "NAME": "Тории",
    "FLAVOR": "Держа в руках эти маленькие тории, вы чувствуете, как разум наполняет спокойствие и безмятежность.",
    "DESCRIPTIONS": [
      "Снижает получаемый от #yАтак урон по ОЗ с #b",
      " или менее до #b1."
    ]
  },
  "Tough Bandages": {
    "NAME": "Крепкие бинты",
    "FLAVOR": "Потеря воспитывает силу.",
    "DESCRIPTIONS": [
      "Даёт #b",
      " #yЗащиты за каждую сброшенную в вашем ходу карту."
    ]
  },
  "Toxic Egg": {
    "NAME": "Ядовитое яйцо",
    "FLAVOR": "«Какая невероятная находка! Похоже, это — спящее яйцо какого-то волшебного существа. Кто или что создало его?» — Ранвид",
    "DESCRIPTIONS": [
      "При получении вы #yулучшите выбранный #yНавык.",
      "Выберите карту, на которую подействует "
    ]
  },
  "Toxic Egg 2": {
    "NAME": "Ядовитое яйцо",
    "FLAVOR": "«Какая невероятная находка! Похоже, это — спящее яйцо какого-то волшебного существа. Кто или что создало его?» — Ранвид",
    "DESCRIPTIONS": [
      "#yУлучшает добавляемые в колоду #yНавыки."
    ]
  },
  "Toy Ornithopter": {
    "NAME": "Игрушечный махолёт",
    "FLAVOR": "«Эта маленькая игрушка отлично скрасит вечер одинокому путешественнику!»",
    "DESCRIPTIONS": [
      "Восполняет #b",
      " ОЗ, когда вы используете зелье."
    ]
  },
  "Turnip": {
    "NAME": "Кормовая репа",
    "FLAVOR": "Отлично сочетается с Имбирём.",
    "DESCRIPTIONS": [
      "Даёт иммунитет к #yХрупкости."
    ]
  },
  "TwistedFunnel": {
    "NAME": "Искажённая воронка",
    "FLAVOR": "«Не стоит из неё пить».",
    "DESCRIPTIONS": [
      "Накладывает #b4 #yЯда на ВСЕХ врагов в начале каждого боя."
    ]
  },
  "Unceasing Top": {
    "NAME": "Вечный волчок",
    "FLAVOR": "Этот волчок продолжает непринуждённо вращаться, словно это сон.",
    "DESCRIPTIONS": [
      "Если в течение вашего хода карты в руке заканчиваются, вы добираете 1 карту."
    ]
  },
  "Vajra": {
    "NAME": "Ваджра",
    "FLAVOR": "Покрытая узорами реликвия, которой награждали воинов за доблесть в битве.",
    "DESCRIPTIONS": [
      "Даёт #b",
      " #yСилы в начале боя."
    ]
  },
  "Velvet Choker": {
    "NAME": "Бархатный чокер",
    "FLAVOR": "«Огромная, но ограниченная сила» — Кубилай Великий",
    "DESCRIPTIONS": [
      " Вы можете разыграть не более #b",
      " карт за ход.",
      "Даёт [R] в начале вашего хода. ",
      "Даёт [G] в начале вашего хода. ",
      "Даёт [B] в начале вашего хода. ",
      "Я могу разыграть не более NL #r"
    ]
  },
  "War Paint": {
    "NAME": "Боевая раскраска",
    "FLAVOR": "В прошлом Латоносцы делали обереги в преддверии боя, покрывая их зачарованной раскраской.",
    "DESCRIPTIONS": [
      "При получении вы #yулучшите #b",
      " случайных #yНавыка."
    ]
  },
  "WarpedTongs": {
    "NAME": "Кривые щипцы",
    "FLAVOR": "Проклятые щипцы излучают сильное желание вернуть их туда, откуда они были украдены.",
    "DESCRIPTIONS": [
      "#yУлучшает случайную карту в руке в начале вашего хода."
    ]
  },
  "Whetstone": {
    "NAME": "Точильный камень",
    "FLAVOR": "«Сталь всегда побеждает плоть» — Кубилай Великий",
    "DESCRIPTIONS": [
      "При получении вы #yулучшите #b",
      " случайные #yАтаки."
    ]
  },
  "White Beast Statue": {
    "NAME": "Статуэтка белого зверя",
    "FLAVOR": "Маленькая белая статуэтка существа, которого вы раньше никогда не видели.",
    "DESCRIPTIONS": [
      "Гарантирует выпадение зелья после боя."
    ]
  },
  "WingedGreaves": {
    "NAME": "Крылатые ботинки",
    "FLAVOR": "Стильные.",
    "DESCRIPTIONS": [
      "Позволяет #b3 раза выбрать следующую комнату, находящуюся на недоступном пути."
    ]
  },
  "WristBlade": {
    "NAME": "Наручный клинок",
    "FLAVOR": "Идеален для быстрых убийств.",
    "DESCRIPTIONS": [
      "Карты #yАтаки, которые стоят #b0, наносят на #b3 урона больше."
    ]
  }
}