{
  "Allstar": {
    "NAME": "Звёздный состав",
    "DESCRIPTION": "Вы начнёте игру с 5-ю бесцветными картами."
  },
  "Binary": {
    "NAME": "Бинарность",
    "DESCRIPTION": "При получении наград вы сможете выбирать только из 2 карт."
  },
  "Blight Chests": {
    "NAME": "Чумные сундуки",
    "DESCRIPTION": "После прохождения третьего акта в режиме «Бесконечное восхождение» все последующие сундуки боссов будут содержать напасти."
  },
  "Blue Cards": {
    "NAME": "Синие карты",
    "DESCRIPTION": "Вам будут доступны синие карты."
  },
  "Brewmaster": {
    "NAME": "Мастер зельеварения",
    "DESCRIPTION": "Вы начнёте игру с 5-ю картами «Алхимия» и реликвией «Белая статуэтка зверя»."
  },
  "Colorless Cards": {
    "NAME": "Бесцветные карты",
    "DESCRIPTION": "Бесцветные карты будут появляться среди наград."
  },
  "Cursed Run": {
    "NAME": "Проклятая вылазка",
    "DESCRIPTION": "Вы будете получать Проклятие, побеждая босса. «Проклятый ключ», «Амулет из тёмного камня» и «Куклу ду-ву» заменят вашу начальную реликвию."
  },
  "Diverse": {
    "NAME": "Разносторонность",
    "DESCRIPTION": "Вам будут доступны карты всех персонажей."
  },
  "Draft": {
    "NAME": "Отбор",
    "DESCRIPTION": "Вы соберёте свою стартовую колоду."
  },
  "Elite Swarm": {
    "NAME": "Сезон охоты",
    "DESCRIPTION": "Элитные враги заполонят Шпиль, а награда за победу над ними станет лучше."
  },
  "Endless": {
    "NAME": "Бесконечное восхождение",
    "DESCRIPTION": "Победа вернёт вас в Преддверие с вашей колодой и реликвиями. Но будьте осторожны — Шпиль сделает всё возможное, чтобы вам помешать..."
  },
  "Green Cards": {
    "NAME": "Зелёные карты",
    "DESCRIPTION": "Вам будут доступны зелёные карты."
  },
  "Heirloom": {
    "NAME": "Наследство",
    "DESCRIPTION": "Вы начнёте игру с 1 редкой реликвией."
  },
  "Hoarder": {
    "NAME": "Барахольщик",
    "DESCRIPTION": "Добавляя карту в колоду, вы также будете добавлять 2 её копии. Вы больше не сможете удалять карты у Торговца."
  },
  "Inception": {
    "NAME": "Начало",
    "DESCRIPTION": "«Вечный волчок» заменит вашу начальную реликвию."
  },
  "Insanity": {
    "NAME": "Сумасшествие",
    "DESCRIPTION": "Вы начнёте игру с колодой из 50-и случайных карт."
  },
  "Lethality": {
    "NAME": "Смертоносность",
    "DESCRIPTION": "Вы будете начинать каждый бой с +3 Силы. Все враги будут начинать бой с +3 Силы."
  },
  "Midas": {
    "NAME": "Мидас",
    "DESCRIPTION": "С врагов будет падать на 200% больше золота, но вы не сможете улучшать карты в лагере."
  },
  "My True Form": {
    "NAME": "Мой истинный облик",
    "DESCRIPTION": "Вы начнёте игру с картами «Облик демона», «Облик призрака» и «Облик эхо»."
  },
  "Night Terrors": {
    "NAME": "Ночные кошмары",
    "DESCRIPTION": "Отдых в лагере будет восполнять 100% ОЗ, отнимая 5 Макс. ОЗ."
  },
  "One Hit Wonder": {
    "NAME": "На волоске",
    "DESCRIPTION": "Вы начнёте игру с 1 Макс. ОЗ."
  },
  "Praise Snecko": {
    "NAME": "Восславь Змекко",
    "DESCRIPTION": "«Глаз змекко» заменит вашу начальную реликвию."
  },
  "Red Cards": {
    "NAME": "Красные карты",
    "DESCRIPTION": "Вам будут доступны красные карты."
  },
  "Shiny": {
    "NAME": "Прелесть",
    "DESCRIPTION": "Ваша стартовая колода будет состоять из редких карт персонажа."
  },
  "Specialized": {
    "NAME": "Специализация",
    "DESCRIPTION": "Вы начнёте игру с 5-ю копиями одной редкой карты."
  },
  "Starter Deck": {
    "NAME": "Изначальная колода",
    "DESCRIPTION": "Вы начнёте игру с реликвией «Разбитая корона» и модификатором «Бинарность», так что вы больше не будете получать карты при получении наград."
  },
  "Stunted Growth": {
    "NAME": "Замедленное развитие",
    "DESCRIPTION": "После прохождения третьего акта, вы больше не будете получать карты при получении наград."
  },
  "Terminal": {
    "NAME": "Лепра",
    "DESCRIPTION": "Заходя в новую комнату, вы будете терять 1 Макс. ОЗ, а каждый бой начинать с 5 ед. «Панциря» ."
  },
  "Time Dilation": {
    "NAME": "Искривление времени",
    "DESCRIPTION": "На всех врагов будет накладываться Медлительность."
  },
  "Uncertain Future": {
    "NAME": "Ясное будущее",
    "DESCRIPTION": "На картах актов будет лишь один путь."
  },
  "Vintage": {
    "NAME": "Раритет",
    "DESCRIPTION": "В награду за бой с обычными врагами вы будете получать реликвии, а не карты."
  }
}