{
  "Dark": {
    "DESCRIPTION": [
      "#yUmiejętność #yPasywna: Na końcu tury, zwiększ obrażenia Sfery o #b",
      ". NL #yWyładowanie: Zadaj #b",
      " przeciwnikowi z najmniejszą ilością PŻ."
    ],
    "NAME": "Ciemność"
  },
  "Empty": {
    "DESCRIPTION": [
      "W to miejsce możesz Przywołać Sferę."
    ],
    "NAME": "Miejsce na Sferę"
  },
  "Frost": {
    "DESCRIPTION": [
      "#yUmiejętność #yPasywna: Na końcu tury, zyskaj #b",
      " pkt. #yBloku. NL #yWyładowanie: Zyskaj #b",
      " pkt. #yBloku."
    ],
    "NAME": "Mróz"
  },
  "Lightning": {
    "DESCRIPTION": [
      "#yUmiejętność #yPasywna: Na końcu tury, zadaj #b",
      " obrażeń losowemu przeciwnikowi. NL #yWyładowanie: Zadaj #b",
      " obrażeń losowemu przeciwnikowi."
    ],
    "NAME": "Grom"
  },
  "Plasma": {
    "DESCRIPTION": [
      "#yUmiejętność #yPasywna: Na początku tury, zyskaj [B] . NL #yWyładowanie: Zyskaj #b",
      " [B] . NL #ySkupienie nie wpływa na Plazmę."
    ],
    "NAME": "Plazma"
  }
}