{
  "Anchor": {
    "NAME": "Kotwica",
    "FLAVOR": "Przypinając tę błyskotkę czujesz nagły wzrost równowagi.",
    "DESCRIPTIONS": [
      "Zaczynaj każdą walkę z #b",
      " pkt. #yBloku."
    ]
  },
  "Ancient Tea Set": {
    "NAME": "Antyczny zestaw herbaciany",
    "FLAVOR": "Klucz do pokrzepiającego snu.",
    "DESCRIPTIONS": [
      "Za każdym razem, gdy odwiedzisz obozowisko, kolejną walkę zaczynasz z dodatkowymi [R] [R] .",
      "Za każdym razem, gdy odwiedzisz obozowisko, kolejną walkę zaczynasz z dodatkowymi [G] [G] .",
      "Za każdym razem, gdy odwiedzisz obozowisko, kolejną walkę zaczynasz z dodatkowymi [B] [B] ."
    ]
  },
  "Art of War": {
    "NAME": "Sztuka wojny",
    "FLAVOR": "Ten starożytny manuskrypt skrywa wiedzę minionego wieku.",
    "DESCRIPTIONS": [
      "Jeśli nie zagrasz żadnej karty #yAtaku podczas swojej tury, zdobądź ",
      "[R] na początku kolejnej tury.",
      "[G] na początku kolejnej tury.",
      "[B] na początku kolejnej tury."
    ]
  },
  "Astrolabe": {
    "NAME": "Astrolabium",
    "FLAVOR": "Narzędzie pozwalające zdobyć bezcenną wiedzę z gwiazd.",
    "DESCRIPTIONS": [
      "Przy podniesieniu wybierz i #ypodmień #b3 karty, a nastepnie #yulepsz je.",
      "Wybierz 3 karty do "
    ]
  },
  "Bag of Marbles": {
    "NAME": "Sakwa szklanych kulek",
    "FLAVOR": "Niegdyś bardzo popularne w mieście. Przydatne do wytrącania przeciwników z równowagi.",
    "DESCRIPTIONS": [
      "Na początku każdej walki nałóż NL #b",
      " pkt. #yWrażliwości na WSZYSTKICH przeciwników."
    ]
  },
  "Bag of Preparation": {
    "NAME": "Torba podróżnika",
    "FLAVOR": "Większa niż standardowy plecak podróżny. Posiada wiele dodatkowych kieszeni i uchwytów.",
    "DESCRIPTIONS": [
      "Dobierz #b",
      " dodatkowe karty na początku walki."
    ]
  },
  "Bird Faced Urn": {
    "NAME": "Urna z głową ptaka",
    "FLAVOR": "Na urnie ukazany jest przebiegle wyglądający wroni bóg – Mazaleth.",
    "DESCRIPTIONS": [
      "Za każdą zagraną kartę #yMocy przywróć #b",
      " PŻ."
    ]
  },
  "Black Blood": {
    "NAME": "Czarna krew",
    "FLAVOR": "Wściekłość staje się jeszcze mroczniejsza.",
    "DESCRIPTIONS": [
      "Zastępuje #rPłonącą #rkrew. Na końcu walki przywróć #b",
      " PŻ."
    ]
  },
  "Black Star": {
    "NAME": "Czarna gwiazda",
    "FLAVOR": "Odnaleziona po raz pierwszy w Mieście Węży, obok samotnie stojącej świecy.",
    "DESCRIPTIONS": [
      "Pokonane #yelitarne #yjednostki upuszczają teraz #b2 #yartefakty."
    ]
  },
  "Blood Vial": {
    "NAME": "Fiolka z krwią",
    "FLAVOR": "Fiolka zawierająca krew wyższego wampira.",
    "DESCRIPTIONS": [
      "Na początku każdej walki przywróć #b",
      " PŻ."
    ]
  },
  "Bloody Idol": {
    "NAME": "Krwawy bożek",
    "FLAVOR": "Bożek, który stale łzawi krwią.",
    "DESCRIPTIONS": [
      "Kiedykolwiek zyskasz #yzłoto, przywróć #b",
      " PŻ."
    ]
  },
  "Blue Candle": {
    "NAME": "Niebieska świeca",
    "FLAVOR": "Im większy mrok, tym jaśniejszy świecy jest blask.",
    "DESCRIPTIONS": [
      "Możesz grać kartami #yKlątw. NL Zagrywając #yKlątwę utracisz #b",
      " PŻ, a zagrana karta zostanie #ywykluczona."
    ]
  },
  "Bottled Flame": {
    "NAME": "Zabutelkowany ogień",
    "FLAVOR": "W tym naczyniu płonie wieczny ogień.",
    "DESCRIPTIONS": [
      "Przy podniesieniu wybierz kartę #yAtaku. Na początku każdej walki, ta karta będzie w twojej ręce.",
      "Wybierz kartę do ",
      "Na początku każdej walki dobierz ",
      " do ręki."
    ]
  },
  "Bottled Lightning": {
    "NAME": "Zabutelkowana błyskawica",
    "FLAVOR": "Spoglądając w szalejący sztorm, widzisz cząstkę siebie, która odwzajemnia spojrzenie.",
    "DESCRIPTIONS": [
      "Przy podniesieniu wybierz kartę #yUmiejetności. Na początku każdej walki ta karta będzie w twojej ręce.",
      "Wybierz kartę do ",
      "Na początku każdej walki dobierz ",
      " do ręki."
    ]
  },
  "Bottled Tornado": {
    "NAME": "Zabutelkowany huragan",
    "FLAVOR": "Artefakt testowy.",
    "DESCRIPTIONS": [
      "Przy podniesieniu wybierz kartę #yMocy. Na początku każdej walki ta karta będzie w twojej ręce.",
      "Wybierz kartę do ",
      "Na początku każdej walki dobierz ",
      " do ręki."
    ]
  },
  "Bronze Scales": {
    "NAME": "Łuski z brązu",
    "FLAVOR": "Ostre łuski Strażnika, które same zmieniają położenie, aby chronić użytkownika.",
    "DESCRIPTIONS": [
      "Kiedy zostaną ci zadane obrażenia, oddaj #b",
      " pkt. obrażeń."
    ]
  },
  "Burning Blood": {
    "NAME": "Płonąca krew",
    "FLAVOR": "Twoja krew wrze w niegasnącej wściekłości.",
    "DESCRIPTIONS": [
      "Przywraca #b",
      " PŻ pod koniec walki."
    ]
  },
  "Cables": {
    "NAME": "Pozłacane kable",
    "FLAVOR": "\"Interesujące! Nawet automatony są podatne na placebo.\" - Ranwid",
    "DESCRIPTIONS": [
      "Umiejętność pasywna, pierwszej od prawej Sfery, uruchamia się dwa razy."
    ]
  },
  "Calipers": {
    "NAME": "Cyrkiel",
    "FLAVOR": "„Mechaniczna precyzja prowadzi do wielkości” – Architekt",
    "DESCRIPTIONS": [
      "Na początku twojej tury tracisz #b",
      " pkt. #yBloku zamiast wszystkich."
    ]
  },
  "Calling Bell": {
    "NAME": "Dzwon wezwania",
    "FLAVOR": "Ten wykonany z ciemnego żelaza dzwon zabrzmiał 3 razy podczas podnoszenia. Potem zamilkł na zawsze.",
    "DESCRIPTIONS": [
      "Otrzymujesz #b3 #rKlątwy oraz #b3 #yartefakty.",
      "Dzwon wybił...",
      "Pomiń",
      "Zamknij"
    ]
  },
  "Cauldron": {
    "NAME": "Kocioł",
    "FLAVOR": "Handlarz całkiem umiejętnie warzy mikstury – kupując 4, dostajesz 1 gratis.",
    "DESCRIPTIONS": [
      "Otrzymujesz #b5 losowych mikstur.",
      "Blup blip bloop...!"
    ]
  },
  "Centennial Puzzle": {
    "NAME": "Stuletnia łamigłówka",
    "FLAVOR": "Po rozwiązaniu łamigłówki czujesz przyjemne ciepło w mostku.",
    "DESCRIPTIONS": [
      "Gdy stracisz PŻ po raz pierwszy w walce, dobierz #b",
      " karty."
    ]
  },
  "Chameleon Ring": {
    "NAME": "Pierścień kameleona",
    "FLAVOR": "Zbezczeszczony.",
    "DESCRIPTIONS": [
      "Teraz możesz #ywarzyć mikstury w obozowiskach."
    ]
  },
  "Champion Belt": {
    "NAME": "Pas mistrzowski",
    "FLAVOR": "Tylko najwspanialsi mogą nosić ten pas.",
    "DESCRIPTIONS": [
      "Kiedykolwiek nałożysz #yWrażliwość, dodatkowo nakładasz też #b",
      " pkt. #ySłabości."
    ]
  },
  "Charon's Ashes": {
    "NAME": "Prochy Charona",
    "FLAVOR": "Mówi się, że Charon to bóg odrodzenia, wiecznie umierający i odradzający się w płomieniach.",
    "DESCRIPTIONS": [
      "Kiedykolwiek #ywykluczysz kartę, zadaj #b",
      " pkt. obrażeń WSZYSTKIM przeciwnikom."
    ]
  },
  "Chemical X": {
    "NAME": "Związek X",
    "FLAVOR": "UWAGA: Nie mieszać z cukrem, słodkościami i różnymi ślicznościami.",
    "DESCRIPTIONS": [
      "Kiedykolwiek zagrasz kartę kosztującą #bX, jej efektywność zostaje zwiększona o #b",
      "."
    ]
  },
  "Circlet": {
    "NAME": "Diadem",
    "FLAVOR": "Nie ma już innych artefaktów do odnalezienia. Niesamowite!",
    "DESCRIPTIONS": [
      "Wygląda ślicznie."
    ]
  },
  "Cracked Core": {
    "NAME": "Pęknięty rdzeń",
    "FLAVOR": "Mistyczne źródło życia, które zasila Automatony w Iglicy. Wygląda na pęknięte.",
    "DESCRIPTIONS": [
      "Na początku każdej walki, #yPrzywołaj #b1 #yGrom."
    ]
  },
  "Cursed Key": {
    "NAME": "Przeklęty klucz",
    "FLAVOR": "Czujesz złowrogą energię emanującą z klucza. Moc ma swoją cenę.",
    "DESCRIPTIONS": [
      " Kiedykolwiek otwierasz zwykłą skrzynię, otrzymujesz #rKlątwę.",
      "Zyskaj [R] na początku każdej tury.",
      "Zyskaj [G] na początku każdej tury.",
      "Zyskaj [B] na początku każdej tury."
    ]
  },
  "Darkstone Periapt": {
    "NAME": "Kamienny amulet",
    "FLAVOR": "Amulet czerpie moc z mrocznej energii, wzmacniając siły witalne noszącego.",
    "DESCRIPTIONS": [
      "Kiedykolwiek otrzymasz #yKlątwę, liczba maksymalnych PŻ zostaje zwiększona o #b"
    ]
  },
  "DataDisk": {
    "NAME": "Nośnik danych",
    "FLAVOR": "Ten niepozorny dysk zawiera bezcenne dane o ptakach i wężach.",
    "DESCRIPTIONS": [
      "Rozpocznij każdą walkę z #b",
      " pkt. #ySkupienia."
    ]
  },
  "Dead Branch": {
    "NAME": "Uschnięta gałąź",
    "FLAVOR": "Gałąź z drzewa zapomnianej ery.",
    "DESCRIPTIONS": [
      "Kiedykolwiek karta zostanie #ywykluczona, dodaj losową kartę do ręki."
    ]
  },
  "Derp Rock": {
    "NAME": "Głupi kamień",
    "FLAVOR": "Zajmuje miejsce",
    "DESCRIPTIONS": [
      "Na początku każdej tury, zyskaj #b",
      " szt. Energii. NL (nie może byc usunięty ani podmieniony)"
    ]
  },
  "Discerning Monocle": {
    "NAME": "Elegancki monokl",
    "FLAVOR": "Wygląda naprawdę elegancko.",
    "DESCRIPTIONS": [
      "Ceny u Handlarza zostają obniżone o #b20%"
    ]
  },
  "Dodecahedron": {
    "NAME": "Runiczny dwunastościan",
    "FLAVOR": "Runy są zupełnie nieczytelne.",
    "DESCRIPTIONS": [
      "Jeśli posiadasz wszystkie PŻ, zyskaj ",
      "[R] na początku każdej tury.",
      "[G] na początku każdej tury.",
      "[B] na początku każdej tury."
    ]
  },
  "Dream Catcher": {
    "NAME": "Łapacz snów",
    "FLAVOR": "Nordyckie plemiona często używały łapaczy snów, wierząc, że prowadzą one do samorozwoju.",
    "DESCRIPTIONS": [
      "Kiedykolwiek #yodpoczywasz, możesz dodać kartę do swojej talii."
    ]
  },
  "Du-Vu Doll": {
    "NAME": "Lalka Du-Vu",
    "FLAVOR": "Lalka stworzona, by czerpać siłę ze złowrogiej energii.",
    "DESCRIPTIONS": [
      "Za każdą #yKlątwę w twojej talii, zaczynasz walkę z #b",
      " pkt. dodatkowej #ySiły.",
      " Nie posiadasz #yKlątw.",
      " Posiadasz #b",
      " #yKlątw(y)."
    ]
  },
  "Ectoplasm": {
    "NAME": "Ektoplazma",
    "FLAVOR": "Ten śluz zdaje się pulsować życiem.",
    "DESCRIPTIONS": [
      " Nie możesz już zdobywać #yzłota.",
      "Zyskaj [R] na początku każdej tury.",
      "Zyskaj [G] na początku każdej tury.",
      "Zyskaj [B] na początku każdej tury."
    ]
  },
  "Emotion Chip": {
    "NAME": "Czip emocji",
    "FLAVOR": "...<3...?",
    "DESCRIPTIONS": [
      "Jeżeli w poprzedniej turze otrzymałeś obrażenia, na początku tury uruchamiają się umiejętności pasywne wszystkich Sfer."
    ]
  },
  "Enchiridion": {
    "NAME": "Enchiridion",
    "FLAVOR": "Legendarny dziennik prastarego licza.",
    "DESCRIPTIONS": [
      "Zaczynaj każdą walkę z losową kartą #yMocy w ręce. Kosztuje #b0 pkt. #yEnergii do końca tury."
    ]
  },
  "Eternal Feather": {
    "NAME": "Wieczne pióro",
    "FLAVOR": "To pióro wygląda na niezniszczalne. Ciekawe od jakiego ptaka pochodzi... ",
    "DESCRIPTIONS": [
      "Za każde #b",
      " kart w twojej talii, przywróć #b",
      " PŻ podczas przebywania w obozowisku."
    ]
  },
  "Frozen Egg": {
    "NAME": "Zamrożone jajo",
    "FLAVOR": "Bjajecznie piękny kawałek lodu, bez szans na wyklucie.",
    "DESCRIPTIONS": [
      "Przy podniesieniu, wybierz i #yulepsz kartę #yMocy.",
      "Wybierz kartę do "
    ]
  },
  "Frozen Egg 2": {
    "NAME": "Zamrożone jajo",
    "FLAVOR": "Bjajecznie piękny kawałek lodu, NL bez szans na wyklucie.",
    "DESCRIPTIONS": [
      "Kiedykolwiek dodasz kartę #yMocy do talii, zostanie ona #yulepszona."
    ]
  },
  "Frozen Eye": {
    "NAME": "Zamrożone oko",
    "FLAVOR": "Brak opisu.",
    "DESCRIPTIONS": [
      "Podczas przeglądania #ystosu #yrozgrywającego karty ukazują się w odpowiedniej kolejności."
    ]
  },
  "Gambling Chip": {
    "NAME": "Żeton pokerowy",
    "FLAVOR": "Dostrzegasz na nim małą inskrypcję, która mówi: „Szczęśliwy żeton niedźwiedzia!”",
    "DESCRIPTIONS": [
      "Na początku każdej walki, odrzuć dowolną liczbę kart i dobierz tyle samo."
    ]
  },
  "Ginger": {
    "NAME": "Imbir",
    "FLAVOR": "Niezwykle użyteczny w przyrządzaniu toników.",
    "DESCRIPTIONS": [
      "Twoja postać nie może zostać #yOsłabiona."
    ]
  },
  "Girya": {
    "NAME": "Giria",
    "FLAVOR": "Ta giria jest niesamowicie ciężka. Gdyby użyć jej jako ciężarka, twoja postać stałaby się o wiele silniejsza.",
    "DESCRIPTIONS": [
      "Możesz teraz zyskać #ySiłę w obozowiskach (maksymalnie 3 razy)."
    ]
  },
  "Golden Idol": {
    "NAME": "Złoty bożek",
    "FLAVOR": "Szczerozłoty. Jego aura potęguje uczucie bogactwa.",
    "DESCRIPTIONS": [
      "Przeciwnicy upuszczają #b25% więcej #yzłota."
    ]
  },
  "Gremlin Horn": {
    "NAME": "Róg gremlina",
    "FLAVOR": "”Gremlińskie poroże rośnie aż do śmierci. Nadzwyczajne” – Ranwid",
    "DESCRIPTIONS": [
      "Kiedykolwiek przeciwnik zostanie zabity, zyskaj ",
      "[R] i dobierz #b1 kartę.",
      "[G] i dobierz #b1 kartę.",
      "[B] i dobierz #b1 kartę."
    ]
  },
  "Happy Flower": {
    "NAME": "Szczęśliwy kwiat",
    "FLAVOR": "Ten wiecznie szczęśliwy kwiatek stanowi nie lada gratkę w kręgach szlacheckich.",
    "DESCRIPTIONS": [
      "Co każdą #b",
      " turę zyskaj [R] .",
      " turę zyskaj [G] .",
      " turę zyskaj [B] ."
    ]
  },
  "Ice Cream": {
    "NAME": "Lody",
    "FLAVOR": "„Pyszne!”",
    "DESCRIPTIONS": [
      "Zachowujesz #yEnergię pomiędzy turami."
    ]
  },
  "Inserter": {
    "NAME": "Podajnik",
    "FLAVOR": "Włóż. Wyjmij. Ułóż. Powtórz.",
    "DESCRIPTIONS": [
      "Co #b2 tury, zyskaj #b1 miejsce na Sferę."
    ]
  },
  "Juzu Bracelet": {
    "NAME": "Bransoletka Juzu",
    "FLAVOR": "Chroni przed nieznanym.",
    "DESCRIPTIONS": [
      "Nie trafisz na zwykłych przeciwników w #y„?” pokojach."
    ]
  },
  "Kunai": {
    "NAME": "Kunai",
    "FLAVOR": "Ostrze cenione przez zabójców za śmiercionośność z dystansu.",
    "DESCRIPTIONS": [
      "Za każdym razem kiedy zagrasz #b",
      " karty #yAtaku w jednej turze, zyskaj #b",
      " pkt. #yZręczności."
    ]
  },
  "Lantern": {
    "NAME": "Latarnia",
    "FLAVOR": "Wyjątkowa latarenka, która świeci tylko dla jej posiadacza.",
    "DESCRIPTIONS": [
      "Zyskaj ",
      "[R] ",
      "[G] ",
      "[B] ",
      "w pierwszej turze każdej walki."
    ]
  },
  "Lee's Waffle": {
    "NAME": "Gofry od Lee",
    "FLAVOR": "„Najlepszy przysmak w całej Iglicy! Upieczony dzisiaj specjalnie dla ciebie.”",
    "DESCRIPTIONS": [
      "Podnieś maksymalną liczbę PŻ o #b",
      " i przywróć utracone PŻ."
    ]
  },
  "Letter Opener": {
    "NAME": "Otwieracz do listów",
    "FLAVOR": "Nienaturalnie ostry.",
    "DESCRIPTIONS": [
      "Kiedykolwiek zagrasz #b3 karty #yUmiejętności podczas jednej tury, zadaj NL #b",
      " pkt. obrażeń WSZYSTKIM przeciwnikom."
    ]
  },
  "Living Blade": {
    "NAME": "Żywe ostrze",
    "FLAVOR": "ZBEZCZESZCZONE",
    "DESCRIPTIONS": [
      "Możesz zdobyć dowolną liczbę kart każdego rodzaju."
    ]
  },
  "Lizard Tail": {
    "NAME": "Jaszczurzy ogon",
    "FLAVOR": "Sztuczny ogon, służący do zmylenia przeciwników.",
    "DESCRIPTIONS": [
      "W przypadku śmierci odzyskujesz #b50% maksymalnych PŻ (jednorazowo)."
    ]
  },
  "Magic Flower": {
    "NAME": "Magiczny kwiat",
    "FLAVOR": "Zachowany w perfekcyjnym stanie kwiat, który wyginął dawno, dawno temu.",
    "DESCRIPTIONS": [
      "Leczenie podczas walki jest o #b50% skuteczniejsze."
    ]
  },
  "Mango": {
    "NAME": "Mango",
    "FLAVOR": "Zapomniany i pożądany przez wielu owoc. Doskonale zachowany, bez śladów skażenia.",
    "DESCRIPTIONS": [
      "Zwiększ maksymalną liczbę PŻ o #b"
    ]
  },
  "Mark of Pain": {
    "NAME": "Znamię bólu",
    "FLAVOR": "Znamię to było używane przez plemiona z północy do oznaczania wojowników, którzy byli w stanie kontrolować ból podczas walki",
    "DESCRIPTIONS": [
      "Zyskaj [R] na początku każdej tury. Zaczynaj walkę z #b2 #rRanami w talii rozgrywającej."
    ]
  },
  "Matryoshka": {
    "NAME": "Matrioszka",
    "FLAVOR": "Ornament na lalkach przedstawia nieznanego, białookiego ptaka z niebieskimi piórami.",
    "DESCRIPTIONS": [
      "Następne #b2 skrzynie będą zawierały #b2 #yartefakty. NL (nie wliczając skrzyń bossów)",
      "Następna skrzynia będzie zawierała #b2 #yartefakty. NL (nie wliczając skrzyni bossów)",
      "Artefakt został zużyty."
    ]
  },
  "Meat on the Bone": {
    "NAME": "Mięso z kością",
    "FLAVOR": "Wygląda na to, że mięso się nieustannie odnawia i nigdy nie kończy.",
    "DESCRIPTIONS": [
      "Jeśli, pod koniec walki, twoje PŻ są na poziomie #b50% lub niższym, przywróć #b",
      " PŻ."
    ]
  },
  "Medical Kit": {
    "NAME": "Apteczka",
    "FLAVOR": "„Ma wszystko czego potrzebujesz! Maść na swędzenie, maść na poparzenia, surowicę i więcej!”",
    "DESCRIPTIONS": [
      "Od teraz możesz zagrywać karty #yStanu. Zagrywając kartę #yStanu sprawisz, że ta zostanie #ywykluczona."
    ]
  },
  "Membership Card": {
    "NAME": "Karta członkowska",
    "FLAVOR": "„Jedyna w swoim rodzaju okazja dla najbardziej lojalnych klientów!”",
    "DESCRIPTIONS": [
      "W kolejnych aktach Handlarz będzie się pojawiał #b50% częściej. #yBONUS: #b20% przeceny na wszystkie produkty!"
    ]
  },
  "Mercury Hourglass": {
    "NAME": "Klepsydra rtęciowa",
    "FLAVOR": "Zaklęta klepsydra, która przelewa się bez końca.",
    "DESCRIPTIONS": [
      "Na początku tury zadaj #b",
      " pkt. obrażeń WSZYSTKIM przeciwnikom."
    ]
  },
  "Molten Egg": {
    "NAME": "Rozżarzone jajo",
    "FLAVOR": "Jajo feniksa. Żarzy się dzięki wściekle czerwonej lawie.",
    "DESCRIPTIONS": [
      "Przy podniesieniu wybierz i #yulepsz kartę #yAtaku.",
      "Wybierz kartę do "
    ]
  },
  "Molten Egg 2": {
    "NAME": "Wulkaniczne jajo",
    "FLAVOR": "Jajo feniksa. Żarzy się dzięki wściekle czerwonej lawie.",
    "DESCRIPTIONS": [
      "Kiedykolwiek dodasz kartę #yAtaku do talii, zostanie ona #yulepszona."
    ]
  },
  "Mummified Hand": {
    "NAME": "Zmumifikowana ręka",
    "FLAVOR": "Często drga, szczególnie, gdy masz wysoki puls.",
    "DESCRIPTIONS": [
      "Kiedykolwiek zagrasz kartę #yMocy, losowa karta w twojej ręcę kosztuje #b0 do końca tury."
    ]
  },
  "Necronomicon": {
    "NAME": "Nekronomikon",
    "FLAVOR": "Tylko głupiec próbowałby wydobyć z niej złowieszczą moc. W nocy nawiedza cię koszmar księgi pożerającej twoją duszę.",
    "DESCRIPTIONS": [
      "Pierwszy zagrany w turze #yAtak, który kosztuje #b",
      " lub więcej, jest zagrywany dwukrotnie. Podnosząc ten artefakt otrzymasz kartę #rKlątwy.",
      " lub więcej, jest zagrywany dwukrotnie."
    ]
  },
  "NeowsBlessing": {
    "NAME": "Lament Neow'a",
    "FLAVOR": "Błogosławieństwo Neow'a, specjalnie dla ciebie.",
    "DESCRIPTIONS": [
      "Przeciwnicy w pierwszych #b3 walkach będą mieć 1 PŻ.",
      "Błogosławieństwo zostało wyczerpane."
    ]
  },
  "Nilry's Codex": {
    "NAME": "Kodeks Nilry'ego",
    "FLAVOR": "Stworzony przez niesławnego mistrza gry. Mówi się, że poszerza horyzonty.",
    "DESCRIPTIONS": [
      "Na końcu każdej tury, możesz wybrać #b1 z #b3 losowych kart i dodać ją do stosu rozgrywającego."
    ]
  },
  "Ninja Scroll": {
    "NAME": "Zwój ninja",
    "FLAVOR": "Zawiera sekrety skrytobójców.",
    "DESCRIPTIONS": [
      "Zaczynaj każdą walkę z #b",
      " kartami #yNoży w ręce."
    ]
  },
  "Nloth's Gift": {
    "NAME": "Dar Nloth'a",
    "FLAVOR": "Dziwny podarunek od Nloth'a. Zawsze kiedy próbujesz go odpakować, w środku pojawia się zapakowany prezent takiej samej wielkości.",
    "DESCRIPTIONS": [
      "#bTrzykrotnie większa szansa otrzymania rzadkich kart z pokonanych przeciwników."
    ]
  },
  "Nuclear Battery": {
    "NAME": "Bateria jądrowa",
    "FLAVOR": "Ooooch...",
    "DESCRIPTIONS": [
      "Na początku każdej walki, #yPrzywołaj #b1 #yPlazmę."
    ]
  },
  "Nullstone Periapt": {
    "NAME": "Kamienna tablica",
    "FLAVOR": "ZBEZCZESZCZONE.",
    "DESCRIPTIONS": [
      "Skontruj kolejny #ynegatywny #yefekt otrzymany od przeciwnika. NL Odnawia się co #b10 tur."
    ]
  },
  "Odd Mushroom": {
    "NAME": "Dziwny grzyb",
    "FLAVOR": "„Po zjedzeniu trichella parastius poczułem się większy i... twardszy.” - Ranwid ",
    "DESCRIPTIONS": [
      "Mając nałożoną #yWrażliwość, otrzymujesz #b25% więcej obrażeń, zamiast #b50%."
    ]
  },
  "Oddly Smooth Stone": {
    "NAME": "Szokująco gładki kamień",
    "FLAVOR": "Pierwszy raz widzisz coś tak gładkiego, a jednocześnie surowego. To musi być robota Starożytnych.",
    "DESCRIPTIONS": [
      "Rozpocznij każdą walkę z #b",
      " pkt. #yZręczności."
    ]
  },
  "Old Coin": {
    "NAME": "Antyczna moneta",
    "FLAVOR": "Unikalne monety są wysoko cenione przez kupców za swoją historyczną wartość i niespotykany skład.",
    "DESCRIPTIONS": [
      "Otrzymaj #b300 szt. #yzłota."
    ]
  },
  "Omamori": {
    "NAME": "Omamori",
    "FLAVOR": "Zwyczajny amulet mający odgonić złe duchy. Ten wygląda, jakby posiadał cząstkę boskiej mocy.",
    "DESCRIPTIONS": [
      "Neutralizuje #b2 następne #rKlątwy.",
      "Neutralizuje następną #rKlątwą.",
      "Artefakt został zużyty."
    ]
  },
  "Orichalcum": {
    "NAME": "Orichalcum",
    "FLAVOR": "Zielonkawy metal nieznanego pochodzenia. Pozornie niezniszczalny.",
    "DESCRIPTIONS": [
      "Jeśli zakończysz turę bez #yBloku, zyskaj #b",
      " pkt. #yBloku."
    ]
  },
  "Ornamental Fan": {
    "NAME": "Ozdobny wachlarz",
    "FLAVOR": "Wygląda na to, że wachlarz rozwija się i sztywnieje, gdy przelewa się krew.",
    "DESCRIPTIONS": [
      "Za każdym razem, gdy zagrasz #b3 karty #yAtaku w turze, zyskaj #b",
      " pkt. #yBloku."
    ]
  },
  "Orrery": {
    "NAME": "Planetarium",
    "FLAVOR": "„Kiedy w końcu zrozumiesz wszechświat...” - Zoroth",
    "DESCRIPTIONS": [
      "Wybierz i dodaj #b5 kart do talii.",
      "Wiedza to potęga!"
    ]
  },
  "Pandora's Box": {
    "NAME": "Puszka Pandory",
    "FLAVOR": "Otwieranie jej nie wydaje się najlepszym pomysłem.",
    "DESCRIPTIONS": [
      "#bPodmień wszystkie karty #yUderzeń oraz karty #yObrony.",
      "Puszka Pandory została otwarta..."
    ]
  },
  "Pantograph": {
    "NAME": "Pantograf",
    "FLAVOR": "„Solidne fundamenty nigdy nie są dziełem przypadku. Planowanie jest koniecznością.” - Architekt",
    "DESCRIPTIONS": [
      "Na początku walki z bossem przywróć #b",
      " PŻ."
    ]
  },
  "Paper Crane": {
    "NAME": "Papierowy żuraw",
    "FLAVOR": "Origami zwierzęcia z poprzedniego wieku.",
    "DESCRIPTIONS": [
      "#yOsłabieni przeciwnicy zadają #b50% mniej obrażeń, NL zamiast #b25%."
    ]
  },
  "Paper Frog": {
    "NAME": "Papierowa żaba",
    "FLAVOR": "Ten kawałek papieru nieustannie rozkłada się i składa, zamieniając się w różne małe istoty.",
    "DESCRIPTIONS": [
      "#yWrażliwi przeciwnicy otrzymują #b75% więcej obrażeń zamiast #b50%."
    ]
  },
  "Peace Pipe": {
    "NAME": "Fajka pokoju",
    "FLAVOR": "Ożywia umysł i ciało.",
    "DESCRIPTIONS": [
      "Od teraz możesz usuwać karty w obozowiskach."
    ]
  },
  "Pear": {
    "NAME": "Gruszka",
    "FLAVOR": "Zwyczajny owoc sprzed plagi.",
    "DESCRIPTIONS": [
      "Podnosi maksymalną liczbę PŻ o #b"
    ]
  },
  "Pen Nib": {
    "NAME": "Stalówka pióra",
    "FLAVOR": "Trzymając stalówkę, zaczynasz widzieć istoty zgładzone przez poprzedniego posiadacza. Brutalne.",
    "DESCRIPTIONS": [
      "Co #b10 zagrany #yAtak zadaje podwójne obrażenia."
    ]
  },
  "Philosopher's Stone": {
    "NAME": "Kamień filozoficzny",
    "FLAVOR": "Kamień emanuje pradawną energią, która umacnia wszystko dookoła.",
    "DESCRIPTIONS": [
      " WSZYSCY przeciwnicy zaczynają z #b2 pkt. #ySiły.",
      "Zyskaj [R] na początku każdej tury.",
      "Zyskaj [G] na początku każdej tury.",
      "Zyskaj [B] na początku każdej tury."
    ]
  },
  "Potion Belt": {
    "NAME": "Pas na mikstury",
    "FLAVOR": "W tym pasie jest miejsce na butelkę!",
    "DESCRIPTIONS": [
      "Przy podniesieniu, zyskaj #b1 miejsce na miksturę."
    ]
  },
  "Prayer Wheel": {
    "NAME": "Młynek modlitewny",
    "FLAVOR": "Nigdy nie przestaje się kręcić.",
    "DESCRIPTIONS": [
      "Karty pojawiają się również w zwykłych skrzyniach."
    ]
  },
  "Question Card": {
    "NAME": "Karta pytań",
    "FLAVOR": "„Ci, którzy mają większy wybór, minimalizują chaos.” - Kublai Wielki",
    "DESCRIPTIONS": [
      "Na ekranie wyboru nowej karty, wybieraj z puli o #y1 #ykartę #ywiększej."
    ]
  },
  "Red Circlet": {
    "NAME": "Czerwony diadem",
    "FLAVOR": "To tyle, jeśli chodzi o artefakty. Dobra robota!",
    "DESCRIPTIONS": [
      "Wygląda ślicznie."
    ]
  },
  "Red Mask": {
    "NAME": "Czerwona maska",
    "FLAVOR": "Ta elegancko wyglądająca maska należy do lidera Klanu Czerwonej Twarzy. Teoretycznie czyni cię to ich przywódcą, co nie?",
    "DESCRIPTIONS": [
      "Na początku każdej walki, nałóż #b",
      " pkt. #yOsłabienia na WSZYSTKICH przeciwników."
    ]
  },
  "Red Skull": {
    "NAME": "Czerwona czaszka",
    "FLAVOR": "Mała czaszka pokryta ozdobną farbą.",
    "DESCRIPTIONS": [
      "Jeśli liczba twoich PŻ jest niższa niż #b50%, zyskujesz #b",
      " pkt. #ySiły."
    ]
  },
  "Regal Pillow": {
    "NAME": "Królewska poduszka",
    "FLAVOR": "Nareszcie można się wyspać.",
    "DESCRIPTIONS": [
      "Przywróć dodatkowo #b",
      " PŻ kiedy #yodpoczywasz."
    ]
  },
  "Ring of the Serpent": {
    "NAME": "Pierścień wyższego węża",
    "DESCRIPTIONS": [
      "Podmienia #gPierścień #gwęża. Kiedy pokonasz #yelitarną #jednostkę, zwiększ maksymalną liczbę PŻ o #b",
      "At the start of your turn, draw #b1 additional card."
    ],
    "FLAVOR": "Your ring has morphed and changed forms."
  },
  "Ring of the Snake": {
    "NAME": "Pierścień węża",
    "FLAVOR": "Zrobiony ze skamieniałego węża. Świadczy o wielkich umiejętnościach łowczyni.",
    "DESCRIPTIONS": [
      "Dobierz #b",
      " dodatkowe karty na początku walki."
    ]
  },
  "Runic Capacitor": {
    "NAME": "Runiczny kondensator",
    "FLAVOR": "Więcej znaczy lepiej.",
    "DESCRIPTIONS": [
      "Rozpoczynasz walkę z #b3 dodatkowymi miejscami na Sfery."
    ]
  },
  "Runic Cube": {
    "NAME": "Runiczna kostka",
    "FLAVOR": "Runy są zupełnie nieczytelne.",
    "DESCRIPTIONS": [
      "Kiedykolwiek utracisz PŻ, dobierz #b",
      " kartę.",
      ""
    ]
  },
  "Runic Dome": {
    "NAME": "Runiczna kopuła",
    "FLAVOR": "Runy są zupełnie nieczytelne. ",
    "DESCRIPTIONS": [
      " Nie odczytujesz już #bZamiaru przeciwników. ",
      "Zyskaj [R] na początku każdej tury.",
      "Zyskaj [G] na początku każdej tury.",
      "Zyskaj [B] na początku każdej tury."
    ]
  },
  "Runic Pyramid": {
    "NAME": "Runiczna piramida",
    "FLAVOR": "Runy są zupełnie nieczytelne.",
    "DESCRIPTIONS": [
      "Nie odrzucasz kart pod koniec tury. NL Dobierz #b",
      " kartę mniej co turę."
    ]
  },
  "Self Forming Clay": {
    "NAME": "Samoformująca się glina",
    "FLAVOR": "„Interesujące! Wygląda na to, że formuje kształty, gdy tylko o czymś pomyślę! Tele-glina?” - Ranwid",
    "DESCRIPTIONS": [
      "Za każdym razem, gdy otrzymasz obrażenia w walce, zyskaj #b",
      " pkt. #yBloku w następnej turze."
    ]
  },
  "Shovel": {
    "NAME": "Łopata",
    "FLAVOR": "Iglica skrywa artefakty znamienitych podróżników i dawnych cywilizacji. Czas je wykopać!",
    "DESCRIPTIONS": [
      "Od teraz możesz #ykopać i szukać łupów w obozowiskach."
    ]
  },
  "Shuriken": {
    "NAME": "Shuriken",
    "FLAVOR": "Broń miotana wagi piórkowej. Zaleca się celować w oczy.",
    "DESCRIPTIONS": [
      "Za każdym razem, gdy zagrasz #b",
      " kart #yAtaku w jednej turze, zyskaj #b",
      " pkt. #ySiły."
    ]
  },
  "Singing Bowl": {
    "NAME": "Rozbrzmiewająca miska",
    "FLAVOR": "Ten mocno wyeksploatowany artefakt wydaje piękny dźwięk przy stuknięciu w niego.",
    "DESCRIPTIONS": [
      "Za każdym razem, gdy pominiesz dodanie karty, zwiększ maksymalną liczbę PŻ o #b+2."
    ]
  },
  "Smiling Mask": {
    "NAME": "Uśmiechnięta maska",
    "FLAVOR": "Maska noszona przez Handlarza. Musi mieć ich więcej...",
    "DESCRIPTIONS": [
      "Usługa usuwania kart u Handlarza kosztuje #b",
      " szt. #yzłota."
    ]
  },
  "Snake Skull": {
    "NAME": "Czaszka wensza",
    "FLAVOR": "Czaszka wensza w idealnym stanie. Zadziwiająco czysta i gładka. Brud odpada z niej w pewien niewytłumaczalny sposób.",
    "DESCRIPTIONS": [
      "Kiedykolwiek nałożysz #yTruciznę, nałóż dodatkowo #b",
      " pkt. #yTrucizny."
    ]
  },
  "Snecko Eye": {
    "NAME": "Oko wensza",
    "FLAVOR": "Oko pokonanego wensza. NL O wiele większe niż mogło by się zdawać.",
    "DESCRIPTIONS": [
      "Podczas każdej tury dobierz #b2 dodatkowe karty. Zaczynaj każdą walkę w stanie #yDezorientacji."
    ]
  },
  "Sozu": {
    "NAME": "Sozu",
    "FLAVOR": "Zauważasz, że w obecności tego artefaktu magiczne płyny tracą swoje właściwości.",
    "DESCRIPTIONS": [
      " Nie możesz otrzymywać nowych mikstur.",
      "Zyskaj [R] na początku każdej tury.",
      "Zyskaj [G] na początku każdej tury.",
      "Zyskaj [B] na początku każdej tury."
    ]
  },
  "Spirit Poop": {
    "NAME": "Dusze odchody",
    "FLAVOR": "Zwęglone resztki ofiary złożonej duchom.",
    "DESCRIPTIONS": [
      "Obrzydliwe."
    ]
  },
  "Strange Spoon": {
    "NAME": "Dziwna łyżka",
    "FLAVOR": "Wydaje się wyginać od samego patrzenia.",
    "DESCRIPTIONS": [
      "Od teraz karty, które zostają #ywykluczone po zagraniu, mają #b50% szans na odrzucenie."
    ]
  },
  "Strawberry": {
    "NAME": "Truskawka",
    "FLAVOR": "„Pyszna! Nie widziałem ich wiele od czasu zarazy.”- Ranwid",
    "DESCRIPTIONS": [
      "Podnosi makssymalną liczbę PŻ o #b"
    ]
  },
  "Sundial": {
    "NAME": "Zegar słoneczny",
    "FLAVOR": "„Głupia obsesja człowieka na punkcie czasu sprawiała, że szukał on wskazówek na niebie, mając nadzieję, że znajdzie coś powtarzalnego.” - Zoroth",
    "DESCRIPTIONS": [
      "Co #b",
      " przetasowanie talii zyskaj [R] [R] .",
      " przetasowanie talii zyskaj [G] [G] .",
      " przetasowanie talii zyskaj [B] [B] ."
    ]
  },
  "Symbiotic Virus": {
    "NAME": "Symbiotyczny wirus",
    "FLAVOR": "Trochę złego może zdziałać wiele dobrego...",
    "DESCRIPTIONS": [
      "Na początku każdej walki, #yPrzywołaj #b1 #yCiemność."
    ]
  },
  "Test 1": {
    "NAME": "Test 1",
    "FLAVOR": "Testowy artefakt w fazie beta, jeśli go lubisz daj znać twórcom",
    "DESCRIPTIONS": [
      "Kiedykolwiek użyjesz mikstury, zyskaj ",
      " [R] .",
      " [G] .",
      " [B] ."
    ]
  },
  "Test 2": {
    "NAME": "Test 2",
    "FLAVOR": "Test relic for beta. If you like it, let the devs know.",
    "DESCRIPTIONS": [
      "When viewing your #yDraw #yPile, the cards are now shown in order."
    ]
  },
  "Test 3": {
    "NAME": "Test 3",
    "FLAVOR": "Test relic for beta. If you like it, let the devs know.",
    "DESCRIPTIONS": [
      "Gdy go otrzymasz, wszystkie karty #yObrony zostają #yulepszone."
    ]
  },
  "Test 4": {
    "NAME": "Test 4",
    "FLAVOR": "Test relic for beta. If you like it, let the devs know.",
    "DESCRIPTIONS": [
      "Na początku walki wszystkie karty #yUderzeń mają koszt użycia zredukowany do #b0."
    ]
  },
  "Test 5": {
    "NAME": "Test 5",
    "FLAVOR": "Test relic for beta. If you like it, let the devs know.",
    "DESCRIPTIONS": [
      "Przy podniesieniu, #yulepsz #b",
      " losowych #yUmiejętności."
    ]
  },
  "Test 6": {
    "NAME": "Test 6",
    "FLAVOR": "Test relic for beta. If you like it, let the devs know.",
    "DESCRIPTIONS": [
      "Na koniec każdej tury, zyskaj #b",
      " pkt. #yBloku za każde #b",
      " szt. #yzłota jakie posiadasz."
    ]
  },
  "Test 7": {
    "NAME": "Test 7",
    "FLAVOR": "Test relic for beta. If you like it, let the devs know.",
    "DESCRIPTIONS": [
      "#yElity upuszczają teraz #b2 #yArtefakty kiedy zostaną pokonane."
    ]
  },
  "Test 8": {
    "NAME": "Test 8",
    "FLAVOR": "Test relic for beta. If you like it, let the devs know.",
    "DESCRIPTIONS": [
      "Dobierz #b2 dodatkowe karty w każdej turze. Zaczynaj każdą walkę z #yDezorientacją."
    ]
  },
  "The Courier": {
    "NAME": "Kurier",
    "FLAVOR": "Ukochane zwierzątko Handlarza.",
    "DESCRIPTIONS": [
      "Handlarzowi już nigdy nie zabraknie kart, artefaktów oraz mikstur. Dodatkowo wszystko jest przecenione o #b20%."
    ]
  },
  "The Specimen": {
    "NAME": "Okaz",
    "FLAVOR": "„Fascynujące! Znalazłem zmutowane stworzenie, wykazujące zadziwiające właściwości toksyczne. Przechowam próbkę do późniejszych badań.” - Ranwid",
    "DESCRIPTIONS": [
      "Kiedykolwiek przeciwnik umrze, przenieś całą #yTruciznę jaką posiada na innego, losowego przeciwnika."
    ]
  },
  "Thread and Needle": {
    "NAME": "Igła i nitka",
    "FLAVOR": "Owijasz się magiczną nicią.",
    "DESCRIPTIONS": [
      "Na początku każdej walki, zyskaj #b",
      " pkt. #yPancerza."
    ]
  },
  "Tingsha": {
    "NAME": "Tingsha",
    "FLAVOR": "Dźwięk generowany przez ten instrument wydaje się osiągać prawdziwie bolesny poziom głośności.",
    "DESCRIPTIONS": [
      "Kiedykolwiek odrzucisz kartę podczas swojej tury, zadaj #b",
      " pkt. obrażeń losowemu przeciwnikowi za każdą odrzuconą kartę."
    ]
  },
  "Tiny Chest": {
    "NAME": "Tycia skrzynka",
    "FLAVOR": "„Porządny prototyp.” - Architekt",
    "DESCRIPTIONS": [
      "Zyskaj #b",
      " szt. #yzłota. Masz o #b10% większą szansę znalezienia skarbu w #y„?” pokojach.",
      "Masz o #b10% większą szansę znalezienia skarbu w #y„?” pokojach."
    ]
  },
  "Tiny House": {
    "NAME": "Tyci domek",
    "FLAVOR": "„Niemal perfekcyjny przykład miniaturyzacji. Moja najlepsza praca do tej pory, ale wciąż nieskończona.” - Architekt",
    "DESCRIPTIONS": [
      "Otrzymaj #b1 miksturę. NL Otrzymaj #b",
      " szt. #yzłota. NL Zwiększ liczbę maksymalnych PŻ o #b",
      ". NL Otrzymaj #b1 kartę. NL Ulepsz #b1 losową kartę.",
      "Tyci domek!"
    ]
  },
  "Toolbox": {
    "NAME": "Przybornik",
    "FLAVOR": "Narzędzia do każdej pracy.",
    "DESCRIPTIONS": [
      "Na początku każdej walki, dodaj jedną losową bezbarwną kartę do twojej ręki."
    ]
  },
  "Torii": {
    "NAME": "Torii",
    "FLAVOR": "Trzymając małe Torii, czujesz jak przez twój umysł przepływa spokój i bezpieczeństwo.",
    "DESCRIPTIONS": [
      "Kiedykolwiek masz otrzymać #b",
      " lub mniej nieblokowanych obrażeń, redukujesz je do #b1."
    ]
  },
  "Tough Bandages": {
    "NAME": "Wytrzymałe bandaże",
    "FLAVOR": "Przegrana umacnia.",
    "DESCRIPTIONS": [
      "Za każdym razem kiedy odrzucisz kartę podczas swojej tury, zyskaj #b",
      " pkt. #yBloku."
    ]
  },
  "Toxic Egg": {
    "NAME": "Toksyczne jajo",
    "FLAVOR": "„Cóż za fenomenalne odkrycie! Wydaje się być niewyklutym jajkiem jakiegoś magicznego stworzenia. Kto lub co je stworzył?” - Ranwid",
    "DESCRIPTIONS": [
      "Przy podniesieniu, wybierz i #yulepsz kartę #yUmiejętności.",
      "Wybierz kartę do "
    ]
  },
  "Toxic Egg 2": {
    "NAME": "Toksyczne jajo",
    "FLAVOR": "„Cóż za fenomenalne odkrycie! Wydaje się być niewyklutym jajkiem jakiegoś magicznego stworzenia. Kto albo co je stworzyło?” - Ranwid",
    "DESCRIPTIONS": [
      "Kiedykolwiek dodasz kartę #yUmiejętności do talii, zostanie ona #yulepszona."
    ]
  },
  "Toy Ornithopter": {
    "NAME": "Zabawkowy skrzydłowiec",
    "FLAVOR": "„Ta mała zabawka jest perfekcyjnym kompanem samotnych podróży!”",
    "DESCRIPTIONS": [
      "Kiedykolwiek użyjesz mikstury, przywróć #b",
      " PŻ."
    ]
  },
  "Turnip": {
    "NAME": "Rzepa",
    "FLAVOR": "Krzepka ta rzepka.",
    "DESCRIPTIONS": [
      "Nie można nałożyć na ciebie efektu #yKruchości."
    ]
  },
  "Unceasing Top": {
    "NAME": "Nieustający bączek",
    "FLAVOR": "„Czy ja dalej jestem we śnie?”",
    "DESCRIPTIONS": [
      "Kiedykolwiek twoja ręka jest pusta, dobierz kartę."
    ]
  },
  "Vajra": {
    "NAME": "Dordże",
    "FLAVOR": "Ozdobny artefakt, nadawany zasłużonym w bitwach wojownikom.",
    "DESCRIPTIONS": [
      "Rozpocznij każda walkę z #b",
      " pkt. #ySiły."
    ]
  },
  "Velvet Choker": {
    "NAME": "Aksamitna obroża",
    "FLAVOR": "„Ogromna moc, lecz ograniczona.” - Kublai Wielki",
    "DESCRIPTIONS": [
      "Nie możesz zagrać więcej niż #b",
      " kart na turę.",
      "Zyskaj [R] na początku każdej tury. ",
      "Zyskaj [G] na początku każdej tury. ",
      "Zyskaj [B] na początku każdej tury. ",
      "Możesz zagrać do NL #r"
    ]
  },
  "War Paint": {
    "NAME": "Barwy wojenne",
    "FLAVOR": "Niegdyś, przed ruszeniem do ataku, klan Pancerników oznaczał wojowników specjalną farbą, która miała wspomagać ich w walce.",
    "DESCRIPTIONS": [
      "Przy podniesieniu, #yulepsz #b",
      " losowe #yUmiejętności."
    ]
  },
  "Whetstone": {
    "NAME": "Osełka",
    "FLAVOR": "„Ciało nigdy nie pokona stali.” - Kublai Wielki",
    "DESCRIPTIONS": [
      "Przy podniesieniu, #yulepsz #b",
      " losowe karty #yAtaku."
    ]
  },
  "White Beast Statue": {
    "NAME": "Statuetka białej bestii",
    "FLAVOR": "Mała biała statuetka stworzenia, którego nie poznajesz.",
    "DESCRIPTIONS": [
      "Po walce zawsze wypada mikstura."
    ]
  },
  "Boot": {
    "NAME": "The Boot",
    "FLAVOR": "When wound up, the boot grows larger in size.",
    "DESCRIPTIONS": [
      "Whenever you would deal #b",
      " or less unblocked #yAttack damage, increase it to #b5."
    ]
  },
  "Mark of the Bloom": {
    "NAME": "Mark of the Bloom",
    "FLAVOR": "In the Beyond, thoughts and reality are one.",
    "DESCRIPTIONS": [
      "You can no longer heal."
    ]
  },
  "Busted Crown": {
    "NAME": "Busted Crown",
    "FLAVOR": "The Champ's crown... or a pale imitation?",
    "DESCRIPTIONS": [
      "On Card Reward screens, you have #b2 fewer #ycards to choose from.",
      "Gain [R] at the start of each turn. ",
      "Gain [G] at the start of each turn. ",
      "Gain [B] at the start of each turn. "
    ]
  },
  "Empty Cage": {
    "NAME": "Empty Cage",
    "FLAVOR": "\"How unusual to cage that which you worship.\" - Ranwid",
    "DESCRIPTIONS": [
      "Upon pick up, remove #b2 cards from your deck.",
      "Choose 2 Cards to Remove."
    ]
  },
  "Incense Burner": {
    "NAME": "Incense Burner",
    "FLAVOR": "An incense burner from long ago. Burning precious wood seems unimaginable.",
    "DESCRIPTIONS": [
      "Every #b5 turns, gain #b1 #yIntangible."
    ]
  },
  "Fusion Hammer": {
    "NAME": "Fusion Hammer",
    "FLAVOR": "Once wielded, the owner can never let go.",
    "DESCRIPTIONS": [
      "at the start of each turn. You can no longer Smith at Rest Sites.",
      "Gain [R] ",
      "Gain [G] ",
      "Gain [B] "
    ]
  },
  "Coffee Dripper": {
    "NAME": "Coffee Dripper",
    "FLAVOR": "\"Yes, another cup please. Back to work. Back to work!\" - The Architect",
    "DESCRIPTIONS": [
      "at the start of each turn. You can no longer Rest at Rest Sites.",
      "Gain [R] ",
      "Gain [G] ",
      "Gain [B] "
    ]
  },
  "SsserpentHead": {
    "NAME": "Ssserpent Head",
    "FLAVOR": "The most fulfilling of lives is that in which you can #ybuy #yanything!",
    "DESCRIPTIONS": [
      "Whenever you begin an Event, gain #b",
      " #yGold."
    ]
  },
  "NlothsMask": {
    "NAME": "N'Loth's Mask",
    "FLAVOR": "You feel hungry.",
    "DESCRIPTIONS": [
      "Whenever you play a Rare card, gain #b",
      " #yBlock."
    ]
  },
  "FaceOfCleric": {
    "NAME": "Face Of Cleric",
    "FLAVOR": "Everyone loves Cleric.",
    "DESCRIPTIONS": [
      "Raise your Max HP by #b1 after each combat."
    ]
  },
  "CultistMask": {
    "NAME": "Cultist Mask",
    "FLAVOR": "Part of the Flock!",
    "DESCRIPTIONS": [
      "You feel more talkative.",
      "@CAW!@ NL @CAAAW@"
    ]
  },
  "GremlinMask": {
    "NAME": "Tiny Gremlin Mask",
    "FLAVOR": "Time to run.",
    "DESCRIPTIONS": [
      "Start each combat with #b1 #yWeak."
    ]
  },
  "TheAbacus": {
    "NAME": "The Abacus",
    "FLAVOR": "One...Two...Three...Dead!",
    "DESCRIPTIONS": [
      "Gain #b6 #yBlock whenever you shuffle your draw pile."
    ]
  },
  "DollysMirror": {
    "NAME": "Dolly's Mirror",
    "FLAVOR": "\"I look funny in this.\"",
    "DESCRIPTIONS": [
      "Upon pickup, obtain an additional copy of a card in your deck.",
      "Choose 1 Card to Copy."
    ]
  },
  "ClockworkSouvenir": {
    "NAME": "Clockwork Souvenir",
    "FLAVOR": "\"So many intricate gears.\"",
    "DESCRIPTIONS": [
      "At the start of each combat, gain #b1 #yArtifact."
    ]
  },
  "MealTicket": {
    "NAME": "Meal Ticket",
    "FLAVOR": "\"Complimentary meatballs with every visit!\"",
    "DESCRIPTIONS": [
      "Whenever you enter a shop room, heal #b7 HP."
    ]
  },
  "TwistedFunnel": {
    "NAME": "Twisted Funnel",
    "FLAVOR": "\"I wouldn't drink out of it.\"",
    "DESCRIPTIONS": [
      "At the start of each combat, apply #b4 #yPoison to ALL enemies."
    ]
  },
  "HandDrill": {
    "NAME": "Hand Drill",
    "FLAVOR": "\"Spirals are dangerous.\"",
    "DESCRIPTIONS": [
      "Whenever you break an enemy's block, apply #b2 #yVulnerable."
    ]
  },
  "HoveringKite": {
    "NAME": "Hovering Kite",
    "FLAVOR": "The Kite floats around you in battle, propelled by a mysterious force.",
    "DESCRIPTIONS": [
      "Discard #b1 card and gain [G] at the start of each turn."
    ]
  },
  "Sling": {
    "NAME": "Sling of Courage",
    "FLAVOR": "\"A handy tool for dealing with particularly tough opponents.\"",
    "DESCRIPTIONS": [
      "Start each Elite combat with #b",
      " #yStrength."
    ]
  },
  "FrozenCore": {
    "NAME": "Frozen Core",
    "FLAVOR": "The crack in your core has been filled with a pulsating cold energy.",
    "DESCRIPTIONS": [
      "Replaces #rCracked #rCore. If you end your turn with empty Orb slots, #yChannel #b1 #yFrost."
    ]
  },
  "OrangePellets": {
    "NAME": "Orange Pellets",
    "FLAVOR": "\"Made from various fungi found throughout the Spire, they will stave off any affliction.\"",
    "DESCRIPTIONS": [
      "Whenever you play a #yPower, #yAttack and #ySkill in the same turn, remove all of your Debuffs."
    ]
  },
  "WristBlade": {
    "NAME": "Wrist Blade",
    "FLAVOR": "Handy for assassinations.",
    "DESCRIPTIONS": [
      "#yAttack cards that cost #b0 deal #b3 additional damage."
    ]
  },
  "StoneCalendar": {
    "NAME": "Stone Calendar",
    "FLAVOR": "The passage of time is imperceptible in the Spire.",
    "DESCRIPTIONS": [
      "At the end of turn #b",
      ", deal #b",
      " damage to ALL enemies."
    ]
  },
  "Nunchaku": {
    "NAME": "Nunchaku",
    "FLAVOR": "A good training tool. Improves the posture and agility of the wielder.",
    "DESCRIPTIONS": [
      "Every time you play #b",
      " Attacks, gain [R] .",
      " Attacks, gain [G] .",
      " Attacks, gain [B] ."
    ]
  },
  "MawBank": {
    "NAME": "Maw Bank",
    "FLAVOR": "Surprisingly popular, despite maw attacks being a regular occurrence.",
    "DESCRIPTIONS": [
      "Whenever you climb a floor, gain #b5 #yGold. No longer works when you spend any #yGold at the shop.",
      " #yGold. No longer works when you spend any #yGold at the shop.",
      "This relic has been used up."
    ]
  },
  "MutagenicStrength": {
    "NAME": "Mutagenic Strength",
    "FLAVOR": "\"The results seem fleeting, triggering when the subject is in danger.\" - Unknown",
    "DESCRIPTIONS": [
      "Start each combat with #b",
      " #yStrength that is lost at the end of your turn."
    ]
  },
  "Brimstone": {
    "NAME": "Brimstone",
    "FLAVOR": "An enchanted hourglass that endlessly drips.",
    "DESCRIPTIONS": [
      "At the start of your turn, everyone gains #b",
      " #yStrength."
    ]
  },
  "Pocketwatch": {
    "NAME": "Pocketwatch",
    "FLAVOR": "The hands seem stuck on the 3 o'clock position.",
    "DESCRIPTIONS": [
      "Whenever you play #b3 or less cards in a turn, draw #b3 additional cards at the start of your next turn."
    ]
  },
  "PreservedInsect": {
    "NAME": "Preserved Insect",
    "FLAVOR": "The insect seems to create a shrinking aura that targets particularly large enemies.",
    "DESCRIPTIONS": [
      "Enemies in Elite rooms have #b",
      "% less HP."
    ]
  },
  "FossilizedHelix": {
    "NAME": "Fossilized Helix",
    "FLAVOR": "Seemingly indestructible, you wonder what kind of creature this belonged to.",
    "DESCRIPTIONS": [
      "Prevent the first time you would lose HP in combat."
    ]
  },
  "PrismaticShard": {
    "NAME": "Prismatic Shard",
    "FLAVOR": "Looking through the shard, you are able to see entirely new perspectives.",
    "DESCRIPTIONS": [
      "Combat reward screens now contain colorless cards and cards from other colors."
    ]
  },
  "WarpedTongs": {
    "NAME": "Warped Tongs",
    "FLAVOR": "The cursed tongs emit a strong desire to return to where they were stolen from.",
    "DESCRIPTIONS": [
      "At the start of your turn, #yUpgrade a random card in your hand."
    ]
  },
  "WingedGreaves": {
    "NAME": "Winged Greaves",
    "FLAVOR": "Stylish.",
    "DESCRIPTIONS": [
      "You may ignore paths when choosing the next room to travel to #b3 times."
    ]
  }
}