{
  "Alchemist": {
    "NAME": "Zestaw małego alchemika",
    "DESCRIPTIONS": [
      "Kup 5 mikstur."
    ]
  },
  "Ascension": {
    "NAME": "Wyniesienie",
    "DESCRIPTIONS": [
      "+5% do wyniku za każdy poziom Wyniesienia."
    ]
  },
  "Beyond Elites Killed": {
    "NAME": "Pokonani elitarni – Pogranicza",
    "DESCRIPTIONS": []
  },
  "Beyond Perfect": {
    "NAME": "Flash, mówisz i masz",
    "DESCRIPTIONS": [
      "Pokonaj 3 bossów bez odnoszenia żadnych obrażeń."
    ]
  },
  "Bosses Slain": {
    "NAME": "Pokonani bossowie",
    "DESCRIPTIONS": []
  },
  "Champion": {
    "NAME": "Czempion",
    "DESCRIPTIONS": [
      "Pokonano jednostkę elitarną bez odnoszenia obrażeń."
    ]
  },
  "Cheater": {
    "NAME": "Oszust",
    "DESCRIPTIONS": [
      "Przyłapano cię na oszukiwaniu. Ponowne wykroczenie wykluczy twoje wyniki z Tablicy dożywotnio."
    ]
  },
  "City Elites Killed": {
    "NAME": "Pokonani elitarni – Miasto",
    "DESCRIPTIONS": []
  },
  "Collector": {
    "NAME": "Kolekcja",
    "DESCRIPTIONS": [
      "Posiadaj 4 kopie jednej karty (poza startową)."
    ]
  },
  "Combo": {
    "NAME": "C-c-c-combo",
    "DESCRIPTIONS": [
      "Zagraj 20 kart w jednej turze."
    ]
  },
  "Curses": {
    "NAME": "Opętani",
    "DESCRIPTIONS": [
      "Twoja talia zawiera 5 Klątw."
    ]
  },
  "Encyclopedian": {
    "NAME": "Encyklopedia",
    "DESCRIPTIONS": [
      "Talia zawiera co najmniej 50 kart."
    ]
  },
  "Exordium Elites Killed": {
    "NAME": "Pokonani elitarni – Exordium",
    "DESCRIPTIONS": []
  },
  "Highlander": {
    "NAME": "Może być tylko jeden",
    "DESCRIPTIONS": [
      "Talia nie zawiera duplikatów (pomijając karty startowe)."
    ]
  },
  "I Like Gold": {
    "NAME": "Moje ty złotko",
    "DESCRIPTIONS": [
      "Zgromadzono 3000 szt. złota."
    ]
  },
  "Librarian": {
    "NAME": "Biblioteka",
    "DESCRIPTIONS": [
      "Talia zawiera co najmniej 35 kart."
    ]
  },
  "Light Speed": {
    "NAME": "Z prędkością światła",
    "DESCRIPTIONS": [
      "Pokonaj Iglicę w ciągu 45 minut."
    ]
  },
  "Minimalist": {
    "NAME": "Minimalizm",
    "DESCRIPTIONS": [
      "Usunięto z talii co najmniej 5 kart."
    ]
  },
  "Money Money": {
    "NAME": "Kasa wszędzie",
    "DESCRIPTIONS": [
      "Zgromadzono 1000 szt. złota."
    ]
  },
  "Mystery Machine": {
    "NAME": "Wehikuł Tajemnic",
    "DESCRIPTIONS": [
      "Zwiedź co najmniej 15 „?” pokoi."
    ]
  },
  "On My Own Terms": {
    "NAME": "Na moich zasadach",
    "DESCRIPTIONS": [
      "Samobójstwo."
    ]
  },
  "Overkill": {
    "NAME": "Overkill",
    "DESCRIPTIONS": [
      "Zadaj 99 pkt. obrażeń jednym ruchem."
    ]
  },
  "Pauper": {
    "NAME": "Nędznik",
    "DESCRIPTIONS": [
      "Nie posiadaj żadnej rzadkiej karty."
    ]
  },
  "Perfect": {
    "NAME": "Nie próbuj, tylko mnie traf",
    "DESCRIPTIONS": [
      "Pokonaj bossa bez odnoszenia żadnych obrażeń."
    ]
  },
  "Poopy": {
    "NAME": "Łajnot",
    "DESCRIPTIONS": [
      "Otrzymaj artefakt „Dusze odchody”."
    ]
  },
  "Raining Money": {
    "NAME": "Deszcz pieniądza",
    "DESCRIPTIONS": [
      "Zgromadzono 2000 szt. złota."
    ]
  },
  "Shiny": {
    "NAME": "Mój ssskarbie",
    "DESCRIPTIONS": [
      "Posiadaj co najmniej 25 artefaktów."
    ]
  },
  "Speedster": {
    "NAME": "Maniak prędkości",
    "DESCRIPTIONS": [
      "Pokonaj Iglicę w ciągu 60 minut."
    ]
  },
  "Stuffed": {
    "NAME": "Wypchany",
    "DESCRIPTIONS": [
      "Zwiększy maksymalną liczbę PŻ o 30."
    ]
  },
  "Well Fed": {
    "NAME": "Pełny brzuch",
    "DESCRIPTIONS": [
      "Zwiększy maksymalną liczbę PŻ o 15."
    ]
  }
}