{
  "DEV": {
    "HEADER": "Développement et conception",
    "NAMES": [
      "Anthony Giovannetti",
      "Casey Yano"
    ]
  },
  "OPS": {
    "HEADER": "Opérations et métriques",
    "NAMES": [
      "Danielle Jenkins",
      "Jake Rabinowitz"
    ]
  },
  "SOUND": {
    "HEADER": "Musique et sons",
    "NAMES": [
      "Clark Aboud"
    ]
  },
  "VOICE": {
    "HEADER": "Doublage",
    "NAMES": [
      "Tamara Ryan",
      "Michael Schwalbe"
    ]
  },
  "PORTRAITS": {
    "HEADER": "Portraits de cartes et dessins des événements",
    "NAMES": [
      "Anailis Dorta"
    ]
  },
  "ANIMATION": {
    "HEADER": "Animation des personnages",
    "NAMES": [
      "Julio Duque Montero",
      "Jon Sandler"
    ]
  },
  "ILLUSTRATION": {
    "HEADER": "Illustrations de l'arrière-plan et des promos",
    "NAMES": [
      "Bruce Brenneise"
    ]
  },
  "LOC_FRA": {
    "HEADER": "Traduction en français",
    "NAMES": [
      "Xavier \"Blagatt\" Dupont",
      "Malik \"Devexia\" Leonarski",
      "Thomas \"Elgerine\" Ferry",
      "Vincent \"Henip\" Bartoux",
      "Alexandre \"Judgy\" Gaubert",
      "Vincent \"MissingNoShiny\" Larcin",
      "Nicky \"Qazahar\" Dehout",
      "Julien \"RoPeTTe\" Ropero",
      "Hugo \"Tagadda\" Vurpillot",
      "Corentin \"Tchus\" Monfort",
      "Zachary \"WyvernZed\" Janisse",
      "Illustrations :",
      "Zoé Bergeret"
    ]
  },
  "LOC_ZHS": {
    "HEADER": "Traduction en chinois (simplifié)",
    "NAMES": [
      "Sound of Mystery"
    ]
  },
  "LOC_ZHT": {
    "HEADER": "Traduction en chinois (traditionnel)",
    "NAMES": [
      "professor",
      "bowans",
      "Angryfox"
    ]
  },
  "LOC_DEU": {
    "HEADER": "Traduction en allemand",
    "NAMES": [
      "Joshua \"Joshipon\" Wiegand",
      "Dustin \"Skrelpoid\" Kristen",
      "Jonas Trodler",
      "Hongkong Koma",
      "Moly",
      "koykoy13",
      "Magnus Upmann"
    ]
  },
  "LOC_ITA": {
    "HEADER": "Traduction en italien",
    "NAMES": [
      "Hob",
      "Mero Marco",
      "Luigi Squarzina"
    ]
  },
  "LOC_JPN": {
    "HEADER": "Traduction en japonais",
    "NAMES": [
      "Grezzz"
    ]
  },
  "LOC_KOR": {
    "HEADER": "Traduction en coréen",
    "NAMES": [
      "Responsable de la traduction :",
      "Eteriny",
      "Traduction :",
      "Simcoding",
      "DesFrog",
      "Fissh",
      "insight",
      "K4lium",
      "hina",
      "Traduction de la page Steam :",
      "GyeRyak"
    ]
  },
  "LOC_NOR": {
    "HEADER": "Traduction en norvégien",
    "NAMES": [
      "Eystein Jarp"
    ]
  },
  "LOC_PTB": {
    "HEADER": "Traduction en portugais du Brésil",
    "NAMES": [
      "Guilherme \"GPerego\" Perego",
      "Gustavo \"KomKlave\" Duarte",
      "José \"Maneimax\" Vasconcelos",
      "Leonardo \"Iikat\" Takii",
      "Nathan \"NoxShadow\" Cervieri",
      "Paulo \"SilverTape\" Hauck"
    ]
  },
  "LOC_POL": {
    "HEADER": "Traduction en polonais",
    "NAMES": [
      "Traduction et Coordination :",
      "Stanis³aw \"ST4H\" Borkowski",
      "Oskar \"volf3n\" Nowak",
      "Traductions additionnelles :",
      "Adrian \"xeros\" Rolka",
      "Relecture :",
      "Oskar \"volf3n\" Nowak",
      "Suggestions et Retours :",
      "Kasper \"Awokado\" Beræ",
      "Pawe³ \"BASTIL\" Kaleta",
      "Grzegorz \"GregPL\" Bogus³awski",
      "Erwin \"mateusz3010\" Matys",
      "Mettie",
      "Rafa³ \"SponTon83\" Szyszko"
    ]
  },
  "LOC_RUS": {
    "HEADER": "Traduction en russe",
    "NAMES": [
      "Traduction :",
      "Ivan \"Ingrett\" Khoroshunenko",
      "Vladislav \"Vlad-00003\" Bolshakov",
      "Dmitry \"Regallion\" Zhiryakov",
      "Suggestions et Retours :",
      "Mikhail \"Outmind\" Dyuzhev",
      "Bohdan \"DarkRosse\" Kalytiuk",
      "Sergey \"lol10801lol\" K.",
      "Ascimator",
      "Kateryna \"Meds\" Belimenko-Bolger",
      "Alexey \"Surrealistic Ganerson\" Popov",
      "Alexandr \"LiaNdrY\" Mazistov",
      "Shop Asset Translation:",
      "Urist McFerrum"
    ]
  },
  "LOC_TUR": {
    "HEADER": "Traduction en turc",
    "NAMES": [
      "Erdem Gürbüz"
    ]
  },
  "LOC_SRB": {
    "HEADER": "Traduction en serbe",
    "NAMES": [
      "Nikola \"hauzer\" Vukosavljević"
    ]
  },
  "LOC_UKR": {
    "HEADER": "Traduction en ukrainien",
    "NAMES": [
      "Vladyslav \"DarkXylese\" Kashtelyanov",
      "Vasyl \"RDSk\" Mykhaliuk"
    ]
  },
  "LOC_CAT": {
    "HEADER": "Traduction en catalan",
    "NAMES": []
  },
  "LOC_GRE": {
    "HEADER": "Traduction en grec",
    "NAMES": [
      "Kotsos \"Iglor\" Diamond"
    ]
  },
  "LOC_ADDITIONAL": {
    "HEADER": "Traductions additionnelles",
    "NAMES": [
      "MoGi Group"
    ]
  },
  "TEST": {
    "HEADER": "Testeurs",
    "NAMES": [
      "Agari",
      "Daria Anderson",
      "Zac Bauermeister",
      "Nick Becker",
      "Esther Beckman",
      "Leo Chen",
      "Brian Chau",
      "Dan D'Argenio",
      "David Delorenzo",
      "Tim Erskine",
      "Benjamin Finkel",
      "Rajiv Giridharagopal",
      "Wyatt Grodzins",
      "Ren Howell",
      "Kyle James",
      "Ryan Mathisen",
      "Anthony McMillian",
      "Brad Meine",
      "Jacob Morris",
      "Alex Rockwell",
      "Greg Scheopner",
      "John \"Slide20xl\" Smith",
      "Aaron Taggart",
      "Alexander Toy",
      "Merijn van der Vliet",
      "David Von Derau",
      "Conor Watson",
      "David \"divadus\" Withington"
    ]
  },
  "SPECIAL": {
    "HEADER": "Remerciements",
    "NAMES": [
      "Harry Rabinowitz",
      "Kevin \"Billy\" Matheson",
      "Anthony Roybal",
      "Lee Beckman",
      "Sam Welch",
      "feedbackbot",
      "Evan Howell",
      "Justin Myhres",
      "robojumper"
    ]
  },
  "THANKS_MSG": {
    "HEADER": "...et merci à VOUS d'avoir joué!",
    "NAMES": []
  },
  "LOC_IND": {
    "HEADER": "Traduction en indonésien",
    "NAMES": [
      "Aditya \"RiSQ.\" Arifin",
      "Daryan \"Samus\" Ramadhany",
      "Haveiszal \"Szaal\" Faroqie"
    ]
  },
  "LOC_SPA": {
    "HEADER": "Traduction en espagnol",
    "NAMES": [
      "Traduction et coordination :",
      "Pedro Luis \"PerikiyoXD\" Valadés Viera",
      "Traduction :",
      "Xavier \"xabad98\" Abad Salinas",
      "Sergio \"Skiddome\" Malagón",
      "Juanjo \"ajuanjojjj\" Martinez",
      "Pedro J. \"PJJLegend\" Jiménez",
      "Grammaire et nettoyage :",
      "Joaquín \"Pip1n\" López"
    ]
  },
  "LOC_EPO": {
    "HEADER": "Traduction en espéranto",
    "NAMES": [
      "Vincent \"Babelismoj\" Oostelbos"
    ]
  }
}