{
  "Accuracy": {
    "NAME": "Précision",
    "DESCRIPTIONS": [
      "Les #ySurins infligent #b",
      " dégâts supplémentaires."
    ]
  },
  "After Image": {
    "NAME": "Image rémanente",
    "DESCRIPTIONS": [
      "Lorsque vous jouez une carte, gagnez #b",
      " #yd'Armure."
    ]
  },
  "Anger": {
    "NAME": "Enrager",
    "DESCRIPTIONS": [
      "Lorsque vous jouez une carte Compétence, gagne #b",
      " de #yForce."
    ]
  },
  "Angry": {
    "NAME": "Colère",
    "DESCRIPTIONS": [
      "Lorsque ",
      " subit des dégâts #yd'Attaque, gagne #b",
      " de #yForce."
    ]
  },
  "Artifact": {
    "NAME": "Artéfact",
    "DESCRIPTIONS": [
      "Annule #b",
      " débuff.",
      " débuffs."
    ]
  },
  "Attack Burn": {
    "NAME": "Attaque brûlante",
    "DESCRIPTIONS": [
      "Pendant #b",
      " tour, lorsque vous jouez une carte #yAttaque, #ycelle-ci est Épuisée.",
      "Pendant les #b prochains",
      " tours, lorsque vous jouez une carte #yAttaque, #ycelle-ci est Épuisée."
    ]
  },
  "Barricade": {
    "NAME": "Barricade",
    "DESCRIPTIONS": [
      "#yL'Armure n'est pas retirée au début de votre tour.",
      "#yL'Armure n'est pas retirée au début du tour."
    ]
  },
  "Blur": {
    "NAME": "Flou",
    "DESCRIPTIONS": [
      "#yL'Armure n'est pas retirée au début du prochain tour.",
      "#yL'Armure n'est pas retirée au début des prochains #b",
      " tours."
    ]
  },
  "Brutality": {
    "NAME": "Brutalité",
    "DESCRIPTIONS": [
      "Au début de votre tour, vous perdez #b",
      " PV et piochez #b",
      " carte.",
      "Au début de votre tour, vous perdez #b",
      " PV et piochez #b",
      " cartes."
    ]
  },
  "Burst": {
    "NAME": "Déflagration",
    "DESCRIPTIONS": [
      "Pendant ce tour, votre prochaine carte #yCompétence se déclenche deux fois.",
      "Pendant ce tour, vos ",
      " prochaines cartes #yCompétence se déclenchent deux fois."
    ]
  },
  "Choked": {
    "NAME": "Étouffement",
    "DESCRIPTIONS": [
      "Perd #b",
      " PV lorsque vous jouez une carte pendant ce tour."
    ]
  },
  "Combust": {
    "NAME": "Combustion",
    "DESCRIPTIONS": [
      "À la fin de votre tour, vous perdez #b",
      " PV et infligez #b",
      " dégâts à TOUS les ennemis."
    ]
  },
  "Confusion": {
    "NAME": "Confusion",
    "DESCRIPTIONS": [
      "Le coût des cartes que vous piochez est aléatoire."
    ]
  },
  "Constricted": {
    "NAME": "Restreinte",
    "DESCRIPTIONS": [
      "À la fin de votre tour, vous subissez #b",
      " dégâts."
    ]
  },
  "Corruption": {
    "NAME": "Corruption",
    "DESCRIPTIONS": [
      "Les cartes Compétence coûtent #b0. Lorsque vous jouez une carte #yCompétence, #ycelle-ci est Épuisée.",
      "Lorsque vous jouez une carte #yCompétence, #ycelle-ci est Épuisée."
    ]
  },
  "Curiosity": {
    "NAME": "Curiosité",
    "DESCRIPTIONS": [
      "Lorsque vous jouez une carte #yPouvoir, gagne #b",
      " de #yForce."
    ]
  },
  "Curl Up": {
    "NAME": "Recroquevillement",
    "DESCRIPTIONS": [
      "Après avoir encaissé des dégâts #yd'Attaque, se roule en boule et gagne des points ",
      " #yd'Armure."
    ]
  },
  "Dance Puppet": {
    "NAME": "Marionnette dansante",
    "DESCRIPTIONS": [
      "Lorsque vous jouez une carte autre que Compétence, vous subissez #b",
      " dégâts. (Le type de carte change à chaque tour).",
      "Lorsque vous jouez une carte autre qu'Attaque, obtenez #b",
      "Marionnette dansante +1"
    ]
  },
  "Dark Embrace": {
    "NAME": "Sombre étreinte",
    "DESCRIPTIONS": [
      "Lorsqu'une carte est #yÉpuisée, vous piochez #b1 carte.",
      "Lorsqu'une carte est #yÉpuisée, vous piochez #b",
      " cartes."
    ]
  },
  "Demon Form": {
    "NAME": "Forme démoniaque",
    "DESCRIPTIONS": [
      "Au début de votre tour, gagnez #b",
      " de #yForce."
    ]
  },
  "Dexterity": {
    "NAME": "Dextérité",
    "DESCRIPTIONS": [
      "Augmente #yl'Armure obtenu par les cartes de #b.",
      "Réduit #yl'Armure obtenu par les cartes de #b.",
      "."
    ]
  },
  "Double Damage": {
    "NAME": "Dégâts doubles",
    "DESCRIPTIONS": [
      "Les cartes #yAttaque infligent le double des dégâts pendant #b",
      " tour.",
      " tours."
    ]
  },
  "Double Tap": {
    "NAME": "Attaque double",
    "DESCRIPTIONS": [
      "Pendant ce tour, votre prochaine carte #yAttaque sera jouée deux fois.",
      "Pendant ce tour, votre prochaine carte ",
      " #yAttaque sera jouée deux fois."
    ]
  },
  "Draw Card": {
    "NAME": "Bonne pioche",
    "DESCRIPTIONS": [
      "Vous piochez #b",
      " cartes au prochain tour.",
      " carte au prochain tour."
    ]
  },
  "Draw": {
    "NAME": "Pioche",
    "DESCRIPTIONS": [
      "Vous piochez #b",
      " carte supplémentaire au début de chaque tour.",
      " carte en moins au début de chaque tour.",
      " cartes supplémentaires au début de chaque tour.",
      " cartes en moins au début de chaque tour."
    ]
  },
  "Draw Down": {
    "NAME": "Mauvaise pioche",
    "DESCRIPTIONS": [
      "Vous piochez #b",
      " carte en moins au prochain tour.",
      " cartes en moins au prochain tour."
    ]
  },
  "Draw Reduction": {
    "NAME": "Réduction de pioche",
    "DESCRIPTIONS": [
      "Vous piochez #b1 carte en moins au prochain tour.",
      "Vous piochez #b1 carte en moins pendant #b",
      " tours."
    ]
  },
  "Energized": {
    "NAME": "Énergétique",
    "DESCRIPTIONS": [
      "Gagnez #b",
      " [G] supplémentaire au prochain tour.",
      " [G] supplémentaires au prochain tour.",
      " - TRANSLATOR NOTE: - The above line is for plural if needed to distinguish from singular."
    ]
  },
  "Entangled": {
    "NAME": "Enchevêtré",
    "DESCRIPTIONS": [
      "Vous ne pouvez pas jouer de cartes #yAttaque pendant un tour."
    ]
  },
  "Envenom": {
    "NAME": "Envenimement",
    "DESCRIPTIONS": [
      "Quand vous infligez des dégâts #yd'Attaque, vous appliquez #b",
      " de #y Poison."
    ]
  },
  "Evolve": {
    "NAME": "Évolution",
    "DESCRIPTIONS": [
      "Lorsque vous piochez une carte #yStatut, piochez une carte.",
      "Lorsque vous piochez une carte #yStatut, piochez #b",
      " cartes."
    ]
  },
  "Explosive": {
    "NAME": "Kamikaze",
    "DESCRIPTIONS": [
      "Dans #b",
      " tours, explose et inflige #b",
      " dégâts.",
      "Pendant son tour, explose et inflige #b"
    ]
  },
  "Feel No Pain": {
    "NAME": "Ignore la douleur",
    "DESCRIPTIONS": [
      "Lorsqu'une carte est #yÉpuisée, gagnez #b",
      " #yd'Armure."
    ]
  },
  "Fire Breathing": {
    "NAME": "Souffle de feu",
    "DESCRIPTIONS": [
      "À la fin de votre tour, pour chaque #yAttaque jouée, inflige #b",
      " dégâts à TOUS les ennemis."
    ]
  },
  "Flame Barrier": {
    "NAME": "Barrière enflammée",
    "DESCRIPTIONS": [
      "Lorsque vous subissez des dégâts d'#yAttaque, inflige #b",
      " dégâts en retour."
    ]
  },
  "Flight": {
    "NAME": "Envolée",
    "DESCRIPTIONS": [
      "Réduit les dégâts #yd'Attaque subis de #b50 %. Annulation si des dégâts #yd'Attaque sont infligés à #b",
      " reprises en un tour."
    ]
  },
  "Nullify Attack": {
    "NAME": "Attaque annulée",
    "DESCRIPTIONS": [
      "#yBloque entièrement une #yAttaque à chaque tour."
    ]
  },
  "Frail": {
    "NAME": "Frêle",
    "DESCRIPTIONS": [
      "Les cartes vous octroient #b25 % moins #yd'Armure pendant #b",
      " tour.",
      " tours."
    ]
  },
  "Shackled": {
    "NAME": "Enchaîné",
    "DESCRIPTIONS": [
      "Regagne #b",
      " de #yForce à la fin du tour."
    ]
  },
  "Gambit": {
    "NAME": "Manœuvre",
    "DESCRIPTIONS": [
      "Après #b",
      " tour, gagnez ",
      " tours, gagnez ",
      " [B] ."
    ]
  },
  "Hex": {
    "NAME": "Maléfice",
    "DESCRIPTIONS": [
      "Lorsque vous jouez une carte autre qu'Attaque, insèrez #b",
      " carte #yHébétement dans votre deck."
    ]
  },
  "Hide": {
    "NAME": "Cache-cache",
    "DESCRIPTIONS": [
      "Vous ne subissez aucun dégât jusqu'au début de votre prochain tour.",
      "Vous ne subissez aucun dégât pendant #b",
      " tours."
    ]
  },
  "Infinite Blades": {
    "NAME": "Lames infinies",
    "DESCRIPTIONS": [
      "Au début de votre tour, ajoutez #b",
      " #ySurins à votre main.",
      " #ySurin à votre main."
    ]
  },
  "Bullet Time": {
    "NAME": "Balles arrêtées",
    "DESCRIPTIONS": [
      "Le coût en Énergie de toutes les cartes vertes est de #b0."
    ]
  },
  "Intangible": {
    "NAME": "Intangible",
    "DESCRIPTIONS": [
      "Réduit TOUS les dégâts subis et la perte de PV à #b1. Intangible est réappliqué un tour sur deux."
    ]
  },
  "Inverted": {
    "NAME": "Inversion",
    "DESCRIPTIONS": [
      "Immunité aux dégâts. Lorsque vous gagnez de #yl'Armure, perdez autant de PV."
    ]
  },
  "Juggernaut": {
    "NAME": "Mastodonte",
    "DESCRIPTIONS": [
      "Lorsque vous gagnez de #yl'Armure, infligez #b",
      " dégâts à un ennemi aléatoire."
    ]
  },
  "Knowledge": {
    "NAME": "Connaissance",
    "DESCRIPTIONS": [
      "Lorsque vous jouez une carte #yPouvoir, vous piochez #b",
      " cartes."
    ]
  },
  "Flex": {
    "NAME": "Perte de Force",
    "DESCRIPTIONS": [
      "À la fin de votre tour, vous perdez #b",
      " de #yForce."
    ]
  },
  "Malleable": {
    "NAME": "Malléable",
    "DESCRIPTIONS": [
      "Après avoir encaissé des dégâts #yd'Attaque, gagne #b",
      " #yd'Armure. #yL'Armure gagnée augmente ",
      " avec les activations. Réinitialisation à #b",
      " au début de votre tour."
    ]
  },
  "Metallicize": {
    "NAME": "Métallisation",
    "DESCRIPTIONS": [
      "Gagnez #b",
      " #yd'Armure à la fin de votre tour.",
      "Gagne #b",
      " #yd'Armure à la fin de son tour."
    ]
  },
  "Mode Shift": {
    "NAME": "Changement de mode",
    "DESCRIPTIONS": [
      "Après avoir encaissé #b",
      " dégâts, passe en mode défensif."
    ]
  },
  "Next Turn Block": {
    "NAME": "Armure au prochain tour",
    "DESCRIPTIONS": [
      "Au début de votre prochain tour, gagnez #b",
      " #yd'Armure."
    ]
  },
  "No Draw": {
    "NAME": "Pas de pioche",
    "DESCRIPTIONS": [
      "Vous ne pouvez pas piocher de cartes jusqu'à la fin du tour."
    ]
  },
  "Noxious Fumes": {
    "NAME": "Fumées toxiques",
    "DESCRIPTIONS": [
      "Au début de votre tour, appliquez #b",
      " de #yPoison à TOUS les ennemis."
    ]
  },
  "Panache": {
    "NAME": "Panache",
    "DESCRIPTIONS": [
      "Si vous jouez #b",
      " carte de plus pendant ce tour, infligez #b",
      " dégâts à TOUS les ennemis.",
      " cartes de plus pendant ce tour, infligez #b"
    ]
  },
  "Pen Nib": {
    "NAME": "Pointe de stylo",
    "DESCRIPTIONS": [
      "Votre prochaine carte #yAttaque inflige le double de dégâts."
    ]
  },
  "Phantasmal": {
    "NAME": "Illusion",
    "DESCRIPTIONS": [
      "Infligez le #ydouble des #ydégâts au prochain tour.",
      "Infligez le #ydouble des #ydégâts aux ",
      " prochains tours."
    ]
  },
  "Plated Armor": {
    "NAME": "Armure plaquée",
    "DESCRIPTIONS": [
      "Gagnez #b",
      " #yd'Armure à la fin de votre tour. Perdre des PV à cause d'Attaques réduit #yl'Armure #yplaquée de #b1.",
      "Gagnez #b",
      " #yd'Armure à la fin de son tour. Perdre des PV à cause d'Attaques réduit #yl'Armure #yplaquée de #b1."
    ]
  },
  "Poison": {
    "NAME": "Poison",
    "DESCRIPTIONS": [
      "Au début de votre tour, vous perdez #b",
      " PV, puis réduit le #yPoison de #b1.",
      "Au début de son tour, perd #b"
    ]
  },
  "Rage": {
    "NAME": "Rage",
    "DESCRIPTIONS": [
      "Lorsque vous jouez une carte Attaque, gagne #b",
      " #yd'Armure."
    ]
  },
  "Reduce Damage": {
    "NAME": "Réduction de dégâts",
    "DESCRIPTIONS": [
      "Réduit les dégâts subis de #b"
    ]
  },
  "Regenerate": {
    "NAME": "Régénération",
    "DESCRIPTIONS": [
      "Récupère #b",
      " #yPV à la fin de son tour."
    ]
  },
  "Regeneration": {
    "NAME": "Régénération",
    "DESCRIPTIONS": [
      "À la fin du tour, récupérez #b",
      " #yPV et perdez 1 de Régénération.",
      ""
    ]
  },
  "Life Link": {
    "NAME": "Lien vital",
    "DESCRIPTIONS": [
      "Si d'autres ennemis sont encore vivants, résurrection dans #b2 tours à #b50 % de PV."
    ]
  },
  "Repulse": {
    "NAME": "Répulsion",
    "DESCRIPTIONS": [
      "Lorsque ",
      " des dégâts d'attaque sont encaissés, insère une carte #yBlessure dans votre main."
    ]
  },
  "Retain Cards": {
    "NAME": "Conserver des cartes",
    "DESCRIPTIONS": [
      "À la fin de chaque tour, vous conservez #b",
      " carte.",
      " cartes."
    ]
  },
  "Retain Hand": {
    "NAME": "Conserver votre main",
    "DESCRIPTIONS": [
      "À la fin de votre tour, vous ne défaussez pas votre main pendant #b",
      " tours.",
      "À la fin de votre tour, vous ne défaussez pas votre main."
    ]
  },
  "Riposte": {
    "NAME": "Riposte",
    "DESCRIPTIONS": [
      "Une fois par tour, inflige #b",
      " dégâts en retour lorsque vous jouez une carte #yAttaque."
    ]
  },
  "Ritual": {
    "NAME": "Rituel",
    "DESCRIPTIONS": [
      "À la fin de son tour, gagne #b",
      " de #yForce."
    ]
  },
  "Generic Strength Up Power": {
    "NAME": "",
    "DESCRIPTIONS": [
      "À la fin de son tour, gagne #b",
      " de #yForce."
    ]
  },
  "Rupture": {
    "NAME": "Rupture",
    "DESCRIPTIONS": [
      "Après avoir perdu des PV à cause d'une carte, gagnez #b",
      " de #yForce."
    ]
  },
  "Sadistic": {
    "NAME": "Sadique",
    "DESCRIPTIONS": [
      "Lorsque vous appliquez un débuff à un ennemi, infligez #b",
      " dégâts."
    ]
  },
  "Serpentine": {
    "NAME": "Serpentin",
    "DESCRIPTIONS": [
      "Immunisé aux #ypotions."
    ]
  },
  "Sharp Hide": {
    "NAME": "Peau dure",
    "DESCRIPTIONS": [
      "Lorsque vous jouez une carte #yAttaque, vous subissez #b",
      " dégâts."
    ]
  },
  "Shriek From Beyond": {
    "NAME": "Hurlement de l'au-delà",
    "DESCRIPTIONS": [
      "Lorsque vous jouez une carte Attaque, défaussez une carte aléatoire."
    ]
  },
  "Skill Burn": {
    "NAME": "Brûlure de compétences",
    "DESCRIPTIONS": [
      "Pendant #b",
      " tour, lorsque vous jouez une carte #yCompétence, #ycelle-ci est Épuisée.",
      "Pendant les #b prochains",
      " tours, lorsque vous jouez une carte #yCompétence, #ycelle-ci est Épuisée."
    ]
  },
  "Slow": {
    "NAME": "Ralenti",
    "DESCRIPTIONS": [
      "Pour chaque carte jouée pendant ce tour, ",
      " subit #b10 % de dégâts en plus des cartes #yAttaque.",
      " (subit #b",
      "% plus en dégâts)"
    ]
  },
  "Split": {
    "NAME": "Séparation",
    "DESCRIPTIONS": [
      "Lorsque ses PV descendent en dessous de #b50 %, il se sépare en #b2 slimes plus petits avec les PV restants de ",
      "."
    ]
  },
  "Spore Cloud": {
    "NAME": "Nuage de spores",
    "DESCRIPTIONS": [
      "À sa mort, vous applique #yVulnérabilité pendant #b",
      " tours."
    ]
  },
  "Stasis": {
    "NAME": "Stase",
    "DESCRIPTIONS": [
      "À sa mort, ",
      " revient dans votre main."
    ]
  },
  "Extra Cards": {
    "NAME": "Plus de cartes",
    "DESCRIPTIONS": [
      "Vous piochez #b1 carte en plus au prochain tour.",
      "Vous piochez #b",
      " cartes en plus au prochain tour."
    ]
  },
  "Strength": {
    "NAME": "Force",
    "DESCRIPTIONS": [
      "Augmente les dégâts d'Attaque de #b",
      "Réduit les dégâts d'Attaque de #b",
      "."
    ]
  },
  "Thievery": {
    "NAME": "Larcin",
    "DESCRIPTIONS": [
      " vole #b",
      " #yd'or lors de l'attaque."
    ]
  },
  "Thorns": {
    "NAME": "Épines",
    "DESCRIPTIONS": [
      "Quand vous subissez des dégâts #yd'Attaque, inflige #b",
      " dégâts en retour."
    ]
  },
  "Thousand Cuts": {
    "NAME": "Mille coupures",
    "DESCRIPTIONS": [
      "Lorsque vous jouez une carte, infligez #b",
      " dégâts à TOUS les ennemis."
    ]
  },
  "Berserk": {
    "NAME": "Folie furieuse",
    "DESCRIPTIONS": [
      "Gagnez ",
      "  au début de votre tour."
    ]
  },
  "Time Warp": {
    "NAME": "Distorsion temporelle",
    "DESCRIPTIONS": [
      "Lorsque vous jouez #b",
      " cartes, votre tour prend fin et le Dévor'Heures gagne #b",
      " de #yForce."
    ]
  },
  "Tools Of The Trade": {
    "NAME": "Savoir-faire",
    "DESCRIPTIONS": [
      "Au début de votre tour, vous piochez #b",
      " carte et défaussez #b",
      " carte.",
      " cartes et défaussez #b",
      " cartes."
    ]
  },
  "Unawakened": {
    "NAME": "Endormi",
    "DESCRIPTIONS": [
      "Cet ennemi n'a pas encore été éveillé..."
    ]
  },
  "Unstable": {
    "NAME": "Instable",
    "DESCRIPTIONS": [
      "Infligez assez de dégâts pour lui faire perdre l'équilibre."
    ]
  },
  "Venomology": {
    "NAME": "Toxicologie",
    "DESCRIPTIONS": [
      "Le #ypoison est renforcé de #b",
      " plutôt que de baisser à chaque tour."
    ]
  },
  "Vulnerable": {
    "NAME": "Vulnérabilité",
    "DESCRIPTIONS": [
      "Vous subissez #b",
      "% de dégâts en plus des #yAttaques pendant #b",
      " tour.",
      " tours."
    ]
  },
  "Weakened": {
    "NAME": "Affaibli",
    "DESCRIPTIONS": [
      "Les #yAttaques infligent #b",
      "% de dégâts en moins pendant #b",
      " tour.",
      " tours."
    ]
  },
  "Night Terror": {
    "NAME": "Cauchemar",
    "DESCRIPTIONS": [
      "Au début de votre prochain tour, ajoutez #b",
      " cartes à votre main."
    ]
  },
  "Painful Stabs": {
    "NAME": "Blessures douloureuses",
    "DESCRIPTIONS": [
      "À chaque fois que cet ennemi vous inflige des dégâts, ajoutez une #yPlaie à votre Défausse."
    ]
  },
  "Minion": {
    "NAME": "Sbire",
    "DESCRIPTIONS": [
      "Les sbires abandonnent le combat en l'absence de leur leader."
    ]
  },
  "GrowthPower": {
    "NAME": "Croissance",
    "DESCRIPTIONS": [
      "À la fin du tour, gagne #b",
      " de #yForce."
    ]
  },
  "IntangiblePlayer": {
    "NAME": "Intangible",
    "DESCRIPTIONS": [
      "Réduit TOUS les dégâts subis et la perte de PV à #b1."
    ]
  },
  "Wraith Form v2": {
    "NAME": "Forme spectrale",
    "DESCRIPTIONS": [
      "À la fin de votre tour, perdez #b",
      " de #yDextérité."
    ]
  },
  "Focus": {
    "NAME": "Concentration",
    "DESCRIPTIONS": [
      "Accroît la puissance des Orbes de #b",
      "Décroît la puissance des Orbes de #b",
      "."
    ]
  },
  "Bias": {
    "NAME": "Biais",
    "DESCRIPTIONS": [
      "Au début de votre tour, perdez #b",
      " de #yConcentration."
    ]
  },
  "Creative AI": {
    "NAME": "IA créative",
    "DESCRIPTIONS": [
      "Au début de votre tour, ajoutez #b",
      " Pouvoir aléatoire à votre main.",
      " Pouvoirs aléatoires à votre main."
    ]
  },
  "Prime": {
    "NAME": "Préparation",
    "DESCRIPTIONS": [
      "Quand vous #yCanalisez un Orbe, piochez #b",
      " carte.",
      " cartes."
    ]
  },
  "Loop": {
    "NAME": "Boucle",
    "DESCRIPTIONS": [
      "Au début de votre tour, utilisez la capacité passive de votre prochain Orbe.",
      "Au début de votre tour, utilisez la capacité passive de vos #b",
      " prochains Orbes."
    ]
  },
  "Heatsink": {
    "NAME": "Dissipation de chaleur",
    "DESCRIPTIONS": [
      "Quand vous jouez un Pouvoir, piochez #b",
      " carte.",
      " cartes."
    ]
  },
  "Repair": {
    "NAME": "Réparation",
    "DESCRIPTIONS": [
      "À la fin du combat, récupérez #b",
      " PV."
    ]
  },
  "Hello": {
    "NAME": "Hello",
    "DESCRIPTIONS": [
      "Au début de chaque tour, ajoutez #b",
      " cartes Communes aléatoire à votre main.",
      " carte Commune aléatoire à votre main."
    ]
  },
  "Buffer": {
    "NAME": "Tampon",
    "DESCRIPTIONS": [
      "Empêche votre prochaine perte de PV.",
      "Empêche vos #b",
      " prochaines pertes de PV."
    ]
  },
  "No Attack": {
    "NAME": "Passif",
    "DESCRIPTIONS": [
      "Vous ne pouvez pas jouer d'#yAttaques ce tour."
    ]
  },
  "StaticDischarge": {
    "NAME": "Décharge statique",
    "DESCRIPTIONS": [
      "Quand vous subissez des dégâts d'une #yAttaque, #yCanalisez #b",
      " Orbe(s) #yKéraunique(s)."
    ]
  },
  "Storm": {
    "NAME": "Orage",
    "DESCRIPTIONS": [
      "Quand vous jouez un #bPouvoir, #yCanalisez #b",
      " Orbe(s) #yKéraunique(s)."
    ]
  },
  "Primitive": {
    "NAME": "Primitif",
    "DESCRIPTIONS": [
      "Quand vous jouez une carte Commune, piochez #b",
      " carte.",
      " cartes."
    ]
  },
  "Rebound": {
    "NAME": "Rebond",
    "DESCRIPTIONS": [
      "La prochaine carte que vous jouez ce tour est placée au sommet de votre pioche.",
      "Les #b",
      " prochaines cartes que vous jouez ce tour sont placées au sommet de votre pioche."
    ]
  },
  "Amplify": {
    "NAME": "Amplification",
    "DESCRIPTIONS": [
      "Ce tour, jouez votre prochain #yPouvoir deux fois.",
      "Ce tour, jouez vos ",
      " prochains #yPouvoirs deux fois."
    ]
  },
  "Conserve": {
    "NAME": "Économie",
    "DESCRIPTIONS": [
      "L' #yÉnergie est conservée pour le prochain tour.",
      "L' #yÉnergie est conservée pour les #b",
      " prochains tours."
    ]
  },
  "Machine Learning": {
    "NAME": "Machine Learning",
    "DESCRIPTIONS": [
      "Piochez #b",
      " carte additionnelle au début de chaque tour.",
      " cartes additionnelles au début de chaque tour."
    ]
  },
  "Magnetism": {
    "NAME": "Magnétisme",
    "DESCRIPTIONS": [
      "Au début de votre tour, ajoutez #b%s carte incolore aléatoire à votre main.",
      "Au début de votre tour, ajoutez #b%s cartes incolores aléatoires à votre main."
    ]
  },
  "Echo Form": {
    "NAME": "Forme résonnante",
    "DESCRIPTIONS": [
      "La première carte que vous jouez chaque tour est jouée deux fois.",
      "Les #b",
      " premières cartes que vous jouez chaque tour sont jouées deux fois."
    ]
  },
  "Lockon": {
    "NAME": "Verrouillage",
    "DESCRIPTIONS": [
      "Reçoit #b",
      " % de dégâts supplémentaires des Orbes pendant #b",
      " tour.",
      " tours."
    ]
  },
  "DexLoss": {
    "NAME": "Perte de Dextérité",
    "DESCRIPTIONS": [
      "A la fin de votre tour, perdez #b",
      " de #yDextérité."
    ]
  },
  "Electro": {
    "NAME": "Électro",
    "DESCRIPTIONS": [
      "Les Orbes #yKérauniques frappent TOUS les ennemis.",
      "",
      ""
    ]
  },
  "Equilibrium": {
    "NAME": "Equilibrium",
    "DESCRIPTIONS": [
      "Concervez votre main ce tour.",
      "Concervez votre main pendant #b",
      " tours."
    ]
  },
  "Shifting": {
    "NAME": "Instable",
    "DESCRIPTIONS": [
      "Quand ",
      " subit des dégâts, il perd autant de #yForce jusqu'à la fin de son tour."
    ]
  },
  "Fading": {
    "NAME": "Éphémère",
    "DESCRIPTIONS": [
      "Meurt dans #b",
      " tours.",
      "Meurt ce tour."
    ]
  },
  "EnergizedBlue": {
    "NAME": "Énergétique",
    "DESCRIPTIONS": [
      "Gagnez #b",
      " [B] supplémentaire au prochain tour.",
      " [B] supplémentaires au prochain tour.",
      " - TRANSLATOR NOTE: - The above line is for plural if needed to distinguish from singular."
    ]
  },
  "TimeMazePower": {
    "NAME": "Labyrinthe temporel",
    "DESCRIPTIONS": [
      "Quand vous jouez #b",
      " cartes, votre tour se termine."
    ]
  },
  "NoBlockPower": {
    "NAME": "À découvert",
    "DESCRIPTIONS": [
      "Vous ne pouvez plus gagner #yd'Armure avec des cartes."
    ]
  },
  "CorpseExplosionPower": {
    "NAME": "Explosion morbide",
    "DESCRIPTIONS": [
      "Quand cet ennemi meurt, infligez autant de dégâts que ses PV Max à TOUS les ennemis.",
      "Quand cet ennemi meurt, infligez autant de dégâts que #b",
      " fois ses PV Max à TOUS les ennemis."
    ]
  },
  "TheBomb": {
    "NAME": "La Bombe",
    "DESCRIPTIONS": [
      "Dans %1$s tours, infligez %2$s dégât(s) à TOUS les ennemis.",
      "À la fin de ce tour, infligez %1$s dégât(s) à TOUS les ennemis"
    ]
  },
  "Mayhem": {
    "NAME": "Grabuge",
    "DESCRIPTIONS": [
      "Au début de votre tour, jouez la première carte de votre pioche.",
      "Au début de votre tour, jouez les #b",
      " premières cartes de votre pioche."
    ]
  }
}