{
  "ANIMATION": {
    "HEADER": "Charakter-Animation",
    "NAMES": [
      "Julio Duque Montero",
      "Jon Sandler"
    ]
  },
  "DEV": {
    "HEADER": "Entwicklung & Design",
    "NAMES": [
      "Anthony Giovannetti",
      "Casey Yano"
    ]
  },
  "ILLUSTRATION": {
    "HEADER": "Promo- & Hintergrund-Illustration",
    "NAMES": [
      "Bruce Brenneise"
    ]
  },
  "LOC_ADDITIONAL": {
    "HEADER": "Zusätzliche Übersetzungen",
    "NAMES": [
      "MoGi Group"
    ]
  },
  "LOC_CAT": {
    "HEADER": "Katalanische Übersetzung",
    "NAMES": []
  },
  "LOC_DEU": {
    "HEADER": "Deutsche Übersetzung",
    "NAMES": [
      "Joshua \"Joshipon\" Wiegand ",
      "Dustin \"Skrelpoid\" Kristen",
      "Jonas Trodler",
      "Hongkong Koma",
      "Moly",
      "koykoy13",
      "Magnus Upmann"
    ]
  },
  "LOC_EPO": {
    "HEADER": "Esperanto-Übersetzung",
    "NAMES": [
      "Vincent \"Babelismoj\" Oostelbos"
    ]
  },
  "LOC_FRA": {
    "HEADER": "Französische Übersetzung",
    "NAMES": [
      "Xavier \"Blagatt\" Dupont",
      "Malik \"Devexia\" Leonarski",
      "Thomas \"Elgerine\" Ferry",
      "Vincent \"Hénip\" Bartoux",
      "Alexandre \"Judgy\" Gaubert",
      "Vincent \"MissingNoShiny\" Larcin",
      "Julien \"RoPeTTe\" Ropero",
      "Hugo \"Tagadda\" Vurpillot",
      "Corentin \"Tchus\" Monfort",
      "Nicky \"Qazahar\" Dehout",
      "Zachary \"WyvernZed\" Janisse"
    ]
  },
  "LOC_GRE": {
    "HEADER": "Griechische Übersetzung",
    "NAMES": [
      "Kotsos \"Iglor\" Diamond"
    ]
  },
  "LOC_IND": {
    "HEADER": "Indonesische Übersetzung",
    "NAMES": [
      "Aditya \"RiSQ.\" Arifin",
      "Daryan \"Samus\" Ramadhany",
      "Haveiszal \"Szaal\" Faroqie"
    ]
  },
  "LOC_ITA": {
    "HEADER": "Italienische Übersetzung",
    "NAMES": [
      "Hob",
      "Mero Marco",
      "Luigi Squarzina"
    ]
  },
  "LOC_JPN": {
    "HEADER": "Japanische Übersetzung",
    "NAMES": [
      "Grezzz"
    ]
  },
  "LOC_KOR": {
    "HEADER": "Koreanische Übersetzung",
    "NAMES": [
      "Koordination:",
      "Eteriny",
      "Übersetzung:",
      "Simcoding",
      "DesFrog",
      "Fissh",
      "insight",
      "K4lium",
      "hina",
      "Übersetzung der Steamseite:",
      "GyeRyak"
    ]
  },
  "LOC_NOR": {
    "HEADER": "Norwegische Übersetzung",
    "NAMES": [
      "Eystein Jarp"
    ]
  },
  "LOC_POL": {
    "HEADER": "Polnische Übersetzung",
    "NAMES": [
      "Übersetzung und Koordination:",
      "Stanis³aw \"ST4H\" Borkowski",
      "Oskar \"volf3n\" Nowak",
      "Weitere Übersetzungen:",
      "Adrian \"xeros\" Rolka",
      "Korrekturleser:",
      "Oskar \"volf3n\" Nowak",
      "Vorschläge und Feedback:",
      "Kasper \"Awokado\" Beræ",
      "Pawe³ \"BASTIL\" Kaleta",
      "Grzegorz \"GregPL\" Bogus³awski",
      "Erwin \"mateusz3010\" Matys",
      "Mettie",
      "Rafa³ \"SponTon83\" Szyszko"
    ]
  },
  "LOC_PTB": {
    "HEADER": "Brasilianisch-Portugiesische Übersetzung",
    "NAMES": [
      "Guilherme \"GPerego\" Perego",
      "Gustavo \"KomKlave\" Duarte",
      "José \"Maneimax\" Vasconcelos",
      "Leonardo \"Iikat\" Takii",
      "Nathan \"NoxShadow\" Cervieri",
      "Paulo \"SilverTape\" Hauck"
    ]
  },
  "LOC_RUS": {
    "HEADER": "Russische Übersetzung",
    "NAMES": [
      "Übersetzung:",
      "Ivan \"Ingrett\" Khoroshunenko",
      "Vladislav \"Vlad-00003\" Bolshakov",
      "Dmitry \"Regallion\" Zhiryakov",
      "Vorschläge und Feedback:",
      "Mikhail \"Outmind\" Dyuzhev",
      "Bohdan \"DarkRosse\" Kalytiuk",
      "Sergey \"lol10801lol\" K.",
      "Ascimator",
      "Kateryna \"Meds\" Belimenko-Bolger",
      "Alexey \"Surrealistic Ganerson\" Popov",
      "Alexandr \"LiaNdrY\" Mazistov",
      "Übersetzung Shopgrafiken:",
      "Urist McFerrum"
    ]
  },
  "LOC_SPA": {
    "HEADER": "Spanische Übersetzung",
    "NAMES": [
      "Übersetzung und Koordination:",
      "Pedro Luis \"PerikiyoXD\" Valadés Viera",
      "Übersetzung:",
      "Xavier \"xabad98\" Abad Salinas",
      "Sergio \"Skiddome\" Malagón",
      "Juanjo \"ajuanjojjj\" Martinez",
      "Pedro J. \"PJJLegend\" Jiménez",
      "Durchsicht:",
      "Joaquín \"Pip1n\" López"
    ]
  },
  "LOC_SRB": {
    "HEADER": "Serbische Übersetzung",
    "NAMES": [
      "Nikola \"hauzer\" Vukosavljevic"
    ]
  },
  "LOC_TUR": {
    "HEADER": "Türkische Übersetzung",
    "NAMES": [
      "Erdem Gürbüz"
    ]
  },
  "LOC_UKR": {
    "HEADER": "Ukrainische Übersetzung",
    "NAMES": [
      "Übersetzung und Koordination:",
      "Vladyslav \"DarkXylese\" Kashtelyanov",
      "Korrektur und Übersetzung:",
      "Vasyl \"RDSk\" Mykhaliuk",
      "Artem \"Crazytosik\" Zemlianyi"
    ]
  },
  "LOC_ZHS": {
    "HEADER": "Vereinfachte Chinesische Übersetzung",
    "NAMES": [
      "Sound of Mystery"
    ]
  },
  "LOC_ZHT": {
    "HEADER": "Traditionelle Chinesische Übersetzung",
    "NAMES": [
      "professor",
      "bowans",
      "Angryfox"
    ]
  },
  "OPS": {
    "HEADER": "Betrieb & Auswertung",
    "NAMES": [
      "Danielle Jenkins",
      "Jake Rabinowitz"
    ]
  },
  "PORTRAITS": {
    "HEADER": "Kartengrafik & Ereignisbilder",
    "NAMES": [
      "Anailis Dorta"
    ]
  },
  "SOUND": {
    "HEADER": "Musik & Sound",
    "NAMES": [
      "Clark Aboud"
    ]
  },
  "SPECIAL": {
    "HEADER": "Besonderen Dank an:",
    "NAMES": [
      "Harry Rabinowitz",
      "Kevin \"Billy\" Matheson",
      "Anthony Roybal",
      "Lee Beckman",
      "Sam Welch",
      "feedbackbot",
      "Evan Howell",
      "Justin Myhres",
      "robojumper"
    ]
  },
  "TEST": {
    "HEADER": "Testspieler",
    "NAMES": [
      "Agari",
      "Daria Anderson",
      "Zac Bauermeister",
      "Nick Becker",
      "Esther Beckman",
      "Leo Chen",
      "Brian Chau",
      "Dan D'Argenio",
      "David Delorenzo",
      "Tim Erskine",
      "Benjamin Finkel",
      "Rajiv Giridharagopal",
      "Wyatt Grodzins",
      "Ren Howell",
      "Kyle James",
      "Ryan Mathisen",
      "Anthony McMillian",
      "Brad Meine",
      "Jacob Morris",
      "Alex Rockwell",
      "Greg Scheopner",
      "John \"Slide20xl\" Smith",
      "Aaron Taggart",
      "Alexander Toy",
      "Merijn van der Vliet",
      "David Von Derau",
      "Conor Watson",
      "David \"divadus\" Withington"
    ]
  },
  "THANKS_MSG": {
    "HEADER": "...und danke an DICH fürs Spielen!",
    "NAMES": []
  },
  "VOICE": {
    "HEADER": "Talentierte Stimmen",
    "NAMES": [
      "Tamara Ryan",
      "Michael Schwalbe"
    ]
  }
}