{
  "Ironclad": {
    "NAMES": [
      "아이언클래드"
    ],
    "TEXT": [
      "아이언클래드의 살아남은 병사입니다. NL 악마의 힘을 사용하기 위해 영혼을 팔았습니다."
    ]
  },
  "Crowbot": {
    "NAMES": [
      "크로우봇"
    ],
    "TEXT": [
      "삑 삑"
    ]
  },
  "Silent": {
    "NAMES": [
      "사일런트"
    ],
    "TEXT": [
      "안개 지대에서 온 치명적인 사냥꾼입니다. NL 단검과 독으로 적들을 박멸합니다."
    ]
  },
  "Neow Event": {
    "NAMES": [
      "니오우"
    ],
    "TEXT": [
      "~반갑군...~ NL ~난..~ ~니오우~ ~라네...~",
      "~또...~ NL ~만났군..~",
      "~반갑군...~",
      "~한번~ ~더~ NL ~도전할텐가...?~",
      "~내~ ~축복을~ ~받고~ ~싶다면...~ NL ~첫번째~ ~보스까지~ ~도달하도록...~",
      "~적어도~ ~말이야...~ ~첫번째~ ~보스는~ NL ~만나고~ ~오도록...~",
      "~내가~ ~자네를~ ~다시~ ~데려왔지...~",
      "~선택하여라...~",
      "~승인하마...~",
      "~위험...~ NL ~..보상....~",
      "~도전할~ ~때가~ NL ~왔군...~",
      "보상",
      "~자,~ ~계속~ ~해보세...~",
      "~더~ ~힘들어~ ~질~ ~뿐이라네...~",
      "~아주...~ ~인상적이군...~",
      "저주!",
      "주의 산만!",
      "변화!"
    ],
    "OPTIONS": [
      "[계속]",
      "[대화]",
      "[스킵]",
      "[떠난다]",
      "덱에 넣을 10장의 카드를 선택하세요."
    ]
  },
  "Neow Reward": {
    "NAMES": [],
    "TEXT": [
      "[ #g받을 #g카드를 #g1장 #g선택 ]",
      "[ #g무작위로 #g희귀 #g카드 #g1장 #g획득 ]",
      "[ #g카드 #g1장을 #g덱에서 #g제거 ]",
      "[ #g카드 #g1장을 #g강화 ]",
      "[ #g카드 #g1장을 #g변화 ]",
      "[ #g무작위로 #g포션 #g3개를 #g획득 ]",
      "[ #g무작위로 #g일반 #g유물을 #g획득 ]",
      "[ #g최대 #g체력 #g+",
      "[ #g골드를 #g",
      " #g획득 ]",
      "#g카드 #g2장을 #g제거 ]",
      "#g무작위로 #g희귀 #g유물을 #g획득 ]",
      "#g희귀 #g카드를 #g선택 ]",
      "#g획득 #g: #g",
      " #g획득 ]",
      "#g카드 #g2장을 #g변화 ]",
      "#g최대 #g체력 #g+",
      "[ #r손실 #r: #r",
      " #r최대 #r체력 ",
      "[ #r골드를 #r전부 #r잃고 ",
      "[ #r저주를 #r하나 #r받고 ",
      "[ 피해를 #r",
      "카드를 선택하십시오",
      "제거할 카드를 선택하십시오",
      "제거할 카드를 2장 선택하십시오",
      "변화시킬 카드를 선택하십시오",
      "변화할 카드를 2장 선택하십시오",
      "강화할 카드를 선택하십시오",
      "[ #g다음 #g3번의 #g전투 #g동안 #g적들이 #g체력 #g1인 #g상태로 #g시작 ]",
      " #r입고, "
    ],
    "UNIQUE_REWARDS": [
      "[ #r시작 #r유물을 #r잃고 #g무작위로 #g보스 #g유물을 #g획득 ]"
    ]
  },
  "Merchant": {
    "NAMES": [
      "진행",
      "~어서오세요!~"
    ],
    "TEXT": [
      "안녕하세요! NL 뭐 좀 사가세요! NL 사고 사고 또 사세요!",
      "헤어스타일 멋진데요.",
      "지금 몇 시죠?",
      "개를 좋아하나요, 아니면 고양이를 좋아하나요?",
      "당신은 ~위험해~ 보여요. NL 헤헤...",
      "천천히 구경하세요... NL ..... NL ...  싫으시면 말고요.",
      "이 깔개가 맘에 들어요? NL 이건 파는 게 아닙니다.",
      "소상인을 도와줘요!",
      "이 가면 멋지죠. 나도 알고 있어요!",
      "흠... NL ...흠... NL 오!",
      "잠깐만 들어보라구요!",
      "혼자 가기엔 위험해요! 골드를 전부 주고 가세요!",
      "뭔가 사지 그래요?",
      "~*하품*~",
      "난 골드가 좋아요.",
      "난 파랑색을 가장 좋아하는데, NL 당신은 어때요?"
    ]
  },
  "Shop Screen": {
    "NAMES": [
      "~어서와요~ NL ~어서와!~",
      "어이 이봐요, NL 당신 #r골드 가 NL 더 필요해요.",
      "이봐 친구, #r돈 이 없잖아요!",
      "당신 빈털털이?",
      "#r골드 가 충분하지 않아요.",
      "그럴 여유가 없는거 같은데요?",
      "이건 자선사업이 아니예요.",
      "~고오오마워요~",
      "하나 더 판매... NL 호호호! NL 짤 - @랑!@",
      "@판매@ @완료!@",
      "환불은 안 돼요.",
      "좋은 하루 되세요.",
      "떠나기",
      "덱에서 제거할 카드를 선택하십시오."
    ],
    "TEXT": [
      "안녕하세요! NL 뭐 좀 사가세요! NL 사고 사고 또 사세요!",
      "헤어스타일 멋진데요.",
      "지금 몇 시죠?",
      "개를 좋아하나요, 아니면 고양이를 좋아하나요?",
      "당신은 ~위험해~ 보여요. NL 헤헤...",
      "천천히 구경하세요... NL ..... NL ...  싫으시면 말고요.",
      "이 깔개가 맘에 들어요? NL 이건 파는 게 아닙니다.",
      "소상인을 도와줘요!",
      "이 가면 멋지죠. 나도 알고 있어요!",
      "흠... NL ...흠... NL 오!",
      "잠깐만 들어보라구요!",
      "혼자 가기엔 위험해요! 골드를 전부 주고 가세요!",
      "뭔가 사지 그래요?",
      "~*하품*~",
      "난 골드가 좋아요.",
      "난 파랑색을 가장 좋아하는데, NL 당신은 어때요?"
    ]
  },
  "Defect": {
    "NAMES": [
      "디펙트"
    ],
    "TEXT": [
      "자아를 깨달은 전투 자동인형입니다. NL 고대의 기술로 구체를 만들 수 있습니다."
    ]
  }
}