{
  "Game Dictionary": {
    "ARTIFACT": {
      "NAMES": [
        "인공물"
      ],
      "DESCRIPTION": "다음에 걸리는 해로운 효과를 무효화합니다."
    },
    "BLOCK": {
      "NAMES": [
        "방어도",
        "blocks"
      ],
      "DESCRIPTION": "다음 턴까지 피해량을 감소시킵니다."
    },
    "CURSE": {
      "NAMES": [
        "저주"
      ],
      "DESCRIPTION": "자신에게 부정적인 효과를 갖고 있는 카드입니다."
    },
    "DEXTERITY": {
      "NAMES": [
        "민첩"
      ],
      "DESCRIPTION": "카드 사용시 얻는 방어도를 증가시킵니다."
    },
    "ETHEREAL": {
      "NAMES": [
        "휘발성"
      ],
      "DESCRIPTION": "턴 종료시 손에 있을 경우 소멸되는 카드입니다. 소멸된 카드는 전투가 종료될 때 까지 덱에서 제외됩니다."
    },
    "EXHAUST": {
      "NAMES": [
        "소멸",
        "소멸된",
        "exhausts"
      ],
      "DESCRIPTION": "전투가 종료될 때 까지 덱에서 제외됩니다."
    },
    "INNATE": {
      "NAMES": [
        "선천성"
      ],
      "DESCRIPTION": "전투 시작 시 뽑는 카드에 포함됩니다."
    },
    "LOCKED": {
      "NAMES": [
        "잠긴"
      ],
      "DESCRIPTION": "아직 해금되지 않은 카드입니다."
    },
    "POISON": {
      "NAMES": [
        "중독",
        "중독된"
      ],
      "DESCRIPTION": "상대 턴이 시작할 때 중독된 적은 그 만큼 피해를 받습니다. 중독은 매 턴  #b1 씩 감소합니다."
    },
    "RETAIN": {
      "NAMES": [
        "보존"
      ],
      "DESCRIPTION": "턴 종료시 버려지지 않습니다."
    },
    "SHIV": {
      "NAMES": [
        "단도",
        "shivs"
      ],
      "DESCRIPTION": "사용 시 소멸되는 비용이 #b0 인 카드입니다."
    },
    "STATUS": {
      "NAMES": [
        "상태이상"
      ],
      "DESCRIPTION": "전투가 끝나면 사라지는 카드입니다."
    },
    "STRENGTH": {
      "NAMES": [
        "힘"
      ],
      "DESCRIPTION": "주는 피해량을 증가시킵니다."
    },
    "TRANSFORM": {
      "NAMES": [
        "변화"
      ],
      "DESCRIPTION": "무작위로 정해진 카드로 교체됩니다."
    },
    "UNKNOWN": {
      "NAMES": [
        "미지"
      ],
      "DESCRIPTION": "아직 본 적 없는 카드입니다."
    },
    "UNPLAYABLE": {
      "NAMES": [
        "사용불가"
      ],
      "DESCRIPTION": "사용할 수 없는 카드입니다."
    },
    "UPGRADE": {
      "NAMES": [
        "강화",
        "강화된"
      ],
      "DESCRIPTION": "강화를 통해 카드를 더욱 강력하게 만들 수 있습니다. 이는 카드당 한 번만 가능합니다."
    },
    "VULNERABLE": {
      "NAMES": [
        "취약"
      ],
      "DESCRIPTION": "공격을 받을 시 #b50% 의 피해를 추가로 받습니다."
    },
    "WEAK": {
      "NAMES": [
        "약화",
        "weaken",
        "약화된",
        "weakens"
      ],
      "DESCRIPTION": "공격 시 피해량이 #b25% 감소합니다."
    },
    "WOUND": {
      "NAMES": [
        "부상",
        "부상"
      ],
      "DESCRIPTION": "사용 불가인 상태이상 카드입니다."
    },
    "FRAIL": {
      "NAMES": [
        "손상"
      ],
      "DESCRIPTION": "카드로부터 얻는 #y방어도 가 #b25% 감소합니다."
    },
    "STRIKE": {
      "NAMES": [
        "타격"
      ],
      "DESCRIPTION": "\"타격\"이 이름에 포함되어 있는 카드입니다."
    },
    "CONFUSED": {
      "NAMES": [
        "혼란"
      ],
      "DESCRIPTION": "카드를 가져올 때 마다 비용이 무작위로 정해집니다."
    },
    "TODO": {
      "NAMES": [
        "todo",
        "JUST FOR DEVS, DONT TRANSLATE",
        "JUST FOR DEVS, DONT TRANSLATE",
        "JUST FOR DEVS, DONT TRANSLATE",
        "JUST FOR DEVS, DONT TRANSLATE"
      ],
      "DESCRIPTION": "This card is NOT IMPLEMENTED. Someone should really fix that..."
    },
    "TEXT": [
      "에너지는 카드를 사용하기 위한 자원입니다."
    ],
    "INTANGIBLE": {
      "NAMES": [
        "불가침"
      ],
      "DESCRIPTION": "받는 피해와 체력 손실을 전부 #b1 로 감소시킵니다."
    },
    "BURN": {
      "NAMES": [
        "화상",
        "화상들"
      ],
      "DESCRIPTION": "화상은 턴 종료 시 손에 있으면 자신에게 피해를 주는 사용 불가인 상태이상 카드입니다."
    },
    "DAZED": {
      "NAMES": [
        "어지러움"
      ],
      "DESCRIPTION": "어지러움은 사용 불가인 상태이상 카드입니다."
    },
    "VOID": {
      "NAMES": [
        "공허",
        "공허들"
      ],
      "DESCRIPTION": "공허는 카드를 뽑을 때 에너지를 잃는 사용 불가인 상태이상 카드입니다."
    },
    "FOCUS": {
      "NAMES": [
        "밀집"
      ],
      "DESCRIPTION": "밀집은 #y영창된 구체의 효율을 증가시킵니다."
    },
    "EVOKE": {
      "NAMES": [
        "발현",
        "발현된"
      ],
      "DESCRIPTION": "가장 오른쪽의 구체를 사용해서 발현 효과를 발동시킵니다."
    },
    "PLASMA": {
      "NAMES": [
        "플라즈마",
        "플라즈마+"
      ],
      "DESCRIPTION": "구체: (지속/발현)에너지를 얻습니다."
    },
    "CHANNEL": {
      "NAMES": [
        "영창",
        "영창된"
      ],
      "DESCRIPTION": "구체를 영창하면 가장 오른쪽의 빈 슬롯에 구체를 넣습니다. 빈 슬롯이 없을 경우, 가장 오른쪽의 구체가 #y발현 되어 자리를 비웁니다."
    },
    "DARK": {
      "NAMES": [
        "암흑",
        "암흑+"
      ],
      "DESCRIPTION": "구체: (지속)매 턴 피해량을 증가시킵니다. (발현)체력이 가장 낮은 적에게 피해를 줍니다."
    },
    "OPENER": {
      "NAMES": [
        "개전"
      ],
      "DESCRIPTION": "개전 카드는 매 턴의 첫번째 카드로만 사용할 수 있습니다."
    },
    "LIGHTNING": {
      "NAMES": [
        "전기",
        "전기+"
      ],
      "DESCRIPTION": "구체: (지속/발현)무작위 적에게 피해를 줍니다."
    },
    "FROST": {
      "NAMES": [
        "냉기",
        "냉기+"
      ],
      "DESCRIPTION": "구체: (지속/발현) #y방어도 를 얻습니다."
    },
    "THORNS": {
      "NAMES": [
        "가시"
      ],
      "DESCRIPTION": "#y공격 피해를 받을 때, 공격한 상대에게 피해를 줍니다."
    },
    "LOCK_ON": {
      "NAMES": [
        "조준"
      ],
      "DESCRIPTION": "조준된 대상은 구체를 통한 피해를 #b50% 추가로 받습니다."
    }
  }
}