{
  "Apology Slime": {
    "MOVES": [],
    "NAME": "Apology Slime",
    "DIALOG": [
      ""
    ]
  },
  "CorruptHeart": {
    "MOVES": [
      ""
    ],
    "NAME": "타락한 심장",
    "DIALOG": [
      ""
    ]
  },
  "Nemesis": {
    "MOVES": [
      ""
    ],
    "NAME": "네메시스",
    "DIALOG": [
      ""
    ]
  },
  "Chosen": {
    "MOVES": [
      ""
    ],
    "NAME": "선택받은 자",
    "DIALOG": [
      " ~고통~ ~받으리라...~ "
    ]
  },
  "Byrd": {
    "MOVES": [
      ""
    ],
    "NAME": "섀",
    "DIALOG": [
      "@까악!@ NL @까아악@",
      "기절함..."
    ]
  },
  "Snecko": {
    "MOVES": [
      "당황스러운 째려보기",
      "꼬리 흔들기",
      "물기"
    ],
    "NAME": "스네코",
    "DIALOG": [
      ""
    ]
  },
  "GremlinWizard": {
    "MOVES": [
      "충전 중",
      "궁극의 폭발"
    ],
    "NAME": "그렘린 마법사",
    "DIALOG": [
      "",
      "충전 중이다!",
      "~이제~ ~간다!!~",
      "@도움을...@ @불러야...@ NL @해...!@",
      "~너무...~ NL ~위험해...~ NL ~안녕...~"
    ]
  },
  "BanditChild": {
    "MOVES": [
      "촉새"
    ],
    "NAME": "",
    "DIALOG": [
      "고오오옴!!!!"
    ]
  },
  "Orb Walker": {
    "MOVES": [
      "힘 증가"
    ],
    "NAME": "구체 순찰기",
    "DIALOG": [
      "방어막 NL 발동."
    ]
  },
  "TheGuardian": {
    "MOVES": [
      "수비 모드",
      "매서운 강타",
      "구르기",
      "두번 내려찍기",
      "회오리바람",
      "충전 중",
      "증기 배출"
    ],
    "NAME": "수호자",
    "DIALOG": [
      "#b~..식는...~ NL #b~...중...~",
      "방어중...",
      "#r@파괴@ NL #r@파괴@ NL #r@파괴@",
      "#r@위험@ NL #r@위험@ NL #r@위험@"
    ]
  },
  "TheGuardianOrb": {
    "MOVES": [],
    "NAME": "",
    "DIALOG": []
  },
  "GremlinWarrior": {
    "MOVES": [
      "할퀴기"
    ],
    "NAME": "화난 그렘린",
    "DIALOG": [
      "",
      "@도움을@ @구하러@ NL @간다!@",
      "난 여기서 나갈거야!"
    ]
  },
  "GremlinThief": {
    "MOVES": [
      ""
    ],
    "NAME": "교활한 그렘린",
    "DIALOG": [
      "",
      "@도움을@ @구하러@ NL @갈게!@",
      "@뭐지!?@"
    ]
  },
  "Cultist": {
    "MOVES": [
      "",
      "",
      "주문"
    ],
    "NAME": "광신자",
    "DIALOG": [
      "@내@ @힘은@ NL @상대가@ @없지!@",
      "@너는@ @여기에@ NL @있으면@ @안@ @돼!@",
      "~내~ ~힘의~ NL ~상대를~ ~찾았군...~"
    ]
  },
  "FlameBruiser": {
    "MOVES": [
      ""
    ],
    "NAME": "화염 싸움꾼",
    "DIALOG": [
      ""
    ]
  },
  "GremlinLeader": {
    "MOVES": [
      "집합!"
    ],
    "NAME": "그렘린 리더",
    "DIALOG": [
      "절대로 포기하지 마라!",
      "아직 우린 끝나지 않았다!",
      "쓴 맛을 보여줘라!",
      "@후퇴@ NL @후퇴하라!@",
      "@튀어!@"
    ]
  },
  "Centurion": {
    "MOVES": [
      ""
    ],
    "NAME": "백부장",
    "DIALOG": [
      ""
    ]
  },
  "GiantHead": {
    "MOVES": [
      ""
    ],
    "NAME": "거인의 머리",
    "DIALOG": [
      "~시간이~ ~다~ ~됐느니라~",
      "~잘~ ~가거라~",
      "~째깍~ ~째깍~",
      "~어째서~ ~아직도~ NL ~여기~ ~있느냐?~"
    ]
  },
  "BanditBear": {
    "MOVES": [
      ""
    ],
    "NAME": "곰",
    "DIALOG": [
      ""
    ]
  },
  "BanditLeader": {
    "MOVES": [
      ""
    ],
    "NAME": "로미오",
    "DIALOG": [
      "잡아라,  곰!!",
      "반드시 대가를 치를 것이다!!",
      "안 돼, 곰!"
    ]
  },
  "SpikeSlime_M": {
    "MOVES": [
      "핥기"
    ],
    "NAME": "가시 슬라임 (중)",
    "DIALOG": [
      ""
    ]
  },
  "SpikeSlime_S": {
    "MOVES": [],
    "NAME": "가시 슬라임 (소)",
    "DIALOG": [
      ""
    ]
  },
  "Mugger": {
    "MOVES": [
      "찌르기",
      "훔치기"
    ],
    "NAME": "강도",
    "DIALOG": [
      "내놔라!",
      "난 여기서 나갈거야!"
    ]
  },
  "TimeEater": {
    "MOVES": [
      ""
    ],
    "NAME": "시간 포식자",
    "DIALOG": [
      "~아...~ NL ~..손님이로군...~",
      "~어리석은..~ NL @이@ @어리석은@ @놈!@"
    ]
  },
  "TheCollector": {
    "MOVES": [
      ""
    ],
    "NAME": "수집가",
    "DIALOG": [
      "@넌@ @나의@ @것이다!@"
    ]
  },
  "TorchHead": {
    "MOVES": [
      ""
    ],
    "NAME": "횃불 머리",
    "DIALOG": [
      ""
    ]
  },
  "AcidSlime_M": {
    "MOVES": [
      "부식의 침",
      "핥기"
    ],
    "NAME": "산성 슬라임 (중)",
    "DIALOG": [
      ""
    ]
  },
  "AcidSlime_S": {
    "MOVES": [],
    "NAME": "산성 슬라임 (소)",
    "DIALOG": [
      ""
    ]
  },
  "SnakePlant": {
    "MOVES": [
      "약화 포자"
    ],
    "NAME": "뱀 식물",
    "DIALOG": [
      ""
    ]
  },
  "Champ": {
    "MOVES": [
      "방어태세",
      "사형 집행",
      "따귀 때리기"
    ],
    "NAME": "투사",
    "DIALOG": [
      "그것도 무기라고 하는 것이냐?",
      "덤벼라!",
      "멋대로 해보아라! NL @하하하!@",
      "멋대로 해보아라! NL 하찮은 약골놈!",
      "~넌~ ~지금~ ~실수를~ ~저질렀다...~",
      "@패배??@ NL @말도@ @안@ @돼!!@",
      "~죽어라~ ~.~ ~.~ ~.~",
      "내 분노를 맛 봐라!"
    ]
  },
  "Exploder": {
    "MOVES": [
      ""
    ],
    "NAME": "폭탄기",
    "DIALOG": [
      ""
    ]
  },
  "FungiBeast": {
    "MOVES": [
      "성장"
    ],
    "NAME": "동물하초",
    "DIALOG": [
      ""
    ]
  },
  "Spiker": {
    "MOVES": [
      ""
    ],
    "NAME": "반사기",
    "DIALOG": [
      ""
    ]
  },
  "SlaverBoss": {
    "MOVES": [
      ""
    ],
    "NAME": "노예 관리자",
    "DIALOG": [
      ""
    ]
  },
  "Repulsor": {
    "MOVES": [
      ""
    ],
    "NAME": "현혹기",
    "DIALOG": [
      ""
    ]
  },
  "Looter": {
    "MOVES": [
      "찌르기",
      "훔치기"
    ],
    "NAME": "도적",
    "DIALOG": [
      "골드를 내놔라!",
      "@아아아안돼애애애!@",
      "연막탄이 어디있지... 어디 보자...",
      "돈 고마워, 헤헤"
    ]
  },
  "Sentry": {
    "MOVES": [
      "붕괴"
    ],
    "NAME": "보초기",
    "DIALOG": [
      ""
    ]
  },
  "FuzzyLouseDefensive": {
    "MOVES": [
      "거미줄 분사"
    ],
    "NAME": "공벌레",
    "DIALOG": [
      ""
    ]
  },
  "FuzzyLouseNormal": {
    "MOVES": [
      "성장"
    ],
    "NAME": "공벌레",
    "DIALOG": [
      ""
    ]
  },
  "Puppeteer": {
    "MOVES": [
      ""
    ],
    "NAME": "인형술사",
    "DIALOG": [
      ""
    ]
  },
  "Shelled Parasite": {
    "MOVES": [
      ""
    ],
    "NAME": "갑각기생충",
    "DIALOG": [
      ""
    ]
  },
  "BronzeOrb": {
    "MOVES": [
      ""
    ],
    "NAME": "청동구체",
    "DIALOG": [
      ""
    ]
  },
  "Hexaghost": {
    "MOVES": [
      "발화",
      "그을리기",
      "지옥염"
    ],
    "NAME": "육각령",
    "DIALOG": []
  },
  "HexaghostBody": {
    "MOVES": [],
    "NAME": "",
    "DIALOG": []
  },
  "HexaghostOrb": {
    "MOVES": [],
    "NAME": "",
    "DIALOG": []
  },
  "SlaverRed": {
    "MOVES": [
      "긁기",
      "속박"
    ],
    "NAME": "노예 상인",
    "DIALOG": [
      ""
    ]
  },
  "SlaverBlue": {
    "MOVES": [
      "갈퀴질"
    ],
    "NAME": "노예 상인",
    "DIALOG": [
      ""
    ]
  },
  "SlimeBoss": {
    "MOVES": [
      "강타",
      "준비 중",
      "분열",
      "끈적이 분사"
    ],
    "NAME": "대왕 슬라임",
    "DIALOG": [
      "~슬라임...~ NL #r~으깬다!!!~",
      "방해받음!"
    ]
  },
  "AcidSlime_L": {
    "MOVES": [
      "부식의 침",
      "분열",
      "핥기"
    ],
    "NAME": "산성 슬라임 (대)",
    "DIALOG": [
      "방해받음!"
    ]
  },
  "GremlinTsundere": {
    "MOVES": [
      "보호",
      "방패 강타"
    ],
    "NAME": "방패 그렘린",
    "DIALOG": [
      "",
      "~안~ ~녕...~",
      "좋지 않아..."
    ]
  },
  "Lagavulin": {
    "MOVES": [
      "영혼 흡수"
    ],
    "NAME": "라가불린",
    "DIALOG": [
      "기절!",
      "... NL .....",
      "...? NL .....!?",
      "@!!!@ NL @!???@"
    ]
  },
  "JawWorm": {
    "MOVES": [
      "외침",
      "난동부리기"
    ],
    "NAME": "턱벌레",
    "DIALOG": [
      ""
    ]
  },
  "Donu": {
    "MOVES": [
      "힘의 원형"
    ],
    "NAME": "도누",
    "DIALOG": [
      ""
    ]
  },
  "Serpent": {
    "MOVES": [
      ""
    ],
    "NAME": "첨탑 암종",
    "DIALOG": [
      ""
    ]
  },
  "BronzeAutomaton": {
    "MOVES": [
      "파괴광선"
    ],
    "NAME": "청동 자동인형",
    "DIALOG": [
      "기절!"
    ]
  },
  "Healer": {
    "MOVES": [
      ""
    ],
    "NAME": "신비주의자",
    "DIALOG": [
      ""
    ]
  },
  "GremlinFat": {
    "MOVES": [
      "강타"
    ],
    "NAME": "뚱뚱한 그렘린",
    "DIALOG": [
      "",
      "",
      "@안@ @돼,@ NL @안@ @돼,@ NL @아안@ @돼애!@"
    ]
  },
  "Deca": {
    "MOVES": [
      ""
    ],
    "NAME": "데카",
    "DIALOG": [
      ""
    ]
  },
  "BookOfStabbing": {
    "MOVES": [
      ""
    ],
    "NAME": "칼부림의 책",
    "DIALOG": [
      ""
    ]
  },
  "AwakenedOne": {
    "MOVES": [
      "영혼 타격",
      "어둠의 메아리",
      "정화",
      "폐기물"
    ],
    "NAME": "깨어난 자",
    "DIALOG": [
      "~그르르~ ~.~ ~.~ ~.~",
      "~아~ ~.~ ~.~ ~.~ ~아~ ~.~ ~.~ NL ~.~ ~.~ ~안~ ~돼~ ~.~ ~.~ ~.~"
    ]
  },
  "SpikeSlime_L": {
    "MOVES": [
      "핥기",
      "분열"
    ],
    "NAME": "가시 슬라임 (대)",
    "DIALOG": [
      "방해받음!"
    ]
  },
  "FireOrb": {
    "MOVES": [
      ""
    ],
    "NAME": "화염구",
    "DIALOG": [
      ""
    ]
  },
  "SphericGuardian": {
    "MOVES": [
      ""
    ],
    "NAME": "구체형 수호기",
    "DIALOG": [
      "~침입자~ NL ~탐지~ ~완료~"
    ]
  },
  "Darkling": {
    "MOVES": [
      "쩝! 쩝!"
    ],
    "NAME": "어두미",
    "DIALOG": [
      "재생 중..."
    ]
  },
  "Maw": {
    "MOVES": [
      ""
    ],
    "NAME": "아귀",
    "DIALOG": [
      "@그르르르르르르르!!@"
    ]
  },
  "GremlinNob": {
    "MOVES": [
      "두개골 강타",
      "황소 돌진"
    ],
    "NAME": "귀족 그렘린",
    "DIALOG": [
      "@우어어어어어어어어!!@"
    ]
  },
  "Transient": {
    "MOVES": [
      ""
    ],
    "NAME": "과도자",
    "DIALOG": [
      ""
    ]
  },
  "Dagger": {
    "MOVES": [
      ""
    ],
    "NAME": "단검",
    "DIALOG": [
      ""
    ]
  },
  "Reptomancer": {
    "MOVES": [
      ""
    ],
    "NAME": "파충류 주술사",
    "DIALOG": [
      ""
    ]
  }
}