{
  "Block Potion": {
    "NAME": "방어도 포션",
    "DESCRIPTIONS": [
      "#y방어도 를 #b",
      " 얻습니다."
    ]
  },
  "Dexterity Potion": {
    "NAME": "민첩 포션",
    "DESCRIPTIONS": [
      "#y민첩 을 #b",
      " 얻습니다."
    ]
  },
  "Elixir": {
    "NAME": "엘릭서",
    "DESCRIPTIONS": [
      "",
      "",
      "손패에 있는 모든 #y상태이상 과 #y저주 카드를 #y소멸 시킵니다.",
      "",
      "아무 일도 일어나지 않았다..."
    ]
  },
  "Energy Potion": {
    "NAME": "에너지 포션",
    "DESCRIPTIONS": [
      "에너지를 #b",
      " 얻습니다."
    ]
  },
  "Explosive Potion": {
    "NAME": "폭발 포션",
    "DESCRIPTIONS": [
      "적 전체에게 피해를 #b",
      " 줍니다."
    ]
  },
  "Fire Potion": {
    "NAME": "화염 포션",
    "DESCRIPTIONS": [
      "피해를 #b",
      " 줍니다."
    ]
  },
  "Health Potion": {
    "NAME": "체력 포션",
    "DESCRIPTIONS": [
      "체력을 #b",
      " 회복합니다."
    ]
  },
  "Poison Potion": {
    "NAME": "중독 포션",
    "DESCRIPTIONS": [
      "#y중독 을 #b",
      " 부여합니다."
    ]
  },
  "Potion Slot": {
    "NAME": "포션 슬롯",
    "DESCRIPTIONS": [
      "포션을 사용해서 자신에게 #g유리한 효과를 얻거나 적에게 #r불리한 효과를 줄 수 있습니다.",
      "포션 슬롯"
    ]
  },
  "Regen Potion": {
    "NAME": "재생 포션",
    "DESCRIPTIONS": [
      "#y재생 을 #b",
      " 얻습니다.",
      ""
    ]
  },
  "Strength Potion": {
    "NAME": "힘 포션",
    "DESCRIPTIONS": [
      "#y힘 을 #b",
      " 얻습니다."
    ]
  },
  "Swift Potion": {
    "NAME": "신속 포션",
    "DESCRIPTIONS": [
      "",
      "카드를 #b",
      " 장 뽑습니다."
    ]
  },
  "Weak Potion": {
    "NAME": "약화 포션",
    "DESCRIPTIONS": [
      "#y약화 를 #b",
      " 부여합니다."
    ]
  },
  "Ancient Potion": {
    "NAME": "고대 포션",
    "DESCRIPTIONS": [
      "#y인공물 을 #b",
      " 얻습니다."
    ]
  },
  "Fruit Juice": {
    "NAME": "과일 주스",
    "DESCRIPTIONS": [
      "최대 체력을 #b",
      " 얻습니다."
    ]
  },
  "FearPotion": {
    "NAME": "공포 포션",
    "DESCRIPTIONS": [
      "#y취약 을 #b",
      " 부여합니다."
    ]
  },
  "SkillPotion": {
    "NAME": "스킬 포션",
    "DESCRIPTIONS": [
      "무작위 #y스킬 카드 #b3 장 중 #b1 장을 선택해 손으로 가져오고, 이번 턴 동안 해당 카드의 비용이 #b0 이 됩니다."
    ]
  },
  "AttackPotion": {
    "NAME": "공격 포션",
    "DESCRIPTIONS": [
      "무작위 #y공격 카드 #b3 장 중 #b1 장을 선택해 손으로 가져오고, 이번 턴 동안 해당 카드의 비용이 #b0 이 됩니다."
    ]
  },
  "PowerPotion": {
    "NAME": "파워 포션",
    "DESCRIPTIONS": [
      "무작위 #y파워 카드 #b3 장 중 #b1 장을 선택해 손으로 가져오고, 이번 턴 동안 해당 카드의 비용이 #b0 이 됩니다."
    ]
  },
  "SteroidPotion": {
    "NAME": "스테로이드 포션",
    "DESCRIPTIONS": [
      "#y힘 을 #b",
      " 얻습니다. 턴 종료 시 #y힘 을 #b",
      " 잃습니다."
    ]
  },
  "SpeedPotion": {
    "NAME": "속도 포션",
    "DESCRIPTIONS": [
      "#y민첩 을 #b",
      " 얻습니다. 턴 종료 시 #y민첩 을 #b",
      " 잃습니다."
    ]
  },
  "GhostInAJar": {
    "NAME": "단지 속의 유령",
    "DESCRIPTIONS": [
      "#y불가침 을 #b",
      " 얻습니다."
    ]
  },
  "FocusPotion": {
    "NAME": "밀집 포션",
    "DESCRIPTIONS": [
      "#y밀집 을 #b",
      " 얻습니다."
    ]
  },
  "SneckoOil": {
    "NAME": "스네코 기름",
    "DESCRIPTIONS": [
      "#y혼란 을 얻습니다. 카드를 #b",
      " 장 뽑습니다.",
      " 장 뽑습니다."
    ]
  },
  "LiquidBronze": {
    "NAME": "청동 액체",
    "DESCRIPTIONS": [
      "#y가시 를 #b",
      " 얻습니다."
    ]
  },
  "GamblersBrew": {
    "NAME": "도박꾼의 영액",
    "DESCRIPTIONS": [
      "원하는 만큼 카드를 버리고, 버린 만큼 카드를 뽑습니다."
    ]
  },
  "EssenceOfSteel": {
    "NAME": "강철의 정수",
    "DESCRIPTIONS": [
      "#y판금 #y갑옷 을 #b",
      " 얻습니다."
    ]
  },
  "BloodPotion": {
    "NAME": "피 포션",
    "DESCRIPTIONS": [
      "최대 체력의 #b",
      "% 를 회복합니다."
    ]
  },
  "FairyPotion": {
    "NAME": "병 속의 요정",
    "DESCRIPTIONS": [
      "사망 시 자동으로, 최대 체력의 #b10% 로 부활하는 대신 이 포션을 버립니다."
    ]
  },
  "SmokeBomb": {
    "NAME": "연막탄",
    "DESCRIPTIONS": [
      "보스가 아닌 적으로부터 도망칩니다. 보상은 얻을 수 없습니다."
    ]
  },
  "EntropicBrew": {
    "NAME": "엔트로피의 영액",
    "DESCRIPTIONS": [
      "이 포션을 사용한 뒤, 빈 포션 슬롯을 무작위 포션으로 채웁니다."
    ]
  }
}