{
  "Anchor": {
    "NAME": "닻",
    "FLAVOR": "이 장신구를 잡고 있으면 당신은 강한 안정감을 느낍니다. ",
    "DESCRIPTIONS": [
      "전투 시작 시 #y방어도 를 #b",
      " 얻습니다."
    ]
  },
  "Art of War": {
    "NAME": "병법서",
    "FLAVOR": "이 고대의 원고는 과거 시대의 지혜를 담고 있습니다.",
    "DESCRIPTIONS": [
      "한 턴 동안 #y공격 카드를 사용하지 않으면 다음 턴에 ",
      "[R] 를 추가로 얻습니다.",
      "[G] 를 추가로 얻습니다.",
      "[B] 를 추가로 얻습니다."
    ]
  },
  "Astrolabe": {
    "NAME": "아스트롤라베",
    "FLAVOR": "별들에게서 유용한 지식을 얻을 때 사용하던 도구입니다.",
    "DESCRIPTIONS": [
      "획득 시 #b3 장의 카드를 #y변화 시키고 #y강화 합니다.",
      "카드를 3 장 선택"
    ]
  },
  "Bag of Marbles": {
    "NAME": "구슬 주머니",
    "FLAVOR": "도시에서 한 때 인기 있던 장난감입니다. 적의 균형을 무너뜨리기 좋습니다. ",
    "DESCRIPTIONS": [
      "전투 시작 시 모든 적에게 취약을 #b",
      " 부여합니다."
    ]
  },
  "Bag of Preparation": {
    "NAME": "준비된 가방",
    "FLAVOR": "대형 모험가의 배낭. 많은 주머니와 끈이 있습니다.",
    "DESCRIPTIONS": [
      "첫 턴에만 #b",
      " 장의 카드를 추가로 뽑습니다."
    ]
  },
  "Bird Faced Urn": {
    "NAME": "새 머리 항아리",
    "FLAVOR": "이 항아리는 까마귀 신 마잘레스의 짓궂은 모습을 보여줍니다.",
    "DESCRIPTIONS": [
      "#y파워 카드를 사용할 때마다 체력을 #b",
      " 회복합니다."
    ]
  },
  "Black Blood": {
    "NAME": "어두운 피",
    "FLAVOR": "분노가 짙어집니다.",
    "DESCRIPTIONS": [
      " #r불타는 #r혈액 과 교체됩니다. 전투 종료 시 체력을 #b",
      " 회복합니다."
    ]
  },
  "Black Star": {
    "NAME": "검은 별",
    "FLAVOR": "뱀 마을의 고독히 서 있는 촛불 옆에서 발견되었습니다.",
    "DESCRIPTIONS": [
      "#y엘리트 격파 시 #y유물 을 추가로 하나 더 얻을 수 있습니다."
    ]
  },
  "Blood Vial": {
    "NAME": "피가 담긴 병",
    "FLAVOR": "나이가 많은 순혈 흡혈귀의 피가 담긴 유리병.",
    "DESCRIPTIONS": [
      "전투 시작 시 체력을 #b",
      " 회복합니다."
    ]
  },
  "Bloody Idol": {
    "NAME": "피묻은 우상",
    "FLAVOR": "지금부터 이 우상은 끊임없는 핏줄기가 흘러 내립니다.",
    "DESCRIPTIONS": [
      "#y골드 를 획득할 때마다 체력을 #b",
      " 회복합니다."
    ]
  },
  "Blue Candle": {
    "NAME": "푸른 양초",
    "FLAVOR": "어둠이 사라지자 불꽃이 점화됩니다.",
    "DESCRIPTIONS": [
      "사용 불가인 #y저주 카드를 사용할 수 있게 됩니다. NL NL #y저주 카드를 사용하면 체력을 #b",
      " 잃고 그 카드를 #y소멸 시킵니다."
    ]
  },
  "Bottled Flame": {
    "NAME": "병 속의 불꽃",
    "FLAVOR": "유리병 속에는 영원히 타오르는 불꽃이 있습니다.",
    "DESCRIPTIONS": [
      "획득 시 #y공격 카드를 하나 선택합니다. 선택한 카드는 전투 시작 시 뽑는 카드에 포함됩니다.",
      "카드를 선택하세요.",
      " 전투 시작 시 ",
      " 카드가 뽑는 카드에 포함됩니다."
    ]
  },
  "Bottled Lightning": {
    "NAME": "병 속의 번개",
    "FLAVOR": "몰아치는 소용돌이를 지켜보고 있으면 병에 비친 당신의 얼굴이 되돌아보고 있습니다.",
    "DESCRIPTIONS": [
      "획득 시 #y스킬 카드를 하나 선택합니다. 선택한 카드는 전투 시작 시 뽑는 카드에 포함됩니다.",
      "카드를 선택하세요.",
      " 전투 시작 시 ",
      " 카드가 뽑는 카드에 포함됩니다."
    ]
  },
  "Bottled Tornado": {
    "NAME": "병 속의 폭풍",
    "FLAVOR": "병이 부드럽게 윙윙거리고 흔들립니다.",
    "DESCRIPTIONS": [
      "획득 시 #y파워 카드를 하나 선택합니다. 선택한 카드는 전투 시작 시 뽑는 카드에 포함됩니다.",
      "카드를 선택하세요.",
      " 전투 시작 시 ",
      " 카드가 뽑는 카드에 포함됩니다."
    ]
  },
  "Bronze Scales": {
    "NAME": "청동 비늘",
    "FLAVOR": "수호자의 날카로운 비늘입니다. 사용자를 보호하기 위해서 스스로 재배치합니다.",
    "DESCRIPTIONS": [
      "전투 시작 시 #y가시 를 #b",
      " 얻습니다."
    ]
  },
  "Burning Blood": {
    "NAME": "불타는 혈액",
    "FLAVOR": "당신의 몸에 흐르는 피는 꺼지지 않는 분노로 타오르고 있습니다.",
    "DESCRIPTIONS": [
      "전투 종료 시 체력을 #b",
      " 회복합니다."
    ]
  },
  "Calipers": {
    "NAME": "캘리퍼스",
    "FLAVOR": "\"기계적인 정밀함이 위대함을 이끌어 낸다.\" - 건축가",
    "DESCRIPTIONS": [
      "매 턴 시작 시 #y방어도 를 최대 #b",
      " 만큼만 잃습니다."
    ]
  },
  "Calling Bell": {
    "NAME": "방울",
    "FLAVOR": "이 어두운 철제 방울은 당신이 발견했을 때 3번 울렸지만 지금은 침묵을 지키고 있습니다.",
    "DESCRIPTIONS": [
      "#b3 개의 #y저주 와 #b3 개의 #y유물 을 획득합니다.",
      "방울 소리가 울려퍼진다...",
      "보상 스킵",
      "닫기"
    ]
  },
  "Cauldron": {
    "NAME": "가마솥",
    "FLAVOR": "상인은 사실 다소 숙련 된 포션 제조기술을 가지고 있습니다. 4개를 사면 1개는 무료로 얻습니다.",
    "DESCRIPTIONS": [
      "획득 시 #b5 개의 무작위 포션을 양조합니다.",
      "섞고 섞고 섞는다...!"
    ]
  },
  "Centennial Puzzle": {
    "NAME": "백년퍼즐",
    "FLAVOR": "퍼즐을 푸는 순간 당신의 가슴에 강한 온기가 느껴집니다.",
    "DESCRIPTIONS": [
      "매 전투에서 처음 피해를 입을 때 카드를 #b",
      " 장 뽑습니다."
    ]
  },
  "Chameleon Ring": {
    "NAME": "카멜레온 반지",
    "FLAVOR": "설명이 없습니다.",
    "DESCRIPTIONS": [
      "휴식 장소에서 #y포션 제조를 할 수 있습니다."
    ]
  },
  "Champion Belt": {
    "NAME": "챔피언 벨트",
    "FLAVOR": "오직 가장 위대한 자만 이 벨트를 착용할 수 있습니다.",
    "DESCRIPTIONS": [
      "적에게 #y취약 을 부여할 때마다 #y약화 도 #b",
      " 부여합니다."
    ]
  },
  "Charon's Ashes": {
    "NAME": "카론의 유골",
    "FLAVOR": "카론은 타오르는 불꽃 속에서 영원히 죽기와 되살아나기를 반복하는 부활의 신이라 전해집니다.",
    "DESCRIPTIONS": [
      "카드가 #y소멸 될 때마다 모든 적에게 #b",
      " 의 피해를 줍니다. "
    ]
  },
  "Chemical X": {
    "NAME": "케미컬 X",
    "FLAVOR": "경고: 설탕, 향신료 그리고 모든 멋진 것과 섞지 마세요.",
    "DESCRIPTIONS": [
      "비용이 #bX 인 카드를 사용할 때, 그 카드의 효과가 #b+",
      " 만큼 증가합니다."
    ]
  },
  "Circlet": {
    "NAME": "관",
    "FLAVOR": "당신은 더 이상 발견할 유물이 없습니다. 놀랍군요!",
    "DESCRIPTIONS": [
      "모을 수 있는 만큼 모아보세요."
    ]
  },
  "The Courier": {
    "NAME": "배달원",
    "FLAVOR": "상인의 애완동물입니다!",
    "DESCRIPTIONS": [
      "상인의 상품이 품절되지 않으며 비용 또한 #b20% 감소합니다."
    ]
  },
  "Cursed Key": {
    "NAME": "저주받은 열쇠",
    "FLAVOR": "당신은 열쇠에서 흘러나오는 악의 기운을 느낍니다. 힘에는 대가가 따릅니다.",
    "DESCRIPTIONS": [
      " 상자를 열 때마다 #y저주 카드를 받습니다.",
      "매 턴 시작 시 [R] 를 추가로 얻습니다.",
      "매 턴 시작 시 [G] 를 추가로 얻습니다.",
      "매 턴 시작 시 [B] 를 추가로 얻습니다."
    ]
  },
  "Dead Branch": {
    "NAME": "말라죽은 가지",
    "FLAVOR": "잊힌 시대의 나뭇가지입니다.",
    "DESCRIPTIONS": [
      "카드가 #y소멸 될 때마다 무작위 카드를 1장 얻습니다."
    ]
  },
  "Discerning Monocle": {
    "NAME": "감별용 단안경",
    "FLAVOR": "매우 날렵해 보이는 단안경입니다.",
    "DESCRIPTIONS": [
      "상점의 물건들이 #b20% 할인됩니다."
    ]
  },
  "Dodecahedron": {
    "NAME": "룬 12면체",
    "FLAVOR": "이 룬문자들은 해석할 수가 없습니다.",
    "DESCRIPTIONS": [
      "체력이 가득 차 있으면 매 턴 시작 시 ",
      "[R] 를 추가로 얻습니다.",
      "[G] 를 추가로 얻습니다.",
      "[B] 를 추가로 얻습니다."
    ]
  },
  "Dream Catcher": {
    "NAME": "드림 캐쳐",
    "FLAVOR": "북쪽에 사는 부족들은 종종 밤에 드림 캐쳐를 사용했으며, 이를 통하여 정신 수양을 할 수 있다고 믿었습니다.",
    "DESCRIPTIONS": [
      "#y휴식 할 때마다 카드 보상을 1회 받습니다."
    ]
  },
  "Du-Vu Doll": {
    "NAME": "저주 인형",
    "FLAVOR": "악한 기운에서 힘을 얻기 위해 만들어진 인형입니다.",
    "DESCRIPTIONS": [
      "덱에 있는 #y저주 카드의 수만큼 힘을 #b",
      " 얻습니다.",
      " #y저주 카드를 가지고 있지 않습니다.",
      " #b",
      " 장의 #y저주 카드를 가지고 있습니다."
    ]
  },
  "Ectoplasm": {
    "NAME": "외형질",
    "FLAVOR": "이 점액질의 기운과 방울은 생명력이 넘쳐보입니다.",
    "DESCRIPTIONS": [
      " 앞으로 #y골드 를 얻을 수 없습니다.",
      "매 턴 시작 시 [R] 를 추가로 얻습니다.",
      "매 턴 시작 시 [G] 를 추가로 얻습니다.",
      "매 턴 시작 시 [B] 를 추가로 얻습니다."
    ]
  },
  "Enchiridion": {
    "NAME": "교본",
    "FLAVOR": "고대 리치의 전설적인 학술지입니다.",
    "DESCRIPTIONS": [
      "전투 시작 시 무작위 #y파워 카드를 1장 얻습니다. 첫 턴 동안 그 카드의 비용이 #b0 이 됩니다."
    ]
  },
  "Eternal Feather": {
    "NAME": "영원의 깃털",
    "FLAVOR": "이 깃털은 전혀 파괴할 수가 없습니다. 도대체 어떤 새의 것일까요?",
    "DESCRIPTIONS": [
      "덱에 있는 #b",
      " 장의 카드마다 휴식 장소에서 #b",
      " 씩 체력을 회복합니다."
    ]
  },
  "Frozen Egg": {
    "NAME": "얼어붙은 알",
    "FLAVOR": "이 알은 비활성 상태에서 얼어붙어 절대로 부화되지 않습니다.",
    "DESCRIPTIONS": [
      "획득 시 #y파워 카드를 1장 #y강화 합니다.",
      "카드를 선택하세요. "
    ]
  },
  "Gambling Chip": {
    "NAME": "도박 칩",
    "FLAVOR": "당신은 한 쪽면에 적혀있는 작은 비문을 볼 수 있습니다:\"베어의 행운 칩!\"",
    "DESCRIPTIONS": [
      "전투 시작 시 원하는 만큼 카드를 버리고 그 만큼 새로운 카드를 뽑습니다."
    ]
  },
  "Ginger": {
    "NAME": "생강",
    "FLAVOR": "많은 강장제 중에서 잠재력이 으뜸입니다.",
    "DESCRIPTIONS": [
      "더 이상 #y약화 를 받지 않습니다."
    ]
  },
  "Girya": {
    "NAME": "케틀벨",
    "FLAVOR": "이 케틀벨은 측정 할 수 없을 정도로 무겁습니다. 당신은 이것으로 훨씬 더 강해질 수 있도록 훈련 할 수 있습니다.",
    "DESCRIPTIONS": [
      "휴식 장소에서 #y힘 을 증가시킬 수 있습니다. (최대 3번 가능합니다.)"
    ]
  },
  "Golden Idol": {
    "NAME": "황금 우상",
    "FLAVOR": "당신은 이 순금 덩어리를 쥐기만 해도 부유해진 느낌이 듭니다.",
    "DESCRIPTIONS": [
      "적 처치 시 얻는 #y골드 의 양이 #b25% 증가합니다."
    ]
  },
  "Gremlin Horn": {
    "NAME": "그렘린 뿔",
    "FLAVOR": "\"상위 그렘린은 죽을 때까지 성장합니다. 놀랍군요.\" - 랜위드",
    "DESCRIPTIONS": [
      "적을 처치할 때마다 ",
      "[R] 를 얻고 카드를 #b1 장 뽑습니다.",
      "[G] 를 얻고 카드를 #b1 장 뽑습니다.",
      "[B] 를 얻고 카드를 #b1 장 뽑습니다."
    ]
  },
  "Happy Flower": {
    "NAME": "행복한 꽃",
    "FLAVOR": "기쁨으로 넘치는 이 식물은 귀족들 사이에서 인기가 있는 신기한 물건입니다.",
    "DESCRIPTIONS": [
      " #b",
      " 턴마다 [R] 를 얻습니다.",
      " 턴마다 [G] 를 얻습니다.",
      " 턴마다 [B] 를 얻습니다."
    ]
  },
  "Ice Cream": {
    "NAME": "아이스크림",
    "FLAVOR": "\"맛있네요!\"",
    "DESCRIPTIONS": [
      "턴 종료 시 남은 에너지가 사라지지 않습니다."
    ]
  },
  "Juzu Bracelet": {
    "NAME": "염주",
    "FLAVOR": "알 수 없는 기운으로부터 보호받습니다.",
    "DESCRIPTIONS": [
      " #y? 방에서 더 이상 전투가 발생하지 않습니다."
    ]
  },
  "Kunai": {
    "NAME": "수리검",
    "FLAVOR": "원거리에서의 치명도가 높아 암살자들이 애용한 물건입니다.",
    "DESCRIPTIONS": [
      "한 턴에 #y공격 카드를 #b",
      " 장 사용할 때마다 #y민첩 을 #b",
      " 얻습니다."
    ]
  },
  "Lantern": {
    "NAME": "전등",
    "FLAVOR": "들고 있는 사람만 밝혀주는 으스스한 랜턴입니다.",
    "DESCRIPTIONS": [
      "첫 턴에만 ",
      "[R] ",
      "[G] ",
      "[B] ",
      "를 얻습니다."
    ]
  },
  "Letter Opener": {
    "NAME": "편지 칼",
    "FLAVOR": "이상할 정도로 날카롭습니다.",
    "DESCRIPTIONS": [
      "한 턴에 #y스킬 카드를 #b3 장 사용할 때마다 적 전체에게 피해를 #b",
      " 줍니다. "
    ]
  },
  "Living Blade": {
    "NAME": "살아있는 칼",
    "FLAVOR": "설명이 없습니다.",
    "DESCRIPTIONS": [
      "You can get any number of any card."
    ]
  },
  "Lizard Tail": {
    "NAME": "도마뱀 꼬리",
    "FLAVOR": "전투 중에 적들을 속이는 가짜 꼬리입니다.",
    "DESCRIPTIONS": [
      "사망 시 한 번에 한해 체력이 #b50% 인 상태로 부활합니다."
    ]
  },
  "Magic Flower": {
    "NAME": "마법 꽃",
    "FLAVOR": "이 꽃은 오랫동안 멸종되었다고 생각됐지만 어째서인지 완벽한 상태로 보존되어 있었습니다.",
    "DESCRIPTIONS": [
      "전투 동안의 회복 효율이 #b50% 증가합니다."
    ]
  },
  "Mango": {
    "NAME": "망고",
    "FLAVOR": "가장 탐스러운 잊혀졌던 열매입니다. 역병의 흔적 없이 온전히 보존되어 있습니다.",
    "DESCRIPTIONS": [
      "최대 체력이 #b+"
    ]
  },
  "Mark of Pain": {
    "NAME": "고통의 표식",
    "FLAVOR": "이 표식은 북부에 사는 부족들이 전쟁에서 고통에 숙달된 전사들을 나타내기 위해 사용되었습니다.",
    "DESCRIPTIONS": [
      "매 턴 시작 시 [R] 를 얻습니다.  전투를 시작할 때 #b2 장의 #r부상 카드를 뽑을 카드 더미에 넣고 섞습니다."
    ]
  },
  "Matryoshka": {
    "NAME": "마트료시카",
    "FLAVOR": "겹쳐 놓을 수 있는 도색된 인형세트입니다.  도색은 하얀 눈과 푸른 깃털을 가진 알려지지 않은 새를 표현하고 있습니다.",
    "DESCRIPTIONS": [
      "앞으로 열 #b2 개의 상자에 #y유물 이 #b2 개씩 들어 있습니다.  (보스 상자 제외)",
      "다음 열 상자에 #y유물 이 #b2 개 들어 있습니다.  (보스 상자 제외)",
      "유물에서 더 이상 힘이 느껴지지 않습니다. "
    ]
  },
  "Meat on the Bone": {
    "NAME": "고기 덩어리",
    "FLAVOR": "계속 고기가 보충되어서 없어질 기미가 보이지 않습니다.",
    "DESCRIPTIONS": [
      "전투 종료 시 체력이 #b50% 이하라면 체력을 #b",
      " 회복합니다."
    ]
  },
  "Medical Kit": {
    "NAME": "구급 상자",
    "FLAVOR": "\"당신에게 필요한 모든 것이 있습니다!  가려움 치료제, 화상 치료제, 해독제 그리고 더!\"",
    "DESCRIPTIONS": [
      "사용 불가인 #y상태이상 카드를 사용할 수 있게 됩니다. 사용한 #y상태이상 카드는 #y소멸 됩니다."
    ]
  },
  "Membership Card": {
    "NAME": "멤버십 카드",
    "FLAVOR": "\"가장 소중한 고객분들을 위해서 보너스 멤버쉽을 제공합니다!\"",
    "DESCRIPTIONS": [
      "다음 막부터 상점이 #b50% 더 많이 생성됩니다. #y보너스: 모든 품목에 #b50% 할인!"
    ]
  },
  "Mercury Hourglass": {
    "NAME": "수은 모래시계",
    "FLAVOR": "영원히 흐르는 마법의 모래시계입니다.",
    "DESCRIPTIONS": [
      "매 턴 시작 시, 적 전체에게 피해를 #b",
      " 줍니다. "
    ]
  },
  "Molten Egg": {
    "NAME": "녹아내린 알",
    "FLAVOR": "불사조의 알입니다. 부글부글 끓고 있는 용암으로 빨갛게 타오르고 있습니다.",
    "DESCRIPTIONS": [
      "획득 시 #y공격 카드를 1장 #y강화 합니다.",
      "카드를 선택하세요. "
    ]
  },
  "Mummified Hand": {
    "NAME": "미라의 손",
    "FLAVOR": "당신의 맥박이 빨라질 때 특히 자주 꿈틀거립니다.",
    "DESCRIPTIONS": [
      "#y파워 카드를 사용할 때마다 무작위 카드 1장의 비용이 이번 턴 동안 #b0 이 됩니다."
    ]
  },
  "Necronomicon": {
    "NAME": "네크로노미콘",
    "FLAVOR": "어리석은 자만 이 사악한 힘을 사용할 것입니다. 밤마다 당신은 정신이 책에게 잡아먹히는 꿈을 꾸게 됩니다.",
    "DESCRIPTIONS": [
      "각각의 턴에 처음으로 사용한 #y비용 이 #b",
      " 이상인 #y공격 카드가 #b2 번 사용됩니다. 이 유물 획득 시 #y저주 카드를 받습니다.",
      " 이상의 #y공격 카드가 두 번 사용됩니다."
    ]
  },
  "Nilry's Codex": {
    "NAME": "닐리의 고서",
    "FLAVOR": "악명이 자자한 게임 마스터가 편찬했습니다. 읽는 사람의 시야를 넓혀준다고 합니다.",
    "DESCRIPTIONS": [
      "턴이 끝날 때 마다 #b3 장의 무작위 카드 중 #b1 장을 골라 카드 더미에 섞어 넣습니다."
    ]
  },
  "Ninja Scroll": {
    "NAME": "닌자 두루마리",
    "FLAVOR": "암살의 비법이 적혀 있습니다.",
    "DESCRIPTIONS": [
      "첫 턴에만 #b",
      " 장의 #y단도 카드를 얻습니다."
    ]
  },
  "Nloth's Gift": {
    "NAME": "느로스의 선물",
    "FLAVOR": "느로스의 이상한 선물 입니다. 당신이 그것을 풀려고 할때마다, 동일한 크기의 다른 상자가 안에 있습니다.",
    "DESCRIPTIONS": [
      "앞으로 몬스터 보상에서 희귀 카드가 나올 확률이 #b3 배 증가합니다."
    ]
  },
  "Nullstone Periapt": {
    "NAME": "Nullstone Periapt",
    "FLAVOR": "설명이 없습니다.",
    "DESCRIPTIONS": [
      "적이 당신에게 시전하는 #y디버프 를 반사합니다. NL #b10턴 이 지나면 재충전 됩니다."
    ]
  },
  "Oddly Smooth Stone": {
    "NAME": "매끄러운 돌",
    "FLAVOR": "당신은 이토록 매끄럽고 깨끗한 것을 본 적이 없습니다.  틀림없이 이것은 고대의 작품일 것입니다.",
    "DESCRIPTIONS": [
      "#y민첩 을 #b",
      " 얻은 채로 전투를 시작합니다."
    ]
  },
  "Odd Mushroom": {
    "NAME": "이상한 버섯",
    "FLAVOR": "\"이상한 버섯을 섭취하자 나는 점점 더...둔감해져갔다.\" - 랜위드 ",
    "DESCRIPTIONS": [
      "플레이어가 #y취약 에 걸렸을 때, #b50% 대신 #b25% 의 추가 피해량을 받습니다."
    ]
  },
  "Old Coin": {
    "NAME": "낡은 동전",
    "FLAVOR": "독특한 동전은 상인들의 역사적 가치와 희귀한 금속 재질로 높은 값어치를 지니고 있습니다.",
    "DESCRIPTIONS": [
      "획득 시 #b300 #y골드 를 얻습니다."
    ]
  },
  "Omamori": {
    "NAME": "부적",
    "FLAVOR": "악령을 막아주는 평범한 부적입니다. 이것은 신성한 에너지를 가지고 있는 것 같습니다.",
    "DESCRIPTIONS": [
      "앞으로 얻을 #b2 장의 #r저주 를 막아줍니다.",
      "앞으로 얻을 #b1 장의 #r저주 를 막아줍니다.",
      "유물에서 더 이상 힘이 느껴지지 않습니다. "
    ]
  },
  "Orichalcum": {
    "NAME": "오리하르콘",
    "FLAVOR": "녹색으로 빛나는 근원을 알 수 없는 금속. 파괴가 불가능해 보입니다.",
    "DESCRIPTIONS": [
      "턴 종료 시 #y방어도 가 없다면 #y방어도 를 #b",
      " 얻습니다."
    ]
  },
  "Ornamental Fan": {
    "NAME": "장식용 부채",
    "FLAVOR": "피를 쏟을수록 이 부채는 늘어나고 단단해지는 것 같습니다.",
    "DESCRIPTIONS": [
      "한 턴에 #y공격 카드를 #b3 장 사용할 때마다 #y방어도 를 #b",
      " 얻습니다."
    ]
  },
  "Orrery": {
    "NAME": "태양계 모형",
    "FLAVOR": "\"일단 우주를 이해하게 되면...\" - 조로스",
    "DESCRIPTIONS": [
      "획득 시 카드 보상을 #b5 회 받습니다.",
      "지식!"
    ]
  },
  "Pandora's Box": {
    "NAME": "판도라의 상자",
    "FLAVOR": "당신은 이것을 열자 불길한 기운을 느낍니다.",
    "DESCRIPTIONS": [
      "획득 시 모든 #y타격과 #y수비 가 #b변화 합니다.",
      "판도라의 상자가 열렸다..."
    ]
  },
  "Pantograph": {
    "NAME": "팬터그래프",
    "FLAVOR": "\"견고한 토대는 우연이 아닙니다. 계획을 위한 도구는 반드시 필요합니다.\" - 건축가",
    "DESCRIPTIONS": [
      "보스 전투 시작 시 체력을 #b",
      " 회복합니다."
    ]
  },
  "Paper Crane": {
    "NAME": "종이 핰",
    "FLAVOR": "옛 시대의 동물의 모습을 표현한 종이 모형입니다.",
    "DESCRIPTIONS": [
      " #y약화된 적의 공격은 피해량이 #b25% 대신 #b40% 만큼 감소합니다."
    ]
  },
  "Paper Frog": {
    "NAME": "종이 게구리",
    "FLAVOR": "그 종이는 계속 접혀지며 스스로 작은 생명체로 변화합니다.",
    "DESCRIPTIONS": [
      " #y취약 상태의 적은 #b50% 대신 #b75% 의 피해를 추가로 받습니다."
    ]
  },
  "Peace Pipe": {
    "NAME": "평화의 담뱃대",
    "FLAVOR": "마음과 영혼을 정화합니다.",
    "DESCRIPTIONS": [
      "휴식 장소에서 카드를 제거할 수 있게 됩니다."
    ]
  },
  "Pear": {
    "NAME": "배",
    "FLAVOR": "역병이 있기 전에 흔하게 보이던 과일입니다.",
    "DESCRIPTIONS": [
      "최대 체력 #b+"
    ]
  },
  "Pen Nib": {
    "NAME": "펜 촉",
    "FLAVOR": "펜 촉을 잡자, 당신은 펜의 이전 소유자가 해왔던 모든 학살을 볼 수 있습니다. 폭력의 역사를.",
    "DESCRIPTIONS": [
      " #b10 번 째 사용하는 #y공격 카드의 피해량이 두 배로 증가합니다."
    ]
  },
  "Philosopher's Stone": {
    "NAME": "현자의 돌",
    "FLAVOR": "돌에서 뿜어져 나오는 가공되지 않은 힘은 근처의 모두에게 힘을 부여합니다.",
    "DESCRIPTIONS": [
      " 전투 시작 시 모든 적은 #y힘 을 #b2 추가로 얻습니다.",
      "매 턴 시작 시 [R] 를 추가로 얻습니다.",
      "매 턴 시작 시 [G] 를 추가로 얻습니다.",
      "매 턴 시작 시 [B] 를 추가로 얻습니다."
    ]
  },
  "Prayer Wheel": {
    "NAME": "전경기",
    "FLAVOR": "바퀴는 계속 돌고 있으며 멈추지 않습니다.",
    "DESCRIPTIONS": [
      "일반적인 적에게서 카드 보상을 추가로 얻을 수 있습니다."
    ]
  },
  "Question Card": {
    "NAME": "물음표 카드",
    "FLAVOR": "\"더 많은 선택지는 혼돈의 위험을 줄여줍니다.\" - 위대한 쿠빌라이",
    "DESCRIPTIONS": [
      "앞으로의 카드 보상에서 카드 선택지가 #y1 개 더 주어집니다."
    ]
  },
  "Red Circlet": {
    "NAME": "붉은 왕관",
    "FLAVOR": "당신은 더 이상 발견할 유물이 없습니다. 놀랍군요!",
    "DESCRIPTIONS": [
      "매우 가치가 있어 보이는군요."
    ]
  },
  "Red Mask": {
    "NAME": "붉은 가면",
    "FLAVOR": "붉은 가면 도적단 우두머리의 세련된 가면입니다. 이제는 이것을 쓰고 있는 당신이 리더인 것일까요?",
    "DESCRIPTIONS": [
      "전투 시작 시 적 전체에게 #y약화 를 #b",
      " 부여합니다."
    ]
  },
  "Red Skull": {
    "NAME": "붉은 해골",
    "FLAVOR": "장식용 도색으로 덮힌 작은 해골입니다.",
    "DESCRIPTIONS": [
      "체력이 #b50% 이하일 때 #y힘 을 #b",
      " 얻습니다."
    ]
  },
  "Regal Pillow": {
    "NAME": "호화로운 베개",
    "FLAVOR": "숙면을 위한 필수품입니다.",
    "DESCRIPTIONS": [
      " #y휴식 을 취할 때마다 #b",
      " 의 체력을 추가로 회복합니다."
    ]
  },
  "Ring of the Serpent": {
    "NAME": "구렁이의 반지",
    "DESCRIPTIONS": [
      "#g뱀의 #g반지 와 교체됩니다. ",
      "매 턴 시작 시, 카드를 #b1 장 추가로 뽑습니다."
    ],
    "FLAVOR": "당신의 반지는 모습을 바꾸며 변화합니다."
  },
  "Runic Cube": {
    "NAME": "룬 큐브",
    "FLAVOR": "이 룬문자들은 해석할 수가 없습니다.",
    "DESCRIPTIONS": [
      "체력을 잃을 때마다 카드를 #b",
      " 장 뽑습니다.",
      ""
    ]
  },
  "Runic Dome": {
    "NAME": "룬 반구",
    "FLAVOR": "이 룬문자들은 해석할 수가 없습니다.",
    "DESCRIPTIONS": [
      " 를 추가로 얻습니다. 더 이상 적의 #b의도 를 알 수 없게 됩니다.",
      "매 턴 시작 시 [R] ",
      "매 턴 시작 시 [G] ",
      "매 턴 시작 시 [B] "
    ]
  },
  "Runic Pyramid": {
    "NAME": "룬 피라미드",
    "FLAVOR": "이 룬문자들은 해석할 수가 없습니다.",
    "DESCRIPTIONS": [
      "더 이상 자신의 턴이 끝날 때 카드를 버리지 않습니다.",
      ""
    ]
  },
  "Self Forming Clay": {
    "NAME": "자가 형성 점토",
    "FLAVOR": "\"흥미롭군요! 제가 생각하는대로 모습이 바뀌는 것 같은데 말이죠! 텔레-점토라고 하면 되려나요?\" - 랜위드",
    "DESCRIPTIONS": [
      "전투 중 체력을 잃을 때마다 다음 턴에 #y방어도 를 #b",
      " 씩 얻습니다."
    ]
  },
  "Shovel": {
    "NAME": "삽",
    "FLAVOR": "첨탑에는 과거 문명의 모든 유물과 잊힌 시대의 강력한 모험가가 있습니다. 그것을 발굴할 시간입니다!",
    "DESCRIPTIONS": [
      "휴식 장소에서 유물을 #y발굴 할 수 있게 됩니다."
    ]
  },
  "Shuriken": {
    "NAME": "표창",
    "FLAVOR": "경량화된 투척 무기입니다. 눈을 향해 던지는 것을 추천합니다.",
    "DESCRIPTIONS": [
      "한 턴에 #y공격 카드를 #b",
      " 장 사용할 때마다 #y힘 을 #b",
      " 얻습니다."
    ]
  },
  "Singing Bowl": {
    "NAME": "노래하는 그릇",
    "FLAVOR": "자주 사용되는 이 공예품은 부딪힐 때 아름다운 선율이 울려 퍼집니다.",
    "DESCRIPTIONS": [
      "카드 보상을 얻는 대신 최대 체력을 #b2 증가시킬 수 있습니다."
    ]
  },
  "Smiling Mask": {
    "NAME": "미소짓는 가면",
    "FLAVOR": "상인이 사용한 가면입니다. 그는 예비품을 가지고 있는 모양입니다...",
    "DESCRIPTIONS": [
      "상인의 카드 제거 비용이 #b",
      " #y골드 로 고정됩니다."
    ]
  },
  "Ring of the Snake": {
    "NAME": "뱀의 반지",
    "FLAVOR": "화석이 된 뱀으로 만들었습니다. 뛰어난 기술을 가진 여사냥꾼을 나타냅니다.",
    "DESCRIPTIONS": [
      "첫 턴에만 #b",
      " 장의 카드를 추가로 뽑습니다."
    ]
  },
  "Snecko Eye": {
    "NAME": "스네코의 눈",
    "FLAVOR": "타락한 스네코의 눈입니다. 당신이 생각했던 것보다 훨씬 거대합니다.",
    "DESCRIPTIONS": [
      "매 턴 #b2 장의 카드를 더 뽑습니다. 모든 전투를 #y혼란 상태로 시작합니다."
    ]
  },
  "Snake Skull": {
    "NAME": "스네코의 해골",
    "FLAVOR": "새 것 같은 스네코의 해골입니다.  신기할 정도로 깨끗하고 매끈하며 왠지 모르게 먼지와 때가 사라집니다.",
    "DESCRIPTIONS": [
      " #y중독 을 부여할 때마다 중독을 #b",
      " 추가로 부여합니다."
    ]
  },
  "Sozu": {
    "NAME": "소주",
    "FLAVOR": "당신이 이 유물 근처에 있자 마법의 액체들이 그것들의 특성을 잃어 버린다는 것을 깨달았습니다.",
    "DESCRIPTIONS": [
      " 더 이상 포션을 획득할 수 없게 됩니다. ",
      "매 턴 시작 시 [R] 를 추가로 얻습니다.",
      "매 턴 시작 시 [G] 를 추가로 얻습니다.",
      "매 턴 시작 시 [B] 를 추가로 얻습니다."
    ]
  },
  "Spirit Poop": {
    "NAME": "정령의 똥",
    "FLAVOR": "정령들에게 제물로 바친 것의 잔해입니다.",
    "DESCRIPTIONS": [
      "매우 불쾌합니다."
    ]
  },
  "Strange Spoon": {
    "NAME": "이상한 숟가락",
    "FLAVOR": "숟가락을 주시하다 보면, 당신의 눈 앞에서 그것은 구부러지고 휘어지는 것처럼 보입니다.",
    "DESCRIPTIONS": [
      " #b50% 의 확률로 카드가 #y소멸 되는 대신 버려집니다. "
    ]
  },
  "Strawberry": {
    "NAME": "딸기",
    "FLAVOR": "\"정말 맛있군요! 역병이 돌았던 이래로 이렇게 맛있는 것은 본 적이 없어요.\" - 랜위드",
    "DESCRIPTIONS": [
      "최대 체력 #b+"
    ]
  },
  "Sundial": {
    "NAME": "해시계",
    "FLAVOR": "\"전 시대의 사람들의 시간에 대한 어리석은 집착은 하늘로부터 계시를 구하고 영원함을 갈망하게 했습니다.\" - 조로스",
    "DESCRIPTIONS": [
      "덱을 #b",
      " 번 섞을 때마다 [R] [R] 를 얻습니다.",
      " 번 섞을 때마다 [G] [G] 를 얻습니다.",
      " 번 섞을 때마다 [B] [B] 를 얻습니다."
    ]
  },
  "Ancient Tea Set": {
    "NAME": "고대의 차 세트",
    "FLAVOR": "밤에 상쾌한 휴식을 즐기기 위해 필요한 것입니다.",
    "DESCRIPTIONS": [
      "휴식 장소를 거친 뒤의 첫 전투라면 첫 턴에 [R] [R] 를 얻습니다.",
      "휴식 장소를 거친 뒤의 첫 전투라면 첫 턴에 [G] [G] 를 얻습니다.",
      "휴식 장소를 거친 뒤의 첫 전투라면 첫 턴에 [B] [B] 를 얻습니다."
    ]
  },
  "War Paint": {
    "NAME": "위장크림",
    "FLAVOR": "과거에, 아이언클래드들은 전투에 나가기 전 마법의 위장크림을 사용했다고 전해집니다.",
    "DESCRIPTIONS": [
      "획득 시 #y스킬 카드 #b",
      " 장이 무작위로 #y강화 됩니다."
    ]
  },
  "Darkstone Periapt": {
    "NAME": "흑옥 부적",
    "FLAVOR": "이 부적은 암흑 에너지를 끌어모아 착용자의 생명력으로 변환합니다.",
    "DESCRIPTIONS": [
      "#r저주 카드를 받을 때마다 최대 체력 #b+"
    ]
  },
  "Test 1": {
    "NAME": "테스트용 1",
    "FLAVOR": "베타 테스트를 위한 유물입니다. 개발 전에는 알 수 없습니다.",
    "DESCRIPTIONS": [
      "당신이 포션을 사용할 때, 얻습니다. ",
      " [R] .",
      " [G] .",
      " [B] ."
    ]
  },
  "Frozen Eye": {
    "NAME": "얼어붙은 눈",
    "FLAVOR": "눈을 주시하자, 미래가 흘낏 보이는 것 같습니다.",
    "DESCRIPTIONS": [
      "뽑을 카드 더미를 누르면 카드들이 뽑을 순서대로 나타납니다."
    ]
  },
  "Test 2": {
    "NAME": "테스트용 2",
    "FLAVOR": "베타 테스트를 위한 유물입니다. 개발 전에는 알 수 없습니다.",
    "DESCRIPTIONS": [
      "뽑을 카드 더미를 눌러 보면 뽑올 카드의 순서를 알 수 있습니다."
    ]
  },
  "Test 3": {
    "NAME": "테스트용 3",
    "FLAVOR": "베타 테스트를 위한 유물입니다. 개발 전에는 알 수 없습니다.",
    "DESCRIPTIONS": [
      "획득 시, 모든 #y방어 카드가 #y강화 됩니다."
    ]
  },
  "Test 4": {
    "NAME": "테스트용 4",
    "FLAVOR": "베타 테스트를 위한 유물입니다. 개발 전에는 알 수 없습니다.",
    "DESCRIPTIONS": [
      "전투 시작 시, 모든 #y타격 카드의 비용이 #b0 이 됩니다."
    ]
  },
  "Test 5": {
    "NAME": "테스트용 5",
    "FLAVOR": "베타 테스트를 위한 유물입니다. 개발 전에는 알 수 없습니다.",
    "DESCRIPTIONS": [
      "획득 시 #b",
      " 장의 #y스킬 카드를 무작위로 #y강화 합니다."
    ]
  },
  "Test 6": {
    "NAME": "테스트용 6",
    "FLAVOR": "베타 테스트를 위한 유물입니다. 개발 전에는 알 수 없습니다.",
    "DESCRIPTIONS": [
      "턴이 끝날 때 마다, ",
      " #y방어도를 #b",
      " #y골드 만큼 얻습니다."
    ]
  },
  "Test 7": {
    "NAME": "테스트용 7",
    "FLAVOR": "베타 테스트를 위한 유물입니다. 개발 전에는 알 수 없습니다.",
    "DESCRIPTIONS": [
      "#y엘리트 처치 시 #y유물 을 추가로 하나 더 얻을 수 있습니다."
    ]
  },
  "Test 8": {
    "NAME": "테스트용 8",
    "FLAVOR": "베타 테스트를 위한 유물입니다. 개발 전에는 알 수 없습니다.",
    "DESCRIPTIONS": [
      "매 턴 #b2 장의 카드를 더 뽑습니다. 모든 전투를 #y혼란 상태로 시작합니다."
    ]
  },
  "The Specimen": {
    "NAME": "표본",
    "FLAVOR": "\"놀랍군요! 놀라운 독성을 가진 돌연변이 생물체를 발견했어요. 나중에 조사할 수 있도록 샘플은 보관해두세요.\" - 랜위드",
    "DESCRIPTIONS": [
      "적이 죽을 때 갖고 있던 #y중독 이 무작위로 다른 적에게 옮겨집니다."
    ]
  },
  "Thread and Needle": {
    "NAME": "실과 바늘",
    "FLAVOR": "당신의 몸 주위에 마법의 실을 두르자 더 단단해진 것을 느낍니다 .",
    "DESCRIPTIONS": [
      "전투 시작 시 #y판금 #y갑옷 을 #b",
      " 얻습니다."
    ]
  },
  "Tingsha": {
    "NAME": "팅샤",
    "FLAVOR": "이 악기가 내는 소리는 고통을 줄 수 있는 음량까지 반향을 일으킬 수 있는 것 같습니다.",
    "DESCRIPTIONS": [
      "자신의 턴에 카드를 버릴 때마다 무작위 적에게 피해를 #b",
      " 줍니다. "
    ]
  },
  "Tiny Chest": {
    "NAME": "작은 상자",
    "FLAVOR": "\"훌륭한 시제품이군요.\" - 건축가",
    "DESCRIPTIONS": [
      " #b",
      " #y골드 를 얻습니다.  #y? 방에서 상자를 발견할 확률이 #b10% 증가합니다.",
      " NL ? 방에서 상자를 발견할 확률이 #b10% 증가합니다."
    ]
  },
  "Tiny House": {
    "NAME": "작은 집",
    "FLAVOR": "\"완벽한 소형화 기술로 구현했습니다. 내 인생 최고의 작품이지만 아직 부족합니다.\" - 건축가",
    "DESCRIPTIONS": [
      "포션을 #b1 개 획득합니다. NL #b",
      " #y골드 를 획득합니다. NL 최대 체력 #b+",
      ". NL 카드를 #b1 장 획득합니다. NL 무작위 카드 #b1 장을 강화합니다.",
      "작은 집!"
    ]
  },
  "Toolbox": {
    "NAME": "공구함",
    "FLAVOR": "모든 작업을 위한 도구입니다.",
    "DESCRIPTIONS": [
      "전투 시작 시 무작위 무색 카드를 1장 얻습니다."
    ]
  },
  "Torii": {
    "NAME": "토리이",
    "FLAVOR": "작은 토리이를 잡자, 당신은 마음이 평온해지고 안정감이 느껴집니다.",
    "DESCRIPTIONS": [
      " #b",
      "  이하의 체력을 잃을 때 대신 #b1 만 잃습니다."
    ]
  },
  "Tough Bandages": {
    "NAME": "질긴 붕대",
    "FLAVOR": "버리는 만큼 힘을 얻습니다.",
    "DESCRIPTIONS": [
      "내 턴에 카드를 버릴 때마다 #y방어도 를 #b",
      " 를 얻습니다."
    ]
  },
  "Toxic Egg": {
    "NAME": "유독성 알",
    "FLAVOR": "\"정말 놀라운 발견이군요! 어떤 마법생물의 비활성화된 알 같군요. 누가 이것을 만들었을까요?\" - 랜위드",
    "DESCRIPTIONS": [
      "획득 시 #y스킬 카드를 1장 #y강화 합니다.",
      "카드를 선택하세요. "
    ]
  },
  "Toy Ornithopter": {
    "NAME": "장난감 비행기",
    "FLAVOR": "\"이 작은 장난감은 외로운 모험가에게 최고의 동반자입니다!\"",
    "DESCRIPTIONS": [
      "포션을 사용할 때마다 체력을 #b",
      " 회복합니다."
    ]
  },
  "Unceasing Top": {
    "NAME": "멈추지 않는 팽이",
    "FLAVOR": "팽이는 당신의 꿈에 있는 것처럼 쉽게 돌아갑니다.",
    "DESCRIPTIONS": [
      "당신의 턴 동안 손에 카드가 없으면 카드를 1장 뽑습니다."
    ]
  },
  "Vajra": {
    "NAME": "금강저",
    "FLAVOR": "명예로운 전투를 한 전사에게 주어진 장식용 유물입니다.",
    "DESCRIPTIONS": [
      "#y힘 을 #b",
      " 얻은 채로 전투를 시작합니다."
    ]
  },
  "Velvet Choker": {
    "NAME": "벨벳 초커",
    "FLAVOR": "\"엄청난 힘이지만, 너무 제한적입니다.\" - 위대한 쿠빌라이",
    "DESCRIPTIONS": [
      "한 턴에 #b",
      " 장의 카드만 사용할 수 있습니다. ",
      "매 턴 시작 시 [R] 를 얻습니다.",
      "매 턴 시작 시 [G] 를 얻습니다.",
      "매 턴 시작 시 [B] 를 얻습니다.",
      "이번 턴에 이미 카드를 다 사용했어. 카드 제한 : #r"
    ]
  },
  "Lee's Waffle": {
    "NAME": "리의 와플",
    "FLAVOR": "\"당신이 모든 첨탑에서 찾을 수 있는 가장 맛있는 음식입니다! 오늘 당신만을 위해 구운 것입니다.\"",
    "DESCRIPTIONS": [
      "최대 체력 #b+",
      " NL 획득 시, 체력을 전부 회복합니다."
    ]
  },
  "Whetstone": {
    "NAME": "숫돌",
    "FLAVOR": "\"육체는 결코 강철을 능가할 수 없습니다.\" - 위대한 쿠빌라이",
    "DESCRIPTIONS": [
      "획득 시 #y공격 카드 #b",
      " 장이 무작위로 #y강화 됩니다."
    ]
  },
  "Derp Rock": {
    "NAME": "Derp Rock",
    "FLAVOR": "Placeholder",
    "DESCRIPTIONS": [
      "매 턴 시작 시,  #b",
      " 의 충전을 얻습니다. NL (제거하거나 변화시킬 수 없습니다..)"
    ]
  },
  "NeowsBlessing": {
    "NAME": "니오우의 비탄",
    "FLAVOR": "니오우가 비탄하며 수여한 성물입니다.",
    "DESCRIPTIONS": [
      "앞으로 #b3 번의 전투 동안 적의 체력이 #b1 이 됩니다..",
      "이미 사용된 성물입니다."
    ]
  },
  "White Beast Statue": {
    "NAME": "하얀 짐승 석상",
    "FLAVOR": "당신이 한 번도 본 적이 없는 생물의 작고 하얀 조각상입니다.",
    "DESCRIPTIONS": [
      "전투가 끝날 때 항상 포션을 얻습니다."
    ]
  },
  "Frozen Egg 2": {
    "NAME": "얼어붙은 알",
    "FLAVOR": "이 알은 비활성 상태에서 얼어붙어 절대로 부화되지 않습니다.",
    "DESCRIPTIONS": [
      "#y파워 카드를 얻을 때마다 그 카드를 #y강화 합니다."
    ]
  },
  "Molten Egg 2": {
    "NAME": "녹아내린 알",
    "FLAVOR": "불사조의 알입니다. 부글부글 끓고 있는 용암으로 빨갛게 타오르고 있습니다.",
    "DESCRIPTIONS": [
      "#y공격 카드를 얻을 때마다 그 카드를 #y강화 합니다."
    ]
  },
  "Toxic Egg 2": {
    "NAME": "유독성 알",
    "FLAVOR": "\"정말 놀라운 발견이군요! 어떤 마법생물의 비활성화된 알 같군요. 누가 이것을 만들었을까요?\" - 랜위드",
    "DESCRIPTIONS": [
      "#y스킬 카드를 얻을 때마다 그 카드를 #y강화 합니다."
    ]
  },
  "DataDisk": {
    "NAME": "데이터 디스크",
    "FLAVOR": "이 디스크는 새와 뱀의 예전 정보를 담고 있습니다.",
    "DESCRIPTIONS": [
      "#y밀집 을 #b",
      " 얻은 채로 전투를 시작합니다."
    ]
  },
  "Nuclear Battery": {
    "NAME": "핵 배터리",
    "FLAVOR": "오오...",
    "DESCRIPTIONS": [
      "전투 시작 시 #y플라즈마 를 #b1 번 #y영창 합니다."
    ]
  },
  "Cracked Core": {
    "NAME": "부서진 핵",
    "FLAVOR": "첨탑에 있는 자동인형에게 미지의 생명의 힘을 동력으로 공급하는 장치입니다. 부서진 것 같아 보입니다.",
    "DESCRIPTIONS": [
      "전투 시작 시 #y전기 를 #b1 번 #y영창 합니다."
    ]
  },
  "Turnip": {
    "NAME": "순무",
    "FLAVOR": "생강과 함께라면 최고죠.",
    "DESCRIPTIONS": [
      "더 이상 #y손상 을 받지 않습니다."
    ]
  },
  "Emotion Chip": {
    "NAME": "감정의 조각",
    "FLAVOR": "...<3...?",
    "DESCRIPTIONS": [
      "턴 시작 시, 지난 턴에 종류에 상관없이 피해를 입었다면 모든 구체의 지속 효과를 발동시킵니다."
    ]
  },
  "Inserter": {
    "NAME": "투입기",
    "FLAVOR": "투입. 투출. 스택. 반복.",
    "DESCRIPTIONS": [
      "#b2 턴 마다, 구체 슬롯을 #b1 개 얻습니다."
    ]
  },
  "Cables": {
    "NAME": "판금 케이블",
    "FLAVOR": "\"흥미롭군요! 전투 자동인형도 플라시보의 영향을 받네요.\" - 랜위드",
    "DESCRIPTIONS": [
      "가장 오른쪽에 있는 구체의 지속 효과가 한번 더 발동합니다."
    ]
  },
  "Runic Capacitor": {
    "NAME": "룬 축전기",
    "FLAVOR": "다다익선.",
    "DESCRIPTIONS": [
      "매 전투를 #b3 개의 구체 슬롯을 더 가진 채로 시작합니다."
    ]
  },
  "Symbiotic Virus": {
    "NAME": "공생 바이러스",
    "FLAVOR": "좋은 것을 많이 하는 약간 나쁜 것...",
    "DESCRIPTIONS": [
      "전투 시작 시 #y어둠 을 #b1 개 #y영창 합니다."
    ]
  },
  "Potion Belt": {
    "NAME": "포션 벨트",
    "FLAVOR": "이 벨트가 있으면 포션을 더 많이 들고 다닐 수 있어!",
    "DESCRIPTIONS": [
      "획득 시 포션 슬롯을 #b2 개 얻습니다."
    ]
  },
  "Boot": {
    "NAME": "장화",
    "FLAVOR": "분위기가 고조될 때마다 장화의 크기가 커집니다.",
    "DESCRIPTIONS": [
      "막히지 않은 #y피해를 #b",
      " 이하로 줄 때마다 피해량을 #b5 로 증가시킵니다."
    ]
  },
  "Mark of the Bloom": {
    "NAME": "개화의 표식",
    "FLAVOR": "저 편에서, 생각과 현실은 하나입니다.",
    "DESCRIPTIONS": [
      "더 이상 회복할 수 없습니다."
    ]
  },
  "Busted Crown": {
    "NAME": "부서진 왕관",
    "FLAVOR": "투사의 왕관...혹은 조악한 모조품?",
    "DESCRIPTIONS": [
      "카드 보상을 받을 때 선택할 수 있는 카드가 #b2 장 줄어듭니다. ",
      "매 턴 시작 시 [R] 를 얻습니다.",
      "매 턴 시작 시 [G] 를 얻습니다.",
      "매 턴 시작 시 [B] 를 얻습니다."
    ]
  },
  "Empty Cage": {
    "NAME": "빈 새장",
    "FLAVOR": "\"당신이 숭배하는 게 우리에 가둬져 있다는 건 드문 일이죠.\" - 랜위드",
    "DESCRIPTIONS": [
      "획득 시, 덱에서 #b2 장의 카드를 제거합니다.",
      "제거할 2장의 카드를 선택하세요."
    ]
  },
  "Incense Burner": {
    "NAME": "향로",
    "FLAVOR": "아주 오래전부터 존재했던 향로입니다. 귀한 나무를 연료로 쓰다니 상상도 할 수 없을 것 같네요.",
    "DESCRIPTIONS": [
      "#b6 턴 마다, #y불가침 을 #b1 얻습니다."
    ]
  },
  "Fusion Hammer": {
    "NAME": "핵융합 망치",
    "FLAVOR": "한 번 휘둘러보면, 소유자는 절대로 이 망치를 놓을 수 없습니다.",
    "DESCRIPTIONS": [
      "를 얻습니다. 더 이상 휴식 장소에서 재련을 선택할 수 없습니다.",
      "매 턴 시작 시, [R] ",
      "매 턴 시작 시, [G] ",
      "매 턴 시작 시, [B] "
    ]
  },
  "Coffee Dripper": {
    "NAME": "커피 드리퍼",
    "FLAVOR": "\"네, 한 잔 더 주세요. 일하러 돌아가. 시작해!\" - 건축가",
    "DESCRIPTIONS": [
      "를 얻습니다. 더 이상 휴식 장소에서 휴식을 선택할 수 없습니다.",
      "매 턴 시작 시, [R] ",
      "매 턴 시작 시, [G] ",
      "매 턴 시작 시, [B] "
    ]
  },
  "SsserpentHead": {
    "NAME": "배애애애앰 머리",
    "FLAVOR": "삶에서 가장 만족스러운 일은 바로 뭐든지 살 수 있다는 것이죠!",
    "DESCRIPTIONS": [
      "? 방에 들어갈 시, 골드를 #b",
      " 얻습니다."
    ]
  },
  "FaceOfCleric": {
    "NAME": "성직자의 얼굴",
    "FLAVOR": "다들 성직자를 사랑합니다.",
    "DESCRIPTIONS": [
      "매 전투가 끝난 뒤 최대 체력이 #b1 씩 상승합니다."
    ]
  },
  "NlothsMask": {
    "NAME": "느로스의 배고픈 얼굴",
    "FLAVOR": "당신은 허기를 느낍니다.",
    "DESCRIPTIONS": [
      "다음에 열게 될 보스 상자가 아닌 상자는 비어있습니다. ",
      ""
    ]
  },
  "GremlinMask": {
    "NAME": "그렘린 얼굴",
    "FLAVOR": "도망칠 시간입니다.",
    "DESCRIPTIONS": [
      "매 전투를 #b1 의 약화가 걸린 상태로 시작합니다."
    ]
  },
  "CultistMask": {
    "NAME": "광신자 머리",
    "FLAVOR": "무리의 일부!",
    "DESCRIPTIONS": [
      "당신은 조금 더 수다스러워집니다.",
      "@까악!@ NL @까아아악@"
    ]
  },
  "TheAbacus": {
    "NAME": "주판",
    "FLAVOR": "하나...둘...셋...죽었네!",
    "DESCRIPTIONS": [
      "덱을 섞을 때마다 #y방어도 를 #b6 얻습니다."
    ]
  },
  "DollysMirror": {
    "NAME": "돌리의 거울",
    "FLAVOR": "\"이걸로 보니까 재밌게 생겼네.\"",
    "DESCRIPTIONS": [
      "획득 시, 덱에서 카드를 선택해 복제합니다.",
      "복제할 카드를 1장 선택하세요."
    ]
  },
  "ClockworkSouvenir": {
    "NAME": "태엽장치 기념품",
    "FLAVOR": "\"복잡한 톱니바퀴가 정말 많네요.\"",
    "DESCRIPTIONS": [
      "전투 시작 시, #y인공물 을 #b1 얻습니다."
    ]
  },
  "MealTicket": {
    "NAME": "식권",
    "FLAVOR": "\"매번 방문 시 미트볼을 무료로 제공합니다!\"",
    "DESCRIPTIONS": [
      "상점 방에 진입할 경우, 체력을 #b7 회복합니다."
    ]
  },
  "TwistedFunnel": {
    "NAME": "뒤틀린 깔때기",
    "FLAVOR": "\"여기에 뭔갈 담아서 마시고 싶진 않네요.\"",
    "DESCRIPTIONS": [
      "전투 시작 시, 적 전체에게 #b4 의 #y중독 을 부여합니다."
    ]
  },
  "HandDrill": {
    "NAME": "핸드 드릴",
    "FLAVOR": "\"첨탑은 위험합니다.\"",
    "DESCRIPTIONS": [
      "적의 #y방어도 를 넘어선 피해를 줄 시, #y취약 을 #b2 부여합니다."
    ]
  },
  "HoveringKite": {
    "NAME": "배회하는 연",
    "FLAVOR": "연은 미지의 힘으로 날아올라 전투 동안 당신의 주위를 맴돕니다.",
    "DESCRIPTIONS": [
      "매 턴 시작 시, [G] 를 얻고, 카드를 #b2 장 버립니다."
    ]
  },
  "Sling": {
    "NAME": "용기의 투석구",
    "FLAVOR": "\"강한 상대를 처리할 때 특히 편리한 도구입니다.\"",
    "DESCRIPTIONS": [
      "엘리트와의 전투에서, #y힘 을 #b",
      " 얻은 채로 전투를 시작합니다."
    ]
  },
  "FrozenCore": {
    "NAME": "얼어붙은 핵",
    "FLAVOR": "당신이 지닌 핵의 균열이 차가운 에너지로 가득 차올라 맥동하기 시작합니다.",
    "DESCRIPTIONS": [
      "#r부서진 #r핵 과 교체됩니다. 턴 종료 시 빈 구체 슬롯이 있을 경우, #y냉기를 #b1 번 #y영창 합니다."
    ]
  },
  "OrangePellets": {
    "NAME": "오렌지 알약",
    "FLAVOR": "\"첨탑 전체에서 발견되는 다양한 균류들로 만들어진 이 알약은, 그 어떤 고통도 이겨낼 수 있게 합니다.\"",
    "DESCRIPTIONS": [
      "한 턴에 #y파워 카드, #y공격 카드, #y스킬 카드를 전부 사용할 경우, 현재 지닌 모든 해로운 효과를 제거합니다."
    ]
  },
  "WristBlade": {
    "NAME": "손목검",
    "FLAVOR": "암살에 용이합니다.",
    "DESCRIPTIONS": [
      "비용이 #b0 인 #y공격 카드의 피해량이 #b3 만큼 증가합니다."
    ]
  },
  "Nunchaku": {
    "NAME": "쌍절곤",
    "FLAVOR": "좋은 훈련 도구입니다. 사용자의 자세를 바로잡고 민첩성을 향상시킵니다.",
    "DESCRIPTIONS": [
      "공격 카드를 #b",
      " 장 사용할 때마다, [R] 를 얻습니다.",
      " 장 사용할 때마다, [G] 를 얻습니다.",
      " 장 사용할 때마다, [B] 를 얻습니다."
    ]
  },
  "StoneCalendar": {
    "NAME": "석재 달력",
    "FLAVOR": "첨탑 내부에서는 시간의 흐름을 감지할 수 없습니다.",
    "DESCRIPTIONS": [
      "#b",
      " 번째 턴 종료 시, 적 전체에게 피해를 #b",
      " 줍니다."
    ]
  },
  "MawBank": {
    "NAME": "아귀 저금통",
    "FLAVOR": "아귀가 주기적으로 사람들을 공격함에도 불구하고, 매우 인기가 좋습니다.",
    "DESCRIPTIONS": [
      "첨탑을 한 층 오를 때마다 #b",
      " #y골드 를 얻습니다. 상점에서 어떤 방식으로든 #y골드 를 사용한다면 이후 발동하지 않습니다.",
      "This relic has been used up."
    ]
  },
  "MutagenicStrength": {
    "NAME": "돌연변이의 힘",
    "FLAVOR": "\"실험 결과는 피험체가 위기에 처했을 때, 순간적으로 나타납니다.\" - 불명",
    "DESCRIPTIONS": [
      "전투 시작 시 #y힘 을 #b",
      " 얻고, 이는 턴 종료 후 사라집니다."
    ]
  },
  "Brimstone": {
    "NAME": "유황",
    "FLAVOR": "지옥과도 같은 열기를 내뿜습니다.",
    "DESCRIPTIONS": [
      "매턴 시작 시, 모두가 #y힘 을 #b",
      " 얻습니다."
    ]
  },
  "Pocketwatch": {
    "NAME": "회중시계",
    "FLAVOR": "바늘은 3시 정각에 고정되어 있는 것 같습니다.",
    "DESCRIPTIONS": [
      "한 턴에 카드를 #b3 장 이하로 사용할 경우, 다음 턴이 시작될 때 #b3 장의 카드를 추가로 뽑습니다."
    ]
  },
  "PreservedInsect": {
    "NAME": "곤충 박제",
    "FLAVOR": "이 곤충은 특히 큰 적을 위축시키는 기운을 뿜어낼 수 있었던 것으로 보입니다.",
    "DESCRIPTIONS": [
      "엘리트 방의 적들이 #b",
      "% 적은 HP를 지닙니다."
    ]
  },
  "FossilizedHelix": {
    "NAME": "조개화석",
    "FLAVOR": "쉽게 부술 수 없어 보이는데, 어떤 생물의 것인지 궁금하지 않나요?",
    "DESCRIPTIONS": [
      "전투에서 처음으로 HP를 잃는 것을 막습니다."
    ]
  },
  "PrismaticShard": {
    "NAME": "프리즘 조각",
    "FLAVOR": "조각을 통해, 완전히 새로운 관점으로 무언가를 바라볼 수 있게 됐습니다.",
    "DESCRIPTIONS": [
      "이제 전투 보상 화면에 무색 카드와 다른 색상의 카드가 포함됩니다."
    ]
  },
  "WarpedTongs": {
    "NAME": "휘어진 집게",
    "FLAVOR": "이 저주받은 집게는 원래 있었던 곳으로 돌아가고 싶은 욕구를 강하게 발산 중입니다.",
    "DESCRIPTIONS": [
      "매턴 시작 시, 손에 있는 무작위 카드를 이번 전투 동안 #y강화 합니다."
    ]
  },
  "WingedGreaves": {
    "NAME": "윙 부츠",
    "FLAVOR": "멋짐.",
    "DESCRIPTIONS": [
      "다음 방을 선택할 때 경로를 #b3 번까지 무시할 수 있습니다."
    ]
  }
}