{
  "Game Dictionary": {
    "ARTIFACT": {
      "NAMES": [
        "artefacto"
      ],
      "DESCRIPTION": "Niega el siguiente perjuicio."
    },
    "BLOCK": {
      "NAMES": [
        "bloqueo",
        "blocks"
      ],
      "DESCRIPTION": "Hasta el siguiente turno, previene daño."
    },
    "BURN": {
      "NAMES": [
        "quemadura",
        "quemaduras"
      ],
      "DESCRIPTION": "Las Quemaduras son Cartas de estado Injugables que te dañan."
    },
    "CHANNEL": {
      "NAMES": [
        "invoca",
        "invocar",
        "invocado"
      ],
      "DESCRIPTION": "Invocar un Orbe lo pone en tu primer hueco vacío. Si no tienes espacios vacíos, tu primer Orbe será #yDescargado para hacer espacio."
    },
    "CONFUSED": {
      "NAMES": [
        "confundido"
      ],
      "DESCRIPTION": "Cuando robes una Carta, su coste es aleatorio."
    },
    "CURSE": {
      "NAMES": [
        "maldición"
      ],
      "DESCRIPTION": "Las Cartas de Maldición son Cartas negativas que se quedan en tu mazo."
    },
    "DARK": {
      "NAMES": [
        "oscuridad",
        "oscuridad+"
      ],
      "DESCRIPTION": "Orbe: Aumenta el daño cada turno. Cuando sea #yDescargado, causa daño al enemigo con menos PV."
    },
    "DAZED": {
      "NAMES": [
        "desorientado"
      ],
      "DESCRIPTION": "Desorientado es una Carta de estado injugable."
    },
    "DEXTERITY": {
      "NAMES": [
        "destreza"
      ],
      "DESCRIPTION": "La Destreza aumenta el Bloqueo ganado por medio de Cartas."
    },
    "ETHEREAL": {
      "NAMES": [
        "etérea"
      ],
      "DESCRIPTION": "Si esta Carta está en tu mano al final del turno, es agotada. Las Cartas Agotadas son eliminadas de tu mazo hasta el fin del combate."
    },
    "EVOKE": {
      "NAMES": [
        "descargar",
        "descargado"
      ],
      "DESCRIPTION": "Consume tu Orbe de más a la derecha y usa su efecto de Descargar."
    },
    "EXHAUST": {
      "NAMES": [
        "agotar",
        "agotada",
        "agotadas",
        "agotan",
        "agota"
      ],
      "DESCRIPTION": "Eliminada hasta el fin del combate."
    },
    "FOCUS": {
      "NAMES": [
        "Concentración"
      ],
      "DESCRIPTION": "La Concentración aumenta la efectividad de los Orbes #yInvocados."
    },
    "FRAIL": {
      "NAMES": [
        "fragil"
      ],
      "DESCRIPTION": "Mientras seas Frágil, gana #b25% menos #yBloqueo por medio de Cartas."
    },
    "FROST": {
      "NAMES": [
        "escarcha",
        "escarcha+"
      ],
      "DESCRIPTION": "Orbe: Gana #yBloqueo."
    },
    "INNATE": {
      "NAMES": [
        "innata"
      ],
      "DESCRIPTION": "Empieza cada combate con esta Carta en tu mano."
    },
    "INTANGIBLE": {
      "NAMES": [
        "intangible"
      ],
      "DESCRIPTION": "Reduce TODO el daño recibido y la pérdida de vida a #b1."
    },
    "LIGHTNING": {
      "NAMES": [
        "relámpago",
        "relámpago+"
      ],
      "DESCRIPTION": "Orbe: Causa daño a enemigos aleatorios."
    },
    "LOCKED": {
      "NAMES": [
        "bloqueada"
      ],
      "DESCRIPTION": "Esta Carta aún no ha sido desbloqueada."
    },
    "LOCK_ON": {
      "NAMES": [
        "bloquear objetivo"
      ],
      "DESCRIPTION": "Los enemigos marcados con Bloquear Objetivo reciben #b50% más de daño de Orbes."
    },
    "OPENER": {
      "NAMES": [
        "abridor"
      ],
      "DESCRIPTION": "Las Cartas Abridoras sólo pueden jugarse como la primera Carta de cada turno."
    },
    "PLASMA": {
      "NAMES": [
        "plasma",
        "plasma+"
      ],
      "DESCRIPTION": "Orbe: Gana Energía."
    },
    "POISON": {
      "NAMES": [
        "veneno",
        "envenenado"
      ],
      "DESCRIPTION": "Las Criaturas envenenadas pierden PV al inicio de su turno. Cada turno, Veneno es reducido por #b1."
    },
    "RETAIN": {
      "NAMES": [
        "mantiene",
        "mantén"
      ],
      "DESCRIPTION": "Las Cartas Mantenidas no son descartadas al final del turno."
    },
    "SHIV": {
      "NAMES": [
        "navaja",
        "navajas",
        "'navaja'",
        "'navaja+'"
      ],
      "DESCRIPTION": "Las Navajas son Cartas de Ataque con coste #b0 que se Agotan."
    },
    "STATUS": {
      "NAMES": [
        "estado"
      ],
      "DESCRIPTION": "Las Cartas de estado son eliminadas al final del combate."
    },
    "STRENGTH": {
      "NAMES": [
        "fuerza"
      ],
      "DESCRIPTION": "La Fuerza agrega daño adicional a los ataques."
    },
    "STRIKE": {
      "NAMES": [
        "golpe",
        "'golpe'"
      ],
      "DESCRIPTION": "Cualquier Carta con la palabra \"Golpe\" en su nombre."
    },
    "TEXT": [
      "La Energía es usada para jugar Cartas en tu mano."
    ],
    "THORNS": {
      "NAMES": [
        "espinas"
      ],
      "DESCRIPTION": "Cuando recibes daño de #yAtaque, devuelve daño."
    },
    "TODO": {
      "NAMES": [
        "todo",
        "JUST FOR DEVS, DONT TRANSLATE",
        "JUST FOR DEVS, DONT TRANSLATE",
        "JUST FOR DEVS, DONT TRANSLATE",
        "JUST FOR DEVS, DONT TRANSLATE"
      ],
      "DESCRIPTION": "This card is NOT IMPLEMENTED. Someone should really fix that..."
    },
    "TRANSFORM": {
      "NAMES": [
        "transforma",
        "transformar",
        "transformada"
      ],
      "DESCRIPTION": "Las Cartas Transformadas se convierten en una Carta al azar de cualquier rareza."
    },
    "UNKNOWN": {
      "NAMES": [
        "desconocida"
      ],
      "DESCRIPTION": "Esta Carta no ha sido encontrada."
    },
    "UNPLAYABLE": {
      "NAMES": [
        "injugable"
      ],
      "DESCRIPTION": "Las Cartas Injugables no pueden ser usadas desde tu mano."
    },
    "UPGRADE": {
      "NAMES": [
        "mejora",
        "mejorar"
      ],
      "DESCRIPTION": "Mejorar Cartas las hace mas poderosas. Las Cartas solo pueden ser mejoradas una vez."
    },
    "VOID": {
      "NAMES": [
        "vacío",
        "vacíos"
      ],
      "DESCRIPTION": "Los Vacíos son Cartas Injugables que consumen energía al ser robados."
    },
    "VULNERABLE": {
      "NAMES": [
        "vulnerable"
      ],
      "DESCRIPTION": "Las Criaturas Vulnerables toman #b50% más daño de Ataques."
    },
    "WEAK": {
      "NAMES": [
        "debil",
        "débil",
        "debilitar",
        "debilitado",
        "debilita",
        "débil"
      ],
      "DESCRIPTION": "Las Criaturas Debilitadas causan #b25% menos daño con Ataques."
    },
    "WOUND": {
      "NAMES": [
        "herida",
        "heridas"
      ],
      "DESCRIPTION": "Las Heridas son Cartas de estado Injugables."
    }
  }
}