{
  "Accursed Blacksmith": {
    "NAME": "邪恶熔炉",
    "DESCRIPTIONS": [
      "你钻进一个小屋，在里面似乎有一个锻造熔炉，旁边的铁匠工具都已经布满了灰尘，可是炉中的火却仍然熊熊燃烧。你觉得有些不安……",
      "你决定好好利用这个熔炉…… NL #y@铛@ #y@铛@ #y@铛！@ NL ……来强化你的卡牌！",
      "你决定看看能不能找到什么其他有用的东西。在掀开不少盖布、翻开不少箱子和在角落四处搜寻之后，你找到了一个满是灰尘的 #y~遗物~ ！",
      "在锻造快要完成的时候，熔炉中的火焰突然蹿到了你的手臂上， #r@烧伤@ 了你……",
      "NL NL 拿走遗物离开时，你突然感觉到一阵挥之不去的 #r~剧烈疼痛~ ，或许是你的行为惊动了什么恶灵？",
      "看来没什么能用上的东西，你从来路退了出去。熔炉中的火焰在墙上投射下了 #p~诡异的影子~ ……"
    ],
    "OPTIONS": [
      "[锻造] #g升级一张牌。",
      "[翻查] #g获得一件特别遗物。 #r被诅咒——疼痛。",
      "[离开]",
      "选择一张牌升级",
      "[锁定] 需要： 可以升级的牌"
    ]
  },
  "Addict": {
    "NAME": "流浪汉的恳求",
    "DESCRIPTIONS": [
      "你想要从一群披着斗篷的人旁边偷偷潜行过去，其中一个跑到了你面前。 NL “你能给我点儿什么吗，朋友？ 求求你了……一点 #y小钱 就好？” NL “我只是需要找个地方过夜，我身上有财宝可以交换……” NL 他看起来有点疯疯癫癫的，但似乎并不危险。",
      "“啊啊，太好了， ~太好了！~ 来来，给你，公平交易！”",
      "你一把抓过他手中珍贵的 #y遗物 转身就走。 NL 身后传来他的声音： NL “你不知道什么是羞耻吗？ ~你就~ ~不知道~ ~什么是羞耻吗？！~” NL 你确实感到了一点 #p羞耻 。"
    ],
    "OPTIONS": [
      "[给他金币] #y",
      "  #y金币： #g获得一件遗物。",
      "[锁定] 需要： ",
      " 金币。",
      "[抢夺] #g获得一件遗物。 #r被诅咒——羞耻。",
      "[离开]",
      "",
      ""
    ]
  },
  "Back to Basics": {
    "NAME": "古老文字",
    "DESCRIPTIONS": [
      "在攀爬城市区时，你注意到一面墙壁上写满了 #y~先古之民~ 的文字。你正在努力推理这些奇怪的符号和图案可能的意思，却发现文字开始 #b~发起了光~ 。 NL 突然之间，文字的意义变得清晰了……",
      "答案当然是简洁。",
      "真相总是朴素的。"
    ],
    "OPTIONS": [
      "[简约] #g从你的牌组中移除一张牌。",
      "[质朴] #g升级所有 #g打击 #g与 #g防御 。",
      "选择一张牌移除。",
      "[离开]"
    ]
  },
  "Beggar": {
    "NAME": "老乞丐",
    "DESCRIPTIONS": [
      "一个裹着毛衣的老乞丐在你经过时向你伸出了双手，他对你说：“施舍点钱吧，孩子？”",
      "乞丐在你经过时低头看着地板，喃喃自语： NL “你永远也成就不了什么事情的……永远不会。”",
      "乞丐突然脱下了外套，原来他是 #b牧师 ！ NL @“你真是个善良的人，接受我的净化吧！”@ 他大声叫起来。 NL 老实说你有点不知道他是在开心还是在生气。",
      "@“希望你这次能做得更好啊，朋友！”@ 他冲你喊着。 NL 你玩味着这句话中暗藏的意思，继续向前出发。"
    ],
    "OPTIONS": [
      "[给金币] #y",
      "  #y金币： #g从你的牌组中移除一张牌。",
      "[锁定] 需要： ",
      " 金币。",
      "[继续]",
      "[离开]",
      "选择一张牌移除。"
    ]
  },
  "Big Fish": {
    "NAME": "大鱼",
    "DESCRIPTIONS": [
      "当你走过一条长廊时，你看见空中 ~漂浮~ 着 #y一根香蕉 ， #y一个甜甜圈 ， 和 #y一个盒子 。 不……仔细一看，它们都是被用绳子系着，从天花板上的几个洞里悬挂下来的。你在接近这几样东西时，上方似乎传来一阵 @咯咯@ 的笑声。 NL 你会怎么做？",
      "你吃下了 #y香蕉，它很有营养，似乎还有些 #b魔法 ，回复了你的生命。",
      "你吃下了 #y甜甜圈 ，真是太好吃了！你的最大生命值增加了。",
      "",
      "你抓住了盒子，在里面找到了一个 #y遗物 ！",
      " NL 可是，你真的很想吃那个甜甜圈…… NL 你的心中充满了 ~悲伤~ ，尤其是一份 #r悔恨 。"
    ],
    "OPTIONS": [
      "[香蕉]  #g回复  #g",
      " #g生命。",
      "[甜甜圈] #g最大生命值 #g+",
      " #g。",
      "[盒子] #g获得一件遗物。 #r被诅咒——悔恨。",
      "[离开]"
    ]
  },
  "Bonfire Elementals": {
    "NAME": "篝火精灵",
    "DESCRIPTIONS": [
      "你遇见一群看似是 #p紫色火精灵 的东西在一个巨大的篝火堆旁 ~起舞~ 。 NL ",
      "精灵们将小小的骨头和不知什么碎片丢进火中，每一次都会 ~爆发~ 出 ~炫目~ 的火焰。 NL 当你靠近时，所有精灵都转向了你，似乎在期待着些什么……",
      "你将一件贡品丢入篝火中。 NL NL ",
      "精灵显然对于你献上 #p诅咒 很不满意…… 这张牌滋滋冒出了黑烟，作为回报，你获得了……至少你获得了 #p~某种东西~ 吧。",
      "什么也没有发生…… NL 精灵们似乎不再理你了。总觉得有点失望……",
      "火焰稍稍变亮了一些。 NL 精灵们继续起舞，你觉得身子暖和了一些…… NL 你 #g回复 了 #b5 #b生命 。",
      "火焰喷射出来，变亮了许多！ NL 精灵们在你的身边兴奋地舞蹈着，让你充满了 ~暖意~ 。 NL 你的生命 #g回复 到最大了。",
      "火焰 @爆发@ 起来，几乎将你震倒在地。火光亮了约有 @一倍@ 。 NL 精灵们在你身边兴奋地舞蹈着，然后 ~融入了你的躯体~ ，让你充满了温暖和力量。 NL 你的最大生命值增加了 #b10 ，你的生命 #g回复 到最大了。"
    ],
    "OPTIONS": [
      "[继续]",
      "[离开]",
      "[献上] 根据献上的贡品获得相应的奖励。",
      "选择一张牌献上。"
    ]
  },
  "Cursed Tome": {
    "NAME": "诅咒书本",
    "DESCRIPTIONS": [
      "在一所被遗弃的神庙里，你找到一本翻开着的巨大书本，里面满是 #p@神秘的文字@ 。 NL NL 你刚试着想要解读这些复杂的文本，它就自己开始 #b~移动变化~ 成了你熟悉的文字。",
      "真奇怪。这本书的内容似乎是关于一名 叫做 #y涅奥 的 #y先古之民 。 NL NL 这引起了你的兴趣，但你总觉得这本书有点让你 #p~不适~ 。",
      "#y涅奥 是司管复活的先古之民，他被放逐到了高塔的底端。 NL NL 你觉得自己必须要读下去，可是你的身体开始觉得有一点 #r~疼痛~ 。",
      "#y寻求复仇 的 #y涅奥 会给予外来人祝福，利用他们来达成自己的目的。 NL NL 你开始觉得自己非常 #r~虚弱和疲劳……~",
      "那些被 #y涅奥 复活的人们只能零碎想起自己过去人生的记忆，他们被诅咒要永远战斗下去。 NL NL 当你快要翻到最后一页时，你的 #r@旧伤口似乎要绽开了@ ！",
      "看完书后，你决定把它带上。或许手握证据的现在，你将有可能保留住自己的记忆？",
      "你感觉到高台上的书本散发出一股 #p~黑暗的能量~ ，于是选择立即离开这里。",
      "你顶着极大的压力，强行用意志力抵抗住书本的魔力， @砰@ 地一下使劲把书合上了。 NL 你转身离开神庙，觉得自己 #b~精疲力尽……~"
    ],
    "OPTIONS": [
      "[阅读]",
      "[继续] #r失去 #r1 #r生命。",
      "[继续] #r失去 #r2 #r生命。",
      "[继续] #r失去 #r3 #r生命。",
      "[停止] #r失去 #r3 #r生命。",
      "[拿走] #g获得书。 #r失去 #r",
      " #r生命。",
      "[离开]"
    ]
  },
  "Dead Adventurer": {
    "NAME": "冒险者尸体",
    "DESCRIPTIONS": [
      "在搜刮冒险者时你被偷袭了！",
      "你一声不发地离开了。",
      "你发现地上有一具 #r冒险者尸体 。 NL 他的 #b裤子 都被偷了！而且，",
      "他的护甲和脸似乎被 #r@火焰灼烧@ 过。",
      "看起来他被一个带角的生物 #r@戳伤@ 和 #r@踩踏@ 过。",
      "他的内脏似乎被巨大的爪子 #r@撕扯出来@ 并 #r@切碎@ 了。",
      " NL 尽管他随身 #y携带的东西 好像都还在，你实在是不想知道这里究竟发生了什么……",
      "你找到了一些 #y金币 ！ NL 要继续找吗？",
      "唔，什么也没找到…… NL 要继续找吗？",
      "你找到一件 #y遗物 ！ NL 要继续找吗？",
      "看起来你成功翻遍了他的所有物，什么事也没发生！"
    ],
    "OPTIONS": [
      "[搜索] #g寻找东西。 #r",
      "[离开]",
      "[战斗]",
      "[继续] #g寻找东西。 #r",
      "%： #r遇见回来的怪物。"
    ]
  },
  "Drug Dealer": {
    "NAME": "增益研究者",
    "DESCRIPTIONS": [
      "一个戴着眼罩的邪笑着的男人大摇大摆地走到你面前： NL “嘿陌生人，想不想试试高端的科技？ 可会让你变得比任何训练和祝福都要强哦。 如果你是那种一心求死的英雄的话可不能没有它呢。 NL 你说怎么样？ 想不想试一下？” ",
      "~“太好了。”~ NL 男人递给你一个看起来很危险的装着 #b~发光液体~ 的针筒，自己又鬼鬼祟祟地走进一条阴暗的小巷子里。",
      "~“太棒了。”~ NL 他对你注射了三管不知什么液体，然后拿出一本笔记本。你觉得自己开始有点飘飘忽忽的，他则开始飞快地开始了笔记。  NL 你不记得过了多久，但当你恢复意识的时候，那个可疑的家伙已经不见了。",
      "~“太妙了。”~ NL 你喝下了神秘的液体，立即就觉得自己充满了活力，仿佛全身的肌肉纤维都开始 @抖动@ 了起来！"
    ],
    "OPTIONS": [
      "[试一下J.A.X.] #g来点猛药。",
      "[当一下实验对象] #g随机变化3张牌。",
      "[喝一下突变剂] #g获得一件特殊遗物。",
      "[离开]",
      "[锁定] 需要：牌组中至少有3张牌。",
      ""
    ]
  },
  "Duplicator": {
    "NAME": "复制祭坛",
    "DESCRIPTIONS": [
      "在你面前是一个用来崇拜某种古老存在的华丽祭坛。",
      "你尊敬地跪了下来，祭坛上出现一个可怖的镜像影像，撞到了你的身上。",
      "你无视了这个祭坛，认为这才是正确的选择。"
    ],
    "OPTIONS": [
      "[祈祷] #g从你的牌组中复制一张牌。",
      "[离开]",
      "选择一张牌复制。"
    ]
  },
  "Falling": {
    "NAME": "坠落",
    "DESCRIPTIONS": [
      "你在悬浮在空中的平台上往上跳跃时，不慎滑了一跤。 NL NL 你开始坠落。",
      "在摔下的途中，你开始考虑自己有什么选择： NL 用你最好的技术安全落地。 NL 释放能力牌的力量来抵御伤害。 NL 对墙壁猛击，让自己不再下坠。",
      "你以优雅的姿势落地，继续前行。",
      "你催动自己的力量，成功在落地时避免了损伤。",
      "你成功挂在了墙上，一个小跳翻上了一个稳固的平台。",
      "你有如羽毛一般缓缓降落，安然无恙地落了地。"
    ],
    "OPTIONS": [
      "[继续]",
      "[落地] #r失去 ",
      "[锁定] 需要： 技能牌",
      "[释放] #r失去 ",
      "[锁定] 需要： 能力牌",
      "[猛击] #r失去 ",
      "[锁定] 需要： 攻击牌",
      "[离开]",
      "[落地] "
    ]
  },
  "Forgotten Altar": {
    "NAME": "被遗忘的祭坛",
    "DESCRIPTIONS": [
      "在你面前是一个早已被遗忘的神祇的祭坛。 NL 在祭坛上方，是一尊双手伸出的精致女性雕像。 NL 她呼唤着你，要求你献上祭品。",
      "你小心翼翼地将金神像放到了祭坛上，一阵 #b寒风 瞬间吹过了房间。 NL 雕像的双手开始失去颜色并逐渐崩塌。 NL NL 你的 #y金神像 开始变暗，然后双眼开始流出血液。 NL 血始终也没有停止流下。",
      "你站在祭坛前，割开了你自己的手腕。 NL 随着 #r鲜血 涌到祭坛上，雕像的双手伸到你的面前遮住了你的双眼。 NL 一切坠入黑暗。 NL 你在一段时间后苏醒了过来，感觉自己体内有了新的潜力。",
      "你使劲开始砸面前的雕像，终于打破了这个房间对你施加的魔力。 NL 四周回荡起一声黑暗的恸哭，你能感觉到 #p~诅咒的魔法~ 渗入了你的骨髓。"
    ],
    "OPTIONS": [
      "[献上：金神像] #g获得一件特别的遗物。 #r失去金神像。",
      "[锁定] 需要：金神像。",
      "[献祭] #g获得 ",
      " #g点最大生命。 #r失去 #r",
      " #r点生命。",
      "[锁定] 需要：是人类。",
      "[亵渎] #r被诅咒——腐朽。"
    ]
  },
  "Fountain of Cleansing": {
    "NAME": "神圣泉水",
    "DESCRIPTIONS": [
      "你经过墙壁上的一处饮水池，里面流淌着源源不断 #b~闪着光的水~ 。",
      "你喝下 #b~水~ 后，感觉到身体中不再有 #p黑暗的束缚 。",
      "你仍然不知道这水从何而来，但解渴之后，你重新踏上了旅程。"
    ],
    "OPTIONS": [
      "[喝水] #g移除所有诅咒牌。",
      "[离开]"
    ]
  },
  "Ghosts": {
    "NAME": "幽灵议会",
    "DESCRIPTIONS": [
      "在你向上攀升时，突然四周的墙壁和地面开始冒出 #p~浓重的黑烟~ ，逐渐聚成了三个戴着面具的形状，它们交头接耳地说起话来。 ~“看来这又是一个~ #y~涅奥~ ~的玩偶。”~ NL #r@“我看也是！@ #r@她总能做出最有趣的玩具！”@ NL NL 你注意到第三个存在有着巨大的嘴，它露出了一个大到夸张的微笑对你说： NL “别管那两个家伙……总之，你想不想尝试一下我们的 #y~力量~ 呢？” ",
      "",
      "#y“好极了！” NL 那个幽灵鬼影的话音刚落，你就看见它本已硕大的嘴张开得越来越大，从中涌出更多 #p~浓重的黑烟~ 笼罩了整个房间。你什么也看不见，也无法呼吸…… NL NL 就在你快要失去意识的时候，烟雾的感觉突然消失了。 NL NL 不管那三个东西是什么存在，它们现在已经不在了。你重新上路，但总觉得自己的内心变得有些 #b空洞 。",
      "“真令人失望……” NL ~“反正你迟早会成为我们的一员。”~  NL #r@“哈哈@ #r@哈哈哈哈！”@ NL NL 那些幽影消散了，只留下这令人不安的大笑声在你耳中回荡。",
      ""
    ],
    "OPTIONS": [
      "[接受] #g获得5张 灵体 #g牌。 #r失去 #r",
      "% #r最大生命。",
      "[拒绝]",
      "",
      "",
      "[离开]"
    ]
  },
  "Golden Idol": {
    "NAME": "金神像",
    "DESCRIPTIONS": [
      "在一个不引人注意的小高台上，你发现了一个 #y闪闪发光的金神像 安然放置在上面，看起来非常值钱。 NL NL 周围看起来完全没有什么陷阱的样子。",
      "你拿住金神像放入囊中，突然天花板上一块巨大的圆石掉到了你身边的地上。 NL 石头开始向你滚来，你这才发现地面有一点倾斜。",
      "@快跑！@ NL 你勉强在石头碾到你之前跳进了旁边的一条小路，不幸的是你似乎扭伤了关节。",
      "你用尽全力向巨石发起了攻击。尘埃落定之后，你可以寻找安全的出路。",
      "@咕叽！@ NL 巨石滚过时压到了你一点，但看起来你并没有大碍，可以离开了。",
      "没有比这更明显的陷阱了吧。 NL 你决定还是不要去碰高台上的东西了。"
    ],
    "OPTIONS": [
      "[拿走] #g获得金神像。 #r触发一个陷阱。",
      "[离开]",
      "[逃跑] #r被诅咒——受伤。",
      "[砸烂] #r受到 #r",
      " #r点伤害。",
      "[躲藏] #r失去 #r",
      " #r最大生命。"
    ]
  },
  "Golden Shrine": {
    "NAME": "金色神龛",
    "DESCRIPTIONS": [
      "在你面前是一座古老神灵的精巧神龛。",
      "当你的手触碰神龛时，天空中开始掉落 #y金币 ， ~赚钱了！~",
      "你每攻击一次神龛，就有更多的 #y金币 掉落出来！ NL NL 当你收起所有钱时，心中有了一种 #r沉重的感觉 。",
      "你无视了神龛。"
    ],
    "OPTIONS": [
      "[祈祷] #g获得 #g",
      " #g金币。",
      "[亵渎] #g获得 #g275 #g金币。 #r被诅咒——悔恨。",
      "[离开]"
    ]
  },
  "Golden Wing": {
    "NAME": "翅膀雕像",
    "DESCRIPTIONS": [
      "在形状不同的巨石之间，你看见一尊做工精细的翅膀形状的蓝色雕像。 NL 你可以看见雕像的裂缝中有 #y金币 掉出来。或许里面还有更多……",
      "你曾听人提起过一个崇拜巨大鸟类的邪教。当你跪下祷告的时候，你开始觉得 ~有一些头晕……~ NL NL 过了一会儿，你醒了过来，感觉脚步有点变轻了。",
      "你使出浑身的力气开始砸雕像。 NL 很快它就 @彻底裂开@ ，里面是 #y一大堆金币 。你把钱尽可能收集起来，重新上路。",
      "这个雕像让你觉得有点 ~不安~ 。你决定不要去惊扰它，直接离开了。"
    ],
    "OPTIONS": [
      "[祈祷] #g从你的牌组中移除一张牌。 #r失去 #r",
      " #r生命。",
      "[摧毁] #g获得 #g",
      " #g～ #g",
      " #g金币。",
      "[锁定] 需要： 伤害等于或超过 ",
      " 的牌。",
      "[离开]",
      "[继续]",
      "选择一张牌移除。"
    ]
  },
  "Knowing Skull": {
    "NAME": "全知头骨",
    "DESCRIPTIONS": [
      "你发现自己在一个古老的有装饰的房间里，在房间正中央，有一个巨大的头骨被放在精致的高台上，在你靠近时，头骨 #g@迸发出火焰@ 转向了你。",
      "“你想寻找什么？你会献出什么？” NL 它的话音刚落，你背后的门就 @砰地关上了@ 。",
      " NL NL “还有没有别的” ",
      " ",
      "“喝了吧！” NL 你获得一瓶药水。",
      "“说不定这个能行？” NL 你获得一张牌。",
      "“你们这些人类真是从来都不会变。愿望达成了。” NL #y金币 开始从上空不断落下！",
      "“看你背后，人类。” NL 你回头一瞥，果然，有一扇门在哪里。"
    ],
    "OPTIONS": [
      "[继续]",
      " #r生命。",
      "[信息？] #g告知 #gBoss #g身份。 #r失去 #r",
      "[成功？] #g获得一张无色牌。 #r失去 #r",
      "[来点喝的？] #g获得一瓶药水。 #r失去 #r",
      "[财富？] #g获得 #g",
      " #g金币。 #r失去 #r",
      "[我要怎么离开？] #r失去 #r",
      "[离开]"
    ]
  },
  "Lab": {
    "NAME": "实验室",
    "DESCRIPTIONS": [
      "你发现了一个满是试管、烧杯、烧瓶、药瓶、钳子、夹子、玻璃棒、手术钳、眼镜、漏斗、吸液管、玻璃筒、冷凝器甚至还有螺旋玻璃管的房间。 NL NL 你怎么会知道这些工具都叫什么名字的？这不重要，你四处翻找了起来。"
    ],
    "OPTIONS": [
      "[搜索] #g找到一些药水！"
    ]
  },
  "Liars Game": {
    "NAME": "蛇～",
    "DESCRIPTIONS": [
      "你走进一间房间，看见地上有一个大洞。当你靠近洞时，一条巨大的蛇形生物从里面钻了出来。 NL NL “~嚯嚯嚯！你好，你好啊！这是谁呀？~ 哎呀呀，你好冒险者，我就问一个简单的问题。 NL 最幸福的人生当然就是 #y~什么东西都能买得起~ 的土豪生活了！　 NL 你同意吗？”",
      "~“对～！~ NL ~这会很值～得的。~ NL ~嘶……嘶～嘶……”~",
      "蛇非常失望地看着你。",
      "蛇抬起头，往上喷出了一堆 #y金币 ！ NL 这令人震惊又有点可怕。 NL 你把 #y金币 收好，谢过蛇后，重新上路。"
    ],
    "OPTIONS": [
      "[同意] #g获得 #g",
      " #g金币。 #r被诅咒——疑虑。",
      "[反对]",
      "[继续]",
      "[离开]"
    ]
  },
  "Living Wall": {
    "NAME": "活墙壁",
    "DESCRIPTIONS": [
      "你走进一条死路，正准备要回头时，四周突然有墙壁从天花板上 @哐@ 地一下 @砸了下来@ ！ NL NL 三张脸出现在墙壁上，开始对你说话： NL #b“忘记你所知道的，我就让你走。” NL #p“有所改变，我就让你看见新的道路。” NL #y“如果你想要从我这里通过，你就必须有所成长。”",
      "你面前的墙壁满意地缩回了天花板，你的眼前出现了道路。"
    ],
    "OPTIONS": [
      "[遗忘] #g移除你牌组中的一张牌。",
      "[改变] #g变化你牌组中的一张牌。",
      "[成长] #g升级你牌组中的一张牌。",
      "选择一张牌移除。",
      "选择一张牌变化。",
      "选择一张牌升级。",
      "[离开]",
      "[锁定] 需要： 可以升级的牌"
    ]
  },
  "Masked Bandits": {
    "NAME": "蒙面强盗",
    "DESCRIPTIONS": [
      "嘿嘿嘿……谢谢你的 #y金币 啦！ NL 哎呀，我最喜欢 #y金币 了，那是多好的东西啊。 NL #y~闪闪亮的~ 小可爱们！",
      "喂， #b熊 ，喂！ NL 这家伙居然把他的 #y金币 全都给我们了！ 太蠢了是吧？ NL 你猜怎么着？我只是好声好气地问了一下就拿到了，谁会知道啊？！ NL 我反正是不知道！ 真是个冤大头！",
      "小的们，这么好的事儿，我们可得一起好好笑一笑！ NL @哈哈哈@ NL @吼吼吼@ ~嚯嚯！~ NL ~哗哈哈!~",
      "哦？你还在这儿呐？ NL 你有听见什么吗？没有吧。 NL #r@*噗嗤*@ ~……白痴……~ @哈哈哈@ ~哈哈~",
      "你遇见一群戴着巨大 #r红面具 的强盗。 NL “你好啊，留下买路钱……价格公道，只要你身上 @所有的@ #y金币 就行！ 嘿嘿嘿！”"
    ],
    "OPTIONS": [
      "[付钱] #r失去所有 #y金币 。",
      "[战斗！]",
      "[继续]",
      "[离开]"
    ]
  },
  "Match and Keep!": {
    "NAME": "对对碰！",
    "DESCRIPTIONS": [
      "“ #b十二张牌！ #b搭对就拿走！ 五次机会，没有重来！ NL 准备好了吗？开始！”",
      "你完成了地精的游戏，当你抬头看时，却发现…… NL 他已经不见了？",
      "有一位地精正在桌子上疯狂地摆弄着一副牌，他似乎没有危害。你出于好奇接近了他。"
    ],
    "OPTIONS": [
      "[继续]",
      "[离开]",
      "[玩小游戏]",
      "剩余次数： #y"
    ]
  },
  "Mushrooms": {
    "NAME": "蘑菇",
    "DESCRIPTIONS": [
      "你顺从了这份不自然的食欲，吃下一个又一个蘑菇后，你觉得自己有点晕晕的，然后就失去了意识。当你醒来时，你觉得有点怪怪的 NL 你 #g回复 生命值的 #b25% ，但同时被 #r感染 了。",
      "#r@有埋伏！！@ NL 被蘑菇感染的啮齿类动物们不知从哪里冒了出来！",
      "你走进一条遍地是 #b~五彩斑斓蘑菇~ 的走廊， NL 由于你对真菌学毫无研究，你无法辨识它们的种类。 NL 你想要离开这里，但却有一种奇怪的冲动想要去吃一个 #b~蘑菇……~"
    ],
    "OPTIONS": [
      "[踩扁] #r激怒蘑菇们。",
      "[吃下]  #g回复 #g",
      " #g点生命。 #r被诅咒——寄生。",
      "[战斗]",
      "[离开]"
    ]
  },
  "Mysterious Sphere": {
    "NAME": "神秘圆球",
    "DESCRIPTIONS": [
      "在四周混乱的地形中间，一个骨质圆球伫立在地上，似乎包裹着一样神秘的发光物体。 NL 你很好奇里面有什么东西，但你注意到圆球周围有一些哨兵正在看守。",
      "你刚一砸开圆球，那些看守就立即动了起来！",
      "做人不能太贪。"
    ],
    "OPTIONS": [
      "[打开圆球] #r战斗。 #g奖励：稀有遗物。",
      "[离开]",
      "[战斗]"
    ]
  },
  "N'loth": {
    "NAME": "恩洛斯",
    "DESCRIPTIONS": [
      "一个驼着背、背后长出几条触手的奇怪生物正在你面前的垃圾堆和废墟里来回地翻找些什么。当你靠近时，他可怜巴巴地拖着脚走到了你面前。 NL “恩洛斯好饿，喂喂恩洛斯。”",
      "你把 #y遗物 递给恩洛斯，他用触手一把将东西抓过去，大张开嘴，一口就啊呜吞了下去。 NL 他露齿一笑，斗篷后面似乎出现了更多触手，簇拥着拿出了一个看起来非常整洁的小盒子。他把盒子硬是塞给了你。",
      "你摇摇头，恩洛斯的背驼得更深了，他叹了口气，灰溜溜地跑了。"
    ],
    "OPTIONS": [
      "[交出： ",
      "] #r失去这件遗物。 #g获得一件特别的遗物。",
      "[离开]"
    ]
  },
  "Proceed Screen": {
    "DESCRIPTIONS": [
      "[离开]"
    ]
  },
  "Purifier": {
    "NAME": "净化",
    "DESCRIPTIONS": [
      "在你面前是一个被遗忘神灵的精致神龛。",
      "你敬畏地在神龛前下跪，感觉到肩头的重量变轻了。",
      "你无视了神龛。"
    ],
    "OPTIONS": [
      "[祈祷] #g从你的牌组中移除一张牌。",
      "[离开]",
      "选择一张牌移除。"
    ]
  },
  "Scrap Ooze": {
    "NAME": "破烂软泥",
    "DESCRIPTIONS": [
      "你刚走进房间，就听见奇怪的 ~咕嘟声~ 和金属的 @摩擦声@ 。在你面前的是一个史莱姆状的生物，它显然是吃了太多的破铜烂铁，消化不良了。 你在这个生物的中央见到了奇怪的光芒，或许是什么有魔法的物品？看起来只要你愿意把手伸进这东西的……开口，你就能得到什么 #y财宝 。当然，酸液和尖锐的破烂有可能会让你 #r受伤。",
      "#r@啊呀！@ NL 你找到的只是已被腐蚀的金属和一点 #r@灼伤的疼痛@ 。 NL 可是你还是很确定，里面一定有一件 #y遗物 ……",
      "#g成功！ NL 在金属和酸液之中翻找了好久，你终于抓住了一件 #y遗物 把它拉了出来。 NL 你从黏液中抽回手来，虽然 #r受了点伤 ，但至少东西拿到了。",
      "你决定离开这个地方。 NL 史莱姆并不在意，接着慢慢消化它的美餐。"
    ],
    "OPTIONS": [
      "[伸手进去] #r失去 #r",
      " #r生命。 #g",
      "%: #g找到一件遗物。",
      "[离开]",
      "[接着往里伸] #r失去 #r"
    ]
  },
  "SecretPortal": {
    "NAME": "秘密传送门",
    "DESCRIPTIONS": [
      "在你面前有一样与周围奇异景观完全不符合的东西：在深处地区一面活墙壁上，奇怪地出现了一道石做的拱门，里面有一个 #p~旋转的魔法传送门~ 。 NL NL 你不知道它会通向哪里，但它应该能够节约你爬塔的时间。",
      "你跳进了传送门，瞬间失去了一切对时间与空间的感知。 NL NL 当你好不容易镇定下来时，你发现自己到达了一个新的地方，而前方正有一场苦战在等待着你。",
      "你觉得小心谨慎才是在这座高塔的登顶之道。你无视了传送门，继续上路。"
    ],
    "OPTIONS": [
      "[进入传送门] 立即传送到Boss房间。",
      "[离开]"
    ]
  },
  "SensoryStone": {
    "NAME": "感知石",
    "DESCRIPTIONS": [
      "你在高塔深处前进时，你遇到一个悬浮在空中缓慢 @旋转@ 且 ~变幻~ 着的 #b发光超立方体 。",
      "你触碰了超立方体。 NL NL 你浑身感到一股 #r@剧烈的疼痛@ ，然后一段遥远的回忆清晰地闪现在你脑中。 NL ……这是谁的记忆？",
      "#r~恐惧。~ NL NL 一个恶魔般的生物耸立在你上方，它的双翅张开，放声大笑。你的周围是数不尽的同族们的尸体，整个村庄已被可怕的 #p~黑色火焰~ 吞没殆尽。 NL NL 恶魔嘲笑着你： NL NL “ #r@这下你确实成为最强的了！@ #r@哈哈哈……呵呵呵……@ #r@哈哈哈哈哈！！@ ” NL NL 它的笑声没有停止，永远回荡在你的耳中…… ",
      "#g~凯旋。~ NL NL 月光之下，一具 #p~幽灵般生物~ 的遗骸慢慢没入了你面前的泥土中，让人看不真切。你已向姐妹们证明了自己的实力。 NL NL 你以胜者的姿态静静伫立着，周围的人们隆重地将 #y那个生物的头骨 放置在你的头上，仪式完成了。 NL NL 你向着一座高塔出发……",
      "#b~混乱。~ NL NL #y[目标] #g必须维系 #g平衡 NL #y[定义] #g平衡 NL #y[错误] #g无法检索到 #g平衡 NL #y[定义] #g平衡 NL #y[错误] #g无法检索到 #g平衡 NL #y[警告] #r巨大物体正在靠近 NL NL ~“我…~ ~…是…~ ~…涅奥………”~"
    ],
    "OPTIONS": [
      "[回忆] #g在你的牌组中加入 #g1 #g张无色牌。",
      "[回忆] #g在你的牌组中加入 #g2 #g张无色牌。 #r失去 #r",
      "[回忆] #g在你的牌组中加入 #g3 #g张无色牌。 #r失去 #r",
      " #r点生命。",
      "[离开]",
      "[交互]"
    ]
  },
  "Shining Light": {
    "NAME": "闪耀之光",
    "DESCRIPTIONS": [
      "你发现在房间中央围绕着 #y一束很粗的光柱 。 NL NL 光柱上有着 ~温暖而闪烁的美丽花纹~ 仿佛在邀请你进入。",
      "你走进光柱，注意到光似乎被吸入了你的身体。 NL 这道光 #r@热得发烫@ ！ 可是痛楚很快消失了。 NL 你觉得自己 #b精神焕发 ，就像是在需要被打醒的时候被人好好地抽了一个耳光。",
      "你绕过光柱，虽然心中仍有些好奇如果走进去会怎么样。"
    ],
    "OPTIONS": [
      "[走进] #g随机升级 #g2 #g张牌。 #r失去 #r",
      " #r生命。",
      "[离开]",
      "[锁定] 需要： 可以升级的牌"
    ]
  },
  "Spire Heart": {
    "NAME": "高塔之心",
    "DESCRIPTIONS": [
      "@砰咚@ …… @砰咚@ …… @砰咚@ …… NL 整个房间里弥漫着脉动的恐惧…… NL 这就是高塔的 #r~心脏~ 吗？ 这一切邪恶的源头？",
      "你造成了 #b",
      " 点伤害！ NL 心脏 #r@扭动@ 并 #r~流下了血~ …… 但最后却依然在跳动。 NL 难道连你最强的攻击也还是不够吗？",
      "你自问： ~“我之前曾来过这里吗？”~ NL 你觉得自己对心脏总共曾造成过 #b",
      " 点伤害。",
      " NL 所有挑战心脏的人总共对它造成了 #b",
      " 点伤害。",
      " NL 心跳声越来越响了，你的 #y~意识逐渐消散……~",
      "NL 你握紧你的长刀……",
      "NL 你握住你的匕首……",
      "NL 你将你的核心充能到极限……"
    ],
    "OPTIONS": [
      "[继续]",
      "[攻击] #b???",
      "[睡眠]"
    ]
  },
  "The Cleric": {
    "NAME": "牧师",
    "DESCRIPTIONS": [
      "一个戴着金头盔（？）的奇怪蓝色人形生物脸上带着大大的微笑走到了你面前。 NL “ @你好啊朋友！@ 我是 #b牧师 ！你想不想试试我的服务呐？！”那个生物大声喊叫起来。",
      "一道温暖的金光笼罩了你然后消散了。 NL 那个生物咧嘴一笑：“牧师最强奶妈。那么 @祝你愉快啦！@ ”",
      "一道寒冷的蓝色火焰笼罩了你然后消散了。 NL 那个生物咧嘴一笑：“牧师就是能干。那么 @祝你愉快啦！@ ”",
      "你完全不相信这个 #b“牧师” ，就这样走开了。"
    ],
    "OPTIONS": [
      "[治疗] #y35 #y金币 ： #g回复 #g",
      "[锁定] 需要： ",
      " 金币。",
      "[净化] #y",
      " #y金币 : #g从你的牌组中 #g移除一张牌。",
      "[锁定] 需要： 50 金币。",
      "[离开]",
      "选择一张牌移除。",
      "。"
    ]
  },
  "The Joust": {
    "NAME": "长枪决斗",
    "DESCRIPTIONS": [
      "你在巨大的建筑物间穿行时，遇见了一条长长的窄桥，两头似乎都有一名骑士彼此对望着。你走上前去…… NL @“停步！”@ NL NL 一名骑士用手中的长枪对你比划着，强硬地让你停下。",
      "“今天是我为我心爱的宠物 #y面条 报仇的日子，就是前面这个人谋杀了它！ 在我们的决斗结束之前，你不能经过这里。 NL NL 决斗的见证者啊，你为什么不 #b赌一赌 最后谁会获得胜利呢？”",
      "“真不敢相信，你竟然觉得 #y面条 的仇报不了！” NL NL 骑士愤怒地盖上自己的面具，向着前方的宿敌冲了过去。",
      "“ #y面条 啊，给我力量！” NL NL 骑士盖上了自己的面具，向前冲去。",
      "NL #y@*哐啷*！！@ #r@*铛！！*@ NL NL #g@*砰！！*@",
      "看来是杀宠凶手死了。 NL NL ",
      "看来是宠物主人死了。 NL NL ",
      "你 #g赌赢了 。虽然你还是搞不太清楚情况，但有得赚就好，你收下钱离开了这里。",
      "你 #r赌输了 。但至少被长枪捅穿的人不是你。"
    ],
    "OPTIONS": [
      "[继续]",
      "[凶手] #y赌 #y",
      "  #y金币 —— #g70%: #g赢得 #g",
      " #g金币。",
      "[主人] #y赌 #y",
      "  #y金币 —— #g30%: #g赢得 #g",
      "[观战]",
      "[离开]"
    ]
  },
  "The Library": {
    "NAME": "大图书馆",
    "DESCRIPTIONS": [
      "你经过一栋被遗弃的华美建筑物。 NL 墙上的标牌掉在了地上，上面写着 #b“大图书馆” 几个大字。 NL 你走进建筑物中，看见了无数卷轴、手稿和书籍。 NL 你拿起一本，舒服地坐在沙发椅上看了好一会儿。",
      "傻子才读书呢。 NL 你在沙发椅上打了个盹儿。 NL ~Zzz...~ ~zzz...~ ~..Zz....~ NL 醒来后，你觉得神清气爽。",
      "这本书是关于一个被昆虫控制的想当英雄的少女的。书中有许多关于超能力、战术和不同视角的内容，极有创意。 NL 读完书，你觉得心满意足。",
      "这本书是关于一个在群星旅行，最后落难在一个荒芜陌生星球上的男人的。 他依靠着智慧、幸运、坚韧不拔和用来维系自己理性的一点幽默感，最终成功返回了故乡。 NL 读来令人神往。",
      "这本书是关于一个巨大的废弃地下建筑的，地上的环境已经无法生存，小说的内容充满了阴谋、洗脑和不公。你开始思考是否在高塔中也存在着类似的关系网。 NL 读得让人心里发毛。"
    ],
    "OPTIONS": [
      "[阅读] #g从 #g20 #g张牌中选择一张加入你的牌组。",
      "[睡觉]  #g回复 #g",
      " #g点生命。",
      "[离开]",
      "选择一张牌加入牌组。"
    ]
  },
  "The Mausoleum": {
    "NAME": "陵墓",
    "DESCRIPTIONS": [
      "你在一系列坟墓间穿行，前方出现了一个圆形房间，中间是一口 ~镶嵌着许多宝石的~ 巨大石棺。 NL 你辨认不出石棺上的字迹，但你能注意到有 #p~黑色的雾气~ 从石棺的两侧渗透出来。",
      "你推开石棺，一股 #p~黑雾~ 涌了出来，淹没了整个房间！ 石棺里没有实体，只有一件 #y~遗物~ 。你拾起它重新上路， 并 #r@剧烈地咳嗽起来@ 。",
      "你推开石棺，雾气很快消散了。 在石棺里你找到了一具荣誉满身的士兵尸体，尸体的手还紧紧握着一件 #y遗物 ，你把东西偷了过来，离开了房间。",
      "你决定不去打扰被遗忘的死者，继续赶路。"
    ],
    "OPTIONS": [
      "[打开棺材] #g获得一件遗物。 #r",
      "%: #r被诅咒——苦恼。",
      "[离开]"
    ]
  },
  "The Moai Head": {
    "NAME": "摩艾石像",
    "DESCRIPTIONS": [
      "你遇到了一个和四周*完全不搭*的东西。在你面前有一道与周围不同，没有在移动和变化的墙壁，一个巨大的石制头像从墙壁上凸出来。 NL 石像的嘴大张着，里面有许多巨大的染着血迹的牙齿。石像表面上写着许多象形文字，似乎是说有许多人会自己跳进嘴里被石像吞噬。为什么会有人这样做呢？",
      "你踏进石像的嘴，一开始什么也没发生。正当你觉得自己有点犯傻的时候，上方巨大的臼齿突然砸了下来，将你整个碾碎了。 NL @黑暗。@ NL 一段时间后，你在黑暗中见到一线光明，并听见了轰隆作响的声音，你这才反应过来那是石像的牙齿重新缓慢地升了上去。 NL NL NL 你满心困惑地走了出来。",
      "巨大的臼齿轰然砸下，将金神像碾成了粉末，你下意识地往后跳了一步。当巨齿重新上升时，嘴中不断涌出 #y金币 ，你赶紧把钱捡了起来。",
      "你离开了这里，但心里还是有一些好奇。"
    ],
    "OPTIONS": [
      "[跳进去]  #g回复所有生命。 #r失去 #r",
      " #r最大生命。",
      "[献上：金神像] #g获得 #g333 #g金币。 #r失去金神像。",
      "[锁定] 需要：金神像。",
      "[离开]"
    ]
  },
  "The Woman in Blue": {
    "NAME": "蓝衣女子",
    "DESCRIPTIONS": [
      "从黑暗中，一只手伸出来把你拉进了一家小店。眼睛适应了这里的亮度之后，你看见一个穿着鲜艳衣服的苍白女子正伸手展示整整一墙壁的药水。 NL “来买药水，快点！”她对你说。",
      "“很好，现在给我出去。” NL 你小心地离开了这家店。",
      "#r@砰@ NL 她戴着手套的拳头狠狠打在了你的脸上，差点就把你打翻在地。 NL “在我把你打得满地找牙之前给我滚出去。”你觉得她有可能说到做到，趁着牙齿还没事赶紧离开了这家店。"
    ],
    "OPTIONS": [
      "[买 1 瓶药水] #y",
      "[买 2 瓶药水] #y",
      "[买 3 瓶药水] #y",
      "  #y金币 。",
      "[离开]",
      "[离开] #r受到 #r",
      " #r点伤害。"
    ]
  },
  "Thinking with Puddles": {
    "NAME": "水坑难题",
    "DESCRIPTIONS": [
      "你走进一个发光的水坑……结果却从水坑上方的天花板那里掉了出来！ NL 在坠落途中，你开始思考该怎么办。",
      "你惊恐地挥舞着你的双手，拼命想要使出各种独门诀窍来防止自己受伤，但结果你却只是一次又一次地反复落进了这个水坑里……过了好几天时间你才终于找到逃脱的方法，真是够了。",
      "你试着做好落地的准备，但从这样离奇的东西里飞出来真的没有什么合适的应对手段。 @砰咚@ NL NL ……你静静地在地上躺了好一会儿，诅咒着全世界不管是普通还是魔法水坑的存在。"
    ],
    "OPTIONS": [
      "[浑身黏答答] #r失去一张随机稀有牌。",
      "[面门着地] #r受到 #r",
      " #r点伤害。 #r被诅咒——受伤。",
      "[离开]"
    ]
  },
  "Tomb of Lord Red Mask": {
    "NAME": "红面具大人之墓",
    "DESCRIPTIONS": [
      "在一条悬浮道路的尽头，你可以看见一处装饰华丽的古墓，当你到达古墓时，你看到有一个可以投放 #y金币 的开口，但上面的铭文已经被划得看不清楚了。",
      "你戴上面具，古墓似乎开始逐渐 ~剥离~ ……是一条密道！ NL NL 密道中有着数不清的偷来的财宝与大量的 #y金币 ！",
      "古墓上出现一个开口，一个小小的红面具滑了出来，旁边还有一张纸条：“如同我夺走你的东西一般，去抢夺别人的东西吧！”"
    ],
    "OPTIONS": [
      "[戴上红面具] #g获得 #g222 #g金币。",
      "[锁定] 需要： 红面具。",
      "[献上: ",
      " 金币] #r失去所有金币。 #g获得遗物。",
      "[离开]"
    ]
  },
  "Transmorgrifier": {
    "NAME": "转化神龛",
    "DESCRIPTIONS": [
      "在你面前是一个被遗忘神灵的精致神龛。",
      "神龛的力量涌入你，你感觉自己的内心发生了一些变化。",
      "你无视了神龛。"
    ],
    "OPTIONS": [
      "[祈祷] #g变化一张牌。",
      "[离开]",
      "选择一张牌变化。"
    ]
  },
  "Upgrade Shrine": {
    "NAME": "升级神龛",
    "DESCRIPTIONS": [
      "在你面前是一个被遗忘神灵的精致神龛。",
      "神龛的力量涌入你，让你变强了。",
      "你无视了神龛。"
    ],
    "OPTIONS": [
      "[祈祷] #g升级一张牌。",
      "[离开]",
      "选择一张牌升级。",
      "[锁定] 需要： 可以升级的牌"
    ]
  },
  "Vampires": {
    "NAME": "吸血鬼（？）",
    "DESCRIPTIONS": [
      "在一条昏暗的街上，你遇见几个戴着兜帽的人在进行某种黑暗的仪式。当你靠近时，他们全都同时转身面对你，让你觉得十分诡异。 其中个子最高的一个微微一笑，露出了长长的尖牙，向你伸出了一只苍白而瘦长的手： NL ~“加入我们，兄弟。一起来感受高塔的温暖吧。”~",
      "在一条昏暗的街上，你遇见几个戴着兜帽的人在进行某种黑暗的仪式。当你靠近时，他们全都同时转身面对你，让你觉得十分诡异。 其中个子最高的一个微微一笑，露出了长长的尖牙，向你伸出了一只苍白而瘦长的手： NL ~“加入我们，姐妹。一起来感受高塔的温暖吧。”~",
      "高个男人抓住你的手臂将你拉了过去，他的尖牙咬进你的脖子，你感觉到一股 @黑暗的力量@ 涌入你的脖子，在你的全身 @流淌@ 。NL …… NL 不知过了多久，你醒了过来，身边空无一人。你感觉到腹中传来一阵强烈的 ~饥渴~ 。 你 #r必须进食……",
      "你后退一步，举起自己的武器表示警告。高个男人叹了一口气：“好吧。” 那群戴着兜帽的人就这样变化成了一团浓浓的黑雾，从你的身边飘了过去。 NL 你又是独自一人了。",
      "当你取出 #y小血瓶 时，那些苍白的人们震惊地倒抽了一口凉气。 NL “ ~主人的血……主人的血！~ @主@ @人@ @的@ @血！！@ ” NL 他们疯狂地开始反复念着这句话，而高个子男人在你面前深深地鞠了一躬：“喝下他的血，与 #y~他~ 成为一体吧。” NL 喊声越来越响，你喝下了小血瓶中的血液。 你的视线瞬间 ~扭曲~ 并很快成为了黑暗。 NL NL 不知过了多久，你醒了过来，身边空无一人。你感觉到腹中传来一阵强烈的 ~饥渴~ 。 你 #r必须进食……",
      "在一条昏暗的街上，你遇见几个戴着兜帽的人在进行某种黑暗的仪式。当你靠近时，他们全都同时转身面对你，让你觉得十分诡异。 其中个子最高的一个微微一笑，露出了长长的尖牙，向你伸出了一只苍白而瘦长的手： NL ~“加入我们，破碎的存在啊。一起来感受高塔的温暖吧。”~"
    ],
    "OPTIONS": [
      "[接受] #g移除所有 打击 #g牌。 #g获得5张 噬咬 #g牌。 #r失去 #r",
      "% #r最大生命。",
      "[拒绝]",
      "[失去 ",
      "] #g移除所有 打击 #g牌。 #g获得5张 噬咬 #g牌。",
      "[离开]"
    ]
  },
  "Wheel of Change": {
    "NAME": "变化大转盘",
    "DESCRIPTIONS": [
      "你见到一位穿着帅气、满面笑容的地精。 NL “是时候转动转盘了！ ~你准备好了吗？~ 你当然准备好了！”",
      "“你赢得了一些 #y金币 ！ NL 噢耶！！！”",
      "“啊，一件 #g礼物 ！ NL 请收下吧！”",
      "“哦哦，一次免费的 #g回复 ！”",
      "“看起来你赢得了一个 #p诅咒 ！ NL 这就比较糟糕啦。 NL 好吧！那么祝你下次好运啦！”",
      "“哦哦， #r~黑暗的力量……~ NL 在你的牌组中选择一张移除吧！”",
      "“呃欧！ NL 你输了！” NL 你看见他拿出了一把小刀……",
      "你向这个疯子地精砍了过去，但他的速度太快了！ NL 你被他的小刀砍中了几次。 NL “代价已经付清！！” NL 他说着就和转盘一起在烟雾中消失了。"
    ],
    "OPTIONS": [
      "[玩小游戏]",
      "[奖品！] 耶！！！",
      "[奖品！] #g获得遗物。",
      "[奖品！] #g回复所有生命。",
      "[奖品？] #r诅咒——腐朽。",
      "[奖品！] #g从你的牌组中移除一张牌。",
      "[奖品？] #r失去 #r",
      " #r生命。",
      "[离开]",
      "选择一张牌移除。"
    ]
  },
  "Winding Halls": {
    "NAME": "蜿蜒走廊",
    "DESCRIPTIONS": [
      "你沿着弯曲的道路慢慢前进，却多次发现自己迷失了方向，仿佛墙壁和地面就在你的眼前突然移动了位置。 NL NL 更糟糕的是，你的脑中似乎还有许多声音在对你轻声低语。",
      "当你经过一个你十分确定之前见到过的建筑物时，你开始怀疑是自己疯了，还是这个地方违背常理的地形让你失去了理智。你需要立即做出一些改变。 NL NL 至少那些声音们是这么说的，他们怎么会骗人呢？",
      "你觉得自己的理智出现了裂痕，只有真正的疯子才能理解这样的地方，于是你拥抱了那些低语的声音，用“全新”的视角继续前进。 NL 现在一切似乎都变得合理了。",
      "你停下脚步，仔细地观察周围这片起伏波动的地貌。在混乱的变化中，你似乎逐渐找到了一些规律。可是那些令人疯狂的话语不停打断着你的思绪，你花了极大的努力才强忍着痛苦无视了他们。 NL NL 最终你成功地分析出了一条前进的道路，当你离开时，你觉得自己似乎对这个诡异地方的恶毒本质有了一定的抵抗力。",
      "你在迷宫中绕来绕去，仿佛经过了永恒，但你逐渐地找到了自己来时的路线。你重新稳住精神，从蜿蜒的走廊中逃离了出来。 NL NL 这让你觉得 #r~精疲力尽~ 。"
    ],
    "OPTIONS": [
      "……",
      "[拥抱疯狂] #g获得2张 疯狂 #g。 #r失去 #r",
      " #r生命。",
      "[集中精神] #r被诅咒——苦恼。 #g获得 #g",
      "[离开]",
      " #g生命。",
      "[寻找来路] #r失去 #r",
      " #r点最大生命。"
    ]
  },
  "World of Goop": {
    "NAME": "黏液世界",
    "DESCRIPTIONS": [
      "你掉进了一个水坑里。 NL 可是坑里 @全是@ #g@史莱姆黏液@ ！ NL 你感觉到这黏液似乎会灼伤你，便拼命想要从坑中脱身。 NL 你的耳朵、鼻子和全身都被黏液给浸透了。 NL NL 爬出来后，你发现自己的 #y金币 似乎变少了。你回头一看，发现水坑里不但有你掉落的钱，还有不少其他不幸的冒险者们落下的 #y金币 。",
      "在长时间与黏液接触而导致你的皮肤被烧走之前，你成功地捞出了不少 #y金币 。",
      "你决定这样做不值得。"
    ],
    "OPTIONS": [
      "[收集金币] #g获得 #g",
      " #g金币。 #r失去 #r",
      " #r生命。",
      "[放手吧] #r失去 #r",
      " #r金币。",
      "[离开]"
    ]
  },
  "MindBloom": {
    "NAME": "心灵绽放",
    "DESCRIPTIONS": [
      "你在高塔的混沌深处不断攀行，不知不觉间，你愕然发现自己的思绪开始变得非常…… #p~真实……~ NL NL 各种 #r怪物 与 #y财宝 的影像开始有了实体。 NL 这些感觉稍纵即逝，你准备怎么做？",
      "真的有这么简单的事吗？",
      "一切都明白了。 NL 失去的记忆、不断的攀登、那个 #y先古之民 。 NL NL 这是一切事物原本的样子， NL 也是一切事物将有的样子。 NL 很快，这一切又会被再次遗忘……"
    ],
    "OPTIONS": [
      "[我必凯旋] #r与一名第一阶段的 #rBoss #r战斗。 #g获得一件稀有遗物。",
      "[我将富有] #g获得 #g999 #g金币。 #r被诅咒—— #r2 #r张凡庸。",
      "[我无伤痛] #g回复所有生命. #r被诅咒——疑虑。",
      "[我已觉醒] #g升级所有牌。 #r你无法再回复生命。",
      "[离开]"
    ]
  },
  "Nest": {
    "NAME": "巢穴",
    "DESCRIPTIONS": [
      "你看见一长串 #b~戴着兜帽的人们~ 正鱼贯走进一座 #p看起来没什么特别的大教堂。",
      "于是你理所当然地加入了队伍里，很快你的周围就站满了 #r邪教徒 ！ NL 他们似乎没有发现你，只是兴奋地 ~挥舞着~ 自己的武器并喜悦地 @呼喊@ 着些什么。 NL NL #r@“杀！@ #r@杀～@ #r@杀杀杀！！”@ NL #b~“咔～~ #b~咔～~ #b~咔—咔！”~ NL #r@“杀！@ #r@杀～@ #r@杀杀杀！！”@ NL #b~“咔～~ #b~咔～~ #b~咔—咔！”~ NL NL 你看到前面有一个 #y捐款箱 ……",
      "你（可能是出于害怕）决定留在队列中，看看究竟会发生什么。 NL NL 最终你到达了队伍的最前，与教徒的领袖面对面。 一名身着华服的邪教徒交给你一把 #y华丽的匕首 。 你照着之前所有人的样子，用匕首在自己的手臂上划开了一道口子，让鲜血滴入了下方一个形状奇怪的碗。 NL NL 邪教徒们开始对你 @大喊@ @大叫@ ！ NL NL #b~“咔～~ #b~咔～~ #b~咔——咔！”~ NL NL 你也跟着喊了起来。为什么不呢？",
      "他们甚至完全没有注意到你的行动。",
      "",
      ""
    ],
    "OPTIONS": [
      "[留在队伍中] #g获得 仪式匕首 #g。 #r失去 #r",
      " #r生命。",
      "[抢了钱就跑] #g获得 #g",
      " #g金币。",
      "[离开]",
      "[继续]"
    ]
  },
  "FaceTrader": {
    "NAME": "换脸商",
    "DESCRIPTIONS": [
      "你经过一尊举着许多不同的面具的奇怪雕像，但没走几步…… NL 你就听见身后传来一个轻柔的声音： NL ~“请留步。”~",
      "你回了回头，却发现那尊雕像也已经转向了你！ NL 仔细一看，原来这并不是一尊雕像，只是一个肤色如同雕像的消瘦男人……他是不是根本没有在呼吸？ NL NL ~“你的脸。~ ~让我碰碰？~ ~或者，想要交易？”~",
      "~“补偿吗？~ ~当然了。”~ NL 他动作机械地伸出手，将一叠 #y金币 放进了你的钱袋里。 NL NL ~“真是张好脸。~ ~啊啊，多好的脸。”~ NL 当他触碰你的脸颊时，你觉得自己的生命好像正在流失！ NL 突然之间，只见他戴着的面具掉落了下来在地上摔得粉碎。他立即尖叫起来，六只手飞快地捂住了自己的脸，这下那些面具全都摔落下来了！在这凄厉的尖叫与众多面具粉碎的声音中，你赶紧逃离了这里。 NL NL 你在不经意间瞥到了他面具下的样子：他的脸是一片完全的空白。",
      "~“和我？~ @和我吗？@ ~啊，当然了……~ ~可以。~ ~可以……~ ~唔嗯……”~ NL NL 你看见他的一根手臂抖动了一下，突然你的脸出现在了他的手里！似乎你的脸和那个面具交换了。 NL NL ~“很好的脸。~ ~嗯，很好的脸。”~",
      "~“留步。~ ~留步啊。~ ~请留步。~ ~请留步。~ ~请留步。”~ NL NL 你觉得自己做出了正确的选择。"
    ],
    "OPTIONS": [
      "[触碰] #r失去",
      " #g金币。",
      "[交易] #g50%：获得好脸。 #r50%：获得坏脸。",
      "[离开]",
      "[继续]",
      " #r生命， #g获得 #g"
    ]
  },
  "NoteForYourself": {
    "NAME": "留给自己的讯息",
    "DESCRIPTIONS": [
      "一根柱子吸引了你的注意，你发现上面有一块松动的砖块。",
      "挪动砖块，你在里面找到了一张折起来的纸条和一张 #y牌 。纸条上写着： NL “高塔之心在等待。” NL NL 这……是你自己的笔迹。",
      "选择一张牌存放。",
      "这究竟是怎么回事？"
    ],
    "OPTIONS": [
      "[继续]",
      "[取之与之] #g获得 ",
      " #g然后存放一张牌。",
      "[无视]",
      "[离开]"
    ]
  },
  "WeMeetAgain": {
    "NAME": "我们又见面了！",
    "DESCRIPTIONS": [
      "“我们又见面了！” NL 一个蓬头垢面的男子欢快地出现在你面前向你问好。你不认识这个男人。 NL NL “是我， #y兰伟德 啊！所以今天有什么好东西给我吗？和往常一样？哎呀呀，像我这样的人，独自一个可实在不好混啊，对不对？” NL 你满腹狐疑地打量着他，开始思考应该怎么做……",
      "“太好了！我正口渴呢。” NL #b~咕嘟~ #b~咕嘟~ #b~咕嘟~ NL NL 他一口气喝完了药水，满意地打了一个 @饱嗝@ 。",
      "“太棒了！之后要是再遇见那些 #r戴面具的流氓 ，这一定会很有用的。”",
      "“有意思！我会回去好好研究的。”",
      "“ @啊！！@ 哎呀你这人有时真是老混蛋了！” NL 他飞快地跑开了。",
      "  NL NL 他在自己身上的众多口袋里摸索了半天…… NL “看我今天为你准备了什么！给你给你！”"
    ],
    "OPTIONS": [
      "[给他药水] #r失去 ",
      "[锁定] 需要：药水。",
      "[给他金币] #r失去 #r",
      "[锁定] 需要：至少50金币。",
      "[给他卡牌] #r失去 ",
      "[锁定] 需要：卡牌。",
      "。 #g获得一件遗物。",
      "[攻击]",
      "[离开]",
      " #r金币"
    ]
  },
  "Designer": {
    "NAME": "“尖端”设计师",
    "DESCRIPTIONS": [
      "你发现一家 #g~五彩斑斓~ 的店，横幅上挂着大大的“尖端”两个字，就走进去想看看里面有什么。 NL “等等，别，不行。你不能进来！ NL NL 一个穿着打扮无比荒唐的男人出现在门口把你拦了下来。",
      "“不行不行，这怎么能行呢。哎呀，你这算是什么风格？ @令人作呕！@ 什么，你还 #r流流、流着血 ？ 哎呀 #p~好恶心啊~ 。啊？你问我是做 @什么生意@ 的？？你是顾客吗？好吧。 ~哎呀真是没办法啦。~ ” NL 他夸张地叹了一口气，伸手指向一张服务目录。 NL NL 服务内容看起来还挺正常的，但你现在一心只想对着这自我感觉良好的家伙洋洋自得的脸上一拳揍过去。",
      "“好啦，那下次再来哦。” NL NL ……刚刚真该一拳揍上去的。",
      "你一拳揍了过去，打到你的手都疼了。 NL “我的 @脸@ 啊！！ 这下我要——” NL NL 他晕了过去。呵呵，现在谁才又 #p~恶心~ 又 #r流着血 啦？"
    ],
    "OPTIONS": [
      "[继续]",
      "[小修一下] #r失去 #r",
      "[清洁一下] #r失去 #r",
      "[全套服务] #r失去 #r",
      "[一拳过去] #r失去 #r",
      " #r生命。",
      " #r金币。",
      " #g随机升级 #g",
      " #g张牌。",
      " #g升级一张牌。",
      " #g移除一张牌。",
      " #g变化 #g",
      " #g张牌。",
      " #g移除一张牌，然后随机升级一张牌。",
      "[离开]",
      "选择一张牌升级",
      "选择2张牌变化",
      "选择一张牌移除"
    ]
  },
  "Colosseum": {
    "NAME": "竞技场",
    "DESCRIPTIONS": [
      "@哐！！！@ NL … NL ……… NL …… NL ~你被~ ~打晕了~ ~……~",
      "你悠悠醒转， 脑袋还 @疼得厉害@ ，脚也 ~站不太稳~ 。你发现自己正处于一座巨大竞技场的中央，观众席上挤满了 #b奴隶贩子 、 #p邪教徒 和城市区的其他居民们！ NL ",
      " NL 一个头戴 #y金冠 的重甲巨人伫立在上方，他对你咆哮： NL @“那么现在，就让我们开始第@ @",
      "@ @轮战斗！！！！”@ NL 在你对面的那道大门缓缓打开了……",
      "@“打得不错，弱者啊！”@ NL 那名巨人假装鼓了鼓掌，用夸张的手势开始鼓动起观众们。 NL #y~金币~ ~和~ #y~彩纸~ ~从天而降~ ~撒落在你身旁！~ NL @“接下来才是真正的挑战！！”@ NL NL 上一场战斗在竞技场的围墙上留下了一个小小缺口，你完全有机会在众人们没留意时从那里逃出去。 NL 你想要留下来继续战斗吗？"
    ],
    "OPTIONS": [
      "[继续]",
      "[战斗]",
      "[怂了] 逃跑。",
      "[战斗到底] 进行一场艰难的战斗，赢得众多奖赏。"
    ]
  }
}