{
  "Accuracy": {
    "NAME": "精准",
    "DESCRIPTIONS": [
      "#y小刀 造成 #b",
      " 点额外伤害。"
    ]
  },
  "After Image": {
    "NAME": "余像",
    "DESCRIPTIONS": [
      "你每打出一张牌，得到 #b",
      " 点 #y格挡 。"
    ]
  },
  "Amplify": {
    "NAME": "增幅",
    "DESCRIPTIONS": [
      "在这个回合，你的下一张 #y能力牌 会打出两次。",
      "在这个回合，你的下 ",
      " 张 #y能力牌 会打出两次。"
    ]
  },
  "Anger": {
    "NAME": "激怒",
    "DESCRIPTIONS": [
      "你每打出一张 #y技能牌 ，获得 #b",
      " 点 #y力量 。"
    ]
  },
  "Angry": {
    "NAME": "生气",
    "DESCRIPTIONS": [
      "每当 ",
      " 受到 #y攻击 伤害，就获得 #b",
      " 点 #y力量 。"
    ]
  },
  "Artifact": {
    "NAME": "人工制品",
    "DESCRIPTIONS": [
      "免疫 #b",
      " 次负面效果。",
      " 次负面效果。"
    ]
  },
  "Attack Burn": {
    "NAME": "攻击烧毁",
    "DESCRIPTIONS": [
      "在 #b",
      " 个回合内，你每打出一张 #y攻击牌 ，都会将其 #y消耗 。",
      "在 #b",
      " 个回合内，你每打出一张 #y攻击牌 ，都会将其 #y消耗 。"
    ]
  },
  "Barricade": {
    "NAME": "壁垒",
    "DESCRIPTIONS": [
      " #y格挡 不会在你的回合开始时消失。",
      " #y格挡 不会在回合开始时消失。"
    ]
  },
  "Berserk": {
    "NAME": "狂暴",
    "DESCRIPTIONS": [
      "在你的回合开始时获得 ",
      " 。"
    ]
  },
  "Bias": {
    "NAME": "偏差",
    "DESCRIPTIONS": [
      "在你的回合开始时，失去 #b",
      " 层 #y集中 。"
    ]
  },
  "Blur": {
    "NAME": "残影",
    "DESCRIPTIONS": [
      " #y格挡 不会在你的下一个回合开始时消失。",
      " #y格挡 不会在你的下 #b",
      " 个回合开始时消失。"
    ]
  },
  "Brutality": {
    "NAME": "残暴",
    "DESCRIPTIONS": [
      "在你的回合开始时，失去 #b",
      " 生命并抽 #b",
      " 张牌。",
      "在你的回合开始时，失去 #b",
      " 点生命并抽 #b",
      " 张牌。"
    ]
  },
  "Buffer": {
    "NAME": "缓冲",
    "DESCRIPTIONS": [
      "阻止下一次你受到的生命值损伤。",
      "阻止下 #b",
      " 次你受到的生命值损伤。"
    ]
  },
  "Bullet Time": {
    "NAME": "子弹时间",
    "DESCRIPTIONS": [
      "所有绿色牌的耗能变为0。"
    ]
  },
  "Burst": {
    "NAME": "爆发",
    "DESCRIPTIONS": [
      "在这个回合，你的下一张 #y技能牌 会打出两次。",
      "在这个回合，你的下 ",
      " 张 #y技能牌 会打出两次。"
    ]
  },
  "Choked": {
    "NAME": "勒脖",
    "DESCRIPTIONS": [
      "你这回合你每打出一张牌，就失去 #b",
      " 点生命。"
    ]
  },
  "Combust": {
    "NAME": "自燃",
    "DESCRIPTIONS": [
      "在你的回合结束时，失去 #b",
      " 点生命并对所有敌人造成 #b",
      " 点伤害。"
    ]
  },
  "Confusion": {
    "NAME": "混乱",
    "DESCRIPTIONS": [
      "你抽到的每一张牌，耗能都会随机变化。"
    ]
  },
  "Conserve": {
    "NAME": "保留",
    "DESCRIPTIONS": [
      "在本回合结束时，将多余的 #y能量 留到下回合。",
      "在接下来 #b",
      " 个回合结束时，将多余的 #y能量 留到下回合。"
    ]
  },
  "Constricted": {
    "NAME": "缠绕",
    "DESCRIPTIONS": [
      "在你的回合结束时，受到 #b",
      " 点伤害。"
    ]
  },
  "Corruption": {
    "NAME": "腐化",
    "DESCRIPTIONS": [
      "技能牌耗能变为 #b0。 你每打出一张 #y技能牌 ，都将其 #y消耗 。",
      "你每打出一张 #y技能牌 ，都将其 #y消耗 。"
    ]
  },
  "Creative AI": {
    "NAME": "创造性AI",
    "DESCRIPTIONS": [
      "在你的回合开始时，增加 #b",
      " 张随机 能力牌 到你的手牌。（不包括“自我修复”）",
      " 张随机 能力牌 到你的手牌。（不包括“自我修复”）"
    ]
  },
  "Curiosity": {
    "NAME": "好奇",
    "DESCRIPTIONS": [
      "你每打出一张 #y能力牌 ，获得 #b",
      " 点 #y力量 。"
    ]
  },
  "Curl Up": {
    "NAME": "蜷身",
    "DESCRIPTIONS": [
      "当受到 #y攻击 伤害时，蜷起身子并获得 ",
      " 点 #y格挡 。（每场战斗一次）"
    ]
  },
  "Dance Puppet": {
    "NAME": "跳舞人偶",
    "DESCRIPTIONS": [
      "你每打出一张非技能牌，受到 #b",
      " 点伤害。（牌类型每回合改变）",
      "你每打出一张非攻击牌，受到 #b",
      "+1 跳舞人偶"
    ]
  },
  "Dark Embrace": {
    "NAME": "黑暗之拥",
    "DESCRIPTIONS": [
      "每当有一张牌被 #y消耗 时，抽 #b1 张牌。",
      "每当有一张牌被 #y消耗 时，抽 #b",
      " 张牌。"
    ]
  },
  "Demon Form": {
    "NAME": "恶魔形态",
    "DESCRIPTIONS": [
      "在你的回合开始时，获得 #b",
      " 点 #y力量 。"
    ]
  },
  "DexLoss": {
    "NAME": "敏捷下降",
    "DESCRIPTIONS": [
      "在你的回合结束时，失去 #b",
      " 点 #y敏捷 。"
    ]
  },
  "Dexterity": {
    "NAME": "敏捷",
    "DESCRIPTIONS": [
      "从卡牌获得的 #y格挡 增加 #b",
      "从卡牌获得的 #y格挡 减少 #b",
      " 。"
    ]
  },
  "Double Damage": {
    "NAME": "双倍伤害",
    "DESCRIPTIONS": [
      " #y攻击 造成的伤害翻倍，生效 #b",
      " 回合。",
      " 回合。"
    ]
  },
  "Double Tap": {
    "NAME": "双发",
    "DESCRIPTIONS": [
      "在这个回合，你打出的下一张 #y攻击牌 会打出两次。",
      "在这个回合，你打出的下 ",
      " 张 #y攻击牌 会打出两次。"
    ]
  },
  "Draw": {
    "NAME": "抽牌",
    "DESCRIPTIONS": [
      "#b",
      " 张额外抽牌，在每个回合开始时。",
      " 张减少抽牌，在每个回合开始时。",
      " 张额外抽牌，在每个回合开始时。",
      " 张减少抽牌，在每个回合开始时。"
    ]
  },
  "Draw Card": {
    "NAME": "抽牌",
    "DESCRIPTIONS": [
      "下回合抽 #b",
      " 张牌。",
      " 张牌。"
    ]
  },
  "Draw Down": {
    "NAME": "抽牌减少",
    "DESCRIPTIONS": [
      "下一回合少抽 #b",
      " 张牌。",
      " 张牌。"
    ]
  },
  "Draw Reduction": {
    "NAME": "抽牌变少",
    "DESCRIPTIONS": [
      "下一回合少抽 #b1 张牌。",
      "下 #b",
      " 回合少抽 #b1 张牌。"
    ]
  },
  "Echo Form": {
    "NAME": "回响形态",
    "DESCRIPTIONS": [
      "你在每回合打出的第一张牌将被打出两次。",
      "你在每回合打出的前 #b",
      " 张牌将被打出两次。"
    ]
  },
  "Electro": {
    "NAME": "电动力学",
    "DESCRIPTIONS": [
      "#y闪电 将击中所有敌人。",
      "",
      ""
    ]
  },
  "Energized": {
    "NAME": "能量提升",
    "DESCRIPTIONS": [
      "下一回合获得额外 #b",
      " [G] 。",
      " [G] 。",
      " - TRANSLATOR NOTE: - The above line is for plural if needed to distinguish from singular."
    ]
  },
  "Entangled": {
    "NAME": "缠身",
    "DESCRIPTIONS": [
      "你在这个回合不能打出 #y攻击牌 。"
    ]
  },
  "Envenom": {
    "NAME": "涂毒",
    "DESCRIPTIONS": [
      "每当你造成 #y攻击 伤害，给予 #b",
      " #y层中毒。"
    ]
  },
  "Equilibrium": {
    "NAME": "均衡",
    "DESCRIPTIONS": [
      "在本回合保留你的手牌。",
      "在接下来 #b",
      " 回合保留你的手牌。"
    ]
  },
  "Evolve": {
    "NAME": "进化",
    "DESCRIPTIONS": [
      "每当你抽到一张 #y状态 牌，抽一张牌。",
      "每当你抽到一张 #y状态 牌，抽 #b",
      " 张牌。"
    ]
  },
  "Explosive": {
    "NAME": "爆炸",
    "DESCRIPTIONS": [
      "在 #b",
      " 回合后，爆炸并造成 #b",
      " 点伤害。",
      "在它的下个回合开始时，爆炸并造成 #b"
    ]
  },
  "Extra Cards": {
    "NAME": "额外牌数",
    "DESCRIPTIONS": [
      "下回合多抽 #b1 张牌。",
      "下回合多抽 #b",
      " 张牌。"
    ]
  },
  "Feel No Pain": {
    "NAME": "无惧疼痛",
    "DESCRIPTIONS": [
      "每当有一张牌被 #y消耗 ，获得 #b",
      " 点 #y格挡 。"
    ]
  },
  "Fire Breathing": {
    "NAME": "火焰吐息",
    "DESCRIPTIONS": [
      "在你的回合结束时，你这一回合内每出过一张 #y攻击牌 ，就对所有敌人造成 #b",
      " 点伤害。"
    ]
  },
  "Flame Barrier": {
    "NAME": "火焰屏障",
    "DESCRIPTIONS": [
      "每受到一次 #y攻击 ，造成 #b",
      " 点反伤。"
    ]
  },
  "Flex": {
    "NAME": "活动肌肉",
    "DESCRIPTIONS": [
      "在你的回合结束时，失去 #b",
      " 点 #y力量 。"
    ]
  },
  "Flight": {
    "NAME": "飞行",
    "DESCRIPTIONS": [
      "将所受到的 #y攻击 伤害降低 #b50% 。 如果在一个回合内被 #y攻击 伤害 #b",
      " 次，就会取消。"
    ]
  },
  "Focus": {
    "NAME": "集中",
    "DESCRIPTIONS": [
      "所有充能球的效果增加 #b",
      "所有充能球的效果减少 #b",
      " 点。（等离子充能球不受影响）"
    ]
  },
  "Frail": {
    "NAME": "脆弱",
    "DESCRIPTIONS": [
      "在 #b",
      " 个回合内，从卡牌中获得的 #y格挡 减少 #b25% 。",
      " 个回合内，从卡牌中获得的 #y格挡 减少 #b25% 。"
    ]
  },
  "Gambit": {
    "NAME": "布局",
    "DESCRIPTIONS": [
      "在 #b",
      " 回合后，获得 ",
      " 回合后，获得 ",
      " [B] 。"
    ]
  },
  "Generic Strength Up Power": {
    "NAME": "",
    "DESCRIPTIONS": [
      "在其回合结束时，获得 #b",
      " 点 #y力量 。"
    ]
  },
  "GrowthPower": {
    "NAME": "万物生长",
    "DESCRIPTIONS": [
      "在其回合结束时，获得 #b",
      " 点 #y力量 。"
    ]
  },
  "Heatsink": {
    "NAME": "散热",
    "DESCRIPTIONS": [
      "你每打出一张能力牌，抽 #b",
      " 张牌。",
      " 张牌。"
    ]
  },
  "Hello": {
    "NAME": "你好",
    "DESCRIPTIONS": [
      "在你的回合开始时，增加 #b",
      " 张随机 普通 牌到你的手牌。",
      " 张随机 普通 牌到你的手牌。"
    ]
  },
  "Hex": {
    "NAME": "邪咒",
    "DESCRIPTIONS": [
      "你每打出一张非攻击牌，都会将 #b",
      " 张 #y晕眩 随机放入你的牌组中。"
    ]
  },
  "Hide": {
    "NAME": "躲藏",
    "DESCRIPTIONS": [
      "你在你的下个回合开始前不会受到伤害。",
      "你在 #b",
      " 个回合内不会受到伤害。"
    ]
  },
  "Infinite Blades": {
    "NAME": "无限刀刃",
    "DESCRIPTIONS": [
      "在你的回合开始时，得到 #b",
      " 张 #y小刀 。",
      " 张 #y小刀 。"
    ]
  },
  "Intangible": {
    "NAME": "无实体",
    "DESCRIPTIONS": [
      "将本回合受到的所有伤害和生命减少效果降低为 #b1 。 无实体将每隔一回合重新生效。"
    ]
  },
  "IntangiblePlayer": {
    "NAME": "无实体",
    "DESCRIPTIONS": [
      "将受到的所有伤害和生命减少效果降低为 #b1 。"
    ]
  },
  "Inverted": {
    "NAME": "倒转",
    "DESCRIPTIONS": [
      "免疫伤害。每当你获得 #y格挡 ，失去相应数量的生命。"
    ]
  },
  "Juggernaut": {
    "NAME": "势不可当",
    "DESCRIPTIONS": [
      "每当你获得 #y格挡 时，对一名随机敌人造成 #b",
      " 点伤害。"
    ]
  },
  "Knowledge": {
    "NAME": "知识",
    "DESCRIPTIONS": [
      "你每打出一张 #y能力牌 ，抽 #b",
      " 张牌。"
    ]
  },
  "Life Link": {
    "NAME": "生命链接",
    "DESCRIPTIONS": [
      "如果其他敌人还生存，将在 #b2 回合后以 #b50% 生命复活。"
    ]
  },
  "Lockon": {
    "NAME": "跟踪锁定",
    "DESCRIPTIONS": [
      "从充能球受到的伤害增加 #b",
      " ，持续 #b",
      " 回合。",
      " 回合。"
    ]
  },
  "Loop": {
    "NAME": "循环",
    "DESCRIPTIONS": [
      "在你的回合开始时，使用你最右侧充能球的被动能力。",
      "在你的回合开始时，使用你最右侧充能球的被动能力 #b",
      " 次。"
    ]
  },
  "Machine Learning": {
    "NAME": "机器学习",
    "DESCRIPTIONS": [
      "在每回合开始时额外抽 #b",
      " 张牌。",
      " 张牌。"
    ]
  },
  "Magnetism": {
    "NAME": "磁力",
    "DESCRIPTIONS": [
      "在你的回合开始时，增加 #b%s 张随机无色牌到你的手牌。",
      "在你的回合开始时，增加 #b%s 张随机无色牌到你的手牌。"
    ]
  },
  "Malleable": {
    "NAME": "柔韧",
    "DESCRIPTIONS": [
      "受到 #y攻击 时，获得 #b",
      " 点 #y格挡 。 ",
      " 每触发一次，获得的 #y格挡 值都会增加。在你的回合开始时重新变回 #b",
      " 点。"
    ]
  },
  "Metallicize": {
    "NAME": "金属化",
    "DESCRIPTIONS": [
      "在你的回合结束时获得 #b",
      " 点 #y格挡 。",
      "在你的回合结束时获得 #b",
      " 点 #y格挡 。"
    ]
  },
  "Minion": {
    "NAME": "爪牙",
    "DESCRIPTIONS": [
      "爪牙会在他们的领导者死亡时放弃战斗。"
    ]
  },
  "Mode Shift": {
    "NAME": "形态转换",
    "DESCRIPTIONS": [
      "受到 #b",
      " 点伤害后，会变成防御形态。"
    ]
  },
  "Next Turn Block": {
    "NAME": "下回合格挡",
    "DESCRIPTIONS": [
      "在你的下回合开始时，获得 #b",
      " 点 #y格挡 。"
    ]
  },
  "Night Terror": {
    "NAME": "夜魇",
    "DESCRIPTIONS": [
      "在你的下回合开始时，增加 #b",
      " 到你的手牌中。"
    ]
  },
  "No Attack": {
    "NAME": "无法攻击",
    "DESCRIPTIONS": [
      "你在这个回合不能打出 #y攻击牌 。"
    ]
  },
  "No Draw": {
    "NAME": "无法抽牌",
    "DESCRIPTIONS": [
      "你在回合结束前都无法再抽牌。"
    ]
  },
  "Noxious Fumes": {
    "NAME": "毒雾",
    "DESCRIPTIONS": [
      "在你的回合开始时，给予所有敌人 #b",
      " 层 #y中毒 。"
    ]
  },
  "Nullify Attack": {
    "NAME": "无视攻击",
    "DESCRIPTIONS": [
      "每回合彻底 #y格挡 一次 #y攻击 。"
    ]
  },
  "Painful Stabs": {
    "NAME": "疼痛戳刺",
    "DESCRIPTIONS": [
      "每当这个敌人对你造成伤害时，在你的弃牌堆里增加一张 #y伤口 。"
    ]
  },
  "Panache": {
    "NAME": "神气制胜",
    "DESCRIPTIONS": [
      "你在这个回合内再打出 #b",
      " 张牌，就对所有敌人造成 #b",
      " 点伤害。",
      " 张牌，就对所有敌人造成 #b"
    ]
  },
  "Pen Nib": {
    "NAME": "钢笔尖",
    "DESCRIPTIONS": [
      "你的下一次 #y攻击 造成双倍伤害。"
    ]
  },
  "Phantasmal": {
    "NAME": "幻影",
    "DESCRIPTIONS": [
      "下回合造成 #y双倍伤害 。",
      "下 ",
      " 个回合造成 #y双倍伤害 。"
    ]
  },
  "Plated Armor": {
    "NAME": "多层护甲",
    "DESCRIPTIONS": [
      "在你的回合结束时获得 #b",
      " 点 #y格挡 。受到攻击伤害而失去生命时， #y多层护甲 的层数将会减少 #b1 。",
      "获得 #b",
      " 点 #y格挡 。受到攻击伤害而失去生命时， #y多层护甲 的层数将会减少 #b1 。"
    ]
  },
  "Poison": {
    "NAME": "中毒",
    "DESCRIPTIONS": [
      "在你的回合开始时，减少 #b",
      " 点生命然后将 #y中毒 层数减少 #b1 。",
      "在其回合开始时，减少 #b"
    ]
  },
  "Prime": {
    "NAME": "预备",
    "DESCRIPTIONS": [
      "你每 #y生成 一个充能球，抽 #b",
      " 张牌。",
      " 张牌。"
    ]
  },
  "Primitive": {
    "NAME": "原始",
    "DESCRIPTIONS": [
      "你每打出一张 普通 牌，抽 #b",
      " 张牌。",
      " 张牌。"
    ]
  },
  "Rage": {
    "NAME": "愤怒",
    "DESCRIPTIONS": [
      "你在这回合每打出一张攻击牌，获得 #b",
      " 点 #y格挡 。"
    ]
  },
  "Rebound": {
    "NAME": "弹回",
    "DESCRIPTIONS": [
      "你在这个回合打出的下一张牌，将会被放置到抽牌堆的顶部。",
      "你在这个回合打出的下 #b",
      " 张牌，将会被放置到抽牌堆的顶部。"
    ]
  },
  "Reduce Damage": {
    "NAME": "降低伤害",
    "DESCRIPTIONS": [
      "将受到的伤害减少 #b"
    ]
  },
  "Regenerate": {
    "NAME": "再生",
    "DESCRIPTIONS": [
      "在其回合结束时回复 #b",
      " 点 #y生命 。"
    ]
  },
  "Regeneration": {
    "NAME": "再生",
    "DESCRIPTIONS": [
      "在你的回合结束时回复 #b",
      " 点 #y生命 ，然后将 #y再生 层数减少 #b1 。",
      ""
    ]
  },
  "Repair": {
    "NAME": "修理",
    "DESCRIPTIONS": [
      "在战斗结束时，回复 #b",
      " 点生命。"
    ]
  },
  "Repulse": {
    "NAME": "反冲",
    "DESCRIPTIONS": [
      "每当 ",
      " 受到攻击伤害，将一张 #y伤口 放入你的手牌。"
    ]
  },
  "Retain Cards": {
    "NAME": "保留卡牌",
    "DESCRIPTIONS": [
      "在每回合结束时，你可以保留 #b",
      " 张牌。",
      " 张牌。"
    ]
  },
  "Retain Hand": {
    "NAME": "保留手牌",
    "DESCRIPTIONS": [
      "在你的回合结束时，不丢弃手牌。效果持续 #b",
      " 回合。",
      "在你的回合结束时，不丢弃手牌。"
    ]
  },
  "Riposte": {
    "NAME": "回刺",
    "DESCRIPTIONS": [
      "每回合一次，对你打出 #y攻击牌 时，对你造成 #b",
      " 点伤害。"
    ]
  },
  "Ritual": {
    "NAME": "仪式",
    "DESCRIPTIONS": [
      "在其回合结束时，获得 #b",
      " 点 #y力量 。"
    ]
  },
  "Rupture": {
    "NAME": "撕裂",
    "DESCRIPTIONS": [
      "当你从一张牌中失去生命时，获得 #b",
      " 点 #y力量 。"
    ]
  },
  "Sadistic": {
    "NAME": "残虐",
    "DESCRIPTIONS": [
      "当你对一名敌人造成负面状态时，对其造成 #b",
      " 点伤害。"
    ]
  },
  "Serpentine": {
    "NAME": "蛇形",
    "DESCRIPTIONS": [
      "免疫 #y药水 。"
    ]
  },
  "Shackled": {
    "NAME": "镣铐",
    "DESCRIPTIONS": [
      "在其回合结束时回复 #b",
      " 点 #y力量 。"
    ]
  },
  "Sharp Hide": {
    "NAME": "锋利外壳",
    "DESCRIPTIONS": [
      "你每打出一张 #y攻击牌 ，就受到 #b",
      " 点伤害。"
    ]
  },
  "Shriek From Beyond": {
    "NAME": "深渊尖啸",
    "DESCRIPTIONS": [
      "每当你打出一张 攻击牌 ，就丢弃一张随机手牌。"
    ]
  },
  "Skill Burn": {
    "NAME": "技能烧毁",
    "DESCRIPTIONS": [
      "在 #b",
      " 个回合内，你每打出一张 #y技能牌 ，都会将其 #y消耗 。",
      "在 #b",
      " 个回合内，你每打出一张 #y技能牌 ，都会将其 #y消耗 。"
    ]
  },
  "Slow": {
    "NAME": "缓慢",
    "DESCRIPTIONS": [
      "你在这个回合每打出一张卡牌， ",
      " 从 #y攻击 受到的伤害增加 #b10% 。",
      " （受到 #b",
      "% 额外伤害）"
    ]
  },
  "Split": {
    "NAME": "分裂",
    "DESCRIPTIONS": [
      "当生命值等于或低于 #b50% 时，将会分裂成 #b2 只较小的史莱姆，每只都拥有 ",
      " 现在的生命值。"
    ]
  },
  "Spore Cloud": {
    "NAME": "孢子云",
    "DESCRIPTIONS": [
      "在死亡时，给予你 #b",
      " 回合的 #y易伤 。"
    ]
  },
  "Stasis": {
    "NAME": "凝滞",
    "DESCRIPTIONS": [
      "在死亡时， ",
      " 会被放回你的手牌。"
    ]
  },
  "StaticDischarge": {
    "NAME": "静电释放",
    "DESCRIPTIONS": [
      "当你受到 #y攻击 伤害时， #y生成 #b",
      " 个 #y闪电 充能球。"
    ]
  },
  "Storm": {
    "NAME": "雷暴",
    "DESCRIPTIONS": [
      "你每打出一张 #b能力牌 ， #y生成 #b ",
      " 个 #y闪电 充能球。"
    ]
  },
  "Strength": {
    "NAME": "力量",
    "DESCRIPTIONS": [
      "攻击伤害提升 #b",
      "攻击伤害降低 #b",
      " 。"
    ]
  },
  "Thievery": {
    "NAME": "偷窃",
    "DESCRIPTIONS": [
      " 在攻击时会偷走 #b",
      " #y金币 。"
    ]
  },
  "Thorns": {
    "NAME": "荆棘",
    "DESCRIPTIONS": [
      "每受到一次 #y攻击 ，造成 #b",
      " 点反伤。"
    ]
  },
  "Thousand Cuts": {
    "NAME": "凌迟",
    "DESCRIPTIONS": [
      "你每打出一张牌，都对所有敌人造成 #b",
      " 点伤害。"
    ]
  },
  "Time Warp": {
    "NAME": "时间扭曲",
    "DESCRIPTIONS": [
      "每当你打出 #b",
      " 张牌，你的回合会强制结束，并且时间吞噬者获得 #b",
      " 点 #y力量 。"
    ]
  },
  "Tools Of The Trade": {
    "NAME": "必备工具",
    "DESCRIPTIONS": [
      "在你的回合开始时，抽 #b",
      " 张牌，丢弃 #b",
      " 张牌。",
      " 张牌，丢弃 #b",
      " 张牌。"
    ]
  },
  "Unawakened": {
    "NAME": "未觉醒",
    "DESCRIPTIONS": [
      "这名敌人还没有觉醒……"
    ]
  },
  "Unstable": {
    "NAME": "不稳",
    "DESCRIPTIONS": [
      "造成足够伤害，可以让其失去平衡。"
    ]
  },
  "Venomology": {
    "NAME": "毒理研究",
    "DESCRIPTIONS": [
      " #y中毒 状态不再每回合减少，而是每回合增加 #b",
      " 层。"
    ]
  },
  "Vulnerable": {
    "NAME": "易伤",
    "DESCRIPTIONS": [
      "从 #y攻击 受到的伤害增加 #b",
      "% 。持续时间 #b",
      " 回合。",
      " 回合。"
    ]
  },
  "Weakened": {
    "NAME": "虚弱",
    "DESCRIPTIONS": [
      " #y攻击 造成的伤害减少 #b",
      "% 。持续时间 #b",
      " 回合。",
      " 回合。"
    ]
  },
  "Wraith Form v2": {
    "NAME": "幽魂形态",
    "DESCRIPTIONS": [
      "在你的回合结束时，失去 #b",
      " 点 #y敏捷 。"
    ]
  },
  "Shifting": {
    "NAME": "变化",
    "DESCRIPTIONS": [
      "每当 ",
      " 受到伤害，它将在回合结束前失去相应点数的 #y力量 。"
    ]
  },
  "Fading": {
    "NAME": "消逝",
    "DESCRIPTIONS": [
      "在 #b",
      " 回合后死亡。",
      "在本回合死亡。"
    ]
  },
  "EnergizedBlue": {
    "NAME": "能量提升",
    "DESCRIPTIONS": [
      "下一回合获得额外 #b",
      " [B] 。",
      " [B] 。",
      " - TRANSLATOR NOTE: - The above line is for plural if needed to distinguish from singular."
    ]
  },
  "TimeMazePower": {
    "NAME": "时间迷宫",
    "DESCRIPTIONS": [
      "每当你打出 #b",
      " 张牌，你的回合会强制结束。"
    ]
  },
  "NoBlockPower": {
    "NAME": "无法格挡",
    "DESCRIPTIONS": [
      "你无法从卡牌中获得 #y格挡 。"
    ]
  },
  "Mayhem": {
    "NAME": "乱战",
    "DESCRIPTIONS": [
      "在你的回合开始时，打出你抽牌堆顶部的牌。",
      "在你的回合开始时，打出你抽牌堆顶部的 #b",
      " 张牌。"
    ]
  },
  "TheBomb": {
    "NAME": "炸弹",
    "DESCRIPTIONS": [
      "在 %1$s 回合结束后，对所有敌人造成 %2$s 伤害。",
      "在本回合结束时，对所有敌人造成 %1$s 伤害。"
    ]
  },
  "CorpseExplosionPower": {
    "NAME": "尸爆术",
    "DESCRIPTIONS": [
      "当这名敌人死亡时，对所有敌人造成等于其最大生命值的伤害。",
      "当这名敌人死亡时，对所有敌人造成等于其最大生命值 #b",
      " 倍的伤害。"
    ]
  }
}