{
  "Alchemist": {
    "NAME": "炼金术士",
    "DESCRIPTIONS": [
      "购买5瓶药水。"
    ]
  },
  "Ascension": {
    "NAME": "进阶",
    "DESCRIPTIONS": [
      "每层进阶等级会增加5%的分数。"
    ]
  },
  "Beyond Elites Killed": {
    "NAME": "深处 精英击杀",
    "DESCRIPTIONS": []
  },
  "Beyond Perfect": {
    "NAME": "全面完胜",
    "DESCRIPTIONS": [
      "不受伤害击败三名Boss。"
    ]
  },
  "Bosses Slain": {
    "NAME": "打败Boss",
    "DESCRIPTIONS": []
  },
  "Champion": {
    "NAME": "勇士",
    "DESCRIPTIONS": [
      "不受伤害击败一名精英。"
    ]
  },
  "Cheater": {
    "NAME": "作弊",
    "DESCRIPTIONS": [
      "你作弊被发现啦。如果作弊被抓到两次，你的分数就永远不会被传到积分榜上了哦。"
    ]
  },
  "City Elites Killed": {
    "NAME": "城市 精英击杀",
    "DESCRIPTIONS": []
  },
  "Collector": {
    "NAME": "卡牌收藏者",
    "DESCRIPTIONS": [
      "不计起始牌，你的牌组中有4张相同的牌。"
    ]
  },
  "Combo": {
    "NAME": "连续技",
    "DESCRIPTIONS": [
      "单个回合内打出20张牌。"
    ]
  },
  "Curses": {
    "NAME": "诅咒！",
    "DESCRIPTIONS": [
      "牌组中有5张诅咒牌。"
    ]
  },
  "Encyclopedian": {
    "NAME": "百科全书",
    "DESCRIPTIONS": [
      "牌组总数超过50张。"
    ]
  },
  "Exordium Elites Killed": {
    "NAME": "塔底 精英击杀",
    "DESCRIPTIONS": []
  },
  "Highlander": {
    "NAME": "独一无二",
    "DESCRIPTIONS": [
      "除了起始牌外，你的牌组中没有任何重复的牌。"
    ]
  },
  "I Like Gold": {
    "NAME": "真的好喜欢钱啊",
    "DESCRIPTIONS": [
      "获得3000金币。"
    ]
  },
  "Librarian": {
    "NAME": "图书管理员",
    "DESCRIPTIONS": [
      "牌组总数超过35张。"
    ]
  },
  "Light Speed": {
    "NAME": "光速",
    "DESCRIPTIONS": [
      "在45分钟内获胜。"
    ]
  },
  "Minimalist": {
    "NAME": "极简主义",
    "DESCRIPTIONS": [
      "从牌组中移除5张或更多牌。"
    ]
  },
  "Money Money": {
    "NAME": "好多好多钱",
    "DESCRIPTIONS": [
      "获得1000金币。"
    ]
  },
  "Mystery Machine": {
    "NAME": "寻谜问道",
    "DESCRIPTIONS": [
      "造访15或更多个？房间。"
    ]
  },
  "On My Own Terms": {
    "NAME": "不死于敌手",
    "DESCRIPTIONS": [
      "自己杀死自己。"
    ]
  },
  "Overkill": {
    "NAME": "虐杀",
    "DESCRIPTIONS": [
      "单次攻击造成99点伤害。"
    ]
  },
  "Pauper": {
    "NAME": "平淡是真",
    "DESCRIPTIONS": [
      "没有任何稀有牌。"
    ]
  },
  "Perfect": {
    "NAME": "完胜",
    "DESCRIPTIONS": [
      "不受伤害击败一名Boss。"
    ]
  },
  "Poopy": {
    "NAME": "便便",
    "DESCRIPTIONS": [
      "得到 精灵便便 。"
    ]
  },
  "Raining Money": {
    "NAME": "下钱雨啦",
    "DESCRIPTIONS": [
      "获得2000金币。"
    ]
  },
  "Shiny": {
    "NAME": "亮闪闪的好东西",
    "DESCRIPTIONS": [
      "拥有25件或更多遗物。"
    ]
  },
  "Speedster": {
    "NAME": "高速",
    "DESCRIPTIONS": [
      "在60分钟内获胜。"
    ]
  },
  "Stuffed": {
    "NAME": "饕餮",
    "DESCRIPTIONS": [
      "增加你的生命上限30点或更多。"
    ]
  },
  "Well Fed": {
    "NAME": "饱餐",
    "DESCRIPTIONS": [
      "增加你的生命上限15点或更多。"
    ]
  }
}