{
  "Game Dictionary": {
    "ARTIFACT": {
      "NAMES": [
        "dokunulmaz",
        "dokunulmazlık"
      ],
      "DESCRIPTION": "Sıradaki debuff etki etmez."
    },
    "BLOCK": {
      "NAMES": [
        "blok",
        "blocks"
      ],
      "DESCRIPTION": "Sıradaki tura kadar, hasardan korur."
    },
    "CURSE": {
      "NAMES": [
        "lanet",
        "lanetlenmiş"
      ],
      "DESCRIPTION": "Lanet kartları destende kalan negatif etkili kartlardır."
    },
    "DEXTERITY": {
      "NAMES": [
        "beceri"
      ],
      "DESCRIPTION": "Beceri kartlardan kazanılan blok'u arttırır."
    },
    "ETHEREAL": {
      "NAMES": [
        "ruhani"
      ],
      "DESCRIPTION": "Eğer bu kart turun sonunda elinde kalırsa, tükenir. Tükenmiş kartlar dövüşün sonuna kadar elinden silinir."
    },
    "EXHAUST": {
      "NAMES": [
        "tüken",
        "tüketildi",
        "exhausts"
      ],
      "DESCRIPTION": "Dövüşün sonuna kadar silinir."
    },
    "INNATE": {
      "NAMES": [
        "ilk el"
      ],
      "DESCRIPTION": "Her dövüşe elinizde bu kartla başlarsınız."
    },
    "LOCKED": {
      "NAMES": [
        "kilitli"
      ],
      "DESCRIPTION": "Bu kart daha açılmadı."
    },
    "POISON": {
      "NAMES": [
        "zehir",
        "zehirlendi"
      ],
      "DESCRIPTION": "Zehirlenmiş yaratıklar turları başlamadan önce HP kaybederler. Her tur Zehir #b1 azalır."
    },
    "RETAIN": {
      "NAMES": [
        "elinde tut"
      ],
      "DESCRIPTION": "Elde tutulan kartlar tur sonunda atılmazlar."
    },
    "SHIV": {
      "NAMES": [
        "sustalı",
        "shivs"
      ],
      "DESCRIPTION": "Sustalılar #b0 enerjisi olan ve kullanıldıktan sonra tükenen kartlardır."
    },
    "STATUS": {
      "NAMES": [
        "durum"
      ],
      "DESCRIPTION": "Durum kartları dövüş sonunda silinirler."
    },
    "STRENGTH": {
      "NAMES": [
        "kuvvet"
      ],
      "DESCRIPTION": "Kuvvet ataklara ek hasar ekler."
    },
    "TRANSFORM": {
      "NAMES": [
        "dönüştür"
      ],
      "DESCRIPTION": "Dönüştürülen kartlar herhangi bir nadirlikte rastgele kartlara dönüşürler."
    },
    "UNKNOWN": {
      "NAMES": [
        "bilinmiyor"
      ],
      "DESCRIPTION": "Bu kartla henüz karşılaşılmadı."
    },
    "UNPLAYABLE": {
      "NAMES": [
        "oynanamaz",
        "oynanmaz"
      ],
      "DESCRIPTION": "Oynanamaz kartlar elinizde kalır, oynanmazlar."
    },
    "UPGRADE": {
      "NAMES": [
        "geliştir",
        "upgraded"
      ],
      "DESCRIPTION": "Kartları geliştirmek onları daha güçlü yapar, kartlar yalnızca bir kez geliştirilebilir."
    },
    "VULNERABLE": {
      "NAMES": [
        "yarala",
        "yaralan"
      ],
      "DESCRIPTION": "Yaralanmış yaratıklar ataklardan #b%50 daha fazla hasar alırlar."
    },
    "WEAK": {
      "NAMES": [
        "zayıf",
        "zayıflaştır",
        "zayıflat",
        "zayıflaştırma"
      ],
      "DESCRIPTION": "Zayıflaştırılmış yaratıklar #b%25 daha az hasar verirler."
    },
    "WOUND": {
      "NAMES": [
        "yara",
        "yaralar"
      ],
      "DESCRIPTION": "Yaralar oynanamaz durum kartlarıdır."
    },
    "FRAIL": {
      "NAMES": [
        "kırılgan"
      ],
      "DESCRIPTION": "Kırılganken, kartlardan #b%25 daha az #yBlok kazanırsınız."
    },
    "STRIKE": {
      "NAMES": [
        "vuruş"
      ],
      "DESCRIPTION": "Adında \"Vuruş\" içeren her kart."
    },
    "CONFUSED": {
      "NAMES": [
        "kafası karışık",
        "kafası karışmış"
      ],
      "DESCRIPTION": "Ne zaman kart çekersen enerjisini rastgele belirler."
    },
    "TODO": {
      "NAMES": [
        "todo",
        "JUST FOR DEVS, DONT TRANSLATE",
        "JUST FOR DEVS, DONT TRANSLATE",
        "JUST FOR DEVS, DONT TRANSLATE",
        "JUST FOR DEVS, DONT TRANSLATE"
      ],
      "DESCRIPTION": "Bu kart tamamlanmadı, biri bunu çözmeli gerçekten..."
    },
    "TEXT": [
      "Enerji elinizdeki kartı oynamak için harcadığınız kaynaktır."
    ],
    "INTANGIBLE": {
      "NAMES": [
        "intangible"
      ],
      "DESCRIPTION": "Reduce ALL damage taken and HP loss to #b1."
    },
    "BURN": {
      "NAMES": [
        "burn",
        "burns"
      ],
      "DESCRIPTION": "Burns are unplayable status cards that damage you."
    },
    "DAZED": {
      "NAMES": [
        "dazed"
      ],
      "DESCRIPTION": "Dazed are unplayable status cards."
    },
    "VOID": {
      "NAMES": [
        "void",
        "voids"
      ],
      "DESCRIPTION": "Voids are unplayable status cards that consume energy when drawn."
    },
    "FOCUS": {
      "NAMES": [
        "focus"
      ],
      "DESCRIPTION": "Focus increases the effectiveness of #yChanneled Orbs."
    },
    "EVOKE": {
      "NAMES": [
        "evoke",
        "evoked"
      ],
      "DESCRIPTION": "Consume your rightmost Orb and use its Evoke effect."
    },
    "PLASMA": {
      "NAMES": [
        "plasma",
        "plasma+"
      ],
      "DESCRIPTION": "Orb: Gains Energy."
    },
    "CHANNEL": {
      "NAMES": [
        "channel",
        "channeled"
      ],
      "DESCRIPTION": "Channeling an Orb puts it into your first empty slot. If you have no empty slots, your first Orb is automatically #yEvoked to make room."
    },
    "DARK": {
      "NAMES": [
        "dark",
        "dark+"
      ],
      "DESCRIPTION": "Orb: Increases damage every turn. When #yEvoked, deals damage to the enemy with the least HP."
    },
    "OPENER": {
      "NAMES": [
        "opener"
      ],
      "DESCRIPTION": "Opener cards may only be played as the first card each turn."
    },
    "LIGHTNING": {
      "NAMES": [
        "lightning",
        "lightning+"
      ],
      "DESCRIPTION": "Orb: Deals damage to random enemies."
    },
    "FROST": {
      "NAMES": [
        "frost",
        "frost+"
      ],
      "DESCRIPTION": "Orb: Gains #yBlock."
    },
    "THORNS": {
      "NAMES": [
        "thorns"
      ],
      "DESCRIPTION": "When receiving #yAttack damage, deals damage back."
    },
    "LOCK_ON": {
      "NAMES": [
        "lock-on"
      ],
      "DESCRIPTION": "Lock-On targets receive #b50% more damage from Orbs."
    }
  }
}