{
  "AbandonRunButton": {
    "TEXT": [
      "Porzuć wyprawę"
    ]
  },
  "AbstractCard": {
    "TEXT": [
      "Zablokowane",
      "Nieznane"
    ]
  },
  "AbstractChest": {
    "TEXT": [
      "Dalej"
    ]
  },
  "AbstractCreature": {
    "TEXT": [
      "Nie żyje",
      "Zablokowano",
      "maksymalne PŻ +",
      "Ogłuszenie!",
      "Zakłócenie!",
      "Relics"
    ]
  },
  "AbstractDungeon": {
    "TEXT": [
      "Dalej",
      "Blights:"
    ]
  },
  "AbstractMonster": {
    "TEXT": [
      "Atak",
      "Ten przeciwnik zamierza NL #yzadać #b",
      " pkt. obrażeń #b",
      " razy.",
      "Ten przeciwnik zamierza NL #yzadać #b",
      " pkt. obrażeń.",
      "Atak",
      "Ten przeciwnik zamierza użyć #yWzmocnienia i #yzadać #b",
      " razy.",
      "Ten przeciwnik zamierza użyć #yWzmocnienia i #yzadać #b",
      "Taktyka",
      "Ten przeciwnik zamierza rzucić na ciebie #ynegatywny #yefekt NL i #yzadać #b",
      "Ten przeciwnik zamierza NL się #ybronić i #yzadać #b",
      "Obrona",
      "Ucieczka",
      "Zaklinanie",
      "Sen",
      "Ogłuszenie",
      "Nieznany",
      "Ten przeciwnik zamierza użyć #yWzmocnienia.",
      "Ten przeciwnik zamierza rzucić na ciebie #ynegatywny #yefekt.",
      "Ten przeciwnik zamierza rzucić na ciebie potężny #ynegatywny #yefekt.",
      "Ten przeciwnik zamierza się #ybronić.",
      "Ten przeciwnik zamierza NL się #ybronić i rzucić na ciebie #ynegatywny #yefekt.",
      "Ten przeciwnik zamierza NL się #ybronić i użyć #yWzmocnienia.",
      "Ten przeciwnik zamierza #yuciec.",
      "Ten przeciwnik zamierza użyć na tobie tajemniczego #Zaklęcia.",
      "Ten przeciwnik smacznie sobie śpi.",
      "Ten przeciwnik został #yOgłuszony.",
      "Zamiary tego przeciwnika NL #ynie #ysą #yznane (nie będzie to atak).",
      "Zablokowano"
    ]
  },
  "AbstractPlayer": {
    "TEXT": [
      "Zablokowany",
      "Pancernik",
      "Cień",
      "Defekt"
    ]
  },
  "AbstractPotion": {
    "TEXT": [
      "Nie uniosę większej NL ilości mikstur."
    ]
  },
  "AbstractRoom": {
    "TEXT": [
      "Okradziono...",
      "Ucieczka..."
    ]
  },
  "AnyCardFromDeckToHandAction": {
    "TEXT": [
      "Wybierz kartę do dobrania",
      "Wybierz karty do dobrania"
    ]
  },
  "ApplyPowerAction": {
    "TEXT": [
      "Kontra",
      "Niewrażliwość",
      "Skontrowano",
      "\nzanika"
    ]
  },
  "ArmamentsAction": {
    "TEXT": [
      "ulepszenia"
    ]
  },
  "AscensionModeDescriptions": {
    "TEXT": [
      "Jednostki elitarne pojawiają się częściej.",
      "Zwyczajni przeciwnicy są bardziej zabójczy.",
      "Jednostki elitarne są groźniejsze.",
      "Bossowie są groźniejsi.",
      "Przywracasz mniejszą ilość PŻ po pokonaniu Bossa.",
      "Zaczynasz każdą wyprawę z obrażeniami.",
      "Zwyczajni przeciwnicy są wytrzymalsi.",
      "Jednostki elitarne są wytrzymalsze.",
      "Bossowie są wytrzymalsi.",
      "Zaczynasz każdą próbę z klątwą",
      "Mikstury są mniej skuteczne.",
      "Karty ulepszeń są rzadsze.",
      "Spłukani bossowie.",
      "Niższa maksymalna liczba PŻ.",
      "(maksymalny poziom) Pechowe zdarzenia.",
      "Shops are more costly. ",
      "Normal enemies have more challenging AI. ",
      "Elites have more challenging AI. ",
      "Bosses have more challenging AI. ",
      "(Max Level) Double Boss"
    ]
  },
  "AscensionTextEffect": {
    "TEXT": [
      "Tryb Wyniesienia – poziom ",
      " – odblokowany!"
    ]
  },
  "AttackFromDeckToHandAction": {
    "TEXT": [
      "Wybierz kartę ataku jaką chcesz dodać do ręki"
    ]
  },
  "BattleStartEffect": {
    "TEXT": [
      "Szykuj się do walki",
      "Tura gracza",
      "Tura przeciwnika",
      ". tura"
    ]
  },
  "BossChest": {
    "TEXT": [
      "Dalej"
    ]
  },
  "BossRelicSelectScreen": {
    "TEXT": [
      "Potwierdź",
      "Potwierdź wybór",
      "Wybierz artefakt",
      "Pomiń",
      "GŁOSUJ TERAZ: ",
      "s pozostało.",
      "Choose a Blight"
    ]
  },
  "CacheAction": {
    "TEXT": [
      "Wybierz kartę jaką chcesz położyć na górze stosu rozgrywającego.",
      "Wybierz karty jakie chcesz położyć na górze stosu rozgrywającego."
    ]
  },
  "CampfireSleepEffect": {
    "TEXT": [
      "Czy ja śnię?"
    ]
  },
  "CampfireSmithEffect": {
    "TEXT": [
      "Wybierz kartę do ulepszenia"
    ]
  },
  "CampfireTokeEffect": {
    "TEXT": [
      "Wybierz kartę do usunięcia."
    ]
  },
  "CampfireUI": {
    "TEXT": [
      "Co by tu zrobić?",
      "Hmm...",
      "Co mam zrobić?",
      "Czas na przerwę",
      "Tyle różnych opcji...",
      "Potrzebuję odpoczynku",
      "Padam ze zmęczenia..."
    ]
  },
  "Cancel Button": {
    "TEXT": [
      "Usuń zapis"
    ]
  },
  "CardLibSortHeader": {
    "TEXT": [
      "Rzadkość",
      "Typ",
      "A-Z",
      "Koszt",
      "Przejdź do:"
    ]
  },
  "CardLibraryScreen": {
    "TEXT": [
      "Wróć",
      "Czerwone",
      "Zielone",
      "Niebieskie",
      "Bezbarwne",
      "Klątw",
      "Stanu",
      "Pokaż ulepszenie"
    ]
  },
  "CardRewardScreen": {
    "TEXT": [
      "Wróć",
      "Wybierz kartę",
      "+2 do maksymalnych PŻ",
      "GŁOSUJ TERAZ: Pozostało ",
      ".",
      "View Upgrade"
    ]
  },
  "CharacterOption": {
    "TEXT": [
      "Zablokowane",
      "Ta postać będzie dostępna po ukończeniu pierwszej wyprawy.",
      "Ta postać jest niedostępna we Wczesnym Dostępie.",
      "Ta postać będzie dostępna po ukończeniu wyprawy Cieniem.",
      "PŻ: ",
      "Złoto: ",
      " – pozostałe ulepszenia",
      "Nieznane",
      "???",
      " do następnego ulepszenia"
    ]
  },
  "CharacterSelectScreen": {
    "TEXT": [
      "Wybierz postać",
      "W drogę",
      "Pancernik",
      "Cień",
      "Defekt",
      "Wróć",
      "Tryb Wyniesienia – poziom: ",
      "",
      "Tryb Wyniesienia",
      "Wyprawy stają się trudniejsze po każdej wygranej... (nie wpływa na serię zwycięstw)",
      "Ziarno ",
      "Ziarno",
      "Na podstawie niewielkiej ilości informacji, ziarna (ang. seed), ustala, co losowo będzie się pojawiało podczas próby.",
      "Ustaw ziarno"
    ]
  },
  "ChooseOneScreen": {
    "TEXT": [
      "Wybierz jedno"
    ]
  },
  "CombatRewardScreen": {
    "TEXT": [
      "Kontynuuj",
      "Pomiń kartę",
      "Pomiń złoto",
      "Pomiń miksturę",
      "Pomiń artefakt",
      "Pomiń łupy",
      "Zamknij",
      "Skarb!",
      "Co jest w środku?",
      "Skarby!",
      "Łupy!",
      "Znajdźki!",
      "Porada: "
    ]
  },
  "Confirm Button": {
    "TEXT": [
      "Potwierdź"
    ]
  },
  "ConfirmPopup": {
    "TEXT": [
      "Wróć",
      "Usuń zapis",
      "Tak",
      "Nie"
    ]
  },
  "CopyAction": {
    "TEXT": [
      "skopiowania"
    ]
  },
  "CreditsScreen": {
    "TEXT": [
      "kliknij ponownie, aby wyjść",
      "to exit"
    ]
  },
  "DailyScreen": {
    "TEXT": [
      "Wyzwanie Dnia",
      "Łączenie z serwerem...",
      "Ukończono dzisiejsze wyzwanie. NL Liczy się wynik tylko z pierwszej próby.",
      "Powrót",
      "W drogę",
      "Dzisiejsza postać: ",
      "dd/MM/yyyy HH:mm:ss",
      "Pozostały czas: ",
      "#yPokonane #ypiętro: NL  ",
      " NL NL  #yTalia: NL ",
      " NL NL  #yArtefakty: NL  ",
      " NL Wyzwanie Dnia: NL TAB #yPostać: NL TAB ",
      " NL TAB #yModyfikacje: ",
      "Modyfikacje: ",
      "Tablice wyników",
      "*W codziennym wyzwaniu nie można zdobyć osiągnięć.",
      "  [OFFLINE MODE]"
    ]
  },
  "DeathScreen": {
    "TEXT": [
      "Kontynuuj",
      "Zwycięstwo?",
      "Pokonane piętra",
      "Pokonani bossowie",
      "Czas gry",
      "Czas gry",
      "Wynik",
      "Przegrana",
      "Śmierć...",
      "Porażka",
      "Przegrano!",
      "Zbezczeszczono",
      "Dewastacja",
      "Rozgromiono",
      "Pokonano cię!",
      "Znajome uczucie.",
      "Drzemka to nie taki zły pomysł.",
      "Jak sobie wyposażysz, tak sobie umrzesz.",
      "Ślepa uliczka.",
      "To nie tak miało być.",
      "Może jutro się uda.",
      "Chyba potrzebuję nowej mapy.",
      "Przygotowanie się to klucz.",
      "To niepojęte!",
      "Tylko na tyle mnie stać?",
      "Takie moje szczęście...",
      "Tylko nie w ten sposób...",
      "To jeszcze nie szczyt.",
      "Kolejna osoba pada ofiarą Iglicy...",
      "Twoja świadomość zanika...",
      "Porażka",
      "Akceptacja",
      "Kontynuuj",
      "Spróbuj ponownie",
      "Menu główne",
      "Dalej",
      "Odblokuj",
      "Menu główne",
      "Spróbuj ponownie",
      "Dalej",
      "Odblokuj",
      "Pozostałe ulepszenia – ",
      "Pozostałe ulepszenia – ",
      "Pokonani przeciwnicy",
      "Pokonane elitarne jednostki",
      "Niewydane złoto",
      "Bonus PŻ"
    ],
    "EXTRA_TEXT": [
      "Pokonani elitarni – Exordium",
      "Pokonani elitarni – Miasto",
      "Pokonani elitarni – Pogranicza",
      "Maniak prędkości",
      "Z prędkością światła",
      "Góral",
      "Kolekcja",
      "Komplet",
      "Nędznik",
      "Biblioteka",
      "Encyklopedia",
      "Pełny brzuch",
      "Wypchany",
      "A niech to!",
      "Na moich zasadach",
      "Czempion",
      "Nie próbuj, tylko mnie traf",
      "Flash, mówisz i masz",
      "Overkill",
      "C-c-c-combo",
      ""
    ]
  },
  "DeathScreenUi": {
    "TEXT": [
      "Tryb Wyniesienia – poziom ",
      " – odblokowany!"
    ]
  },
  "Dig Option": {
    "TEXT": [
      "Kop",
      "Wykop losowy artefakt."
    ]
  },
  "DiscardAction": {
    "TEXT": [
      "odrzucenia"
    ]
  },
  "DiscardPilePanel": {
    "TEXT": [
      "Mój stos kart odrzuconych jest #rpusty."
    ]
  },
  "DiscardPileToHandAction": {
    "TEXT": [
      "Wybierz kartę, która powróci do twojej ręki."
    ]
  },
  "DiscardPileToTopOfDeckAction": {
    "TEXT": [
      "Wybierz kartę jaką chcesz położyć na górze stosu rozgrywającego."
    ]
  },
  "DiscardPileViewScreen": {
    "TEXT": [
      "Karty stąd są tasowane i przenoszone do stosu rozgrywającego kiedy ten stanie się pusty.",
      "Wróć",
      "Stos kart odrzuconych"
    ]
  },
  "DrawPilePanel": {
    "TEXT": [
      "Mój stos rozgrywający jest #rpusty."
    ]
  },
  "DrawPileViewScreen": {
    "TEXT": [
      "Karty są stąd pobierane na początku każdej tury.",
      "(widoczne karty są posortowane według rzadkości)",
      "Wróć",
      "Stos rozgrywający"
    ]
  },
  "DualWieldAction": {
    "TEXT": [
      "duplikacji"
    ]
  },
  "DungeonMapScreen": {
    "TEXT": [
      "Wybierz pomieszczenie startowe",
      "Wróć"
    ]
  },
  "DungeonTransitionScreen": {
    "TEXT": [
      "Samouczki",
      "Włączyć wyświetlanie porad w ciągu rozgrywki?",
      "Akt 1",
      "Exordium",
      "Akt 2",
      "Miasto",
      "Akt 3",
      "Pogranicza",
      "Akt ?",
      "???",
      "Kliknij w dowolnym miejscu, aby kontynuować"
    ]
  },
  "EarlyAccessPopup": {
    "TEXT": [
      "Dlaczego Wczesny Dostęp?",
      "Czym jest Otwarta Beta?",
      "Gra Slay the Spire jest wciąż rozwijana! NL Wiele mechanik, kart oraz przeciwników jest w trakcie balansowania. NL NL Jeśli napotkasz jakieś problemy, napisz na stronie #bDyskusji #bSteam. NL NL Okej, wystarczy tego czytania, masz przecież Iglicę do zdobycia!",
      "Gra Slay the Spire jest wciąż rozwijana! NL Na dodatek, grasz w wersję beta naszej produkcji. NL NL Jeśli napotkasz jakieś problemy, napisz do nas, ale oczekuj, że w trakcie rozgrywki może pojawiać się zawartość tymczasowa, która zostanie zastąpiona właściwą w późniejszym czasie. NL NL Okej, wystarczy tego czytania, masz przecież Iglicę do zdobycia!",
      "Kliknij w dowolnym miejscu, aby rozpocząć.",
      "Continue"
    ]
  },
  "End Turn Button": {
    "TEXT": [
      "Koniec tury",
      "Tura przeciwnika"
    ]
  },
  "ExhaustAction": {
    "TEXT": [
      "wykluczenia"
    ]
  },
  "ExhaustViewScreen": {
    "TEXT": [
      "Te karty zostały wykluczone podczas walki.",
      "Wróć"
    ]
  },
  "ExhumeAction": {
    "TEXT": [
      "Wybierz kartę, która zostanie w ręce"
    ]
  },
  "ExitGameButton": {
    "TEXT": [
      "Wyjdź z gry"
    ]
  },
  "Exordium": {
    "TEXT": [
      "Exordium"
    ]
  },
  "GamblingChipAction": {
    "TEXT": [
      "podmiany (żeton pokerowy)",
      "podmiany"
    ]
  },
  "GameSavedEffect": {
    "TEXT": [
      "#y~Gra~ #y~zapisana~"
    ]
  },
  "GridCardSelectScreen": {
    "TEXT": [
      "Potwierdź",
      "Anuluj",
      "Potwierdź wybór",
      "Odejdź"
    ]
  },
  "HandCardSelectScreen": {
    "TEXT": [
      "Zatwierdź kartę do ",
      "Zatwierdź karty do ",
      "Wybierz ",
      " kart do ",
      "Wybierz dowolną liczbę kart do ",
      "Wybierz kartę do "
    ]
  },
  "HiddenChamberAction": {
    "TEXT": [
      ""
    ]
  },
  "ImmolateAction": {
    "TEXT": [
      "wykluczenia"
    ]
  },
  "InputKeyNames": {
    "TEXT_DICT": {
      "Escape": "ESC",
      "Forward Delete": "Delete",
      "Delete": "Backspace"
    }
  },
  "InputSettingsScreen": {
    "TEXT": [
      "Ustawienia sterowania",
      "Ustawienia gry",
      "Powrót",
      "Komendy",
      "Klawiatura",
      "Kontroler (Jeszcze nie wspierany)",
      "Zresetuj do ustwawień domyślnych",
      "Potwierdź",
      "Anuluj / Wyjdź",
      "Mapa",
      "Talia",
      "Stos rozgrywający",
      "Stos kart odrzuconych",
      "Stos kart wykluczonych",
      "Zakończ turę",
      "Lewo",
      "Prawo",
      "Wybierz kartę #1",
      "Wybierz kartę #2",
      "Wybierz kartę #3",
      "Wybierz kartę #4",
      "Wybierz kartę #5",
      "Wybierz kartę #6",
      "Wybierz kartę #7",
      "Wybierz kartę #8",
      "Wybierz kartę #9",
      "Wybierz kartę #10",
      "Drop Card",
      "Up",
      "Down",
      "Select",
      "End Turn / Info",
      "Tab Left",
      "Tab Right",
      "Settings",
      "Settings*",
      "Draw Pile*",
      "Discard Pile*",
      "Up*",
      "Down*",
      "Left*",
      "Right*",
      "Up (Alt)*",
      "Down (Alt)*",
      "Left (Alt)*",
      "Right (Alt)*",
      "Up",
      "Down",
      "Controller Enabled"
    ]
  },
  "LanguageDropdown": {
    "TEXT": [
      "Brazilian Portuguese",
      "Chinese (Simplified)",
      "Chinese (Traditional)",
      "English",
      "French",
      "German",
      "Italian",
      "Japanese",
      "Korean",
      "Polski",
      "Russian",
      "Spanish",
      "Hebrew",
      "Turkish",
      "Swedish",
      "Norwegian",
      "Thai",
      "Serbian (Cyrillic)",
      "Ukrainian",
      "Vietnamese",
      "Hungarian",
      "Serbian (Latin)",
      "Catalan",
      "Greek",
      "Indonesian",
      "Esperanto"
    ]
  },
  "LeaderboardFilters": {
    "TEXT": [
      "Pancernik",
      "Cień",
      "Defekt",
      "Średnio osiągane piętro (20 ostatnich prób)",
      "Średni wynik (20 ostatnich prób)",
      "Najdłuższa seria wygranych",
      "Najszybsza wygrana",
      "Najwyższy wynik",
      "Option 6. DO NOT TRANSLATE",
      "Znajomi",
      "Globalnie"
    ]
  },
  "LeaderboardsScreen": {
    "TEXT": [
      "Wróć",
      "Filtry",
      "Postać",
      "Region",
      "Typ",
      "Pokaż mój wynik",
      "Miejsce",
      "Nazwa",
      "Wynik",
      "Odbieranie danych...",
      "Tablice wyników (UWAGA: będą resetowane co tydzień)",
      "Brak połączenia z serwerami Steam",
      "Brak wyników \nNo dalej, zdobądź Iglicę!"
    ]
  },
  "Legend": {
    "TEXT": [
      "Nieznane",
      "???",
      "Tajemnicze pomieszczenie. NL NL Możesz w nim spotkać przeciwników, skarby, Handlarza lub coś zupełnie innego.",
      "Handlarz",
      "Handlarz",
      "W tych pomieszczeniach znajdziesz Handlarza sprzedającego różnorodny asortyment. NL NL Możesz tutaj wydać całe ciężko zarobione #yZłoto!",
      "Skarb",
      "Skarb",
      "W tych pomieszczeniach znajdziesz #yArtefakty oraz #yZłoto.",
      "Obozowisko",
      "Obozowiska",
      "Zatrzymaj się w nich, aby #gprzywrócić część PŻ lub #yulepszyć kartę.",
      "Przeciwnik",
      "Przeciwnicy",
      "Wrogo nastawione stworzenia okupują te pomieszczenia.",
      "Elitarny",
      "Elitarni przeciwnicy",
      "Potężne stworzenia zamieszkują te pomieszczenia. NL NL Za ich pokonanie otrzymasz artefakt.",
      "Legenda"
    ]
  },
  "Lift Option": {
    "TEXT": [
      "Ćwicz",
      "Zaczynaj potyczkę z +1 do Siły (maksymalnie 3 razy)"
    ]
  },
  "MainMenuScreen": {
    "TEXT": [
      "#ywersja: ",
      "W drogę",
      "Wróć",
      "kliknij, aby edytować",
      "to edit"
    ]
  },
  "MasterDeckViewScreen": {
    "TEXT": [
      "Każdą walkę rozpoczynasz z tymi kartami.",
      "Wróć"
    ]
  },
  "MenuButton": {
    "TEXT": [
      "",
      "Graj",
      "",
      "",
      "Kontynuuj",
      "",
      "Statystyki",
      "",
      "Wyjdź",
      "Lista zmian",
      "Porzuć wyprawę",
      "",
      "Ustawienia",
      "",
      "Kompendium"
    ]
  },
  "MenuPanels": {
    "TEXT": [
      "Wyprawa",
      "",
      "Wyrusz na misję zdobycia Iglicy.",
      "Wyzwanie Dnia",
      "",
      "Codziennie nowe wyzwanie.\n\nRywalizuj z innymi graczami o najwyższy wynik!",
      "Wyniesienie",
      "",
      "Iglica rośnie w siłę z każdą wygraną.\n\nPoddaj próbie swoje najlepsze taktyki.",
      "Kartoteka",
      "",
      "Wyświetl wszystkie karty napotkane w Iglicy.",
      "Artefakty",
      "",
      "Wyświetl wszystkie artefakty napotkane \nw Iglicy.",
      "Bestiariusz",
      "",
      "Ta funkcja nie jest jeszcze dostępna.",
      "Statystyki",
      "",
      "Możesz tu zobaczyć postęp i statystyki wszystkich postaci.",
      "Tablice wyników",
      "",
      "Wyświetl i porównaj swoje wyniki ze znajomymi \ni innymi graczami.",
      "Historia rozgrywek",
      "",
      "Wyświetl poprzednie próby pokonania Iglicy.",
      "Ustawienia gry",
      "",
      "Zmień rozdzielczość ekranu oraz inne opcje.",
      "Ustawienia sterowania",
      "",
      "Zmień sterowanie i skróty klawiszowe.",
      "Autorzy",
      "",
      "Wyświetl listę osób, które przyczyniły się do powstania Slay the Spire!",
      "Unknown",
      "",
      "Ta funkcja nie jest jeszcze dostępna.",
      "Endless",
      "Climb a Spire that never ends."
    ]
  },
  "MerchantImageTextNotInGame": {
    "TEXT": [
      "Usługa usuwania kart",
      "WYPRZEDAŻ",
      "Nie na sprzedaż",
      "Wyprzedane",
      "O nie!"
    ]
  },
  "OpeningAction": {
    "TEXT": [
      "Ten przeciwnik nie zamierza atakować!"
    ]
  },
  "OptionsPanel": {
    "TEXT": [
      "",
      "Ustawienia gry",
      "Grafika",
      "Rozdzielczość: NL Limit klatek na sekundę:",
      "Pełny ekran NL Okno bez ramek (zalecane) NL Wstrząsy ekranu",
      "Dźwięk",
      "Główny NL Muzyka NL Efekty",
      "Efekty tła NL Wycisz dźwięk, gdy okno jest nieaktywne",
      "Preferencje",
      "Wyświetlaj sumę obrażeń na złoto NL Wyświetlaj sumę zablokowanych obrażeń na niebiesko NL Wyłącz powiadomienie przy wyborze 1 karty",
      "Tryb „speedrun”",
      "",
      "Inne",
      "Język:",
      "Wysyłaj dane z rozgrywki #b(?)",
      "Wyjdź z gry",
      "Zapisz i wyjdź",
      "NL NL Synchronizacja pionowa",
      "Playtester Art Mode",
      "Wyświetlaj przy kartach klawisze szybkiego wyboru",
      "Ustawienia sterowania"
    ]
  },
  "PatchNotesScreen": {
    "TEXT": [
      "Wróć",
      "#yLista #yzmian",
      " NL (TEMPORARY: Use arrow keys to navigate through older logs)"
    ]
  },
  "PotionPopUp": {
    "TEXT": [
      "Rzuć",
      "Wypij",
      "Wyrzuć",
      "Nie mogę korzystać z mikstur!",
      "Nie mogę tego zrobić w walce!"
    ]
  },
  "PowerExpireTextEffect": {
    "TEXT": [
      "efekt zanika"
    ]
  },
  "Proceed Button": {
    "TEXT": [
      "Dalej"
    ]
  },
  "PutOnDeckAction": {
    "TEXT": [
      "wrzuć na górę stosu"
    ]
  },
  "RecycleAction": {
    "TEXT": [
      "wykluczenia"
    ]
  },
  "RelicViewScreen": {
    "TEXT": [
      "Wróć",
      "Początkowe:",
      "Postać może zacząć grę z tymi artefaktami.",
      "Pospolite:",
      "Słabe artefakty, które znaleźć można wszędzie.",
      "Niepospolite:",
      "Potężniejsze artefakty, które pojawiają się rzadziej od pospolitych.",
      "Rzadkie:",
      "Bardzo potężne i zarazem unikalne przedmioty, które wypadają bardzo sporadycznie.",
      "Legendarne:",
      "Artefakty występujące jedynie w skrzyniach bossów.",
      "Ze zdarzeń:",
      "Te artefakty można uzyskać tylko podczas wydarzeń.",
      "Od Handlarza:",
      "Artefakty, które można zakupić u Handlarza."
    ]
  },
  "RenamePanel": {
    "TEXT": [
      "<brak nazwy>",
      "Wprowadź swoje imię",
      "Potwierdź",
      "Anuluj"
    ]
  },
  "ReprieveAction": {
    "TEXT": [
      "Ten przeciwnik zamierza atakować!"
    ]
  },
  "ReprogramAction": {
    "TEXT": [
      "odrzucenia"
    ]
  },
  "Rest Option": {
    "TEXT": [
      "Odpocznij",
      "Przywróć 100% maksymalnych PŻ (",
      " PŻ z ",
      "Przywróć 30% maksymalnych PŻ ("
    ]
  },
  "RestartForChangesEffect": {
    "TEXT": [
      "Zrestartuj grę, aby wprowadzić zmiany."
    ]
  },
  "RetainCardsAction": {
    "TEXT": [
      "zachowania"
    ]
  },
  "RewardItem": {
    "TEXT": [
      " szt. złota (odzyskano)",
      " szt. złota",
      "Dodaj kartę do talii",
      "",
      "Wybierz kartę"
    ]
  },
  "RunHistoryPathNodes": {
    "TEXT": [
      "Nieznane",
      "Przeciwnik",
      "Elitarny",
      "Wydarzenie",
      "Boss",
      "Łup",
      "Łup bossa",
      "Obozowisko",
      "Handlarz",
      "Nieznane (Przeciwnik)",
      "Nieznane (Handlarz)",
      "Nieznane (Skarb)",
      "Piętro %1$s - %2$s",
      "Piętro %s",
      "#r%s pkt. obrażeń",
      "tury: #r%s",
      "#r%s #r/ #r%s #rPŻ",
      "#y%s #yszt. #yzłota",
      "Zebrano:",
      "Ominięto:",
      "Brakujący opis",
      "+2 Max HP",
      "#bC ",
      "#bR ",
      "#bP ",
      "#bS ",
      "#bRested",
      "#bUpgraded %s",
      "#bRemoved %s",
      "#bDug",
      "#bLifted %s/%s",
      "#yPurchased:"
    ]
  },
  "RunHistoryScreen": {
    "TEXT": [
      "Pancernik",
      "Cień",
      "Defekt",
      "Wróć",
      "Nie znaleziono poprzednich rozgrywek. NL No dalej, zdobądź Iglicę!",
      "Poziom Wyniesienia: ",
      "Śmierć na %1$d piętrze z ręki %2$s",
      "Porzucono wyprawę na %d piętrze",
      "Zwycięstwo!",
      "Karty",
      "Artefakty",
      "Początkowe",
      "Pospolite",
      "Niepospolite",
      "Rzadkie",
      "Specjalne",
      "Klątwy",
      "Legendarne",
      "Od Handlarza",
      "Nieznane",
      "%2$s – %1$d",
      "%1$s (%2$d):",
      "Wynik: %d",
      "Wszystkie postacie",
      "Zwycięstwa i porażki",
      "Zwycięstwa",
      "Porażki",
      "Wyzwania Dnia",
      "Każdy typ gry",
      "Tylko zwykłe",
      "Tylko Wyniesienie",
      "Tylko Wyzwanie Dnia",
      "Ziarno: %s",
      "Wybrane ziarno: %s"
    ]
  },
  "SeedPanel": {
    "TEXT": [
      "0000000000",
      "Wpisz nowe ziarno",
      "Zatwierdź",
      "Anuluj",
      "*Jeżeli użyjesz swojego ziarna zdobyte osiągnięcia oraz wynik nie będą zapisane."
    ]
  },
  "SettingsScreen": {
    "TEXT": [
      "Czy aby na pewno?",
      "Twój postęp jest automatycznie zapisywany.",
      "Opuszczenie gry jest równe z przegraną.",
      "Uwaga:\nPostęp nie jest zapisywany.\n\nDotrzyj do kolejnego piętra, aby zapisać.",
      "Wróć",
      "Postęp dla Wyzwań Dnia nie jest zapisywany."
    ]
  },
  "SetupAction": {
    "TEXT": [
      "wrzuć na górę stosu."
    ]
  },
  "ShopRoom": {
    "TEXT": [
      "Pomiń Handlarza"
    ]
  },
  "SingleCardViewPopup": {
    "TEXT": [
      "Atak",
      "Umiejętność",
      "Moc",
      "Klątwa",
      "Zablokowane",
      "Nieznane",
      "Pokaż ulepszenie",
      "Stan",
      "",
      "Mogę tylko rzucać karty.",
      "Moje kończyny są #rzwiązane! NL Nie mogę rzucać kart #rAtaku.",
      "Brak wystarczającej #rEnergii.",
      "Brak wystarczającej ilości #rŁadunków.",
      "Nie mogę zagrać NL tej karty."
    ]
  },
  "SingleViewRelicPopup": {
    "TEXT": [
      "Legendarny",
      "Pospolity",
      "Nieaktualny",
      "Rzadki",
      "Handlarza",
      "Znaleziony",
      "Początkowy",
      "Niepospolity",
      "Zablokowany",
      "Nieznany",
      " artefakt",
      "Ten artefakt należy wcześniej odblokować.",
      "Ten artefakt należy wcześniej znaleźć."
    ]
  },
  "SkillFromDeckToHandAction": {
    "TEXT": [
      "Wybierz kartę umiejętności jaką chcesz dodać do ręki"
    ]
  },
  "Smith Option": {
    "TEXT": [
      "Wykuj",
      "Ulepsz jedną z kart w talii.",
      "Brak odpowiednich kart."
    ]
  },
  "StorePotion": {
    "TEXT": [
      "Brak wolnego miejsca"
    ]
  },
  "TheBeyond": {
    "TEXT": [
      "Rubieże"
    ]
  },
  "TheCity": {
    "TEXT": [
      "Miasto"
    ]
  },
  "TipHelper": {
    "TEXT": [
      "Energia"
    ]
  },
  "Toke Option": {
    "TEXT": [
      "Odpłyń",
      "Usuń wybraną kartę z talii."
    ]
  },
  "TopPanel": {
    "TEXT": [
      ". piętro",
      " - Wyniesienie ",
      " (najwyż. poziom)"
    ]
  },
  "TreasureRoom": {
    "TEXT": [
      "Pomiń skrzynię"
    ]
  },
  "TreasureRoomBoss": {
    "TEXT": [
      "Pomiń skrzynię"
    ]
  },
  "TwitchVoter": {
    "TEXT": [
      "GŁOSUJ TERAZ: "
    ]
  },
  "Unlock Confirm Button": {
    "TEXT": [
      "Kontynuuj"
    ]
  },
  "UnlockCharacterScreen": {
    "TEXT": [
      "Karty odblokowane!",
      "",
      "Artefakty odblokowane!",
      "Nowa postać",
      "Uwaga: Odblokowane karty będą dostępne w przyszłych wyprawach.",
      "Uwaga: Odblokowane artefakty będą dostępne w przyszłych wyprawach."
    ]
  },
  "UnlockScreen": {
    "TEXT": [
      "Nowe karty!",
      "Nowe artefakty!",
      "Nowa postać!",
      "Uwaga: Odblokowane karty będą dostępne w przyszłych wyprawach.",
      "Uwaga: Odblokowane artefakty będą dostępne w przyszłych wyprawach."
    ]
  },
  "UnlockTextEffect": {
    "TEXT": [
      "Nowa zawartość!"
    ]
  },
  "AscensionUnlockEffect": {
    "TEXT": [
      "Ascension Unlocked!"
    ]
  },
  "CustomModeScreen": {
    "TEXT": [
      "Custom Mode",
      "Achievements and Leaderboards are off.",
      "Character",
      "Ascension",
      "Level ",
      "Ascension Mode",
      "Modifiers",
      "Seed",
      "Set Seed"
    ]
  },
  "ForethoughtAction": {
    "TEXT": [
      "put on bottom of your draw pile."
    ]
  },
  "GainGoldTextEffect": {
    "TEXT": [
      " Gold"
    ]
  },
  "SaveSlot": {
    "TEXT": [
      "Playtime ",
      "Empty Slot"
    ]
  },
  "DeletePopup": {
    "TEXT": [
      "Delete this save?",
      "Yes",
      "No",
      "WARNING: This action cannot be undone."
    ]
  },
  "SaveSlotScreen": {
    "TEXT": [
      "Choose a Save Slot",
      "Rename",
      "Delete this Save"
    ]
  },
  "RunHistoryMonsterNames": {
    "TEXT": [
      "Gang of Gremlins",
      "Large Slime",
      "Excordium Thugs",
      "Excordium Wildlife",
      "Swarm of Slimes",
      "Small Slimes",
      "City Muggers",
      "Three Byrds",
      "Four Byrds",
      "Triple Cultists",
      "Chosen Flock",
      "Sentry and Spheric Guardian",
      "Centurion and Mystic",
      "Parasite and Fungi Beast",
      "Masked Bandits Gang",
      "Colosseum Nobs",
      "Colosseum Slavers",
      "Three Shapes",
      "Jaw Worm Horde",
      "Four Shapes",
      "Spheric Guardian with Shapes",
      "Double Orb Walkers",
      "Donu and Deca",
      "Sentries",
      "Chosen and Cultist",
      "(Deprecated) Flame Bruiser",
      "(Deprecated) Slaver and Parasite",
      "(Deprecated) Snecko and Mystics"
    ]
  }
}