{
  "AchievementGrid": {
    "NAMES": [
      "ยักไหล่",
      "ความบริสุทธิ์",
      "เข้ามาเลย!",
      "ข้อตกลง",
      "สารกระตุ้น",
      "ทรงพลัง",
      "เล่นยา",
      "ผ่านเข้ามาให้ได้สิ",
      "ป้องกันอย่างแน่นหนา",
      "สารเร่งปฏิกิริยา",
      "โรคติดต่อ",
      "นินจา",
      "ไร้ที่สิ้นสุด",
      "แกมันไร้ค่า",
      "สมบูรณ์แบบ",
      "ผู้พิทักษ์",
      "ผีเพลิงไหม้",
      "หัวหน้าใหญ่",
      "มนุษย์จักรกล",
      "นักสะสม",
      "แชมป์เปี้ยน",
      "อีกา",
      "รูปทรง",
      "ผู้กลืนกินเวลา",
      "ทับทิมสีแดงฉาน",
      "มรกตเขียวขจี",
      "หลบซ่อน",
      "ไม่จำเป็นต้องมีสมบัติหรอก",
      "เร็วดุจสายฟ้า",
      "ความยากระดับ 0",
      "ความยากระดับ 10",
      "เรียบง่าย",
      "โดนัท แสนอร่อย!",
      "Sapphire",
      "Common Sense",
      "Focused",
      "Neon",
      "Energy is Overrated",
      "My Lucky Day",
      "The Transient",
      "Ascend 20"
    ],
    "TEXT": [
      "ชนะการต่อสู้เมื่อเลือดเหลือ 1",
      "มีการ์ดเท่ากับหรือน้อยกว่า 3 ทั้งในกองจั่ว ในมือ และในกองทิ้ง",
      "ชนะการต่อสู้โดยไม่โจมตี",
      "Exhaust การ์ด 20 ใบ ใน 1 การต่อสู้",
      "มี 9 Energy ใน 1 การต่อสู้",
      "มี Buff มากกว่าหรือเท่ากับ 10 ระหว่างการต่อสู้",
      "มี Strength มากกว่าหรือเท่ากับ 50 ระหว่างการต่อสู้",
      "มี Block มากกว่าหรือเท่ากับ 99 ระหว่างการต่อสู้",
      "มี Block เท่ากับ 999 ระหว่างการต่อสู้",
      "ทำให้ศัตรูติดพิษ มากกว่าหรือเท่ากับ 99",
      "กำจัดศัตรู 3 ตัวด้วยพิษ ใน 1 การต่อสู้",
      "ใช้งานมีดสั้น 10 เล่ม ใน 1 เทิร์น",
      "ใช้งานการ์ด 25 ใบ ใน 1 เทิร์น",
      "กำจัดบอสในเทิร์นแรก",
      "กำจัดบอสโดยไม่ได้รับความเสียหาย",
      "กำจัดบอสผู้พิทักษ์  The Guardian",
      "กำจัดบอสผีแม่มด The Hexaghost",
      "กำจัดบอสสไลม์ The Slime Boss",
      "กำจัดบอสหุ่นจักรกลสีบรอนซ์ The Bronze Automaton",
      "กำจัดบอสนักสะสม The Collector",
      "กำจัดบอสแชมป์เปี้ยน. The Champ",
      "กำจัดบอส The Awakened One.",
      "กำจัดบอส Donu & Deca.",
      "กำจัดบอสผู้กลืนกินเวลา the Time Eater.",
      "ชนะเกมด้วย The Ironclad",
      "ชนะเกมด้วย The Silent.",
      "ข้อมูลจะเปิดเผยเมื่อทำภารกิจนี้เสร็จแล้ว",
      "ชนะเกมด้วย Relic เพียงชิ้นเดียว",
      "ชนะเกมด้วยเวลาต่ำกว่า 20 นาที",
      "ปลดล็อคโหมดยาก",
      "ผ่านโหมดยากระดับที่ 10",
      "ชนะเกมด้วย Deck ที่มีการ์ดเพียง 5 ใบ หรือต่ำกว่า",
      "ฆ่าบอส Donu ด้วย Feed",
      "Beat the game with the Defect.",
      "Beat the game with a deck of only common cards.",
      "Have 25 or more Focus during combat.",
      "Channel 9 Plasma in a single turn.",
      "Play 10 or more cost 0 cards in a single turn.",
      "Win a Daily Climb.",
      "Defeat the Transient before it fades away.",
      "Complete Ascension Level 20."
    ]
  },
  "CharStat": {
    "NAMES": [],
    "TEXT": [
      "เวลาการเล่น ทั้งหมด: ",
      "จำนวนการชนะ ทั้งหมด: #y",
      "จำนวนการตาย ทั้งหมด: #y",
      "จำนวนชั้นที่ปีนมาทั้งหมด: #y",
      "จำนวนบอสที่เคยกำจัด: #y",
      "จำนวนศัตรูที่เคยกำจัด: #y",
      "Total Crystals Fed: #y",
      "การ์ดที่พบ: #y",
      "การ์ดที่ปลดล็อค: #y",
      "Relics ที่พบ: #y",
      "Relics ที่ปลดล็อค: #y",
      "จำนวนชั้นสูงสุด: #y",
      "จำนวนการเล่นสูงสุดในหนึ่งวัน: #y",
      "รอบที่ชนะเร็วที่สุด: ",
      "Defeated the ",
      ": #gYes NL ",
      ": #rNo NL ",
      "จำนวนชัยชนะ: #y",
      "จำนวนการตาย: #y",
      "จำนวนชั้นที่ปีน: #y",
      "จำนวนบอสที่เคยกำจัด: #y",
      "จำนวนศัตรูที่เคยกำจัด: #y",
      "ชนะติดต่อกัน: #y",
      "คะแนนสูงสุด: #y"
    ]
  },
  "StatsScreen": {
    "NAMES": [
      "#yโดยรวม #yสถิติ",
      "#yความสำเร็จ/ภารกิจ",
      "#rThe #rIronclad",
      "#gThe #gSilent",
      "#bCrowbot"
    ],
    "TEXT": [
      "ย้อนกลับ"
    ]
  }
}